name,name_th,category,area,phone,website,address,hours,google_rating,google_reviews,lat,lng,source,VERIFIED (Y/N),CORRECT PHONE,OWNER NAME,LINE ID,WANTS TO JOIN (Y/N),NOTES
Cafe Phuket Viewpoint,,Cafe,Patong,094 663 4124,https://instagram.com/cafephuket_viewpoint?igshid=YmMyMTA2M2Y=,"255 Phrabaramee Rd, Tambon Patong, Amphoe Kathu, Chang Wat Phuket 83150, Thailand",,4.6,20883,7.9199,98.28075,google_places,,,,,,
Phuket International Airport,,International Airport,Airport,076 351 122,https://phuket.airportthai.co.th/,"222 หมู่ที่ 6, Tambon Mai Khao, Amphoe Thalang, Chang Wat Phuket 83110, Thailand",,4,18976,8.10534,98.30543,google_places,,,,,,
Amritsr Restaurant Patong- Indian Restaurant in Phuket,,Indian Restaurant,Patong,098 068 7888,http://www.amritsr.com/,"1, 1 1 20 Rat Uthit Song Roi Pi Rd, Tambon Patong, Amphoe Kathu, Chang Wat Phuket 83150, Thailand",,4.9,10754,7.89507,98.29903,google_places,,,,,,
Cappadocia Turkish Restaurant Patong Phuket,,Turkish Restaurant,Patong,080 236 0078,https://www.cappadociarestaurantsthailand.com/,"69/2 Soi Koknam, Rat-u-thid 200 Pee Road, ตำบลป่าตอง อำเภอกะทู้ ภูเก็ต 83150, Thailand",,4.9,10229,7.90035,98.30071,google_places,,,,,,
Amritsr Restaurant Patong Beach Road - Indian Restaurant in Phuket,,Indian Restaurant,Patong,093 440 4555,https://amritsr.com/,"140 Thaweewong Rd, Tambon Patong, กรุงเทพมหานคร Chang Wat Phuket 83150, Thailand",,4.8,10209,7.89483,98.29584,google_places,,,,,,
Phuket FantaSea,ภูเก็ตแฟนตาซี,Theme park,Kamala,076 385 000,https://phuketfantasea.fun,"99, Kamala Beach, Tambon Kamala, Amphoe Kathu, Chang Wat Phuket 83150, Thailand",,4.4,10152,7.95652,98.28619,osm,,,,,,
Chillva Market,,Market,Old Town,099 152 1919,https://www.facebook.com/Chillvamarket,"Ratsada, Mueang Phuket District, Phuket 83000, Thailand",,4.4,10143,7.90704,98.37329,google_places,,,,,,
"KIRI Restaurant, Kata Beach",,Restaurant,Kata,063 323 1480,https://www.sugarmarinahotel.com/restaurants/,"20/10 Thanon Kata Kata Beach, Tambon Karon, Amphoe Mueang Phuket, Chang Wat Phuket 83100, Thailand",,4.7,9842,7.81616,98.30087,google_places,,,,,,
Café del Mar Phuket Beach Club,,Business,Kamala,093 580 4486,https://phuket.cafedelmar.com/?utm_source=google&utm_medium=organic&utm_campaign=gbp-website-link,"118, 19 Moo 3, Tambon Kamala, Amphoe Kathu, Chang Wat Phuket 83150, Thailand",,4.3,8360,7.96102,98.28393,google_places,,,,,,
Illuzion Phuket,,Nightlife,Patong,064 454 4985,http://www.illuzionphuket.com/,"31 Bangla Rd, Tambon Patong, Amphoe Kathu, Chang Wat Phuket 83150, Thailand",Mo-Su 19:00-04:00,4.4,8080,7.89369,98.2978,osm,,,,,,
Amritsr Old Town,,Indian Restaurant,Phuket Town,082 902 1555,https://www.amritsr.com/,"Soi Rommanee Old Phuket Town, Tambon Talat Yai, OLDTOWN, Chang Wat Phuket 83000, Thailand",,4.8,7979,7.88529,98.38922,google_places,,,,,,
Zuri Restaurant Patong Beach Phuket | Sunset Dining & Cocktails,,Restaurant,Patong,066 115 0000,https://zurirestaurant.com/,"80, 1-2 Soi Moo Wattana, Tambon Patong, Amphoe Kathu, Chang Wat Phuket 83150, Thailand",,4.8,7036,7.89032,98.2934,google_places,,,,,,
Khao Rang Viewpoint,,Tourist Attraction,Old Town,,,"145/5 Thanon Patiphat Rang Hill, Tambon Wichit, Amphoe Mueang Phuket, Chang Wat Phuket 83000, Thailand",,4.5,6972,7.89236,98.38006,google_places,,,,,,
Little Paris French Bistronomy Restaurant Phuket,,French Restaurant,Bang Tao,063 050 8322,https://www.littleparisphuket.com/,"49, 47 ถนน บ้านดอน Bang Tao Beach, Tambon Choeng Thale, Amphoe Thalang, Chang Wat Phuket 83110, Thailand",,4.8,6802,7.9933,98.3043,google_places,,,,,,
Patong Beach Bangla Walking Street,,Tourist Attraction,Patong,,,"V7VW+J48, Bangla Rd, Tambon Patong, Amphoe Kathu, Chang Wat Phuket 83150, Thailand",,4.3,6654,7.89404,98.29533,google_places,,,,,,
Sansabai Massage,,Spa,Patong,086 943 0022,http://www.sansabai-massage.com/,"169, 10-12 Soi Sansabai, Tambon Patong, Amphoe Kathu, Chang Wat Phuket 83150, Thailand",,4.8,6591,7.893,98.29888,google_places,,,,,,
One Chun Cafe & Restaurant,,Thai Restaurant,Phuket Town,076 355 909,https://openlink.co/onechunphuket,"48, 1 Thep Krasattri Rd, Tambon Talat Yai, Amphoe Mueang Phuket, Chang Wat Phuket 83000, Thailand",,4.4,6574,7.88581,98.39071,google_places,,,,,,
Big C Extra Phuket 2,,Hypermarket,Patong,076 366 040,http://www.bigc.co.th/,"201 ถนน ราษฎร์อุทิศ, Tambon Patong, Amphoe Kathu, Chang Wat Phuket 83150, Thailand",,4.4,6227,7.88967,98.30029,google_places,,,,,,
Andamanda Phuket,อันดามันดา ภูเก็ต,Water park,Old Town,+6676646777,https://andamandaphuket.com,"333, 3, Tambon Kathu, Amphoe Kathu, Chang Wat Phuket 83120, Thailand",Mo-Su 10:00-19:00,4.3,6195,7.90261,98.36346,osm,,,,,,
Naughty Nuri’s Phuket,,Restaurant,Patong,061 173 0011,https://naughtynuristhailand.com/,"122 ถนน ราษฎร์อุทิศ, Tambon Patong, Amphoe Kathu, Chang Wat Phuket 83150, Thailand",,4.7,5951,7.89812,98.29968,google_places,,,,,,
KUDO Hotel & Beach Club,,Business,Patong,076 340 297,https://www.kudohotel.com/,"33 1 Patong Beach Shortcut Road Tambon Patong, Amphoe Kathu, Chang Wat Phuket 83150, Thailand",,4.5,5459,7.89493,98.29543,google_places,,,,,,
SIAM Phuket - Seafood Restaurant,,Restaurant,Patong,083 279 0071,https://dejavusinternational.com/siam-seafood.php,"72 Thaweewong Rd, Tambon Patong, Amphoe Kathu, Chang Wat Phuket 83150, Thailand",,4.8,5205,7.89013,98.29337,osm,,,,,,
"KIRI Restaurant, Karon Beach",,Restaurant,Karon,076 396 611,http://www.kiriphuket.com/,"542/1 Patak Road, Karon Beach, Karon, Muang, Phuket 83100, Thailand",,4.7,5035,7.84898,98.29387,google_places,,,,,,
Kan Eang Restaurant - ร้านกันเอง,,Seafood Restaurant,Chalong,097 878 3555,https://kaneang.com/,"44 1 Tambon Rawai, Amphoe Mueang Phuket, Chang Wat Phuket 83130, Thailand",,4.5,4948,7.82012,98.34418,google_places,,,,,,
Day & Night Of Phuket,,Restaurant,Phuket Town,+6676219788,https://www.dayandnight.co.th/phuket/,"Talat Yai, Mueang Phuket District, Phuket 83000, Thailand",Mo-Su 11:00-24:00,4.7,4720,7.88595,98.39107,osm,,,,,,
BOOST | Cafe & Restaurant Phuket,,Cafe,Nai Harn,065 264 9792,https://boostcafethailand.com/,"39, 38, Tambon Rawai, Amphoe Mueang Phuket, Chang Wat Phuket 83120, Thailand",,4.8,4567,7.79063,98.31685,google_places,,,,,,
Patong Social Phuket Restaurant & Hotel - Best Indian & Thai Food,,Restaurant,Patong,081 676 2707,http://wa.me/+66%2081%20676%202707,"Pa Tong, Kathu District, Phuket 83150, Thailand",,4.8,4367,7.88981,98.29596,google_places,,,,,,
Chekhoff,,Family Restaurant,Kata,093 627 0325,https://foodmenu.online/chekhoffphuket,"C8-C9 Phuket, Thailand 106, 11 ถนน กะตะ ตำบล กะรน Mueang, ภูเก็ต 83100, Thailand",,4.8,4336,7.82548,98.29785,google_places,,,,,,
Club Med Phuket,,Hotel,Kata,076 330 455,https://www.clubmed.de/cm/resort-phuket-thailand_p-14-l-AE-v-PHUC-ac-vh.html,"3 Kata Road Karon S-D, A, Kata Beach, ตำบล กะรน อำเภอเมืองภูเก็ต ภูเก็ต 83100, Thailand",,4.6,4190,7.82057,98.29779,osm,,,,,,
"NARA MASSAGE & SPA PHUKET (Chalong, Patak Rd.)",,Massage spa,Chalong,065 392 4724,http://www.naramassagespa.com/,"75, 159 Patak Rd, Tambon Chalong, Amphoe Mueang Phuket, Chang Wat Phuket 83130, Thailand",,4.8,4128,7.8229,98.33783,google_places,,,,,,
Tann Beach club,,Business,Kata,094 156 4546,https://tannbeachclub.com/,"53 Karon Rd Karon Beach, Tambon Karon, Amphoe Mueang Phuket, Chang Wat Phuket 83100, Thailand",,4.5,3798,7.83009,98.29498,google_places,,,,,,
Baan Thai Seafood Restaurant,,Seafood Restaurant,Patong,099 358 5728,https://baanthaiseafoodrestaurant.shop/,"40 Rat-U-Thit Tambon Patong, Amphoe Kathu, Chang Wat Phuket 83150, Thailand",,4.8,3676,7.9026,98.3007,google_places,,,,,,
Aquaria Phuket,,Aquarium,Old Town,,https://www.aquaria-phuket.com/,"ชั้น B1, ศูนย์การค้า เซ็นทรัล ภูเก็ต ฟรอเรสต้า ตั้งอยู่, 199 Vichitsongkram Rd, Tambon Wichit, Amphoe Mueang Phuket, Chang Wat Phuket 83000, Thailand",,4.3,3649,7.88872,98.36586,google_places,,,,,,
The Cozy cafe Phuket,,Coffee Shop,Patong,064 220 0488,,"94 Muen-Ngern Rd, Tambon Patong, Amphoe Kathu, Chang Wat Phuket 83150, Thailand",,4.7,3545,7.88802,98.27132,google_places,,,,,,
Monkey Hill Viewpoint,,Scenic Spot,Phuket Town,,,"Ratsada, Mueang Phuket District, Phuket 83000, Thailand",,4.4,3512,7.89674,98.395,google_places,,,,,,
Ton Mai Spa & Massage Rawai Phuket,,Spa,Rawai,063 117 5211,https://www.tonmaispa.com/,"6 11 Wiset Rd, Tambon Rawai, Amphoe Mueang Phuket, Chang Wat Phuket 83130, Thailand",,4.8,3474,7.77941,98.32856,google_places,,,,,,
Harem Club Phuket,,Night Club,Patong,094 574 3747,https://suzywongs.com/harem.html,"21/2-8 Soi Seadragon, Tambon Patong, Amphoe Kathu, Chang Wat Phuket 83150, Thailand",,4.9,3435,7.89407,98.29683,google_places,,,,,,
TAPAS Cafe & Restaurant - Phuket Old Town,,Restaurant,Phuket Town,084 695 1935,https://tapasphuket.com/,"51 Thanon Ratsada, Tambon Talat Yai, Amphoe Mueang Phuket, Chang Wat Phuket 83000, Thailand",,4.8,3316,7.88317,98.38948,google_places,,,,,,
Hidden Cafe Phuket,,Restaurant,Kata,+66829166353,https://openlink.co/hiddencafephuket,"260 ถนนโคกโตนด Tambon Karon, เมือง Chang Wat Phuket 83100, Thailand",Mo-Su 10:00-19:30,4.8,3299,7.80204,98.30395,osm,,,,,,
Decathlon Phuket,,Sporting Goods Store,Old Town,096 812 3346,https://www.decathlon.co.th/th/,"89 Chalermprakiat Ratchakan Thi 9 Road, Tambon Wichit, Amphoe Mueang Phuket, Chang Wat Phuket 83000, Thailand",,4.8,3229,7.89347,98.36866,google_places,,,,,,
Phuketique Coffee Bar,,Restaurant,Old Town,,,"2 Ranong Rd, Tambon Talat Nuea, Muang, Chang Wat Phuket 83000, Thailand",,4.5,3221,7.88335,98.38714,google_places,,,,,,
Blue Elephant Phuket Cooking School & Restaurant,,Thai Restaurant,Old Town,076 354 355,https://www.blueelephant.com/phuket/,"96 Krabi, Tambon Talat Nuea, Amphoe Mueang Phuket, Chang Wat Phuket 83000, Thailand",,4.7,3197,7.8864,98.38466,google_places,,,,,,
Phuket Elephant Sanctuary,,Tourist Attraction,Paklok,062 767 7111,http://www.phuketelephantsanctuary.org/,"100, 9, Tambon Pa Klok, Amphoe Thalang, Chang Wat Phuket 83110, Thailand",,4.8,3161,8.0207,98.39844,google_places,,,,,,
Yona Beach Club,,Business,Koh Kaew,02 430 4400,https://www.yonabeach.com/?utm_source=google&utm_medium=business_profile&utm_campaign=website_button,"MC 1-5 63/102, ตำบล เกาะแก้ว อำเภอเมืองภูเก็ต ภูเก็ต 83000, Thailand",,4.7,3123,7.96729,98.39094,google_places,,,,,,
Barra Cuda Beach Club Phuket,,Business,Patong,061 394 3904,https://www.barracudaphuket.com/,"43 Thaweewong Road, Amphoe Kathu, ตำบลป่าตอง Patong, ภูเก็ต 83150, Thailand",,4.8,3119,7.89752,98.29653,google_places,,,,,,
Hilltop cafe - Sinae Phuket Luxury Hotel,,Cafe,Phuket Town,061 173 8903,https://order.handigo.co/booking/table-booking/307/27,"888, Tambon Ratsada, Amphoe Mueang Phuket, Chang Wat Phuket 83000, Thailand",,4.1,3069,7.8718,98.43218,google_places,,,,,,
Suzy Wong's A Go-Go,,Business,Patong,094 574 3747,https://suzywongs.com/,"23, off, 17-18 Soi Seadragon, Tambon Patong, Phuket, Chang Wat Phuket 83150, Thailand",,4.8,3023,7.89446,98.29715,google_places,,,,,,
Napa Massage Patong Beach,,Massage,Patong,065 221 5113,,"9 Thaweewong Rd, Tambon Patong, Amphoe Kathu, Chang Wat Phuket 83150, Thailand",,4.8,2923,7.89426,98.29532,google_places,,,,,,
SAMA Onsen & Massage,,Massage spa,Phuket Town,082 249 9622,https://samaonsenspa.com/,"2 1 Soi Saphanhin, Tambon Talat Yai, Muang Chang Wat Phuket 83000, Thailand",,4.9,2895,7.87031,98.39574,google_places,,,,,,
Torry's Ice Cream,,Ice Cream Shop,Old Town,076 510 888,http://www.torrys.com/,"16 Soi Rommani Old Phuket Town, Tambon Talat Yai, Amphoe Mueang Phuket, Chang Wat Phuket 83000, Thailand",,4.4,2877,7.88543,98.38923,google_places,,,,,,
Patong Seafood,,Restaurant,Patong,076 341 244,https://www.patongseafood.co.th/,"130 Thaweewong Rd, Tambon Patong, Amphoe Kathu, Chang Wat Phuket 83150, Thailand",,4.4,2809,7.89352,98.29517,osm,,,,,,
"E-Gokart Track (G Floor, Central Phuket Floresta) - 电动卡丁车赛道 - Трасса для электрокартинга -",,Go-karting venue,Old Town,096 206 0146,http://egokart.monowheel.bike/,"199 หมู่ที่ 4 Vichitsongkram Rd, Tambon Wichit, Amphoe Mueang Phuket, Chang Wat Phuket 83000, Thailand",,4.9,2743,7.89212,98.36591,google_places,,,,,,
The Neighbors Cafe,,Breakfast Restaurant,Phuket Town,088 760 4677,https://www.facebook.com/theneighborshostel/,"ตําบล, 93 Phangnga Rd, Tambon Talat Yai, Amphoe Mueang Phuket, Chang Wat Phuket 83000, Thailand",,4.7,2733,7.88373,98.38989,google_places,,,,,,
Pure Serenity Luxury Spa - Patong Phuket,,Spa,Patong,062 723 9828,https://pureserenityphuket.com/,"210 1, 200 ถ. ราษฏร์อุทิศ 200 ปี ตำบลป่าตอง อำเภอกะทู้ ภูเก็ต 83150, Thailand",,4.9,2669,7.88923,98.29552,google_places,,,,,,
Royal Phuket City Hotel,,Hotel,Phuket Town,076 233 333,https://www.royalphuketcity.com/,"154 Phangnga Rd, Tambon Talat Yai, Amphoe Mueang Phuket, Chang Wat Phuket 83000, Thailand",,4.3,2667,7.88294,98.3949,google_places,,,,,,
Malika Sky Bar,,Bar,Patong,088 819 9923,https://www.kalimaresort.com/dining/malika-sky-bar-and-terrace,"338 1 Phabaramee Road Tambon Patong, Amphoe Kathu, Chang Wat Phuket 83150, Thailand",,4.9,2655,7.91734,98.28485,google_places,,,,,,
Carpe Diem Beach Club - Phuket,,Business,Surin,065 058 5388,http://www.carpediemphuket.com/,"99, 1 Bangtao Beach Road, Tambon Choeng Thale, Amphoe Thalang, Chang Wat Phuket 83110, Thailand",,4.8,2604,7.98465,98.28463,google_places,,,,,,
Chekhoff Restaurant & Bakery,,Restaurant,Karon,093 627 0325,https://taplink.cc/chekhoffphuket,"245, 247, 249 Patak Rd Karon Beach, Tambon Karon, Amphoe Mueang Phuket, Chang Wat Phuket 83100, Thailand",,4.9,2565,7.83429,98.29844,osm,,,,,,
Laem Hin Seafood,,Seafood Restaurant,Koh Kaew,076 373 349,,"90/10 บ้านแหลม หิน หมู่ 7 ถนน เทพ กษัตรีย์ อำเภอ เมือง ภูเก็ต Thepkrasattri Rd ตำบล เกาะแก้ว Tambon Ko Kaeo, Amphoe Mueang Phuket, Chang Wat Phuket 83000, Thailand",,4.2,2552,7.93566,98.40781,google_places,,,,,,
Dino Park Mini Golf & Restaurant,,Golf Course,Kata,,https://www.dinopark.com/,"47 Karon Rd Karon Beach, Tambon Karon, Muang, Chang Wat Phuket 83100, Thailand",,4.4,2546,7.82857,98.29565,google_places,,,,,,
BJ Canoeing Tour,,Tour Agency,Paklok,092 656 5961,https://www.facebook.com/Joycanoe?mibextid=LQQJ4d,"8 37, Tambon Pa Klok, Amphoe Thalang, Chang Wat Phuket 83110, Thailand",,4.9,2480,8.06294,98.43228,google_places,,,,,,
Thai Mueang Restaurant Phuket,,Restaurant,Old Town,094 595 2655,,"บ้าน เลขที่ 100 Krabi, Tambon Talat Nuea, Amphoe Mueang Phuket, Chang Wat Phuket 83000, Thailand",,4.9,2436,7.8854,98.38365,google_places,,,,,,
Sea Massage Phuket,,Spa,Phuket Town,096 226 6465,https://www.seamassagephuket.com/,"11 Thanon Dibuk Old Phuket Town, Tambon Talat Yai, Amphoe Mueang Phuket, Chang Wat Phuket 83000, Thailand",,4.8,2278,7.88593,98.38942,google_places,,,,,,
Su Va Na,,Fine Dining Restaurant,Old Town,063 308 8262,https://suvanaphuket.com/,"No. 199, B01, B Floor, Central Phuket Floresta, ตำบล วิชิต อำเภอเมืองภูเก็ต ภูเก็ต 83000, Thailand",,4.8,2273,7.88969,98.36662,google_places,,,,,,
Tree Bay Clubhouse,,Restaurant,Kata,090 997 5888,https://treebay.bookmai.com/en/menu,"10 Soi Leammumnai, Tambon Karon, Amphoe Mueang Phuket, Chang Wat Phuket 83100, Thailand",,4.7,2273,7.79849,98.29926,google_places,,,,,,
Lyn's Spa & Massage Patong - Authentic Thai Spa,,Spa,Patong,076 609 291,https://lynspapatong.com/,"179, 85-87 Soi Sansabai, Tambon Patong, Amphoe Kathu, Chang Wat Phuket 83150, Thailand",,4.9,2266,7.89267,98.30033,google_places,,,,,,
Issara Restaurant & Bar – Kata Beach,,Restaurant,Kata,099 304 3636,https://issaraphuket.com/,"1, 34 Kata Noi Rd, Tambon Karon, Amphoe Mueang Phuket, Chang Wat Phuket 83100, Thailand",,4.8,2257,7.8116,98.2978,google_places,,,,,,
GOAT Beach Club Phuket,,Mediterranean Restaurant,Surin,081 305 5850,https://www.goatbeachclubphuket.com/,"Andaman, resort, Bang Tao Beach, ตำบลเชิงทะเล Phuket, ภูเก็ต 83110, Thailand",,5,2158,7.98514,98.28628,google_places,,,,,,
Catch Beach Club,,Business,Bang Tao,065 348 2017,http://www.catchbeachclub.com/,"202/88, Bang Tao Beach, ตำบลเชิงทะเล อำเภอถลาง ภูเก็ต 83110, Thailand",,4.2,2152,7.98897,98.28922,google_places,,,,,,
Phuket JETSKI Club - ภูเก็ตเจสกีคลับ,,Travel Agency,Koh Kaew,081 523 8795,https://jetskiphukettrips.com/app/index.php,"Leamnganusorn Road, Tambon Ratsada, Amphoe Mueang Phuket, Chang Wat Phuket 83000, Thailand",,4.8,2148,7.91013,98.43246,google_places,,,,,,
Suzy Wongs 3,,Night Club,Patong,094 574 3747,http://www.suzywongs.com/suzy-wongs-3,"Off, 21/3-4 Soi Seadragon, Tambon Patong, Patong, Chang Wat Phuket 83150, Thailand",,4.9,2128,7.89398,98.29678,google_places,,,,,,
Ombre Yacht,,Services,Chalong,065 237 7796,https://www.ombreyacht.com/,"44 1 Tambon Rawai, Amphoe Mueang Phuket, Chang Wat Phuket 83130, Thailand",,4.9,2100,7.82254,98.33763,google_places,,,,,,
Blu Monkey Hub & Hotel Phuket,,Hotel,Phuket Town,076 354 266,http://www.blumonkeyphuket.com/,"3 Soi Pradit, Tambon Talat Yai, Amphoe Mueang Phuket, Chang Wat Phuket 83000, Thailand",,4.5,2060,7.88394,98.39431,google_places,,,,,,
"Golden Paradise Restaurant(NORTH-INDIAN CURRY HOUSE) || Best Indian Restaurant, Veg And Non Veg Restaurant, Vegan Restaurant",,Indian Restaurant,Kata,087 623 3031,https://www.goldenparadiserestaurants.com/,"98, opposite of Beyond Resort karon, 1 Karon Rd Karon Beach, Tambon Karon, Amphoe Mueang Phuket, Chang Wat Phuket 83100, Thailand",,4.8,2057,7.82978,98.2952,google_places,,,,,,
"Oasis Spa (Turquoise Cove Spa, Kamala)",,Spa,Kamala,076 337 777,https://oasisspa.net/en/destination/phuket/Turquoise_Cove_Spa/?utm_source=mamgbp&utm_medium=gbp&utm_campaign=tck,"71/10, Kamala Beach, กมลา อำเภอกะทู้ ภูเก็ต 83120, Thailand",,4.8,2041,7.95351,98.28908,google_places,,,,,,
Phuket Dive Tours - Patong Dive Center,,Sporting Goods Store,Patong,087 022 5356,http://phuketdivetours.com/,"33 Thanon Sainamyen, Tambon Patong, Amphoe Kathu, Chang Wat Phuket 83150, Thailand",,5,2029,7.89611,98.30209,google_places,,,,,,
New York Live Music Bar,,Bar,Patong,089 217 7799,https://newyorklivemusic.club/,"68 Bangla Rd, Tambon Patong, Amphoe Kathu, Chang Wat Phuket 83150, Thailand",,4.4,1987,7.89337,98.29722,osm,,,,,,
Hello Gold5 Massage & Spa,,Health,Patong,080 908 3023,https://www.facebook.com/profile.php?id=61560024874428&mibextid=LQQJ4d,"204/29 Tambon Patong, Amphoe Kathu, Chang Wat Phuket 83150, Thailand",,4.9,1980,7.89058,98.29698,google_places,,,,,,
Pun Te Phuket Food Center,,Food Court,Old Town,098 671 4856,,"101 2 103 Old Phuket Town, Tambon Talat Nuea, Amphoe Mueang Phuket, Chang Wat Phuket 83000, Thailand",,4.9,1944,7.88582,98.38715,google_places,,,,,,
Smigo's Bar & Restaurant,,Bar & Grill,Bang Tao,095 591 2777,http://www.smigobarphuket.com/,"37 Bang Tao Beach, Tambon Choeng Thale, Amphoe Thalang, Chang Wat Phuket 83110, Thailand",,4.7,1894,8.00775,98.29268,google_places,,,,,,
Ciao Pizza and Grill,,Italian Restaurant,Karon,063 062 6811,https://pizzagrillphuket.com/?&utm_source=googlemaps&utm_medium=googlemaps_website&utm_campaign=googlemaps_website&utm_content=googlemaps_website,"Patak Rd Karon Beach, Tambon Karon, Amphoe Mueang Phuket, Chang Wat Phuket 83100, Thailand",,4.6,1861,7.83712,98.29527,google_places,,,,,,
Cattleya Restaurant Kata Beach,,Restaurant,Kata,076 330 181,https://cattleyakata.com/,"Orchidacea Resort, 210 Koktanod Rd, Tambon Karon, Phuket, Chang Wat Phuket 83100, Thailand",,4.8,1855,7.81238,98.29867,google_places,,,,,,
Mama Jin Restaurant,,Restaurant,Karon,081 893 9043,https://www.facebook.com/profile.php?id=100063650256279&mibextid=ZbWKwL,"418/8 Patak Rd Karon Beach, Tambon Karon, Amphoe Mueang Phuket, Chang Wat Phuket 83100, Thailand",,4.6,1847,7.84446,98.30058,google_places,,,,,,
Jay’s Kitchen,,Restaurant,Karon,+66 92 248 3888,https://www.jayskitchenkaron.com,"190, 12 Karon Rd Karon Beach, Tambon Karon, Phuket, Chang Wat Phuket 83100, Thailand",Mo-Su 12:00-23:00,4.9,1788,7.84296,98.29561,osm,,,,,,
De Flora Spa & Massage,,Massage spa,Patong,076 344 555,http://www.defloraspa.com/,"Pa Tong Kathu District ภูเก็ต 83150, Thailand",,4.5,1776,7.88877,98.29536,google_places,,,,,,
Chann Spa,,Spa,Kamala,098 016 2144,https://www.channspaphuket.com/,"6, 2, Tambon Kamala, Amphoe Kathu, Chang Wat Phuket 83150, Thailand",,5,1775,7.92679,98.27288,google_places,,,,,,
Khubani Rooftop Bar and Restaurant خوباني,,Turkish Restaurant,Patong,089 108 9111,https://khubanirooftopphuket.com/,"162, 162/1-2 Thaweewong Rd, Tambon Patong, Amphoe Kathu, Chang Wat Phuket 83150, Thailand",,4.8,1769,7.89634,98.29673,google_places,,,,,,
Kata on Fire Bar and Grill,,Restaurant,Kata,+66 93 584 2334,https://www.facebook.com/Kataonfirebarandgrill/,"163 1 Koktanod Rd, Tambon Karon, Amphoe Mueang Phuket, Chang Wat Phuket 83100, Thailand",Mo-Su 09:00-23:00,4.7,1742,7.81592,98.30319,osm,,,,,,
Ko Ang Seafood,,Seafood Restaurant,Phuket Town,076 221 460,http://www.facebook.com/arngseafood.phuket,"226 หมู่ 2 Phuket Rd, Tambon Talat Yai, Amphoe Mueang Phuket, Chang Wat Phuket 83000, Thailand",,4.2,1737,7.87908,98.39247,google_places,,,,,,
NumNum Old Town Cafe & Restaurant,,Turkish Restaurant,Old Town,098 671 9377,https://www.numnumoldtown.com/,"No 60, Thanon Dibuk, Tambon Talat Nuea, Amphoe Mueang Phuket, Chang Wat Phuket 83000, Thailand",,4.8,1735,7.88657,98.38628,google_places,,,,,,
Cielo Blu Bistro,,Restaurant,Patong,080 008 3095,,"Thaweewong Rd, Tambon Patong, Phuket Chang Wat Phuket 83150, Thailand",,4.8,1722,7.8998,98.29714,google_places,,,,,,
FLYO Rooftop Beach Club Phuket,,Lounge bar,Patong,085 879 8510,http://flyophuket.com/,"8 Sawatdirak Rd Beyond Patong Hotel Building 7 Rooftop Elevator Entrance at ""Black Out Patong 8 Thanon Sawatdirak, Tambon Patong, Amphoe Kathu, Chang Wat Phuket 83150, Thailand",,4.8,1714,7.8973,98.29674,google_places,,,,,,
MB ALL Seafood Phuket เอ็มบี ออลล์ ซีฟู้ด สาขาภูเก็ต,,Seafood Restaurant,Koh Kaew,092 860 1333,http://www.mballseafood.com/,"170 6 Chalermprakiat Ratchakan Thi 9 Road, รัษฏา เมือง Chang Wat Phuket 83000, Thailand",,4.8,1701,7.92174,98.37108,google_places,,,,,,
Sugar Goat,,Breakfast Restaurant,Bang Tao,084 458 1360,https://www.instagram.com/cafe.sugargoat,"49, 56 Thanon Bandon-Cherngtalay Bang Tao Beach, Tambon Choeng Thale, Amphoe Thalang, Chang Wat Phuket 83110, Thailand",,4.8,1698,7.99473,98.30484,google_places,,,,,,
Diamond Phuket Airport Scooter Motorbike Rental,,Services,Airport,094 582 9166,https://phuketairportscooterrental.com/,"60 T 1 Soi Krouhan, Tambon Sa Khu, Amphoe Thalang, Chang Wat Phuket 83110, Thailand",,4.8,1685,8.10101,98.3052,google_places,,,,,,
The Mangrove by Blu Monkey,,Resort hotel,Panwa,093 636 8830,http://www.themangrovephuket.com/,"39, R9PH+PM7, 6 Soi Ao-Yon Khaokhad Cape Panwa, Tambon Wichit, Amphoe Mueang Phuket, Chang Wat Phuket 83000, Thailand",,4.6,1655,7.83679,98.37919,google_places,,,,,,
Blue Harbour Coffee at Tri-​Trang Beach,,Restaurant,Patong,086 950 1666,https://elephanttrailphuket.rezio.shop/th?utm_source=admin&utm_medium=click_mysitebutton&utm_campaign=gotomysite,"94/4 Blue Harbour Coffee Cafe Tambon Patong, Amphoe Kathu, Chang Wat Phuket 83150, Thailand",,4.8,1654,7.88832,98.27123,google_places,,,,,,
SUNSURI PHUKET,,Hotel,Nai Harn,+66 76 336 400,https://www.sunsuri-phuket.com/,"11, 5 Nai Harn Beach, Tambon Rawai, Amphoe Mueang Phuket, Chang Wat Phuket 83130, Thailand",,4.6,1650,7.77996,98.30795,osm,,,,,,
Ton Mai Se Thong Massage & Beauty 3,,Massage spa,Patong,094 629 6703,http://www.tonmaisethong.com/,"155, 153 Rat Uthit Song Roi Pi Rd, Tambon Patong, Amphoe Kathu, Chang Wat Phuket 83150, Thailand",,5,1649,7.89385,98.29864,google_places,,,,,,
BAAN PRAN 4 MASSAGE & NAIL (Brand 4 Kata),,Massage spa,Kata,088 261 3284,https://wa.me/message/UDAVEN4E2423L1,"64, 6 Thanon Kata Kata Beach, Tambon Karon, Meang, Chang Wat Phuket 83100, Thailand",,4.9,1632,7.81947,98.3007,google_places,,,,,,
BLUE BEACH Cafe & Restaurant,,Thai Restaurant,Patong,089 504 9182,https://www.facebook.com/Blue-Beach-Cafe-Restaurant-101128889188361,"21, 5 Thaweewong Rd, Tambon Patong, Amphoe Kathu, Chang Wat Phuket 83120, Thailand",,4.7,1617,7.89467,98.29524,google_places,,,,,,
BAAN PRAN 5 MASSAGE & NAIL (Brand 5 Kata),,Massage spa,Kata,088 261 3284,https://wa.me/message/UDAVEN4E2423L1,"4 Khoktanod Soi 3, Tambon Karon, Amphoe Mueang Phuket, Chang Wat Phuket 83100, Thailand",,4.9,1604,7.81533,98.30078,google_places,,,,,,
Palm Square,,Restaurant,Kata,+66 88 765 3515,https://www.facebook.com/PalmSquareKata/,"88 29-30 Thanon Kata Kata Beach, Tambon Karon, Amphoe Mueang Phuket, Chang Wat Phuket 83100, Thailand",Mo-Su 11:00-24:00,4.5,1600,7.82173,98.2994,osm,,,,,,
Grove Phuket,,Cafe,Panwa,093 636 8830,http://www.grovephuket.com/,"39 6 Cape Panwa, Tambon Wichit, Amphoe Mueang Phuket, Chang Wat Phuket 83000, Thailand",,4.7,1587,7.83668,98.37923,google_places,,,,,,
Love Diving Phuket,,Sporting Goods Store,Patong,088 768 7869,http://www.phuketdiving.org/,"PATONG BEACH, 31 Bangla Rd, Tambon Patong, Amphoe Kathu, Chang Wat Phuket 83150, Thailand",,4.9,1575,7.89342,98.29757,google_places,,,,,,
Sawanu Travel (Phuket Branch),,Tour Agency,Koh Kaew,097 982 0999,http://www.sawanutravel.com/,"68, Kohkaew, Thepkasattri Road, Tambon Ko Kaeo, Amphoe Mueang Phuket, Chang Wat Phuket 83000, Thailand",,4.7,1571,7.9658,98.39039,google_places,,,,,,
Efe Old Town,,Turkish Restaurant,Old Town,080 460 0244,,"19 Thalang road , Tambon talad yai, Old Phuket Town, ตำบลตลาดใหญ่ Muang, ภูเก็ต 83000, Thailand",,4.5,1548,7.88492,98.3879,google_places,,,,,,
Chivarome Massage,,Massage,Kata,090 902 0666,,"70 Thanon Kata Kata Beach, Tambon Karon, Amphoe Mueang Phuket, Chang Wat Phuket 83100, Thailand",,4.8,1538,7.81985,98.30028,google_places,,,,,,
Dark House Adventure,,Amusement Center,Chalong,063 883 1360,https://worldofshadowgame.com/,"34/18 moo.3 chaofatawantok vichit muang phuket 83000, Vichit, Phuket, 83000, Thailand",,5,1472,7.86752,98.35253,google_places,,,,,,
Motorbike Rental Station Phuket Free Delivery,,Services,Patong,063 581 6547,https://motorbike-rental-station-phuket.com/,"188, 2 Thaweewong Rd, Tambon Patong, Amphoe Kathu, Chang Wat Phuket 83150, Thailand",,4.9,1469,7.89942,98.29715,google_places,,,,,,
Baboon Phuket,,Restaurant,Chalong,094 592 8599,https://www.baboonphuket.com/,"อาคารหลังอาคารทรีมังกี้ส์ 105 หมู่ 4 ถนนเหมืองเจ้าฟ้า Tambon Wichit, Amphoe Mueang Phuket, Chang Wat Phuket 83000, Thailand",,4.8,1436,7.87634,98.35111,google_places,,,,,,
517 Fisherman Seafood Restaurant Patong,,Seafood Restaurant,Patong,,https://www.facebook.com/517fishermanseafood,"170 Rat Uthit Song Roi Pi Rd, Tambon Patong, Amphoe Kathu, Chang Wat Phuket 83150, Thailand",,4.6,1427,7.89584,98.29913,google_places,,,,,,
Healthland,,Massage,Patong,085 261 3507,http://www.healthlandmassage.com/,"5/53-54 Haad Patong Road Aroonsom Square Tambon Patong, Amphoe Kathu, Chang Wat Phuket 83150, Thailand",,4.6,1409,7.90023,98.29937,google_places,,,,,,
Chai Motorbike Rental&Sea Expert Travel Service,,Services,Phuket Town,089 874 9343,https://www.facebook.com/SeaExpertTravelTrip/,"3 38 Soi Talingchan, Tambon Talat Yai, Amphoe Mueang Phuket, Chang Wat Phuket 83000, Thailand",,4.8,1378,7.88001,98.39155,google_places,,,,,,
Spice House Kata,,Russian Restaurant,Kata,076 530 533,https://spicehousephuket.com/,"Kata Road เลขที่ 100/89 อาคาร I-07 ถนน กะตะ ตำบล กะรน อำเภอ เมืองภูเก็ต, ตำบล กะรน เมือง, ภูเก็ต 83100, Thailand",,4.7,1366,7.82436,98.29763,google_places,,,,,,
BEST TAILOR PHUKET PATONG SUIT SHOP,,Tailor,Patong,080 525 8577,https://www.facebook.com/Besttailorphuketpatong,"191/44 200 Rat Uthit Song Roi Pi Rd, Tambon Patong, Amphoe Kathu, Chang Wat Phuket 83150, Thailand",,5,1344,7.89036,98.29685,google_places,,,,,,
ร้านพิเศษ สาขาภูเก็ต Piset Restaurant Phuket,,Seafood Restaurant,Old Town,097 352 5388,https://www.facebook.com/pisetrestaurantphuket,"ร้านพิเศษ ตั้งอยู่ในโรงแรมสิริ ใกล้ๆที่ว่าการ 231 Yaowarad Rd, Tambon Talat Nuea, Amphoe Mueang Phuket, Chang Wat Phuket 83000, Thailand",,4.6,1327,7.88816,98.3867,google_places,,,,,,
Maimorn Forest,,Thai Restaurant,Phuket Town,076 211 208,https://www.maimornforest.com/,"เลขที่ 9 พังงา ซ.3 Tambon Talat Yai, Amphoe Mueang Phuket, Chang Wat Phuket 83000, Thailand",,4.5,1311,7.88406,98.39445,google_places,,,,,,
Jet Ski Adventure Trip,,Business,Airport,080 547 9651,http://www.facebook.com/JetSkiAdventureTrip,"ถนนหลวงชนบท Tambon Thep Krasatti, Amphoe Thalang, Chang Wat Phuket 83110, Thailand",,4.9,1310,8.11963,98.36918,google_places,,,,,,
"Oasis Spa (Tropical Retreat Spa, Laguna)",,Spa,Bang Tao,076 337 777,https://oasisspa.net/en/destination/phuket/Tropical_Retreat_Spa/?utm_source=mamgbp&utm_medium=gbp&utm_campaign=trl,"29 Moo 4 Srisoonthorn Road Bang Tao Beach, Tambon Choeng Thale, Amphoe Thalang, Chang Wat Phuket 83110, Thailand",,4.8,1298,8.0086,98.29677,google_places,,,,,,
Siladon Spa,,Massage & spa,Patong,0983254988,http://siladonspas.com,"The Marina Hotel Phuket, 240/9 Phangmuang Sai Kor Tambon Patong, Amphoe Kathu, Chang Wat Phuket 83150, Thailand",Mo-Su 10:00-22:00,4.9,1285,7.89937,98.30363,osm,,,,,,
FUGA Beach Club,,Restaurant,Patong,091 035 0835,http://www.fugabeachclub.com/,"Patong beach, 20 Kammala - Patong Rd, Tambon Patong, Amphoe Kathu, Chang Wat Phuket 83150, Thailand",,4.1,1284,7.90648,98.29713,google_places,,,,,,
EAT Bar & Grill Restaurant Karon,,Steak House,Kata,085 292 5652,http://eatbargrill.net/,"14 Karon Rd Karon Beach, Tambon Karon, Amphoe Mueang Phuket, Chang Wat Phuket 83100, Thailand",,4.7,1276,7.83,98.29604,google_places,,,,,,
Sense Spa Phuket,,Spa,Old Town,094 461 6446,https://sensespaphuket.com/,"33 13 Vichitsongkram Rd, Tambon Talat Nuea, Amphoe Mueang Phuket, Chang Wat Phuket 83000, Thailand",,4.8,1269,7.88444,98.37997,google_places,,,,,,
Som Motorbike Rental Phuket,,Services,Phuket Town,080 048 4841,,"54 17 Montri Rd, Tambon Talat Yai, เมือง Chang Wat Phuket 83000, Thailand",,4.9,1265,7.88108,98.39234,google_places,,,,,,
Ton Mai Se Thong Massage & Beauty Soi Sansabai,,Massage spa,Patong,061 958 0719,http://www.tonmaisethong.com/,"V7VX+4P5, Soi Sansabai, Tambon Patong, Amphoe Kathu, Chang Wat Phuket 83150, Thailand",,4.9,1251,7.89273,98.29936,google_places,,,,,,
Red Hot,,Bar,Patong,,https://www.phuketbars.info/red_hot_club_94.php,"V7VX+57R, Pa Tong, Kathu District, Phuket 83150, Thailand",,4.4,1247,7.89298,98.29814,google_places,,,,,,
New David Jone,,Tailor,Patong,081 607 7255,https://newdjtailor.com/,"237/7 Patong OTOP Shopping Paradise Rat-U-Thit 200 Pee Road Patong Beach Tambon Patong, Amphoe Kathu, Chang Wat Phuket 83150, Thailand",,5,1240,7.88718,98.2951,google_places,,,,,,
Sea Bees Diving - Phuket,,Sports Activity Location,Chalong,081 270 8817,https://sea-bees.com/diving-phuket/,"1, 3 Wiset Rd, Tambon Chalong, Amphoe Mueang Phuket, Chang Wat Phuket 83130, Thailand",,4.9,1238,7.82195,98.34145,google_places,,,,,,
Cheap as Chips Motorbike Rental,,Services,Patong,087 188 9047,https://motorbikerentalphuket.com/,"195 7 Phrabaramee Rd, Tambon Patong, Amphoe Kathu, Chang Wat Phuket 83150, Thailand",,4.8,1222,7.90531,98.29871,google_places,,,,,,
Aussie Divers Phuket,,Tours & travel,Chalong,+66806961461,https://www.aussiediversphuket.com/,"43, 16 -17 Sunrise Rd, Rawai, Amphoe Mueang Phuket, Chang Wat Phuket 83130, Thailand",Mo-Su 07:00-19:00,5,1208,7.82105,98.3425,osm,,,,,,
Pinewood Massage Spa and Onsen (Kata Beach),,Massage spa,Kata,082 107 1957,http://wa.me/66821071957,"Lift to 3rd Floor, Above KIRI, 20/10 ถนน กะตะ Kata Beach, ตำบล กะรน อำเภอเมืองภูเก็ต ภูเก็ต 83100, Thailand",,5,1195,7.81617,98.30098,google_places,,,,,,
Bang Pae Seafood Restaurant,,Seafood Restaurant,Paklok,087 887 5785,https://www.facebook.com/bangpaeseafood/,"Soi Bang Toei, Tambon Pa Klok, Amphoe Thalang, Chang Wat Phuket 83110, Thailand",,4.5,1192,8.03665,98.41518,google_places,,,,,,
Palm Spa & Massage,,Beauty & spa,Kata,099 287 1050,https://www.facebook.com/PALMSPAMASSAGE/,"88, 29-30 Thanon Kata Kata Beach, Tambon Karon, Amphoe Mueang Phuket, Chang Wat Phuket 83100, Thailand",11:00-22:00,4.9,1187,7.82738,98.29624,osm,,,,,,
Simba Sea Trips Co; Ltd,Simba Sea Trips Co; Ltd,Tours & travel,Koh Kaew,+66817877702,https://www.simbaseatrips.com/,"23, Boat Lagoon Marina Soho Pool Club, ตำบล เกาะแก้ว Ampur Mueang, ภูเก็ต 83000, Thailand",Mo-Su 09:00-17:00,4.9,1179,7.96764,98.39125,osm,,,,,,
"Oasis Spa (Sky Breeze Spa, Kata)",,Spa,Kata,076 337 777,https://oasisspa.net/en/destination/phuket/Sky_Breeze_Spa/?utm_source=mamgbp&utm_medium=gbp&utm_campaign=sbk,"26 Soi Plukjae, Tambon Karon, Amphoe Mueang Phuket, Chang Wat Phuket 83100, Thailand",,4.9,1170,7.81626,98.31394,google_places,,,,,,
Pinewood Massage and Spa (Cherngtalay),,Massage spa,Cherngtalay,082 107 1975,https://www.pinewoodmassagespa.com/,"Inside HomePro Cherngtalay, 59 Srisoonthorn Rd, Choeng Thale, Thalang District, ตำบลเชิงทะเล Phuket, ภูเก็ต 83110, Thailand",,4.9,1161,7.98812,98.31024,google_places,,,,,,
Cafe Delight Phuket Old Town,,Breakfast Restaurant,Phuket Town,092 351 9262,https://cafedelightphuket.com/,"27 Thanon Ratsada, Tambon Talat Yai, Amphoe Mueang Phuket, Chang Wat Phuket 83000, Thailand",,4.8,1141,7.88317,98.38883,google_places,,,,,,
XANA,,Restaurant,Bang Tao,076 358 500,https://www.angsana.com/thailand/laguna-phuket/dining/xana,"10 ถนน ศรีสุนทร Bang Tao Beach, Tambon Choeng Thale, Amphoe Thalang, Chang Wat Phuket 83110, Thailand",,4.3,1128,8.00582,98.29295,google_places,,,,,,
Aqua Restaurant & Bar at Kata beach,,Seafood Restaurant,Kata,061 994 5398,,"30 Thanon Kata Kata Beach, Tambon Karon, Amphoe Mueang Phuket, Chang Wat Phuket 83100, Thailand",,4.6,1106,7.81658,98.30082,google_places,,,,,,
Sinae Phuket,,Hotel,Phuket Town,076 390 388,http://www.sinaephuket.com/,"888, Tambon Ratsada, Amphoe Mueang Phuket, Chang Wat Phuket 83000, Thailand",,4.5,1101,7.87221,98.432,google_places,,,,,,
Mai Morn Resort,,Resort hotel,Old Town,084 744 1963,http://maimornphuketresort.com/,"43, 291 Phatthana Thong Thin Rd, Tambon Wichit, Amphoe Mueang Phuket, Chang Wat Phuket 83000, Thailand",,4.1,1099,7.85559,98.37706,google_places,,,,,,
KANTA PHUKET,,Restaurant,Old Town,,https://onebooking.co/welcome/KT/packages,"KANTA PHUKET A, 23 Phangnga Rd, Tambon Talat Yai, Amphoe Mueang Phuket, Chang Wat Phuket 83000, Thailand",,4.9,1096,7.88399,98.38867,google_places,,,,,,
Thanoon Seafood,,Seafood Restaurant,Mai Khao,084 056 5088,https://www.facebook.com/share/15zi6ktB5n/,"13, ตำบล โคกกลอย อำเภอตะกั่วทุ่ง พังงา 82140, Thailand",,4.3,1094,8.20429,98.29831,google_places,,,,,,
Saphan Hin Park,,Park,Phuket Town,,,"55/108 ถนนเจ้าฟ้า Tambon Wichit, Amphoe Mueang Phuket, Chang Wat Phuket 83000, Thailand",,4.5,1065,7.86542,98.39813,google_places,,,,,,
Rawai Park,,Playground,Rawai,098 396 5369,http://rawaipark.com/,"58, Beach, 88 Soi Rouyphad, Tambon Rawai, Muang, Chang Wat Phuket 83130, Thailand",,4.4,1063,7.77575,98.32259,google_places,,,,,,
CASHMERE SUIT TAILOR PHUKET,,Tailor,Patong,081 537 2245,http://www.cashmere-suit.com/,"OPPOSITE OFF HOOTERS PHUKET, 237/8 Rat Uthit Song Roi Pi Rd, Tambon Patong, Amphoe Kathu, Chang Wat Phuket 83150, Thailand",,5,1048,7.88724,98.29482,google_places,,,,,,
F&T MOTORBIKE PHUKET,,Services,Patong,063 420 6022,https://ftmotorbike.com/,"77/6-7 Phang Muang Sai Kor, Tambon Patong, Amphoe Kathu, Chang Wat Phuket 83150, Thailand",,4.9,1048,7.88593,98.29746,google_places,,,,,,
Hotel Tide Phuket,,Hotel,Phuket Town,076 530 378,http://hoteltidephuket.com/,"168, Moo 1, Rassada, VCGH+7V ตำบล รัษฎา อำเภอเมืองภูเก็ต ภูเก็ต 83000, Thailand",,4.1,1046,7.87607,98.42929,google_places,,,,,,
ROOF Pudding and Cafe,,Cafe,Old Town,084 241 1463,https://www.facebook.com/roofpudding,"Yaowarad Rd, Tambon Talat Yai, Amphoe Mueang Phuket, Chang Wat Phuket 83000, Thailand",,4.5,1039,7.88442,98.38748,google_places,,,,,,
Medusa Patong,,Restaurant,Patong,082 169 7888,https://medusapatong.shop/,"62/1 Medusa, 2nd floor, ถ. ทวีวงศ์ ตำบลป่าตอง อำเภอกะทู้ ภูเก็ต 83150, Thailand",,4.6,1008,7.88888,98.29255,google_places,,,,,,
Motorbike for rent @ Souvenir Service,,Services,Patong,091 492 8789,,"193 Thanon Phrabarami, ป่าตอง Amphoe Kathu, Chang Wat Phuket 83150, Thailand",,5,1006,7.9058,98.29886,google_places,,,,,,
Boat and Beyond,,Tour Agency,Paklok,092 246 6993,https://boatandbeyond.com/,"216 Moo 2, Tambon Ao Nang, Amphoe Muang KrabiKrabi, ตำบล อ่าวนาง อำเภอเมืองกระบี่ กระบี่ 81000, Thailand",,4.9,1003,7.99049,98.41588,google_places,,,,,,
Body Works Thai Massage Patong 2,,Massage,Patong,,https://bodyworksphuket.com/,"64 Thanon Sainamyen, Tambon Patong, Amphoe Kathu, Chang Wat Phuket 83150, Thailand",,4.9,979,7.89634,98.303,google_places,,,,,,
THAN Spa & Massage Phuket,,Massage spa,Old Town,062 638 7824,https://www.facebook.com/than.spa.massage/,"15 Ranong Rd, Tambon Talat Nuea, เมือง Chang Wat Phuket 83000, Thailand",,4.9,976,7.88314,98.38688,google_places,,,,,,
Amazing Canoeing - Ao Po Pier,,Tour Agency,Paklok,095 424 5382,http://www.amazingcanoeing.com/,"80 19-20, ป่าคลอก อำเภอถลาง ภูเก็ต 83110, Thailand",,4.9,961,8.06146,98.43187,google_places,,,,,,
Motorbike Rental & Tour by Sea Boss Travel,,Services,Kata,093 643 5556,,"98/77 ซอย น้ำดื่มกรีน Kata Beach, Tambon Karon, Amphoe Mueang Phuket, Chang Wat Phuket 83100, Thailand",,5,961,7.82318,98.30041,google_places,,,,,,
Dinner in the Sky Phuket | Restaurant,,Restaurant,Karon,099 089 1384,https://dinnerintheskyphuket.com/?utm_source=google&utm_medium=maps&utm_campaign=site,"487 Patak Rd Karon Beach, Tambon Karon, Amphoe Mueang Phuket, Chang Wat Phuket 83100, Thailand",,4.9,955,7.84456,98.29943,google_places,,,,,,
Patong Sunset View Restaurant,,Restaurant,Patong,087 887 8039,,"60 1 Hasib pee rd Tambon Patong, Amphoe Kathu, Chang Wat Phuket 83150, Thailand",,4.7,947,7.88443,98.30574,google_places,,,,,,
Sea Angel Speedboat,,Marina,Phuket Town,088 689 6999,https://tantulika12.wixsite.com/travel/85,"2 27 Tambon Ratsada, เมือง Chang Wat Phuket 83000, Thailand",,5,944,7.88279,98.41546,google_places,,,,,,
Fira Beach Club,,Business,Kata,092 958 8621,https://firaphuket.com/,"228 6-7 Khok Tanod Road, Tambon Karon, Amphoe Mueang Phuket, Chang Wat Phuket 83100, Thailand",,4.7,930,7.81072,98.30203,google_places,,,,,,
BON Phuket Old Town,,Restaurant,Phuket Town,083 025 4237,https://en.laromegroup.com/bonrestaurants,"69, 71 Phangnga Rd, Tambon Talat Yai, Amphoe Mueang Phuket, Chang Wat Phuket 83000, Thailand",,4.7,923,7.88376,98.38943,google_places,,,,,,
Hotel IKON Phuket,,Hotel,Karon,076 396 901,http://www.hotel-ikon.com/,"400/2 Patak Rd Karon Beach, Tambon Karon, Amphoe Mueang Phuket, Chang Wat Phuket 83100, Thailand",,4.4,920,7.84309,98.30291,google_places,,,,,,
The Beach Cuisine,,Restaurant,Surin,093 668 5182,https://linktr.ee/thebeachcuisine?utm_source=linktree_profile_share,"82 4 Bang Tao Beach, Tambon Choeng Thale, Amphoe Thalang, Chang Wat Phuket 83110, Thailand",Mo-Su 11:00-22:00,4.6,910,7.98543,98.28602,osm,,,,,,
Merlin Divers,,Diving,Kamala,+66 76 385 518,https://phuket-diving-thailand.net/,"74 Soi Rim Hat Kamala Beach, Tambon Kamala, Amphoe Kathu, Chang Wat Phuket 83150, Thailand",Mo-Su 08:00-21:00,4.9,900,7.95075,98.28122,osm,,,,,,
Kim's Massage & Spa 12 Old Town Thalang Road,,Spa,Old Town,076 530 300,https://www.kimsmassagespa.com/,"36 Thanon Talang, Tambon Talat Yai, Amphoe Mueng, Chang Wat Phuket 83000, Thailand",,4.7,890,7.88473,98.38844,google_places,,,,,,
Tambu Phuket,,Indian Restaurant,Patong,095 834 7208,https://www.tambuphuket.com/,"Tri Trang Beach, 39/9 Muen-Ngern Rd, Tambon Patong, Amphoe Kathu, Chang Wat Phuket 83150, Thailand",,4.8,888,7.88123,98.27814,google_places,,,,,,
"Cafe Kantary, Phuket",,Cafe,Cape Panwa,076 391 514,http://www.cafekantary.com/,"31/11 Mu 8 Cape Panwa, Tambon Wichit, Phuket Chang Wat Phuket 83000, Thailand",,4.5,885,7.80528,98.40611,google_places,,,,,,
Kim’s Massage & Spa Patong Beach.,,Spa,Patong,098 671 8168,http://www.kimsmassagespa.com/,"94 Thaweewong Rd, Tambon Patong, Amphoe Kathu, Chang Wat Phuket 83150, Thailand",,4.5,878,7.89069,98.29423,google_places,,,,,,
"Eleganza Fashion Tailor Bangtao Beach, Phuket",,Tailor,Bang Tao,095 819 5054,https://www.eleganzafashion.net/,"72, 16 Bang Tao Beach, Tambon Choeng Thale, Amphoe Thalang, Chang Wat Phuket 83110, Thailand",,5,869,7.98608,98.28898,google_places,,,,,,
Sunlique Rooftop Restaurant,,Restaurant,Kata,096 915 1608,https://sunlique.com/,"88/15 Thanon Kata Kata Beach, Tambon Karon, Amphoe Mueang Phuket, Chang Wat Phuket 83100, Thailand",,4.7,862,7.82233,98.29897,google_places,,,,,,
The Baray Spa,,Spa,Kata,076 330 979,https://www.phuketsawasdee.com/the-baray-spa/,"36 Thanon Kake Kwan Kata Beach, Tambon Karon, Muang, Chang Wat Phuket 83100, Thailand",,4.9,862,7.82151,98.3012,google_places,,,,,,
Phuket Merlin Hotel,,Hotel,Old Town,076 212 866,https://www.merlinphuket.com/cms/merlin_phuket/,"158/1 Yaowarad Rd, Tambon Talat Yai, Amphoe Mueang Phuket, Chang Wat Phuket 83000, Thailand",,4,860,7.89044,98.3865,osm,,,,,,
Barfunk Phuket,,Bar,Patong,095 420 4497,http://www.barfunkphuket.com/,"11 Bangla Rd, Tambon Patong, Amphoe Kathu, Chang Wat Phuket 83150, Thailand",,4.4,848,7.89372,98.29635,google_places,,,,,,
"Karlsson Restaurant and Steakhouse - Karon, Phuket",,Restaurant,Karon,081 693 2776,http://www.karlssonrestaurant.com/,"Soi The Old Phuket Hotel Karon Beach, Tambon Karon, Amphoe Mueang Phuket, Chang Wat Phuket 83100, Thailand",,4.5,847,7.84291,98.29523,google_places,,,,,,
Day & Night Of CherngTalay,,Restaurant,Bang Tao,076 609 356,http://www.dayandnight.co.th/,"90, 5 Soi Cherngtalay 16 Bang Tao Beach, Tambon Choeng Thale, Amphoe Thalang, Chang Wat Phuket 83110, Thailand",,4.8,833,7.9947,98.30178,google_places,,,,,,
Sweet Talk Phuket,,Dessert Shop,Karon,063 062 6811,https://www.facebook.com/sweettalkphuket/,"311 Patak Rd Karon Beach, Tambon Karon, Amphoe Mueang Phuket, Chang Wat Phuket 83100, Thailand",,4.3,833,7.83689,98.29512,google_places,,,,,,
Magnifique Tailor,,Tailor,Patong,095 421 1373,http://www.magnifiquetailor.com/,"80/3-4 Thaweewong Rd, Tambon Patong, Amphoe Kathu, Chang Wat Phuket 83150, Thailand",,4.9,829,7.89024,98.2938,google_places,,,,,,
RestDay Coffee Bar & Bake House,,Coffee Shop,Phuket Town,063 091 9242,https://www.instagram.com/restdayphuket,"22 73 Thanon Luangpohw, Tambon Talat Yai, Amphoe Mueang Phuket, Chang Wat Phuket 83000, Thailand",,4.9,825,7.88565,98.39476,google_places,,,,,,
LION HOUSE Phuket,,Business,Phuket Town,082 432 4234,https://www.facebook.com/lionhousephuket,"531, 20 Phuket Rd, Tambon Talat Yai, Amphoe Mueang Phuket, Chang Wat Phuket 83000, Thailand",,4.8,824,7.87539,98.39821,google_places,,,,,,
Sri Panwa Phuket Luxury Pool Villa Hotel,,Hotel,Cape Panwa,076 371 000,https://www.sripanwa.com/,"88 Sakdidej Rd Cape Panwa, Tambon Wichit, Muang Chang Wat Phuket 83000, Thailand",,4.7,823,7.80193,98.41099,google_places,,,,,,
Rosmarino Restaurant,,Italian Restaurant,Karon,099 005 9058,http://www.rosmarinorestaurant.com/,"240 Patak Rd Karon Beach, Tambon Karon, Amphoe Mueang Phuket, Chang Wat Phuket 83100, Thailand",,4.6,812,7.84882,98.29362,google_places,,,,,,
Tandoori House Karon,,Indian Restaurant,Karon,091 884 4581,,"528, 15 Patak Rd Karon Beach, Tambon Karon, Amphoe Mueang Phuket, Chang Wat Phuket 83100, Thailand",,4.9,803,7.84937,98.29474,google_places,,,,,,
Armania Phuket,,Night Club,Patong,095 420 4497,https://www.barfunkphuket.com/,"11 Bangla Rd, Tambon Patong, Amphoe Kathu, Chang Wat Phuket 83150, Thailand",,4.4,787,7.8939,98.29637,google_places,,,,,,
GRAPH Phuket,,Coffee Shop,Phuket Town,064 991 4276,http://graphcoffeeco.com/,"121 Phangnga Rd, Tambon Talat Yai, เมือง Chang Wat Phuket 83000, Thailand",,4.7,787,7.88369,98.39053,google_places,,,,,,
Saneha : Steak-Thai-Seafood @KaronVillage,,Steak House,Karon,076 396 217,https://menu.ps.me/jxKp7itnwmE,"526 17 Soi Saneha Karon Beach, Tambon Karon, Amphoe Mueang Phuket, Chang Wat Phuket 83100, Thailand",,4.8,787,7.84956,98.29493,google_places,,,,,,
BLACK OUT PATONG,,Bar,Patong,085 879 8510,https://flyophuket.com/,"8 Thanon Sawatdirak, Tambon Patong, Phuket, Chang Wat Phuket 83150, Thailand",,5,783,7.89735,98.29674,google_places,,,,,,
Green heart garden,,Restaurant,Kata,087 627 3849,,"13 Patak Rd, Tambon Karon, Amphoe Mueang Phuket, Chang Wat Phuket 83100, Thailand",,4.7,783,7.81377,98.31573,osm,,,,,,
Scubadeep Phuket,,Sports Activity Location,Patong,097 360 4640,https://www.scubadeep.co.th/,"186 Taweewong Road Kathu, ตำบลป่าตอง Phuket, ภูเก็ต 83150, Thailand",,5,780,7.89793,98.29676,google_places,,,,,,
Rock Hard's Crazy Girls,,Lounge bar,Patong,087 272 2588,,"53 ชั้น 2 Bangla Rd, Tambon Patong, Amphoe Kathu, Chang Wat Phuket 83150, Thailand",,4.8,771,7.8933,98.29814,google_places,,,,,,
Yak Yai Muay Thai,,dojo,Chalong,,https://linktr.ee/yakyaimuaythai,"33/83 ม.1 ซ.ศาลเจ้ากวนอู ต.ฉลอง อ.เมืองภูเก็ต, ตำบล ฉลอง Phuket, ภูเก็ต 83130, Thailand",,5,762,7.84882,98.35391,osm,,,,,,
Onbeach Massage & Spa Patong,,Massage spa,Patong,092 269 9640,http://www.onbeachspa.com/,"54 8 Bangla Rd, Tambon Patong, Amphoe Kathu, Chang Wat Phuket 83150, Thailand",,4.9,749,7.8929,98.29656,google_places,,,,,,
5 Star Marine,,Tour Agency,Koh Kaew,064 945 7357,https://5starmarinephuket.com/,"20, 73, ตำบล เกาะแก้ว อำเภอเมืองภูเก็ต ภูเก็ต 83000, Thailand",,4.9,733,7.96468,98.38881,google_places,,,,,,
Big Boys' Burger Club - Jungceylon Patong,,Hamburger Restaurant,Patong,080 830 3439,https://www.bigboysburgerclub.co.th/,"Garden, Rat Uthit Song Roi Pi Rd, Tambon Patong, Amphoe Kathu, Chang Wat Phuket 83150, Thailand",,4.9,731,7.89132,98.3,google_places,,,,,,
Karahill Massage,,Massage spa,Patong,076 605 983,,"Karahill massage, 90 Thanon Sainamyen, Tambon Patong, Amphoe Kathu, Chang Wat Phuket 83120, Thailand",,4.9,724,7.89717,98.30041,google_places,,,,,,
John Gray's Sea Canoe,John Gray's Sea Canoe,Tours & travel,Old Town,+6676254505,https://johngray-seacanoe.com/,"80/25-28 หมู่ 6 อ่าวปอ Tambon Pa Klok, Amphoe Thalang, Chang Wat Phuket 83110, Thailand",Mo-Su 08:00-20:00,4.9,717,7.90517,98.37333,osm,,,,,,
Lucky Rent,,Services,Chalong,063 523 6849,https://luckyrent-phuket.com/,"33, 4 E Chaofah Rd, Tambon Chalong, Amphoe Mueang Phuket, Chang Wat Phuket 83130, Thailand",,4.8,708,7.83721,98.33606,google_places,,,,,,
La Playa - Patong Beach,,Restaurant,Patong,084 172 7562,http://stayatcasasolana.com/,"19 12 Rat Uthit Song Roi Pi Rd, Tambon Patong, Amphoe Kathu, Chang Wat Phuket 83150, Thailand",,4.7,707,7.90361,98.301,google_places,,,,,,
Star Tailor House Bespoke Tailor Phuket,,Tailor,Patong,081 891 6091,http://www.startailorphuket.com/,"Way in The Royal Paradise Hotel 143/8, 200 ถ. ราษฏร์อุทิศ 200 ปี ตำบลป่าตอง อำเภอกะทู้ ภูเก็ต 83150, Thailand",,5,705,7.8947,98.29896,google_places,,,,,,
Lao Pa Sat Phuket Town,,Asian Restaurant,Old Town,065 384 1268,,"1 Phangnga Rd, Tambon Talat Yai, Amphoe Mueang Phuket, Chang Wat Phuket 83000, Thailand",,4.8,700,7.88385,98.38769,google_places,,,,,,
"Soul Senses Spa & Wellness - Phuket Old Town, Thailand",,Spa,Old Town,064 008 1000,https://soulsensesspa.ae/landing-page/,"26 , Thalang Road Talad Yai Sub-district, Old Phuket Town, ตำบลตลาดใหญ่ อำเภอเมืองภูเก็ต ภูเก็ต 83000, Thailand",,4.9,689,7.88488,98.38829,google_places,,,,,,
Phuket Yacht Haven Marina,,Marina,Mai Khao,076 397 908,http://www.pyhmarina.com/,"141 2 Tambon Mai Khao, Amphoe Thalang, Chang Wat Phuket 83110, Thailand",,4.6,688,8.17027,98.33947,google_places,,,,,,
"RENTAL MOTOR PATONG 2: TMAX, XADV, SCOOTER & MOTORBIKE FOR RENT IN PHUKET",,Services,Patong,092 341 2564,https://www.rentalmotorpatong.com/,"259 Raat uthit road, Tambon Patong, Amphoe Kathu, Chang Wat Phuket 83150, Thailand",,4.9,680,7.88481,98.29324,google_places,,,,,,
Sunshine Massage,,Massage,Patong,,,"13 Thaweewong Rd, Tambon Patong, Amphoe Kathu, Chang Wat Phuket 83150, Thailand",,4.6,680,7.89438,98.29539,google_places,,,,,,
Sugar Club Phuket,,Nightlife,Patong,096 802 5369,https://www.sugarclub-phuket.com/,"70/3 Bangla Rd, Tambon Patong, Amphoe Kathu, Chang Wat Phuket 83150, Thailand",Mo-Su 20:00-04:00,3.7,679,7.89303,98.29767,osm,,,,,,
Phuket Inn Travel,,Tour Agency,Patong,088 768 1907,http://www.phuketinntravel.com/,"191، 1 Patong Beach Shortcut Road Tambon Patong, Amphoe Kathu, Chang Wat Phuket 83150, Thailand",,5,668,7.89042,98.29737,google_places,,,,,,
Andrei Motorbike Rent — Kata Karon,,Services,Karon,062 284 3198,https://phuket.rentmotorbike.org/,"306, 3 Patak Rd, Tambon Karon, Amphoe Mueang Phuket, Chang Wat Phuket 83100, Thailand",,4.9,665,7.83453,98.2987,google_places,,,,,,
Mamma Mia Grill & Restaurant Bangtao,,Restaurant,Bang Tao,081 629 5063,https://mammamiabangtao.com/,"116/69 Bangtao Beach, Bang Tao Beach, ตำบลเชิงทะเล อำเภอถลาง ภูเก็ต 83110, Thailand",,4.4,661,7.98639,98.2896,google_places,,,,,,
Taste Bistro & Grill,,Restaurant,Patong,083 226 3020,https://www.taste-patong.com/,"159, 161 Rat Uthit Song Roi Pi Rd, Tambon Patong, Amphoe Kathu, Chang Wat Phuket 83150, Thailand",,4.8,661,7.89358,98.29865,osm,,,,,,
Summer Seaside Restaurant,,Restaurant,Patong,096 637 3530,https://summer-phuket.com/,"98, 2nd Floor, Thaweewong Rd, Tambon Patong, Amphoe Kathu, Chang Wat Phuket 83150, Thailand",,4.7,660,7.89144,98.29404,google_places,,,,,,
Ocean Rhyme - Thai Seafood Restaurant & Bar,,Thai Restaurant,Karon,084 346 2057,https://www.thairestaurantphuket.com/?&utm_source=googlemaps&utm_medium=googlemaps_website&utm_campaign=googlemaps_website&utm_content=googlemaps_website,"311 Patak Rd Karon Beach, Tambon Karon, Amphoe Mueang Phuket, Chang Wat Phuket 83100, Thailand",,4.9,652,7.83608,98.29634,google_places,,,,,,
EcoLoft Hotel,,Hotel,Phuket Town,076 355 670,https://www.ecolofthotel.com/,"1 Phangnga Soi 4, Tambon Talat Yai, Amphoe Mueang Phuket, Chang Wat Phuket 83000, Thailand",,4.5,649,7.88214,98.39391,google_places,,,,,,
Hatha Massage Patong,,Massage,Patong,063 082 1813,https://www.facebook.com/profile.php?id&open_field=website&sk=about_contact_and_basic_info,"159 Rat-U-thit 200 pee Road Patong, ตำบลป่าตอง อำเภอกะทู้ ภูเก็ต 83150, Thailand",,4.7,649,7.89563,98.29903,google_places,,,,,,
Portosino Restaurant,,Thai Restaurant,Kata,062 669 9090,https://www.avistagrandephuketresort.com/restaurants-bars/portosino/?utm_source=google+Maps&utm_medium=seo+maps&utm_campaign=seo+maps,"38 Thanon Luang Phor Chuan Karon Beach, Tambon Karon, Amphoe Mueang Phuket, Chang Wat Phuket 83100, Thailand",,4.7,641,7.83127,98.29673,google_places,,,,,,
Sam Boutique Tailors Phuket,,Tailor,Karon,089 605 0788,https://www.besttailorkaron.com/,"Opposite Off Chanalai Hillside Resort, 11/3 Patak Soi 24 Karon Beach, Tambon Karon, Amphoe Mueang Phuket, Chang Wat Phuket 83100, Thailand",,5,638,7.85419,98.29503,google_places,,,,,,
Mizuya Japanese restaurant Patong,,Restaurant,Patong,082 936 5644,https://linktr.ee/mizuya.phuket,"190 Thaweewong Rd, Tambon Patong, Amphoe Kathu, Chang Wat Phuket 83150, Thailand",,4.9,624,7.90276,98.29717,google_places,,,,,,
PALME Dessert Bar & Café,,Cafe,Phuket Town,062 496 5044,https://lin.ee/qNQC7TT,"169 Phuket Rd, Talad Yai, Amphoe Mueang Phuket, Chang Wat Phuket 83000, Thailand",,4.9,623,7.87739,98.39349,google_places,,,,,,
Go Rentals Phuket Bike Car Property Rentals (Station 1),,Services,Bang Tao,088 866 5144,http://www.gorentalsphuket.com/,"Bang Tao Beach, Choeng Thale, Thalang District, Phuket 83110, Thailand",,4.9,611,7.9966,98.3023,google_places,,,,,,
"Faraway Yachting Phuket, Thailand",,Services,Chalong,,https://www.faraway-yachting.com/,"40, 1 Chaofa Road Tambon Chalong, Phuket, Chang Wat Phuket 83130, Thailand",,5,609,7.82353,98.34516,google_places,,,,,,
Kee Sky Lounge - Rooftop,,Restaurant,Patong,065 384 8831,https://www.facebook.com/keeskylounge/,"152/1 Thaweewong Rd, Tambon Patong, Amphoe Kathu, Chang Wat Phuket 83150, Thailand",,4.6,609,7.89482,98.29742,google_places,,,,,,
Rth Ram Tailor House,,Tailor,Kamala,084 689 6720,https://www.tripadvisor.com/Attraction_Review-g1379324-d15354516-Reviews-RTH_Ram_Tailor_House-Kamala_Kathu_Phuket.html,"Thavorn Beach Village Resort, 6/2moo6, กมลา อำเภอกะทู้ ภูเก็ต 83150, Thailand",,5,608,7.92661,98.27325,google_places,,,,,,
Mustache Bar & Restaurant,,Bar & Grill,Kata,081 723 1020,,"67/2 Thanon Kake Kwan Kata Beach, Tambon Karon, Amphoe Mueang Phuket, Chang Wat Phuket 83100, Thailand",,4.8,603,7.82121,98.30065,google_places,,,,,,
Lomprayah office,,Tour Agency,Old Town,081 970 8877,http://www.lomprayah.com/,"29 ซอย เจัาพ้า 38 Tambon Wichit, Amphoe Mueang Phuket, Chang Wat Phuket 83000, Thailand",,4.1,602,7.88551,98.36542,google_places,,,,,,
Old town pizza,,Pizza Restaurant,Old Town,088 893 0695,,"72 Yaowarad Rd Old Phuket Town, Tambon Talat Yai, Muang, Chang Wat Phuket 83000, Thailand",,4.8,598,7.88551,98.38767,google_places,,,,,,
Phuket Surf House - Patong Beach,,Restaurant,Patong,082 416 6554,https://phuketsurfhouse.com/,"162/8-11 Thaweewong Rd, Tambon Patong, Amphoe Kathu, Chang Wat Phuket 83150, Thailand",,4.5,592,7.89571,98.29648,google_places,,,,,,
Phuket Big Bike,,Services,Kata,085 692 8373,https://phuketrentbike.com/,"Kata, 12/1 Patak Rd, Tambon Karon, Amphoe Mueang Phuket, Chang Wat Phuket 83100, Thailand",,4.9,589,7.81961,98.31062,google_places,,,,,,
Blue Bistro and Bar,,Restaurant,Patong,093 619 1447,https://restaurantpatong.com/,"14 Thaweewong road, Tambon Patong, Amphoe Kathu, Chang Wat Phuket 83150, Thailand",,4.8,588,7.886,98.28932,google_places,,,,,,
Art Massage,,Massage & spa,Patong,065 916 2895,http://artmassagephuket.com/,"84 Thanon Sainamyen, Tambon Patong, Amphoe Kathu, Chang Wat Phuket 83150, Thailand",,4.7,583,7.8971,98.30056,osm,,,,,,
The Tent Phuket,,Restaurant,Phuket Town,+66 986699316,http://www.facebook.com/thetentphuket,"Thep Krasattri Rd, Tambon Talat Yai, Amphoe Mueang Phuket, Chang Wat Phuket 83000, Thailand",Mo-Su 07:00-16:00,4.4,580,7.88503,98.39084,osm,,,,,,
ACDC Diving Phuket,,Sports Activity Location,Chalong,062 072 0606,https://www.acdcdivingphuket.com/,"Chalong Park View, Moo 9, T, A, ตำบล ฉลอง อำเภอเมืองภูเก็ต ภูเก็ต 83130, Thailand",,5,569,7.82777,98.34425,google_places,,,,,,
Local Canteen Phuket,,Restaurant,Old Town,092 258 8793,http://www.localcanteen.com/,"126 Yaowarad Rd, Tambon Talat Yai, Mueng, Chang Wat Phuket 83000, Thailand",,4.9,569,7.8878,98.38747,google_places,,,,,,
Sugar Shack,,Family Restaurant,Kata,081 970 6503,https://www.phuket101.net/sugar-shack/,"98 Moo 4, ถนน กะตะ Kata Beach, ตำบล กะรน Muang, ภูเก็ต 83100, Thailand",,4.7,566,7.82398,98.29895,google_places,,,,,,
Pine Beach Bar,,Bar,Kamala,076 629 999,https://phuket.intercontinental.com/dining/pine,"333, 333/3, Moo 3, Kamala Sub-district, Kamala Beach, กมลา อำเภอกะทู้ ภูเก็ต 83150, Thailand",,4.7,565,7.96197,98.28378,google_places,,,,,,
Homemade Desserts Phuket by Anastasia Mayer,,Bakery,Karon,090 172 2981,https://www.instagram.com/homemade.desserts.phuket?igsh=bDF4bTUyaWxrMDY1,"408 Patak Rd Karon Beach, Tambon Karon, Amphoe Mueang, Chang Wat Phuket 83100, Thailand",,4.7,564,7.84427,98.3011,google_places,,,,,,
Bangtao Boat Club,,Restaurant,Surin,062 235 6492,,"Had Soi Had Surin 8 Tambon Choeng Thale, Amphoe Thalang, Chang Wat Phuket 83110, Thailand",,4.5,559,7.9843,98.28323,google_places,,,,,,
White Rabbit Beach Club,,Business,Chalong,094 875 8090,https://www.instagram.com/whiterabbitbeachclub/,"22, 44 Soi Pa Lai, Tambon Chalong, Phuket, Chang Wat Phuket 83130, Thailand",,4.3,557,7.83963,98.36742,google_places,,,,,,
Open Kitchen Phuket,,Restaurant,Bang Tao,076 530 686,https://openkitchen-phuket.com/,"66 Moo1 Bang Tao Beach, Tambon Choeng Thale, Amphoe Thalang, Chang Wat Phuket 83110, Thailand",,4.5,551,8.00108,98.29665,google_places,,,,,,
Phuket Sail Tours,,Tour Agency,Paklok,087 897 0492,https://www.phuketsailtours.com/,"Ao Por Centre 80/17 - 18 moo 6 Tambon Pakhlok, ป่าคลอก อำเภอถลาง ภูเก็ต 83110, Thailand",,4.9,551,8.06254,98.43253,google_places,,,,,,
Crave Restaurant and Bar,,Restaurant,Surin,098 251 8995,https://www.facebook.com/profile.php?id=100088222629860&mibextid=LQQJ4d,"69/60-61 Moo 3 Baan, Cherngthaley, ตำบลเชิงทะเล อำเภอถลาง ภูเก็ต 83110, Thailand",,4.7,547,7.98415,98.28688,google_places,,,,,,
Craftist Phuket,,Coffee Shop,Old Town,095 279 5269,https://craftistphuket.wixsite.com/site,"ตําบล, 7 Thanon Bangkok, Tambon Talat Nuea, Amphoe Mueang Phuket, Chang Wat Phuket 83000, Thailand",,4.7,543,7.88251,98.38735,google_places,,,,,,
Homemade Desserts Kata,,Cafe,Kata,080 524 9833,,"65 Thanon Kake Kwan Kata Beach, Tambon Karon, Amphoe Mueang Phuket, Chang Wat Phuket 83100, Thailand",,4.7,543,7.82121,98.30074,google_places,,,,,,
Pearl Massage (Kata),,Massage,Kata,083 592 4678,,"Kata Beach, Karon, Mueang Phuket District, Phuket 83100, Thailand",,4.4,538,7.82273,98.29868,google_places,,,,,,
The 1 Thai Massage,,Massage spa,Kata,081 294 9661,,"143, 11 Patak Rd Kata Beach, Tambon Karon, Amphoe Mueang Phuket, Chang Wat Phuket 83100, Thailand",,4.9,528,7.82482,98.30122,google_places,,,,,,
TOH DAENG at Phuket old town,,Restaurant,Old Town,088 959 4949,https://www.tohdaengphuket.com/,"97 Thanon Dibuk Old Phuket Town, Tambon Talat Nuea, Amphoe Mueang Phuket, Chang Wat Phuket 83000, Thailand",,4.9,526,7.88637,98.38593,google_places,,,,,,
NORA Beach Club,,Restaurant,Bang Tao,061 653 2232,https://www.norabeachclub.com/,"322, Cherngtalay, Thanon Si Sunthon Moo 2, Tambon Choeng Thale, Amphoe Thalang, Chang Wat Phuket 83110, Thailand",,4.5,525,7.99132,98.29088,google_places,,,,,,
sam collection tailor phuket,,Tailor,Patong,095 104 5926,,"A, 136/1 Thaweewong Rd, Tambon Patong, Amphoe Kathu, Chang Wat Phuket 83150, Thailand",,5,518,7.8942,98.29547,google_places,,,,,,
Bedline Hotel,,Hotel,Phuket Town,076 390 884,http://www.bedlinehotel.com/,"74 15-20 Thanon Phun Phon, Tambon Talat Nuea, Amphoe Mueang Phuket, Chang Wat Phuket 83000, Thailand",,4.7,506,7.8744,98.38914,google_places,,,,,,
Zenithy Gentlemen’s Club Phuket,,Night Club,Patong,082 213 7888,https://zenithyphuket.com/,"29/1-2 Bangla Rd, Tambon Patong, Amphoe Kathu, Chang Wat Phuket 83150, Thailand",,4.6,505,7.89365,98.29698,google_places,,,,,,
Coconuts café,,Cafe,Chalong,,,"32/19, ตำบล ฉลอง อำเภอเมืองภูเก็ต ภูเก็ต 83130, Thailand",,4.8,501,7.82921,98.34631,google_places,,,,,,
Tiger Muay Thai,,Sports Coaching,Chalong,076 367 071,https://www.tigermuaythai.com/,"7 35 Soi Ta-iad, Tambon Chalong, เมือง Chang Wat Phuket 83130, Thailand",,3.9,495,7.85612,98.3434,google_places,,,,,,
Tiny Coffee,,Café,Chalong,089 473 6636,https://www.facebook.com/tinycoffeephuket,"74 /1 Thep Krasattri Rd, Tambon Talat Yai, Amphoe Mueang Phuket, Chang Wat Phuket 83000, Thailand",,4.7,492,7.86826,98.35594,osm,,,,,,
"BAAN 125 HANGOUT : coffee, V60, matcha and potteries.",,Coffee Shop,Phuket Town,085 694 9551,https://www.facebook.com/BAAN125HANGOUT,"First Floor, 125 Thanon Talang Old Phuket Town, Tambon Talat Yai, Amphoe Mueang Phuket, Chang Wat Phuket 83000, Thailand",,4.8,491,7.88476,98.39033,google_places,,,,,,
"SSS Phuket Dive, Freedive & Surf",,Sports Club,Kata,093 080 0304,https://www.sssphuket.com/,"184, 1 Koktanod Rd Kata Beach, Tambon Karon, Amphoe Mueang Phuket, Chang Wat Phuket 83100, Thailand",,4.9,490,7.81344,98.2989,google_places,,,,,,
boat seafood 船海鲜,,Seafood Restaurant,Phuket Town,095 417 3703,,"rasada, 39 Thanon Ratsada, Tambon Talat Nuea, Amphoe Mueang Phuket, Chang Wat Phuket 83000, Thailand",,4.8,487,7.88309,98.3891,google_places,,,,,,
Lamit&bounty restaurant,,Restaurant,Kata,065 535 1654,https://www.facebook.com/profile.php?id=61551882341601&mibextid=LQQJ4d,"สนามกีฬานวมินทร์กะรน หน้าหาด Karon Beach, Tambon Karon, เมือง Chang Wat Phuket 83100, Thailand",,4.8,486,7.83156,98.29522,google_places,,,,,,
The Lazy Coconut,,Restaurant,Bang Tao,091 165 0235,http://www.thelazycoconut.com/,"202/88, Bang Tao Beach, ตำบลเชิงทะเล อำเภอถลาง ภูเก็ต 83110, Thailand",,4.2,486,7.989,98.2894,google_places,,,,,,
Chaiyo Seafood Restaurant,,Seafood Restaurant,Chalong,076 393 142,,"25 2 Muangthong-Kaokard Road, Tambon Wichit, Amphoe Mueang Phuket, Chang Wat Phuket 83000, Thailand",,4.4,485,7.84744,98.37166,google_places,,,,,,
Let's Relax Spa - Phuket Boat Lagoon,,Massage spa,Koh Kaew,076 601 328,https://letsrelaxspa.com/,"20, Boat Lagoon, 64 Thep Krasattri Rd, Tambon Ko Kaeo, Muang, Chang Wat Phuket 83000, Thailand",,4.6,484,7.95925,98.38551,google_places,,,,,,
Yoyo Restaurant Karon Beach Phuket,,Restaurant,Karon,092 689 1998,,"236 12 Karon Beach, Tambon Karon, Amphoe Mueang Phuket, Chang Wat Phuket 83000, Thailand",,4.8,482,7.84836,98.29418,google_places,,,,,,
LONGTAIL BOAT PHI PHI,,Tour Agency,Cape Panwa,091 213 4005,https://www.longtailboatphiphi.com/,"125/2 Moo 7 Aonang Subdistrict, Moo 7, ตำบล อ่าวนาง อำเภอเมืองกระบี่ กระบี่ 81210, Thailand",,4.8,480,7.73833,98.77248,google_places,,,,,,
The Palm Cuisine,,Thai Restaurant,Bang Tao,076 310 400,https://movenpick.accor.com/en/asia/thailand/phuket/resort-phuket-bangtao/restaurants/the-palm-cuisine.html?utm_source=google+Maps&utm_medium=seo+maps&utm_content=restaurant-B4J4-the_palm_cuisine&utm_campaign=seo+maps,"35, Cherngtalay, Bang Tao Beach, Tambon Choeng Thale, Amphoe Thalang, Chang Wat Phuket 83110, Thailand",,4.9,478,8.00916,98.29342,google_places,,,,,,
"Natthaya Tour Travel​ for James Bond Island, Phang Nga Bay, Koh Hong, Koh Panyi, Muslim บริการเรือนำเที่ยวอ่าวพังงา",,Tour Agency,Mai Khao,080 735 2870,https://vrreddygsm.wixsite.com/phang,"68 4, Tambon Kalai, Amphoe Takua Thung, Chang Wat Phang-nga 82130, Thailand",,4.9,476,8.27277,98.44517,google_places,,,,,,
V.MarineTour- Phi Phi Islands Day Trip - Private Boat Charters,,Tour Agency,Koh Kaew,081 415 3549,https://vmarinetour.com/home.php,"63/202 Moo 2 Thepkasattri Road Tambon Ko Kaeo, Amphoe Thalang, Chang Wat Phuket 83200, Thailand",,4.8,473,7.9673,98.3906,google_places,,,,,,
Casa Boho Phuket,,Latin American Restaurant,Kamala,076 231 234,http://www.casabohophuket.com/,"16, 12 Moo 6 Kamala, Amphur, Kamala Beach, ตำบล กะทู้ Phuket, ภูเก็ต 83150, Thailand",,4.7,472,7.94622,98.27126,google_places,,,,,,
Kanin Cafe Phuket - Specialty Coffee & All Day Breakfast and Brunch,,Cafe,Bang Tao,081 512 8315,https://www.instagram.com/kanincafe/?hl=en,"7 Unit RE101, ถนนป่าสัก-โคก โตนด Bang Tao Beach, ตำบลเชิงทะเล อำเภอถลาง ภูเก็ต 83110, Thailand",,4.7,470,7.99912,98.30616,google_places,,,,,,
Rise and Grind Phuket วันใหม่ในเมืองเก่า “Specialty Coffee & Healthy Food”,,Bistro,Phuket Town,098 886 1215,https://www.instagram.com/riseandgrindoldtown?igsh=MXZ5cmhrcHVhaWViOA==,"48 Phuket Rd, Tambon Talat Yai, Amphoe Mueang Phuket, Chang Wat Phuket 83000, Thailand",,4.9,469,7.88321,98.39075,google_places,,,,,,
La Marée restaurant,,Restaurant,Cherngtalay,062 714 7600,https://lamareephuket.com/,"Cherngtalay, 8 Lagoon Rd Bang Tao Beach, Tambon Choeng Thale, Amphoe Thalang, Chang Wat Phuket 83110, Thailand",,4.8,467,7.99429,98.30599,google_places,,,,,,
Revolution Muay Thai Camp,,Sports Coaching,Surin,083 195 0573,http://www.revolutionphuketgym.com/,"6th Avenue 6, ตำบลเชิงทะเล อำเภอถลาง ภูเก็ต 83110, Thailand",,4.9,466,7.97933,98.28342,google_places,,,,,,
Phuket Romantic Dining,,Fine Dining Restaurant,Kamala,065 348 4625,https://phuketromanticdining.com/,"6, 2, Tambon Kamala, Amphoe Kathu, Chang Wat Phuket 83150, Thailand",,4.9,463,7.92505,98.27264,google_places,,,,,,
Amorn's Tailors,,Tailor,Kata,081 737 1585,http://www.amorns.com/,"55 Kata Noi Rd, Tambon Karon, Amphoe Mueang Phuket, Chang Wat Phuket 83100, Thailand",,5,462,7.80637,98.30007,google_places,,,,,,
Bikago Scooter and Motorbike Rentals - Phuket,,Services,Cherngtalay,076 606 607,https://www.bikago.com/phuket/?utm_source=google&utm_medium=organic&utm_campaign=gbp&utm_content=10,"Cherngtalay, 30 Thanon Si Sunthon, Tambon Choeng Thale, Amphoe Thalang, Chang Wat Phuket 83110, Thailand",,4.9,459,7.98823,98.31396,google_places,,,,,,
Andaman Sea Kayak,,Travel Agency,Paklok,076 235 353,http://www.andamanseakayak.com/,"ทางหลวงชนบท ภก.4007 Tambon Pa Klok, Amphoe Thalang, Chang Wat Phuket 83110, Thailand",,5,457,8.06201,98.43138,google_places,,,,,,
Phuket Wake Park,,Water Park,Kathu,,https://phuketwakepark.com/,"86 Vichitsongkram Rd, Tambon Kathu, Amphoe Kathu, Chang Wat Phuket 83120, Thailand",,4.2,455,7.92761,98.32996,google_places,,,,,,
Trampoline Club Phuket 50FLY/батуты,,Business,Old Town,096 776 5045,https://50fly.club/,"72 Moo 5, Vichit Muang Phuket BIG C Supercenter, 2 th floor, ตำบล วิชิต อำเภอเมืองภูเก็ต ภูเก็ต 83000, Thailand",,4.8,454,7.89592,98.36732,google_places,,,,,,
Blu Wave Thai & Seafood Bistro,,Restaurant,Bang Tao,081 629 5063,http://www.bluwavebistro.com/,"115/69, Bangtao Beach, Bang Tao Beach, ตำบลเชิงทะเล อำเภอถลาง ภูเก็ต 83110, Thailand",,4.7,443,7.98639,98.2895,google_places,,,,,,
Amazing Canoeing - Royal Phuket Marina,,Tour Agency,Koh Kaew,095 424 5382,http://www.amazingcanoeing.com/,"63/402, Unit No. MC4-01, Thepkasattri Road, ตำบล เกาะแก้ว Muang, ภูเก็ต 83000, Thailand",,4.8,441,7.9656,98.39085,google_places,,,,,,
Comfee Cafe & Brunch - Phuket Old Town,,Cafe,Phuket Town,090 654 6663,http://www.comfeethailand.com/,"82 Phangnga Rd, Tambon Talat Yai, Amphoe Mueang Phuket, Chang Wat Phuket 83000, Thailand",,4.7,439,7.8836,98.39014,google_places,,,,,,
LUME Seafood Restaurant & Bar,,Mediterranean Restaurant,Koh Kaew,081 148 5968,https://lumephuket.com/?utm_source=google&utm_medium=business_profile&utm_campaign=gmb_traffic,"63/302 Moo 2, Thepkrasattri Road, Kohkaew, Muang, Phuket 83000 Kohkaew, เทศบาลนครภูเก็ต Muang, ภูเก็ต 83000, Thailand",,4.9,439,7.96619,98.3905,google_places,,,,,,
Go Travel Phuket,,Travel Agency,Kathu,084 249 6593,http://www.gotravelphuket.com/,"6/201, View 1, ตำบล กะทู้ อำเภอกะทู้ ภูเก็ต 83120, Thailand",,5,438,7.92123,98.33251,google_places,,,,,,
SabaiJai D Massage,,Massage spa,Patong,064 626 5696,https://www.patong-mansion.com/spa-massages/,"29, 98 Soi Prasertsub 1, Tambon Patong, Amphoe Kathu, Chang Wat Phuket 83150, Thailand",,4.9,431,7.89903,98.30442,google_places,,,,,,
Phuket Scooter Rental,,Services,Phuket Town,092 882 1757,https://phuketscooterrental.com/rentabike/reservation/,"183/6 Phangnga Rd, Tambon Talat Yai, Amphoe Mueang Phuket, Chang Wat Phuket 83000, Thailand",,4.8,424,7.88347,98.39452,google_places,,,,,,
Экскурсии на Пхукете - Золотой Ключик - Phuket Best Tours and Trips,,Tour Agency,Phuket Town,065 090 6300,https://goldenkeytours.com/,"382 Phuket Rd, Tambon Talat Yai, Amphoe Mueang Phuket, Chang Wat Phuket 83000, Thailand",,4.9,424,7.87607,98.39366,google_places,,,,,,
Kin Kon Krua,,Breakfast Restaurant,Old Town,097 329 5962,https://www.facebook.com/%E0%B9%80%E0%B8%8A%E0%B9%89%E0%B8%B2%E0%B8%99%E0%B8%B5%E0%B9%89%E0%B8%81%E0%B8%B4%E0%B8%99%E0%B8%81%E0%B9%89%E0%B8%99%E0%B8%84%E0%B8%A3%E0%B8%B1%E0%B8%A7-100129509050450,"52 Thanon Dibuk, Tambon Talat Nuea, Amphoe Mueang Phuket, Chang Wat Phuket 83000, Thailand",,4.8,422,7.88663,98.38646,google_places,,,,,,
BONNEE - Brunch & Blends,,Café,Phuket Town,094 750 3626,,"28 Rommanee Road Old Phuket Town, Tambon Talat Yai, Mueang, Chang Wat Phuket 83000, Thailand",,4.8,418,7.88561,98.3893,osm,,,,,,
LUNA SPA,,Massage spa,Phuket Town,092 996 6698,,"15 24 Montri Rd, Tambon Talat Yai, Amphoe Mueang Phuket, Chang Wat Phuket 83000, Thailand",,4.8,415,7.88523,98.39319,google_places,,,,,,
TaiPan Nightclub,,Night Club,Patong,092 630 6009,https://taipannightclub.com/,"165 Rat-U-Thit 200 Pee Road, ตำบลป่าตอง อำเภอกะทู้ ภูเก็ต 83150, Thailand",,4.1,409,7.89332,98.29858,google_places,,,,,,
Aquamarine Asia Co. Ltd,,Tour Agency,Kata,089 909 6959,https://catamaran-thailand.com/,"Soi King Suksan 4 Tambon Rawai, Amphoe Mueang Phuket, Chang Wat Phuket 83130, Thailand",,5,408,7.80887,98.33071,google_places,,,,,,
Two friends kitchen,,Restaurant,Kata,,https://linktr.ee/twofriendskitchen,"98/127 Kata Beach, Tambon Karon, เมือง Chang Wat Phuket 83100, Thailand",,4.9,407,7.82473,98.30048,google_places,,,,,,
RK Fashions,,Tailor,Patong,081 891 2273,https://rkfashions.com/,"104 34-35 Soi Post Office Thaweewong Rd, Tambon Patong, Amphoe Kathu, Chang Wat Phuket 83150, Thailand",,4.9,403,7.89117,98.29543,google_places,,,,,,
Kee Kitchen,,Restaurant,Patong,076 335 858,https://www.thekeeresort.com/restaurant-near-patong-beach.php,"152/1 Thaweewong Rd, Tambon Patong, Amphoe Kathu, Chang Wat Phuket 83150, Thailand",,4.8,401,7.89491,98.29713,google_places,,,,,,
Phuket Fight Club,,Gym & fitness,Chalong,064 089 8710,https://www.thephuketfightclub.com/,"19/2 Moo 3 Soi Palai, ตำบล ฉลอง อำเภอเมืองภูเก็ต ภูเก็ต 83130, Thailand",,4.8,397,7.84118,98.36303,osm,,,,,,
Religion Phuket,,Services,Kathu,062 028 0076,https://religionrent.com/,"12 Soi Phukong, Tambon Ratsada, Amphoe Mueang Phuket, Chang Wat Phuket 83000, Thailand",,4.9,391,7.91715,98.36953,google_places,,,,,,
PARADAi Phuket,,Dessert Shop,Old Town,,https://www.facebook.com/paradaiphuket?mibextid=LQQJ4d,"36 Yaowarad Rd, Tambon Talat Yai, Amphoe Mueang Phuket, Chang Wat Phuket 83000, Thailand",,4.6,389,7.88434,98.38756,google_places,,,,,,
Custom Garage Big Bikes and Motorcycles Rental Company in Phuket,,Services,Kata,099 090 4617,https://customgarage.rent/,"Thailand, Tambon Karon, Phuket, Chang Wat Phuket 83100, Thailand",,4.9,385,7.80383,98.30559,google_places,,,,,,
Issara Restaurant & Bar – Boat Avenue,,Restaurant,Bang Tao,095 429 6150,https://issaraphuket.com/,"The AQUA by Boat Pattana, Ground Floor, Cherngtalay, Boat Avenue 1 Bang Tao Beach, ตำบลเชิงทะเล อำเภอถลาง ภูเก็ต 83110, Thailand",,4.9,382,7.99384,98.30356,google_places,,,,,,
TONOAK SEAFOOD&CAFE,,Seafood Restaurant,Koh Kaew,098 828 2288,https://www.facebook.com/Ton-Oak-Seafood-Caf%C3%A9-113094253420272/,"9 99 Tambon Ko Kaeo, Amphoe Mueang Phuket, Chang Wat Phuket 83000, Thailand",,4.8,379,7.93515,98.40339,google_places,,,,,,
DEV’S FASHION,,Tailor,Patong,089 649 6401,http://www.devsfashionphuket.com/,"Prachanukroh Rd, Tambon Patong, Amphoe Kathu, Chang Wat Phuket 83150, Thailand",,5,373,7.88182,98.29257,google_places,,,,,,
Suit fitter,,Tailor,Patong,081 677 1718,https://prosuitfitter.com/,"186, Opposite 999 Mart, A4 SOI SAWADRIK ROAD, Tambon Patong, Amphoe Kathu, Chang Wat Phuket 83150, Thailand",,5,370,7.89718,98.29711,google_places,,,,,,
Cheevit Cheeva Phuket,,Dessert Shop,Old Town,098 363 4695,https://cheevitcheevacafe.com/,"99 Yaowarad Rd Old Phuket Town, Tambon Talat Nuea, Amphoe Mueang Phuket, Chang Wat Phuket 83000, Thailand",,4.7,359,7.88575,98.38748,google_places,,,,,,
Sabai Sabai Spa Massage and Beauty Kata,,Spa,Kata,065 296 3859,,"102/4 Thanon Kata, Tambon Karon, Phuket, Chang Wat Phuket 83100, Thailand",,4.8,358,7.82411,98.29781,google_places,,,,,,
Phuket Transfer Travel Asia,,Taxi Service,Phuket Town,061 292 1330,https://phukettransfertravelandaman.12go.asia/,"14 Anupasphuketkarn Soi9 Taladyai Tambon Talat Yai, Amphoe Mueang Phuket, Chang Wat Phuket 83000, Thailand",,4.8,357,7.88223,98.40842,google_places,,,,,,
"Thaigo.rent Phuket – Motorcycle, Scooter & Cars Rental",,Services,Kata,082 254 5737,http://thaigo.rent/?utm_source=google&utm_medium=maps,"161/9, Patak Rd, Tambon Karon, Amphoe Mueang Phuket, Chang Wat Phuket 83100, Thailand",,4.9,356,7.82655,98.30137,google_places,,,,,,
เติมคำหวาน Bingsu & Dessert Cafe',,Dessert Restaurant,Phuket Town,087 477 2950,https://www.facebook.com/SweetwordBingSu.Cafe,"48, 11 Suthat Rd, Tambon Talat Yai, Muang, Chang Wat Phuket 83000, Thailand",,5,356,7.88862,98.39342,google_places,,,,,,
Sea Fire Salt Phuket,,Seafood Restaurant,Mai Khao,076 336 100 ext. 507,https://www.anantara.com/en/mai-khao-phuket/restaurants/sea-fire-salt?utm_source=GoogleMyBusiness&utm_medium=GMB&utm_term=SeaFireSalthuketVillas&utm_SeaFireSalt&utm_campaign=Google_GMB,"888, Mai Khao Beach, Tambon Mai Khao, Amphoe Thalang, Chang Wat Phuket 83110, Thailand",,4.5,354,8.16913,98.29338,google_places,,,,,,
Hanah Tour James bond Island and phang nga bay by long Tail Boat ติดต่อเรือนำเที่ยวอ่าวพังงา☺️,,Tour Agency,Mai Khao,093 390 6568,https://vrreddygsm.wixsite.com/phang,"55 Tambon Kalai, Amphoe Takua Thung, Chang Wat Phang-nga 82130, Thailand",,4.9,348,8.27094,98.4445,google_places,,,,,,
Body Works Thai Massage Patong,,Massage spa,Patong,080 008 3095,,"34, 24 Prachanukroh Rd, Tambon Patong, Amphoe Kathu, Chang Wat Phuket 83150, Thailand",,4.9,346,7.88128,98.29408,google_places,,,,,,
Sirada Massage by Yaya,,Massage spa,Kata,099 356 1594,https://www.facebook.com/share/12KtSL5Vzu1/?mibextid=wwXIfr,"97, Opposite Centara Kata Resort, 103 Thanon Kake Kwan Kata Beach, Tambon Karon, Amphoe Mueang Phuket, Chang Wat Phuket 83100, Thailand",,4.8,345,7.82098,98.29971,google_places,,,,,,
Diving Center in Phuket Дайвинг центр на Пхукете «Crazy Frog Diving»,,Sports Activity Location,Chalong,095 035 5562,https://a-diving.ru/,"Sunrise Rd, Tambon Chalong, Amphoe Mueang Phuket, Chang Wat Phuket 83100, Thailand",,5,343,7.82069,98.34104,google_places,,,,,,
Exclusive Tailor,,Tailor,Patong,076 340 823,https://www.exclusivetailor.com/,"54/6 Bangla Rd, Tambon Patong, Amphoe Kathu, Chang Wat Phuket 83150, Thailand",,5,341,7.8931,98.29657,google_places,,,,,,
Tian Tian Phuket Dessert Cafe,,Dessert Restaurant,Old Town,098 856 6656,https://www.instagram.com/tiantianphuket/,"29 2 Phangnga Rd, Tambon Talat Yai, เมือง, Chang Wat Phuket 83000, Thailand",,4.4,339,7.88369,98.38774,google_places,,,,,,
Froggy's Fun Park (online booking),,Indoor Playground,Patong,065 348 5777,https://froggysfunpark.com/,"Jungceylon department store 3rd floor, 175 ถ. ราษฏร์อุทิศ 200 ปี ตำบลป่าตอง อำเภอกะทู้ ภูเก็ต 83150, Thailand",,4.3,338,7.89051,98.30032,google_places,,,,,,
like a Boss international tailor Phuket,,Tailor,Patong,081 540 8059,,"near, Tambon Patong, Amphoe Kathu, Chang Wat Phuket 83150, Thailand",,4.9,334,7.89037,98.29687,google_places,,,,,,
Efoil Phuket - eFoil Surf School - Phuket Surfing on Kata Beach,,Business,Kata,062 015 1052,https://www.easyflyfoil.com/,"186, 9 Koktanod Rd Kata Beach, Tambon Karon, Phuket, Chang Wat Phuket 83100, Thailand",,5,332,7.81331,98.29862,google_places,,,,,,
Jetski Adventure Phuket,,Business,Paklok,063 384 7499,https://www.facebook.com/Jetski-Adventure-Phuket-109811548050642/,"30, T, Tambon Pa Klok, Amphoe Thalang, Chang Wat Phuket 83110, Thailand",,4.9,332,8.0632,98.43206,google_places,,,,,,
Siwilai Spa Phuket ศิวิไลซ์ สปา ภูเก็ต,,Spa,Chalong,076 338 690,https://ramadaplazachaofah.com/siwilai-spa/,"88 99 หมู่ที่ 2 Thanon Chao Fah Tawan Tok, Tambon Wichit, เมือง Chang Wat Phuket 83000, Thailand",,4.9,330,7.86982,98.35707,google_places,,,,,,
The Boathouse Restaurant,,Restaurant,Kata,+66 76 330 015,https://boathouse-phuket.com/restaurant/the-boathouse-restaurant,"Kata Beach, Karon, Mueang Phuket District, Phuket 83100, Thailand",Mo-Su 07:00-23:00,4.4,326,7.81451,98.29916,osm,,,,,,
VANNOTEN TAILORS,,Tailor,Patong,081 606 9236,https://vannotentailors.com/,"110/19- 20 1st Floor, Patong Tower Condominium, ถ. ทวีวงศ์ ตำบลป่าตอง อำเภอกะทู้ ภูเก็ต 83150, Thailand",,4.9,325,7.89143,98.29565,google_places,,,,,,
All4Diving Phuket,,Sporting Goods Store,Patong,081 732 8676,https://www.scubadiving-phuket.com/,"88, 32 Patak Rd, Tambon Chalong, Amphoe Mueang Phuket, Chang Wat Phuket 83130, Thailand",,5,323,7.89384,98.29904,google_places,,,,,,
Seven Plus Travel,,Tour Agency,Koh Kaew,062 256 7120,https://sevenplustravel.com/,"189, Supitcha Sino Kohkaew Village, 7 Soi Kohkaew 11, ตำบล เกาะแก้ว Muang, ภูเก็ต 83000, Thailand",,4.7,322,7.95377,98.38317,google_places,,,,,,
Blue Planet PP,,Tour Agency,Phuket Town,062 493 3934,,"30 Tambon Ratsada, เมือง Chang Wat Phuket 83000, Thailand",,4.5,320,7.8821,98.43739,google_places,,,,,,
La Maret Phuket,,Tour Agency,Chalong,081 891 5428,http://www.lamaret.com/,"Chaofa Road 9/65 Chalong Park View, ตำบล ฉลอง Mueang, ภูเก็ต 83130, Thailand",,4.9,315,7.82779,98.34465,google_places,,,,,,
Baan Khao Soi (Kata),,Restaurant,Kata,081 521 0515,https://baan-khao-soi.com/,"98, 112 Karon Rd Kata Beach, Tambon Karon, Amphoe Mueang Phuket, Chang Wat Phuket 83100, Thailand",,4.9,314,7.82479,98.30104,google_places,,,,,,
Super Divers Phuket,,Tour Agency,Patong,07462 855750,https://superdiversphuket.com/,"Super Divers PADI 5 Star Phuket Scuba Diving Centre, 5, Patong Beach, 13 ถนน หาดป่าตอง ตำบลป่าตอง อำเภอกะทู้ ภูเก็ต 83150, Thailand",,4.9,314,7.90067,98.29973,google_places,,,,,,
Taxi Phuket Driver,,Transportation Service,Chalong,083 698 9005,https://taxiphuketdriver.com/,"66/27 Soi Ta-ied, ตำบล ฉลอง Muang, ภูเก็ต 83130, Thailand",,5,310,7.85186,98.35035,google_places,,,,,,
The 21 Restaurant,,Restaurant,Bang Tao,096 448 8876,https://the21phuket.com/,"21, 12 Lagoon Rd Bang Tao Beach, Tambon Choeng Thale, Amphoe Thalang, Chang Wat Phuket 83110, Thailand",,4.8,304,7.99544,98.3048,google_places,,,,,,
DiveSafe Phuket,,Tour Agency,Chalong,094 001 8590,https://divesafephuket.com/,"43/24 Moo 5 Rawai Rawai, เทศบาลนครภูเก็ต อำเภอเมืองภูเก็ต ภูเก็ต 83130, Thailand",,4.9,299,7.82081,98.3424,google_places,,,,,,
Good day travel,,Tour Agency,Mai Khao,093 257 6377,https://gooddaytravel.my.canva.site/,"123 Tambon Kalai, Amphoe Takua Thung, Chang Wat Phang-nga 82130, Thailand",,4.9,299,8.2733,98.44593,google_places,,,,,,
Sutai Muay Thai Gym Camp Shop,,Sports Coaching,Surin,093 719 7390,http://sutaiphuket.com/,"110 221 Soi Hat Surin 8, Tambon Choeng Thale, Amphoe Thalang, Chang Wat Phuket 83100, Thailand",,4.9,296,7.98267,98.28113,google_places,,,,,,
Sharkey Scuba Karon,,Sports Activity Location,Karon,089 725 1935,http://www.sharkeyscuba.com/,"363, 10 Patak Rd Karon Beach, Tambon Karon, Amphoe Mueang Phuket, Chang Wat Phuket 83100, Thailand",,5,293,7.84209,98.30171,google_places,,,,,,
Mr. Chet Longtail Boat Trip,,Business,Cape Panwa,087 278 7901,https://www.facebook.com/mr.chet.snorkelling1?mibextid=ZbWKwL,"47 หลังโรงแรมทรายพีพีไอซ์แลนด์วิลเลจ หาดโล๊ะบาเกา , เกาะพีพีดอน Tambon Ao Nang, Amphoe Mueang Krabi, Chang Wat Krabi 81000, Thailand",,4.9,291,7.76077,98.77112,google_places,,,,,,
Being Tours and Travel,,Travel Agency,Patong,084 190 0132,http://www.beephukettours.com/,"Thanon Sainamyen, Tambon Patong, Amphoe Kathu, Chang Wat Phuket 83150, Thailand",,4.6,289,7.89702,98.30033,google_places,,,,,,
Ali's BBQ BangTao,,Restaurant,Cherngtalay,094 597 3233,http://alisbbq.com/,"Bangtao, Soi Khithrai Mai Bang Tao Beach, Cherngtalay Subdistrict, Amphoe Thalang, Chang Wat Phuket 83110, Thailand",,4.7,287,7.9841,98.29544,google_places,,,,,,
Sinbi Muay Thai,,dojo,Rawai,+66895464426,https://www.sinbimuaythai.com,"86, 108 Soi Saiyuan 9, Tambon Rawai, Amphoe Mueang Phuket, Chang Wat Phuket 83130, Thailand",,4.7,286,7.79679,98.3295,osm,,,,,,
Sumalee Boxing Gym,,dojo,Koh Kaew,065 775 5391,http://www.sumaleeboxinggym.com/,"234/3 Soi Hua Tha Tambon Si Sunthon Tambon, ตำบล ศรีสุนทร อำเภอถลาง ภูเก็ต 83110, Thailand",,5,286,7.975,98.37013,osm,,,,,,
The Harbor Restaurant,,Restaurant,Kata,076 318 350,https://www.theshorephuket.com/the-feast/the-harbor/,"18 Kata Noi Rd, Tambon Karon, Amphoe Mueang Phuket, Chang Wat Phuket 83100, Thailand",,4.8,283,7.80344,98.2997,google_places,,,,,,
Oneloft Hotel,,Hotel,Kata,076 330 236,http://www.onelofthotel.com/,"21 Karon Rd, Tambon Karon, Amphoe Mueang Phuket, Chang Wat Phuket 83100, Thailand",,4.6,276,7.82676,98.29662,google_places,,,,,,
"Bollywood Club Patong, Phuket (Indian night club )",,Night Club,Patong,,,"58 10 Soi Patong Resort Tambon Patong, Amphoe Kathu, Chang Wat Phuket 83150, Thailand",,4.4,273,7.89283,98.29671,google_places,,,,,,
The Kata Rocks Clubhouse,,Restaurant,Kata,076 370 777,https://www.katarocks.com/dining/,"186, 22 Kok Tanode Road, Tambon Karon, Mueng, Chang Wat Phuket 83100, Thailand",,4.4,264,7.81282,98.29616,google_places,,,,,,
Hartt Voyages,,Tour Agency,Koh Kaew,082 636 4222,https://www.harttvoyages.com/,"20, Boat Lagoon Marina, 170 Thepkasattri Road, Tambon Ko Kaeo, Muang, Chang Wat Phuket 83000, Thailand",,5,263,7.96343,98.38825,google_places,,,,,,
Kata Surf,,Business,Kata,083 640 1761,http://www.katasurflimited.com/,"186/6 Kata Rd,karon,Mueang Phuket District, Kata, Kata Beach, ตำบล กะรน Phuket, ภูเก็ต 83100, Thailand",,4.8,263,7.8137,98.29862,google_places,,,,,,
Xorin Phuket Old Town สออิ้น,,Cafe,Phuket Town,099 325 2925,,"42, ตำบลตลาดใหญ่ Mueng, ภูเก็ต 83000, Thailand",,4.8,262,7.88557,98.39073,google_places,,,,,,
Pearl Spa In Phuket,,Spa,Kata,076 302 660,http://bit.ly/2x5JvwF,"38 Soi Luangphochuain Karon Beach, Tambon Karon, Amphur Muang, Chang Wat Phuket 83100, Thailand",,4.9,261,7.83171,98.29647,google_places,,,,,,
Oto Play Park Central Phuket,,Amusement Center,Old Town,063 013 5888,https://phuket.otoplay.co/,"B1 Floor, Central Phuket, opposite the Aquaria Phuket, Floresta Shopping Mall, 199 ถนน วิชิตสงคราม ตำบล วิชิต อำเภอเมืองภูเก็ต ภูเก็ต 83000, Thailand",,4.8,260,7.88876,98.36614,google_places,,,,,,
The Phuket Trip Tour and Travel,,Travel Agency,Patong,096 408 6059,https://www.pkphukettrip.com/,"24 24/1-2 Thanon Prachanukhro, Tambon Patong, Amphoe Kathu, Chang Wat Phuket 83150, Thailand",,4.8,260,7.88167,98.29233,google_places,,,,,,
Phuket Surfing - Kata Beach - Surf School & Nautilus Dive,,Business,Kata,082 106 2933,http://www.phuketsurfing.com/,"186, 1 katanoiroad Kata Beach, karon, mueng phuket, Phuket 83100, Thailand",,4.8,259,7.81372,98.29856,google_places,,,,,,
Airport Bus Phuket,,Transportation Service,Phuket Town,080 465 5666,https://www.facebook.com/airportbusphuket/,"27 Phangnga Rd, Tambon Talat Yai, Amphoe Mueang Phuket, Chang Wat Phuket 83000, Thailand",,4,258,7.88402,98.39573,google_places,,,,,,
Papillon : Salon de Thé – Phuket Old Town,,Bakery,Old Town,080 159 6289,,"4 5 Stoon Road Old Phuket Town, Tambon Talat Nuea, Amphoe Mueang Phuket, Chang Wat Phuket 83000, Thailand",,4.9,254,7.88611,98.3854,google_places,,,,,,
Anthony's Bespoke Tailor Phuket,,Tailor,Karon,061 175 8486,https://www.anthonysbespoketailor.com/,"192, 5 Karon Rd Karon Beach, Tambon Karon, Amphoe Mueang Phuket, Chang Wat Phuket 83100, Thailand",,4.9,253,7.84313,98.29515,google_places,,,,,,
The bay tour บริการเรือนำเที่ยว,,Tour Agency,Mai Khao,093 257 6377,,"7CFW+9F8 111 Tambon Kalai, Amphoe Takua Thung, Chang Wat Phang-nga 82130, Thailand",,4.9,247,8.27342,98.4462,google_places,,,,,,
After You Dessert Cafe - Central Phuket,,Dessert Restaurant,Old Town,063 915 8669,https://www.afteryoudessertcafe.com/en/,"V9R9+V8J, Vichitsongkram Rd, Tambon Wichit, Amphoe Mueang Phuket, Chang Wat Phuket 83000, Thailand",,4.2,243,7.89226,98.36843,google_places,,,,,,
Instyle Tailors,,Tailor,Patong,089 665 6195,https://www.instyletailors.com/,"80, 8 Thaweewong Rd, Tambon Patong, Amphoe Kathu, Chang Wat Phuket 83150, Thailand",,5,243,7.89021,98.29384,google_places,,,,,,
Phuket Private driver by Srisawat tour and travel,,Taxi Service,Old Town,088 448 4592,http://www.driverinphuket.com/,"69/483 เจ้าฟ้า3 Phuket Villa, ซอย2/4 Tambon Wichit, อำเภอเมือง Chang Wat Phuket 83000, Thailand",,5,239,7.8688,98.36556,google_places,,,,,,
Sunshine Desserts Cafe,,Ice Cream Shop,Old Town,093 441 9390,,"หน้า Tops สาขา Central Festival, วิชิต, ตำบล วิชิต เมือง, ภูเก็ต 83000, Thailand",,4.9,237,7.8918,98.36829,google_places,,,,,,
Zimpa Travel Phuket,,Travel Agency,Patong,082 422 1498,,"64/24 Tambon Patong, Amphoe Kathu, Chang Wat Phuket 83150, Thailand",,4.9,236,7.88907,98.29427,google_places,,,,,,
Tailor Pro Phuket,,Tailor,Kata,081 498 5915,http://www.tailorprophuket.com/,"100-63, New Kata Road, A.Muang, T 100 65 Thanon Kata, Tambon Karon, Amphoe Mueang Phuket, Chang Wat Phuket 83100, Thailand",,4.9,228,7.82422,98.29887,google_places,,,,,,
La Napoletana,,Italian Restaurant,Bang Tao,065 237 7071,https://lanapoletana.com/,"258, Cherngthalay, 12 Bang Tao Beach, Tambon Choeng Thale, Amphoe Thalang, Chang Wat Phuket 83110, Thailand",,4.6,223,7.98826,98.29707,google_places,,,,,,
Someday Cafe Phuket,,Cafe,Old Town,080 971 1102,,"85 Krabi, Tambon Talat Nuea, Amphoe Mueang Phuket, Chang Wat Phuket 83000, Thailand",,4.9,216,7.88501,98.38479,google_places,,,,,,
Alleyhill Phuket,,Hotel,Old Town,087 889 4889,https://www.facebook.com/alleyhill.phuket/,"5, 16 Soi Noppakoon, Tambon Talat Nuea, Mueang, Chang Wat Phuket 83000, Thailand",,4.8,215,7.88771,98.38356,google_places,,,,,,
Solis Beach Club Phuket,,Business,Bang Tao,099 192 9288,https://solis-phuket.com/,"323 10 Bang Tao Beach, Tambon Choeng Thale, Bangtao Beach, Chang Wat Phuket 83110, Thailand",,4.7,213,7.99576,98.29193,google_places,,,,,,
"Motown On Fire Steak House, Karon",,Restaurant,Kata,076 330 006,https://motownsteakhouse.com/,"เลขที่ 51 ถนน ฺBeyond Karon Karon Beach, Tambon Karon, เมือง Chang Wat Phuket 83100, Thailand",,4.7,210,7.82957,98.29469,google_places,,,,,,
ISLAND DREAM TOURS PHUKET,,Travel Agency,Rawai,,,"15, 39, Tambon Rawai, Amphoe Mueang Phuket, Chang Wat Phuket 83130, Thailand",,4.9,208,7.78242,98.31607,google_places,,,,,,
Rattachai Muay Thai Gym,,Sports Coaching,Chalong,091 043 2041,http://www.muaythairattachai.com/,"20 19 14 Soi Ta-iad, Tambon Chalong, Amphoe Mueang Phuket, Chang Wat Phuket 83130, Thailand",,5,204,7.85185,98.34656,google_places,,,,,,
Jetski Phuket,,Adventure Sports Center,Paklok,063 424 0650,http://www.jet-ski-phuket.com/,"111, 29, Tambon Pa Klok, Amphoe Thalang, Chang Wat Phuket 83110, Thailand",,4.7,198,7.98488,98.3717,google_places,,,,,,
Raithai Phuket Tour,,Travel Agency,Patong,092 284 6668,https://www.facebook.com/RaithaiPhuketTourinformation?mibextid=LQQJ4d,"210 1 Rat Uthit Song Roi Pi Rd, Tambon Patong, Amphoe Kathu, Chang Wat Phuket 83150, Thailand",,4.8,198,7.88895,98.29542,google_places,,,,,,
Siam Dive Center,,Tour Agency,Phuket Town,098 376 8135,https://www.siamdive.com/,"98 90 @Town Surin Rd, Tambon Talat Yai, Muang Chang Wat Phuket 83000, Thailand",,5,196,7.8834,98.39818,google_places,,,,,,
Aqua Kingdom Phuket,,Water Park,Cherngtalay,098 194 0450,https://m.facebook.com/AquaKingdom-Waterpark-Kindee-Bistro-104375894909466/?mibextid=LQQJ4d,"2, 2 Thanon Si Sunthon, Tambon Si Sunthon, Amphoe Thalang, Chang Wat Phuket 83110, Thailand",,4.4,194,7.98602,98.31965,google_places,,,,,,
Bangtao Surf School,,Business,Bang Tao,063 384 3846,https://bangtaosurf.com/,"ใกล้ Bangtao beach X7QQ+285 เชิงทะเล Bang Tao Beach, Tambon Choeng Thale, Amphoe Thalang, Chang Wat Phuket 83110, Thailand",,5,194,7.98734,98.28845,google_places,,,,,,
Deep Andaman Queen,,Tour Agency,Chalong,091 041 4565,http://deepandamanqueen.com/,"43/21 Moo 5, Sunrise Road, Chalong Pier T. Rawai, A. Muang Tambon Chalong, Amphoe Mueang Phuket, Chang Wat Phuket 83130, Thailand",,5,193,7.8209,98.34274,google_places,,,,,,
Sport Wake Park,,Services,Airport,081 680 1180,https://www.facebook.com/iwpsportsclub?utm_source=google&utm_medium=wix_google_business_profile&utm_campaign=11872138602112838563,"49/12 1, T., 2, 8310 ซอย หมอเยี่ยม, Tambon Mai Khao, Amphoe Thalang, Chang Wat Phuket 83110, Thailand",,4.5,190,8.11422,98.34097,google_places,,,,,,
Ram Phuket Tour and Travel,,Travel Agency,Patong,099 480 4667,,"phuket, Uthit Road, Tambon Patong, Amphoe Kathu, Chang Wat Phuket 83150, Thailand",,5,185,7.89472,98.29885,google_places,,,,,,
Parma by Mozza - Bangtao,,Italian Restaurant,Bang Tao,065 726 8870,http://www.parma-thailand.com/,"44, 46 Lagoon Rd Bang Tao Beach, Tambon Choeng Thale, Amphoe Thalang, Chang Wat Phuket 83110, Thailand",,4.9,181,7.99495,98.30568,google_places,,,,,,
Phuket taxi service,,Taxi Service,Kathu,,https://www.phukettaxiservice.com/,"104, 2 ตำบล กะทู้ อำเภอกะทู้ ภูเก็ต 83120, Thailand",,4.9,180,7.93164,98.32357,google_places,,,,,,
Her & Him(Phuket Old Town)Thai Tailor เฮอร์ แอนด์ ฮิม ภูเก็ตเมืองเก่า,,Tailor,Phuket Town,089 474 4407,http://wa.me/66894744407,"90 Phangnga Rd, Tambon Talat Yai, เมือง Chang Wat Phuket 83000, Thailand",,4.9,175,7.88357,98.39026,google_places,,,,,,
Ikigai Japanese Restaurant,,Japanese Restaurant,Karon,076 398 116,,"206, 2 Karon Rd Karon Beach, Tambon Karon, Amphoe Mueang Phuket, Chang Wat Phuket 83100, Thailand",,4.9,173,7.84713,98.29352,google_places,,,,,,
Phuket Shuttle,,Transportation Service,Paklok,089 972 3300,https://phuketshuttle.com/,"Andaman Web Holdings Co Ltd, 443, Tambon, ตำบล อ่าวนาง Krabi, กระบี่ 81180, Thailand",,4.7,173,8.05989,98.84128,google_places,,,,,,
Kidzoona,,Indoor Playground,Patong,,,"Thanon Ratuthit Songroipi Rd, 187/1-4, 3 floor, 187/1-4 Rat Uthit Song Roi Pi Rd, Pa Tong, Kathu District, Phuket 83150, Thailand",,4.2,169,7.89095,98.29995,google_places,,,,,,
เขาตาปู/เกาะปันหยี บริการเรือนำเที่ยวอ่าวพังงา Jame’s bond Phang nga bay Luxury boat By AFREEN TOUR,,Tour Agency,Mai Khao,098 064 0319,http://wa.me/66980641499,"3/1 Tambon Kalai, Amphoe Takua Thung, Chang Wat Phang-nga 82130, Thailand",,5,168,8.27116,98.44449,google_places,,,,,,
"PHUKET MINIBUS TRAVEL CO., LTD.",,Travel Agency,Chalong,085 840 3453,https://phuketminibustravel.com/,"52 83, Tambon Wichit, Amphoe Mueang Phuket, Chang Wat Phuket 83000, Thailand",,5,167,7.86782,98.35802,google_places,,,,,,
Travel Phuket With UF,,Travel Agency,Patong,,http://travelphuketwithuf.com/,"74/47 Soi Banzaan, Tambon Patong, Amphoe Kathu, Chang Wat Phuket 83150, Thailand",,4.9,165,7.89025,98.30249,google_places,,,,,,
Phuket Wonders Travel,,Travel Agency,Chalong,088 222 8689,https://tantulika12.wixsite.com/travel/85,"65 538 ม.1, Tambon Wichit, อ.เมือง Chang Wat Phuket 83000, Thailand",,4.9,164,7.85673,98.36269,google_places,,,,,,
Phuket Nonnita Boutique Resort,,Hotel,Chalong,094 591 4991,,"33 30 Thep Anusorn Road, Tambon Wichit, Amphoe Mueang Phuket, Chang Wat Phuket 83000, Thailand",,4.8,162,7.86345,98.35847,google_places,,,,,,
7th Floor Restaurant & Bar,,Restaurant,Bang Tao,061 174 0021,http://www.7floor-restaurant.com/,"32 Cherngtalay Bang Tao Beach, Tambon Choeng Thale, Amphoe Thalang, Chang Wat Phuket 83110, Thailand",,4.7,158,7.9924,98.29326,google_places,,,,,,
Thailand Charters - Dream Yacht Worldwide,,Services,Mai Khao,093 580 8588,https://www.dreamyachtcharter.com/destination/thailand/?source=google&medium=organic&campaign=gbp,"141/2 Moo 2 Tambon Maikhao Ampur Talang, Phuket, อำเภอถลาง ภูเก็ต 83110, Thailand",,4.7,156,8.17012,98.33785,google_places,,,,,,
Chino House Massage @Kata Walking Street,,Massage spa,Kata,080 524 2879,,"100, 100/30-31 Thanon Kata, Tambon Karon, Amphoe Mueang Phuket, Chang Wat Phuket 83100, Thailand",,4.5,153,7.82397,98.29817,google_places,,,,,,
Kidzooona Central Phuket,,Amusement Center,Old Town,095 256 5882,https://aeonfantasy.co.th/,"74,75 หมู่ 5 ห้องเลขที่ 304/4 ชั้น 3 ต Tambon Wichit, Amphoe Mueang Phuket, Chang Wat Phuket 83000, Thailand",,3.9,153,7.8918,98.36788,google_places,,,,,,
Eagle Muay Thai Boxing Gym,,Sports Coaching,Chalong,081 939 2649,https://www.eagle-muay-thai-phuket.com/,"Soi Pa Lai, Tambon Chalong, Amphoe Mueang Phuket, Chang Wat Phuket 83000, Thailand",,4.9,150,7.84498,98.35125,google_places,,,,,,
Phuket Best Tours,,Tour Agency,Kata,,https://bio.site/bestofphuket,"163 1 Koktanod Rd, Tambon Karon, Amphoe Mueang Phuket, Chang Wat Phuket 83100, Thailand",,4.7,150,7.81595,98.30321,google_places,,,,,,
Alice Jetski,,Child Care Agency,Paklok,099 436 4885,,"81/15 ห้องที่ 14 Tambon Pa Klok, Amphoe Thalang, Chang Wat Phuket 83110, Thailand",,4.8,146,8.05958,98.43116,google_places,,,,,,
Motorbike Rentals Phuket - Pasak 3,,Services,Bang Tao,095 974 7736,https://www.motorbike-rentals-phuket.com/,"9, Suite 1, Inside Barber Club, 106 ม.4 ซอย ป่าสัก 3 Bang Tao Beach, ตำบลเชิงทะเล อำเภอถลาง ภูเก็ต 83110, Thailand",,4.9,146,8.00176,98.31129,google_places,,,,,,
Tiger Marine Charter - Phuket,,Tour Agency,Koh Kaew,082 640 0942,https://www.tigermarinecharter.com/,"23, Sub-district of Kohkaew, 92, Tambon Ko Kaeo, Amphoe Mueang Phuket, Chang Wat Phuket 83000, Thailand",,4.9,143,7.96438,98.38788,google_places,,,,,,
Home Organic Massage,,Massage spa,Kata,082 795 8951,,"105 Thanon Taina, Tambon Karon, Amphoe Mueang Phuket, Chang Wat Phuket 83100, Thailand",,4.7,142,7.82632,98.2977,google_places,,,,,,
Jivana Spa,,Massage spa,Patong,076 681 681,https://avistahideawayphuketresort.com/phuket-spa-wellness/jivana-spa-in-phuket/,"39/9 Muen Ngoen Road | Avista Hideaway Phuket, Patong, MGallery by Sofitel, ตำบลป่าตอง อำเภอกะทู้ ภูเก็ต 83150, Thailand",,4.9,142,7.88108,98.27801,google_places,,,,,,
Laoteng Boutique Hotel,,Hotel,Phuket Town,095 184 4844,https://laotengboutique.com/,"183/19 Phangnga Rd, Tambon Talat Yai, Amphoe Mueang Phuket, Chang Wat Phuket 83000, Thailand",,4.9,142,7.88332,98.39504,google_places,,,,,,
Infinite Luxury Spa,,Spa,Kata,076 370 777,https://www.katarocks.com/phuket-luxury-spa/,"186, 22 Kok Tanode Road, Tambon Karon, Phuket, Chang Wat Phuket 83100, Thailand",,4.9,141,7.81304,98.29643,google_places,,,,,,
The Belong Boutique Hotel,,Hotel,Old Town,065 058 5596,https://www.facebook.com/belonghotelphuket,"18, 20 Thanon Bangkok, Tambon Talat Nuea, Amphoe Mueang Phuket, Chang Wat Phuket 83000, Thailand",,4.5,141,7.88255,98.38716,google_places,,,,,,
Jimmy kata surf school,,Business,Kata,087 629 2533,,"Kata Beach, Karon, Mueang Phuket District, Phuket 83100, Thailand",,4.9,140,7.81462,98.29899,google_places,,,,,,
Meltory Phuket,,Ice Cream Shop,Old Town,081 083 4529,,"Phangnga Rd, Tambon Talat Yai, Amphoe Mueang Phuket, Chang Wat Phuket 83000, Thailand",,5,139,7.88393,98.38788,google_places,,,,,,
Phuket King Muay Thai,,Sports Coaching,Kathu,096 907 6150,http://www.phuketking.com/home,"Phuket King Muay Thai Tambon Kathu, Amphoe Kathu, Chang Wat Phuket 83120, Thailand",,4.9,139,7.91476,98.3365,google_places,,,,,,
Patong Dive Center,,Sporting Goods Store,Patong,098 010 1652,http://www.patongdivecenter.com/,"128 Thaweewong Rd, Tambon Patong, Amphoe Kathu, Chang Wat Phuket 83130, Thailand",,4.9,137,7.89327,98.29491,google_places,,,,,,
American Divers Phuket,,Sports Activity Location,Kata,091 719 0747,https://www.americandiversphuket.com/contacts/,"57 Patak Rd, Tambon Karon, Amphoe Mueang Phuket, Chang Wat Phuket 83100, Thailand",,5,136,7.81691,98.31425,google_places,,,,,,
Dragon Muay Thai,,Sports Coaching,Chalong,080 142 7500,http://www.phuketdragonmuaythai.com/,"10 3 Soi. Ta-iead Ao Chalong Amphoe Mueang Phuket, Chang Wat Phuket 83130, Thailand",,4.4,134,7.85371,98.34477,google_places,,,,,,
Talay Surf,,Business,Bang Tao,095 298 8757,http://talaysurf.com/,"Bangtao Beach on the beach next to Best Western Hotel, Bang Tao Beach, Tambon Choeng Thale, Amphoe Thalang, Chang Wat Phuket 83110, Thailand",,4.8,134,7.98557,98.28632,google_places,,,,,,
Mojitobar Patong Phuket,,Bar,Patong,080 287 9454,https://www.facebook.com/Mojitobar.paradise,"135 Rat Uthit Song Roi Pi Rd, Tambon Patong, Amphoe Kathu, Chang Wat Phuket 83150, Thailand",,4.5,133,7.89519,98.2991,google_places,,,,,,
Phuket Garage,,Services,Kamala,080 681 6753,https://phuket-garage.com/,"41, 11 Soi Bell Kamala Beach, Tambon Kamala, Amphoe Kathu, Chang Wat Phuket 83150, Thailand",,5,133,7.94885,98.2937,google_places,,,,,,
phuket Up To You Travel & Agency,,Tour Agency,Old Town,087 629 3667,https://airporttaxisummer.my.canva.site/phuket-airport-taxi-service-flyer,"32 Moo 4 Tambon Wichit, Muang Chang Wat Phuket 83000, Thailand",,4.9,132,7.88464,98.36504,google_places,,,,,,
Republiq cafe and brunch,,Restaurant,Old Town,093 932 6522,,"56/9 ถนนระนอง ตำบลตลาดเหนือ อำเภอภูเก็ต ตลาดเหนือ Tambon Talat Nuea, เมือง Chang Wat Phuket 83000, Thailand",,5,130,7.88396,98.38636,google_places,,,,,,
BeSweet,,Ice Cream Shop,Phuket Town,086 889 2344,,"14 Phuket Rd, Tambon Talat Yai, อำเภอ เมือง, Chang Wat Phuket 83000, Thailand",,4.6,129,7.8842,98.39076,google_places,,,,,,
Indepth Dive Centre PADI 5* IDC & TecRec Centre,,Sporting Goods Store,Chalong,064 472 4283,http://www.idcphuket.com/,"43/39 Moo 5 Rawai, ตำบล ราไวย์ อำเภอเมืองภูเก็ต ภูเก็ต 83130, Thailand",,4.9,129,7.82032,98.34219,google_places,,,,,,
Prem Dessert Bar,,Dessert Shop,Old Town,081 895 9430,https://www.facebook.com/premdessertbar,"44 Krabi Old Phuket Town, Tambon Talat Nuea, Amphoe Mueang Phuket, Chang Wat Phuket 83000, Thailand",,4.7,129,7.88513,98.38639,google_places,,,,,,
Aries Tour,,Tour Agency,Phuket Town,090 965 9044,,"บ้านเลขที่ 44 Phuket Rd, Tambon Talat Yai, Amphoe Mueang Phuket, Chang Wat Phuket 83000, Thailand",,4.8,124,7.88324,98.39075,google_places,,,,,,
Phuket Travel Shop,,Travel Agency,Patong,092 281 5078,http://www.phukettravelshop.com/,"140, 44 Nanai Rd, Tambon Patong, Amphoe Kathu, Chang Wat Phuket 83150, Thailand",,4.6,117,7.88434,98.3021,google_places,,,,,,
Watsons,,Pharmacy,Patong,092 246 3256,http://www.watsons.co.th/,"94 Thaweewong Rd, Tambon Patong, Amphoe Kathu, Chang Wat Phuket 83150, Thailand",,4.1,115,7.89097,98.29391,osm,,,,,,
Phuket Travel Blogger,,Travel Agency,Cherngtalay,092 913 9856,,"135, 8 Thanon Si Sunthon, Tambon Si Sunthon, Amphoe Thalang, Chang Wat Phuket 83110, Thailand",,5,112,7.98293,98.33172,google_places,,,,,,
Best Rafting 4U - Head Office,,Tour Agency,Old Town,076 522 528,http://www.bestrafting4u.com/,"97, 154 Virathongyok rd, Tambon Wichit, Muang, Chang Wat Phuket 83000, Thailand",,4.5,111,7.88123,98.37163,google_places,,,,,,
K PARK PHUKET,,Community Center,Old Town,076 355 564,http://www.kparkphuket.com/,"100 Krabi, Tambon Talat Nuea, Amphoe Mueang Phuket, Chang Wat Phuket 83000, Thailand",,4.6,110,7.88537,98.38356,google_places,,,,,,
Phi Phi Island Tour,,Tour Agency,Karon,064 978 0775,https://www.qbictravel.com/tour-destination/phi-phi-islands/,"Unit C2, 611/1 Patak Rd Karon Beach, Tambon Karon, Amphoe Mueang Phuket, Chang Wat Phuket 83100, Thailand",,4.6,110,7.84831,98.2947,google_places,,,,,,
Champa Massage Kata,,Massage,Kata,081 158 1799,https://www.champa-group.com/,"189 Koktanod Rd, Tambon Karon, Muang Chang Wat Phuket 83100, Thailand",,4.6,109,7.81545,98.3006,google_places,,,,,,
Alex Taxi,,Taxi Service,Koh Kaew,099 369 4422,http://www.alextaxiphuket.com/,"101/113 Moo 4 Passorn Tambon Ko Kaeo, Mueang Chang Wat Phuket 83000, Thailand",,4.5,108,7.96027,98.37125,google_places,,,,,,
KHIT Jet Ski Patong,,Services,Patong,097 991 9514,,"Thaweewong Rd, Tambon Patong, Amphoe Kathu, Chang Wat Phuket 83000, Thailand",,4.5,108,7.89776,98.29585,google_places,,,,,,
MJ FivePoints Muay Thai Gym,,Sports Coaching,Chalong,062 097 1557,https://mjfivepointsmuaythaigym.com/,"64 65 E Chaofah Rd, Tambon Wichit, Mueang, Chang Wat Phuket 83000, Thailand",,5,108,7.85466,98.3568,google_places,,,,,,
Somnam water sports activity - Parasailing Patong,,Tour Agency,Patong,080 696 1687,https://m.facebook.com/yukisomnamstyle/,"Pa Tong, Kathu District, Phuket 83150, Thailand",,4.6,106,7.89415,98.29464,google_places,,,,,,
JD MASSAGE KATA PHUKET,,Massage spa,Kata,095 451 0824,https://www.facebook.com/profile.php?id=61556130549140&mibextid=ZbWKwL,"27, 2, Tambon Karon, Mueang, Chang Wat Phuket 83100, Thailand",,4.8,105,7.82771,98.29608,google_places,,,,,,
South Tours,,Travel Agency,Patong,088 766 0827,https://southtours.com/,"194 Rat-U-Thit 200 Pee Road, ตำบลป่าตอง Patong City, ภูเก็ต 83150, Thailand",,4.6,105,7.89362,98.2984,google_places,,,,,,
Endless Summer Beach Club,,Business,Patong,076 349 888,https://endlesssummerbeachclub.com/,"44 Thaveewong Road Patong, Phuket, Beach, ภูเก็ต 83150, Thailand",,4.8,102,7.88753,98.29171,google_places,,,,,,
Jantra Massage kata Phuket,,Massage,Kata,086 951 0537,,"224 ถ Patak Soi 12, Tambon Karon, Amphoe Mueang Phuket, Chang Wat Phuket 83100, Thailand",,4.9,101,7.83092,98.30059,google_places,,,,,,
Phuket Power Thai Boxing,,Sports Coaching,Phuket Town,093 583 7753,,"เลขที่ 42/3 ซอย Thanon Luangpohw, Tambon Talat Yai, Amphoe Mueang Phuket, Chang Wat Phuket 83000, Thailand",,4.9,101,7.88464,98.39554,google_places,,,,,,
Phuket Island Hopping,,Tour Agency,Phuket Town,076 614 034,https://marvelgeorgia19.wixsite.com/phuket-island-hopper,"29/12 Moo 1., Theppathan Road, Rassada, Muang Phuket, Phuket 83000, Thailand",,4.6,100,7.87909,98.43058,google_places,,,,,,
Phuket Malee Tour and Travel,,Travel Agency,Patong,099 308 4593,http://phuketmalee.com/,"274 Phrabaramee Rd, Tambon Patong, Amphoe Kathu, Chang Wat Phuket 83150, Thailand",,5,100,7.90591,98.29881,google_places,,,,,,
Yacht Charters Co. Ltd. - Yacht rental Phuket,,Services,Paklok,065 315 9096,http://www.yacht-rental-phuket.com/,"Ao Po Grand Marina Tambon Pa Klok, Amphoe Thalang, Chang Wat Phuket 83110, Thailand",,4.9,98,8.06892,98.44175,google_places,,,,,,
Phuket Muay Thai,,dojo,Rawai,+66653407948,http://phuketmuaythai.co.th/,"57 63, Tambon Rawai, Amphoe Mueang Phuket, Chang Wat Phuket 83100, Thailand",,4.8,95,7.7707,98.31903,osm,,,,,,
Phuket Tours Company,,Tour Agency,Kathu,082 810 0087,https://www.phukettourscompany.com/,"9 282 Vichitsongkram Rd, Tambon Kathu, Amphoe Kathu, Chang Wat Phuket 83120, Thailand",,4.2,94,7.9097,98.33459,google_places,,,,,,
Hollywood Phuket,,Bar,Patong,082 240 9659,http://hollywoodphuket.tilda.ws/,"7 bangla Rd, Pa Tong, Kothu District, ถนนบางลา ตำบลป่าตอง phuket, ภูเก็ต 83150, Thailand",Mo-Su 22:00-04:00,3.1,91,7.89384,98.296,osm,,,,,,
Icanphuket,,Transportation Service,Old Town,091 826 5436,https://icanphukettaxi.com/,"65/427, ตำบล วิชิต อำเภอเมืองภูเก็ต ภูเก็ต 83000, Thailand",,4,91,7.87644,98.3674,google_places,,,,,,
Phuket Singha Muaythai Gym,,Gym,Chalong,082 484 9163,http://www.phuketsinghamuaythai.com/,"54/111 Moo. 1 Soi Ta-aid, Chalong, Meang, Phuket City, ตำบล ฉลอง อำเภอเมืองภูเก็ต ภูเก็ต 83130, Thailand",,4.7,91,7.8508,98.34862,google_places,,,,,,
Prime & Flame,,Restaurant,Kata,+66 76 318 366,https://www.katathani.com/restaurant/prime-and-flame/,"14 Kata Noi Rd, Tambon Karon, Mueang, Chang Wat Phuket 83100, Thailand",Mo-Su 18:00-23:00,4.9,91,7.80773,98.29952,osm,,,,,,
Edge Beach Club,,Bar,Cape Panwa,076 602 500,https://www.pullmanphuketpanwa.com/restaurant-bars/edge-beach-club/,"44, 5 Sakdidesh Road Cape Panwa, Tambon Wichit, Muang, Chang Wat Phuket 83000, Thailand",,4.6,90,7.81007,98.40227,google_places,,,,,,
Phuket On Tours,,Travel Agency,Karon,,https://www.tiktok.com/@phuketontours,"Patak Soi 20 Karon Beach, Tambon Karon, Amphoe Mueang Phuket, Chang Wat Phuket 83100, Thailand",,5,89,7.84747,98.29849,google_places,,,,,,
Bangkok Healthcare Pharmacy Patong,,Pharmacy,Patong,083 524 9995,,"3, 41 Thanon Sawatdirak, Tambon Patong, Amphoe Kathu, Chang Wat Phuket 83150, Thailand",,4.9,88,7.89765,98.29778,google_places,,,,,,
KAOSIBSAM Phuket Muay Thai Gym,,Sports Club,Kathu,091 034 3524,,"46, 343 Phrabaramee Rd, Tambon Kathu, Amphoe Kathu, Chang Wat Phuket 83120, Thailand",,5,88,7.90702,98.32799,google_places,,,,,,
Elegance Travel,,Travel Agency,Phuket Town,081 956 7553,https://tantulika12.wixsite.com/travel/85,"202 Phuket Rd, Tambon Talat Yai, Amphoe Mueang Phuket, Chang Wat Phuket 83000, Thailand",,4.9,84,7.88109,98.39164,google_places,,,,,,
Fran's Phuket Old Town,,Restaurant,Old Town,094 888 2300,,"265 Yaowarad Rd, Tambon Talat Nuea, Amphoe Mueang Phuket, Chang Wat Phuket 83000, Thailand",,4.8,80,7.88904,98.38609,google_places,,,,,,
The Deck Beach Club Patong,,Restaurant,Patong,076 645 999,https://www.thedeckbeachclubpatong.com/,"198/8-9 Thaweewong Rd, Tambon Patong, Amphoe Kathu, Chang Wat Phuket 83150, Thailand",,4.3,80,7.90462,98.29738,google_places,,,,,,
BEAR29 Taxi Phuket,,Taxi Service,Kathu,095 231 5899,https://www.bear29taxiphuket.com/,"315 Tambon Kathu, Amphoe Kathu, Chang Wat Phuket 83120, Thailand",,5,79,7.90173,98.35603,google_places,,,,,,
Kamala Beach Muay Thai,,Sports Coaching,Kamala,084 506 0819,https://www.instagram.com/kamalabeachmuaythai?igsh=dTR4dHRhMHRwM3F1&utm_source=qr,"97 หมู่ 3 ซอยสภกมลา กมลา Tambon Kathu, Amphoe Kathu, Chang Wat Phuket 83150, Thailand",,5,78,7.94678,98.26895,google_places,,,,,,
We Island Land Tour,,Tour Agency,Patong,081 103 7525,https://tourphuketpattaya.tilda.ws/,"2, 7 Thanon Sirirat, Tambon Patong, Amphoe Kathu, Chang Wat Phuket 83150, Thailand",,4.8,78,7.88092,98.29368,google_places,,,,,,
Koh Tour Phuket,,Tour Agency,Old Town,033 019 299,https://kohtourphuket.com/,"4, 121 Thanon Sakdidet, Tambon Talat Nuea, Amphoe Mueang Phuket, Chang Wat Phuket 83000, Thailand",,4.7,76,7.86928,98.38051,google_places,,,,,,
"Motown On Fire Steak House and Bar, Kata",,Restaurant,Kata,076 360 333,https://motownsteakhouse.com/,"Beyond Kata, 1 Soi Pakbang Kata Beach, Tambon Karon, Amphoe Mueang Phuket, Chang Wat Phuket 83100, Thailand",,4.9,76,7.81585,98.30041,google_places,,,,,,
JC Transport Phuket,,Services,Chalong,089 649 6164,http://jc-transportphuket.com/,"67 160, Tambon Chalong, Amphoe Mueang Phuket, Chang Wat Phuket 83130, Thailand",,4.8,75,7.853,98.35411,google_places,,,,,,
Saltwater Dreaming Surf and Skate Shop สุรินทร์บีชเซิร์ฟช้อป,,Sporting Goods Store,Cherngtalay,076 390 664,http://www.surfshopthailand.com/,"108/3 Thanon Si Sunthon, ตำบล choengtalay, Amphoe Thalang, Chang Wat Phuket 83110, Thailand",,4.6,74,7.9796,98.2908,google_places,,,,,,
LEO BOY - JETSKI ( Michael ) water sports,,Services,Patong,065 251 5999,https://wa.me/66652515999,"60 Tambon Patong, Amphoe Kathu, Chang Wat Phuket 83150, Thailand",,4.9,73,7.89283,98.29425,google_places,,,,,,
Space House Hotel Phuket,,Hotel,Rawai,098 992 0558,,"43, 346, Tambon Rawai, Mueang, Chang Wat Phuket 83130, Thailand",,4.7,73,7.78828,98.32923,google_places,,,,,,
Efoil Phuket with E-Sport Asia,,Services,Cherngtalay,083 395 2005,https://e-sportasia.com/,"8, Cherngtalay, 2 Soi Cherngtalay 4, Tambon Choeng Thale, Amphoe Thalang, Chang Wat Phuket 83110, Thailand",,5,72,7.99334,98.31041,google_places,,,,,,
Empire Discotheque,,Night Club,Patong,076 683 030,http://www.empirephuket.com/,"31 Bangla Rd, Tambon Patong, Amphoe Kathu, Chang Wat Phuket 83150, Thailand",,2.9,72,7.89363,98.29733,google_places,,,,,,
相遇国际度假酒店 Meet Holiday International Hotel,,Hotel,Patong,076 390 806,http://meetholidayhotel.com/,"199 Nanai Rd, Tambon Patong, Amphoe Kathu, Chang Wat Phuket 83150, Thailand",,4,72,7.88271,98.30099,google_places,,,,,,
Unicorn Phuket Transfers,,Airport Shuttle Service,Chalong,,https://citytourphuket.com/phuket-private-airport-transfer/,"35, 271 vichit muang, Thesaban Nakhon Phuket, Amphoe Mueang Phuket, Chang Wat Phuket 83000, Thailand",,4.9,71,7.87045,98.35062,google_places,,,,,,
Supergirl Jaroonsak Muaythai Gym,,Sports Coaching,Cherngtalay,095 567 0096,https://www.jaroonsakmuaythaigym.com/,"142 34 Rural Rd Pk. 4015, Tambon Si Sunthon, Amphoe Thalang, Chang Wat Phuket 83110, Thailand",,5,70,7.99608,98.33382,google_places,,,,,,
Isabella Yachts,,Services,Bang Tao,062 242 4503,https://isabellayachts.com/,"24, Cherngtalay, 26 Bang Tao Beach, Tambon Choeng Thale, Amphoe Thalang, Chang Wat Phuket 83110, Thailand",,4.8,69,8.02178,98.30105,google_places,,,,,,
Friendly taxi & tour phuket,,Taxi Service,Patong,087 267 9016,https://www.friendlytaxiandtourphuket.com/,"2, 9-10 Thanon Sirirat, Tambon Patong, Amphoe Kathu, Chang Wat Phuket 83150, Thailand",,4.5,66,7.87906,98.29262,google_places,,,,,,
Best Phuket​ Island​ Tour​,,Business,Patong,083 228 9884,https://www.instagram.com/bestphuketislandtour?igsh=MXg0NXBoMDZjNDN1Ng==,"222 Ratuthit 200 Pee Road, Tambon Patong, Amphoe Kathu, Chang Wat Phuket 83150, Thailand",,4.9,63,7.8856,98.29379,google_places,,,,,,
Lalisa massage and spa,,Massage,Patong,096 145 1730,,"49 3 Bangla Rd, Tambon Patong, Amphoe Kathu, Chang Wat Phuket 83150, Thailand",,4.8,63,7.89325,98.29751,google_places,,,,,,
Beach House Layan,,Restaurant,Bang Tao,076 317 200,https://www.beachhouselayan.com/,"168, ซอย รายัน 4 ตำบลเชิงทะเล Phuket, ภูเก็ต 83110, Thailand",,4.5,62,8.0356,98.28432,google_places,,,,,,
Noon taxi and boat trip Koh yao Tourist Information,,Tour Agency,Paklok,094 563 8242,https://noontaxi-kohyao.com/,"21 1, Tambon Ko Yao Noi, Amphoe Ko Yao, Chang Wat Phang-nga 82160, Thailand",,4.9,61,8.11706,98.59383,google_places,,,,,,
Prasert Phuket Travel and Tours,,Travel Agency,Old Town,081 892 4557,https://tantulika12.wixsite.com/travel/85,"4/231 Soi Thepkrasatree, Tambon Ratsada, Amphoe Mueang Phuket, Chang Wat Phuket 83000, Thailand",,5,59,7.90494,98.39208,google_places,,,,,,
LA Napoletana Old Town,,Italian Restaurant,Old Town,095 410 6024,https://lanapoletana.com/,"104 Yaowarad Rd, Tambon Talat Yai, Amphoe Mueang Phuket, Chang Wat Phuket 83000, Thailand",,4.9,58,7.88642,98.38782,google_places,,,,,,
Wilsons Cafe | Phuket Town,,Breakfast Restaurant,Old Town,081 295 7819,https://wilsonscafe.com/,"18, 31 Thanon Bangkok, Tambon Talat Nuea, Amphoe Mueang Phuket, Chang Wat Phuket 83000, Thailand",,4.9,58,7.87919,98.38169,google_places,,,,,,
Island Spirit Yacht Charter (Elite Charters) Phuket Base,,Services,Mai Khao,081 978 6086,https://www.charter-yacht.com/,"Yacht Haven Marina, 141 2, Tambon Mai Khao, Phuket, Chang Wat Phuket 83110, Thailand",,4.5,57,8.16928,98.3387,google_places,,,,,,
Two Sea Tour _ Phuket,,Tour Agency,Koh Kaew,081 787 7702,http://twoseatour.com/,"23 Boat Lagoon Marina Soho Pool Club Tambon Ko Kaeo, Ampur Mueang Chang Wat Phuket 83000, Thailand",,5,57,7.96455,98.38719,google_places,,,,,,
วัตสัน อินดิโก้ ป่าตอง : WATSONS INDIGO PATONG : Click & Collect,,Store,Patong,092 246 3408,https://www.watsons.co.th/,"124 10-11 ถนน ราษฎร์อุทิศ Tambon Patong, Amphoe Kathu, Chang Wat Phuket 83150, Thailand",,3.9,57,7.89927,98.29978,google_places,,,,,,
7-Eleven,,Convenience Store,Patong,080 713 1176,http://www.7eleven.co.th/,"V8R2+PGR, Pa Tong, Kathu District, Phuket 83150, Thailand",,3,56,7.88682,98.29072,google_places,,,,,,
Suleman Marine,,Tour Agency,Koh Kaew,,https://tantulika12.wixsite.com/travel/85,"6/27 M, 1 T, Rassada A. Muang, Amphoe Thalang, Chang Wat Phuket 83000, Thailand",,3.1,56,7.91037,98.43219,google_places,,,,,,
super yacht charter,,Services,Cape Panwa,088 610 0666,http://www.superyacht-club.com/,"88 88 Soi 7th Cape Panwa, Tambon Wichit, Amphoe Mueang Phuket, Chang Wat Phuket 83000, Thailand",,4.8,54,7.82996,98.40478,google_places,,,,,,
Alina Thai Massage,,Massage,Kata,089 578 7393,,"55 Patak Rd Kata Beach, Tambon Karon, Amphoe Mueang Phuket, Chang Wat Phuket 83100, Thailand",,5,53,7.82032,98.30614,google_places,,,,,,
Lovecare pharmacy เลิฟแคร์ ฟาร์มาซี,,Pharmacy,Patong,089 970 8836,https://www.facebook.com/best.mkt.9,"107 ถ.ราษฎร์อุทิศ Tambon Patong, Amphoe Kathu, Chang Wat Phuket 83150, Thailand",,4.7,53,7.89615,98.29971,google_places,,,,,,
Offspray Leisure co Ltd,,Services,Chalong,098 018 3781,http://www.offsprayleisure.com/,"Maneekraam Soi 9/2, Tambon Chalong, Amphoe Mueang Phuket, Chang Wat Phuket 83000, Thailand",,5,53,7.85543,98.35005,google_places,,,,,,
Phuket tours – Phuket excursions - Phuket Dream Company,,Tour Agency,Koh Kaew,095 038 5535,http://www.phuketdreamcompany.asia/,"188 Subdistrict, 10, Tambon Ratsada, Amphoe Mueang Phuket, Chang Wat Phuket 83000, Thailand",,4.6,53,7.93335,98.37985,google_places,,,,,,
Jet Ski at Patong,,Tourist Attraction,Patong,089 971 1758,,"20 4030 ตำบลป่าตอง อำเภอกะทู้ ป่าตอง Amphoe Kathu, Chang Wat Phuket 83150, Thailand",,3.6,51,7.88762,98.29117,google_places,,,,,,
7-Eleven สาขา ถนนหมื่นเงิน (หาดไตรตรัง) (15782),,Convenience Store,Patong,,https://www.7eleven.co.th/,"66/30-31 ซอยเก็บทรัพย์, ถนนทวีวงศ์, ตำบลกะทู้ อำเภอ Tambon Patong, Amphoe Kathu, Chang Wat Phuket 83150, Thailand",,4.2,50,7.88205,98.27895,google_places,,,,,,
PHUKET TOPTRIP TOURS,,Travel Agency,Kata,099 479 5486,,"70 ถนน กะรน Karon Beach, Tambon Karon, Amphoe Mueang Phuket, Chang Wat Phuket 83130, Thailand",,4.8,50,7.82909,98.29555,google_places,,,,,,
CHIC PHARMACY PATONG,,Pharmacy,Patong,081 295 7959,,"11 Thanon Chaloemphrakiat, Tambon Patong, Amphoe Kathu, Chang Wat Phuket 83150, Thailand",,5,48,7.90217,98.30024,google_places,,,,,,
Sailing-Phuket,,Tour Agency,Chalong,064 028 4483,http://sailing-phuket.com/,"157 ซอย 7 Tambon Chalong, Amphoe Mueang Phuket, Chang Wat Phuket 83130, Thailand",,5,46,7.82947,98.35038,google_places,,,,,,
Hawa House Phuket Oldtown,,Hotel,Old Town,080 814 4646,http://www.hawahouse.com/,"29 Soi Rommanee Old Phuket Town, Tambon Talat Yai, Amphoe Mueang Phuket, Chang Wat Phuket 83000, Thailand",,4.3,45,7.8856,98.38907,google_places,,,,,,
The Beach Restaurant Karon,,Restaurant,Karon,076 396 600,http://www.phuketocean.com/dining.html,"Building, 562 Patak Rd Karon Beach, Tambon Karon, Amphoe Mueang Phuket, Chang Wat Phuket 83100, Thailand",,4.8,45,7.85174,98.29508,google_places,,,,,,
Jet Ski Tour Phuket,,Business,Karon,064 978 0775,https://www.qbictravel.com/tour-destination/jet-ski-phuket/,"80/84 ซอย ไทเกอร์ ตำบล ราไวย์ Chang Wat Phuket 83100, Thailand",,3.9,44,7.84829,98.29478,google_places,,,,,,
"Centre Point Nanai, Patong Beach",,Hotel,Patong,063 679 5372,https://www.hotelsphuketnow.com/centre-point-nanai/,"130 Nanai Rd, Tambon Patong, Phuket, Chang Wat Phuket 83150, Thailand",,4.5,42,7.88636,98.30246,google_places,,,,,,
Phuket Dive Center,,Sporting Goods Store,Chalong,082 649 6665,http://www.phuketdivecenter.com/,"เลขที่ 3 หมู่ 8 Thanon Chao Fah Tawan Tok, Tambon Chalong, Amphoe Mueang Phuket, Chang Wat Phuket 83130, Thailand",,4.9,42,7.82621,98.34063,google_places,,,,,,
Drug and health pharmacy 药店 аптека مقابل,,Pharmacy,Patong,093 554 5465,https://lin.ee/FHFgae9,"R, Sainamyen, Tambon Patong, Amphoe Kathu, Chang Wat Phuket 83150, Thailand",,4.8,41,7.89708,98.29992,google_places,,,,,,
Kids and Fun Playground,,Indoor Playground,Kathu,091 821 3118,,"Kathu, Kathu District, Phuket 83120, Thailand",,4.9,41,7.90891,98.35659,google_places,,,,,,
YoPhuket,,Tour Agency,Old Town,083 146 5351,https://en.yophuket.com/,"10 Soi Prayoon 2/4, Talaadyai Amphoe Mueang Phuket, Chang Wat Phuket 83000, Thailand",,4.7,40,7.90431,98.37405,google_places,,,,,,
Top Care Pharmacy,,Pharmacy,Patong,087 395 6036,http://www.facebook.com/topcarephuket,"Ratutit 200 Pee Rd, Tambon Patong, Amphoe Kathu, Chang Wat Phuket 83150, Thailand",,4.9,38,7.90071,98.30054,google_places,,,,,,
Blue Voyage Thailand,,Services,Mai Khao,086 424 4245,http://www.bluevoyagethailand.com/,"47/4, ตำบล ไม้ขาว อำเภอถลาง ภูเก็ต 83110, Thailand",,4.7,37,8.16599,98.33816,google_places,,,,,,
BOW JETSKI PHUKET,,Services,Phuket Town,095 101 9369,,"36/1 Tambon Ratsada, เมือง, Chang Wat Phuket 83000, Thailand",,4.8,35,7.88093,98.43617,google_places,,,,,,
James bond Tour (long-tail boat) by Pirada,,Tour Agency,Mai Khao,093 762 9542,https://line.me/ti/p/35tWZLyf5T,"4/33 บ้านหินร่ม Tambon Khlong Khian, Amphoe Takua Thung, Chang Wat Phang-nga 82130, Thailand",,5,35,8.23279,98.45047,google_places,,,,,,
Longtai Boat Phuket,,Services,Kathu,098 305 7355,http://longtailboat-phuket.com/,"10/75 หมู่ที่6 ต, อ, กมลา อำเภอกะทู้ ภูเก็ต 83150, Thailand",,4.9,35,7.91099,98.33567,google_places,,,,,,
Onyen Phuket best Taxi & Travel,,Taxi Service,Patong,082 383 3462,,"160/54 Tambon Patong, Amphoe Kathu, Chang Wat Phuket 83150, Thailand",,5,35,7.88373,98.29619,google_places,,,,,,
Sun Leisure World,,Tour Agency,Patong,081 340 0874,https://www.sightseeingphuket.com/,"The Royal Paradise Hotel & Spa Patong Phuket Rat-U-Thit 200 Pee Road Kathu, ตำบลป่าตอง phuket, ภูเก็ต 83150, Thailand",,4.5,35,7.89528,98.30028,google_places,,,,,,
Superton Patong Beach Parasailing,,Tourist Attraction,Patong,090 869 9194,https://www.facebook.com/profile.php?id=100057573634394,"ลานโลมา Thaweewong Rd, Tambon Patong, Amphoe Kathu, Chang Wat Phuket 83150, Thailand",,4.3,35,7.89871,98.29617,google_places,,,,,,
Phuket Watersports,,Services,Patong,082 393 2970,https://phuketwatersports.com/,"138 Thaweewong Rd, Tambon Patong, Amphoe Kathu, Chang Wat Phuket 83150, Thailand",,4.6,34,7.89588,98.29545,google_places,,,,,,
Ratsada Phuket Jetski,,Travel Agency,Phuket Town,095 145 4215,,"เกาาะสิเหร่ Tambon Ratsada, เมือง Chang Wat Phuket 83000, Thailand",,3.4,34,7.8827,98.43903,google_places,,,,,,
T.T.P Jetski club,,Travel Agency,Phuket Town,094 582 6274,,"68/595 Tambon Ratsada, เมือง Chang Wat Phuket 83000, Thailand",,4.8,34,7.88788,98.439,google_places,,,,,,
Boots,,Pharmacy,Airport,082 005 5470,http://www.th.boots.com/,"201 บิ๊กซี เอ็กซ์ตร้า ภูเก็ต2 ถ.ราษฏร์อุทิศ200ปี ตำบลป่าตอง อำเภอกระทู้ ชั้นG อยู่ใน Big C Extra, ใกล้กับจุดชำระเงินของ Big C Tambon Patong, Amphoe Kathu, Chang Wat Phuket 83150, Thailand",,3.6,33,8.10555,98.30516,osm,,,,,,
Phan-Nga Longtail Boat Tours,,Business,Mai Khao,,https://vrreddygsm.wixsite.com/phang,"79XW+WW2, Kalai, Takua Thung District, Phang Nga 82130, Thailand",,4.9,33,8.29976,98.39726,google_places,,,,,,
Phuket Airport Transfer,,Airport Shuttle Service,Chalong,089 078 6220,https://www.airporttransferphuket.com/,"V7PX+83M, Pa Tong, Kathu District, Phuket 83150, Thailand",,3.7,33,7.86783,98.3609,google_places,,,,,,
PHUKETSURF.COM since 1999 -surf school - kata beach,,Business,Kata,093 582 2987,http://www.phuketsurf.com/,"186 11 Koktanod Rd Kata Beach, Tambon Karon, Amphoe Mueang Phuket, Chang Wat Phuket 83100, Thailand",,4.8,33,7.81358,98.2985,google_places,,,,,,
Jet Ski Captain,,Tourist Attraction,Patong,064 663 1118,,"Pa Tong, Kathu District, Phuket 83150, Thailand",,4.5,32,7.90043,98.29665,google_places,,,,,,
NO.1 Massage,,Massage,Kata,,,"48, 2 Thanon Kata Kata Beach, Tambon Karon, เมือง Chang Wat Phuket 83100, Thailand",,4.9,32,7.81787,98.30064,google_places,,,,,,
Phuket Explore,,Business,Rawai,062 050 7028,http://phuketexplore.com/,"78, 18 Soi samakki 2, Tambon Rawai, Amphoe Mueang Phuket, Chang Wat Phuket 83130, Thailand",,5,32,7.79631,98.32014,google_places,,,,,,
7-Eleven สาขา ถนนราษฎร์อุทิศ 200 ปี (15763),,Convenience Store,Patong,,https://www.7eleven.co.th/,"236 ถนนราชอุทิศ Tambon Patong, Amphoe Kathu, Chang Wat Phuket 83150, Thailand",,2.5,31,7.90306,98.30086,google_places,,,,,,
DE GYM MUAY THAI PHUKET,,Sports Coaching,Kathu,093 719 7713,http://www.degymmuaythai.it/,"Wichitspngkran Rd, Tambon Kathu, Amphoe Kathu, Chang Wat Phuket 83120, Thailand",,5,31,7.92101,98.33461,google_places,,,,,,
Phoenix Phuket Taxi and Tour,,Taxi Service,Koh Kaew,087 388 4144,https://phoenix-taxi-phuket.com/,"101/669 Tambon Ratsada, เมือง Chang Wat Phuket 83000, Thailand",,4.6,31,7.91965,98.38238,google_places,,,,,,
PSSC SURF PHUKET,,Sporting Goods Store,Kata,,https://www.facebook.com/PSSCsurfphuket,"PSSC Surf Phuket 62 Thanon Taina, Tambon Karon, Amphoe Mueang Phuket, Chang Wat Phuket 83100, Thailand",,4.9,31,7.82732,98.29882,google_places,,,,,,
Whale Surfschool / วาฬเซิร์ฟสคูล,,Business,Kata,086 357 9690,http://www.whalesurfing.com/,"17, 17/2 Patak Rd Kata Beach, Tambon Karon, Amphoe Mueang Phuket, Chang Wat Phuket 83100, Thailand",,5,31,7.81929,98.30836,google_places,,,,,,
7-Eleven สาขา บ้านกะหลิม (14844),,Convenience Store,Patong,,https://www.7eleven.co.th/,"W78R+R9C, Pa Tong, Kathu District, Phuket 83150, Thailand",,4.2,30,7.91706,98.2909,google_places,,,,,,
Sunday to Sunday Phuket ซันเดย์ ทู ซันเดย์ ภูเก็ต,,Restaurant,Phuket Town,081 148 3847,https://www.facebook.com/sunday2sunday.cafephuket,"84/3 Takuapa Rd, Tambon Talat Nuea, Amphoe Mueang Phuket, Chang Wat Phuket 83000, Thailand",,4.8,30,7.87952,98.38857,google_places,,,,,,
Man,,Taxi Service,Cherngtalay,098 017 5882,http://www.phuketbesttaxidriver.com/,"84 Soi Cherngtalay 12, Tambon Choeng Thale, Amphoe Thalang, Chang Wat Phuket 83110, Thailand",,5,29,7.99036,98.3087,google_places,,,,,,
Racha Phuket Private Boat Charters,,Tour Agency,Panwa,095 279 5725,https://phuketprivateboatandjetski.com/,"12/20 Tambon Rawai, เมือง Chang Wat Phuket 83130, Thailand",,5,29,7.80862,98.33764,google_places,,,,,,
สถานีติดฝน🍧,,Dessert Shop,Mai Khao,062 520 0265,,"ติดกับไม้ขางดรีม Mai Khao Beach, Tambon Mai Khao, Amphoe Thalang, Chang Wat Phuket 83110, Thailand",,4.9,28,8.13576,98.30682,google_places,,,,,,
7-Eleven สาขา เนชอร์รัล ป่าตอง (13510),,Convenience Store,Patong,091 001 3510,http://www.7eleven.co.th/,"V7MV+4RH, Pa Tong, Kathu District, Phuket 83150, Thailand",,3.6,26,7.88282,98.29462,google_places,,,,,,
Good Heart Pharmacy,,Pharmacy,Patong,099 721 0427,,"179 16 ถนน ผังเมือง, Tambon Patong, Amphoe Kathu, Chang Wat Phuket 83150, Thailand",,4.4,26,7.89256,98.30138,google_places,,,,,,
PHUKET TAXI PRIVATE,,Taxi Service,Bang Tao,087 624 6130,http://www.phukettaxidriver.com/,"ถนน ศรีสุนทร Bang Tao Beach, Tambon Choeng Thale, Amphoe Thalang, Chang Wat Phuket 83110, Thailand",,4.8,25,7.998,98.29865,google_places,,,,,,
Get Phuket Taxi,,Taxi Service,Chalong,084 062 5480,,"89 249 หมู่ 6 หมู่บ้านพนาสนธิ์วิลล่า Tambon Wichit, เมือง Chang Wat Phuket 83000, Thailand",,4.6,24,7.85062,98.37057,google_places,,,,,,
Mega Pharmacy ร้านยาเมก้า ฟาร์มาซี 药店| صيدلية| аптека,,Pharmacy,Patong,095 092 0719,,"171 59 Soi Sansabai, Tambon Patong, Amphoe Kathu, Chang Wat Phuket 83150, Thailand",,3,23,7.89258,98.29988,google_places,,,,,,
First Care Plus Pharmacy (ร้านขายยาเฟิร์สแคร์พลัส),,Pharmacy,Patong,,,"237, 4 Rat Uthit Song Roi Pi Rd, Tambon Patong, Amphoe Kathu, Chang Wat Phuket 83150, Thailand",,4.5,22,7.88767,98.29537,google_places,,,,,,
"Sunsail: Phuket, Thailand Yacht Charters",,Services,Paklok,076 317 309,https://www.sunsail.com/yacht-charter/thailand/phuket?utm_source=GMBlisting&utm_medium=organic,"Ao Po Grand Marina, 113/1 Moo 6, ป่าคลอก Amphur Thalang, ภูเก็ต 83110, Thailand",,4.6,22,8.06854,98.44263,google_places,,,,,,
Sweet Dreamers Yacht Charters,,Services,Chalong,01575 1970802,https://phuket-sailing-charter.com/,"9/44 Parkview Moo 9 T. Chalong, A. Muang 83130, ตำบล ฉลอง อำเภอเมืองภูเก็ต ภูเก็ต 83000, Thailand",,5,22,7.82781,98.3443,google_places,,,,,,
Blue Water Charter Phuket,,Tour Agency,Koh Kaew,065 671 4541,https://bluewatercharterphuket.com/,"Subdistrict, Tambon Ko Kaeo, Phuket, Chang Wat Phuket 83000, Thailand",,4,21,7.9651,98.37303,google_places,,,,,,
Tuk Tuk Patong Service,,Transportation Service,Patong,097 039 5347,,"W824+4R4, Pa Tong, Kathu District, Phuket 83150, Thailand",,3.5,19,7.90027,98.30708,google_places,,,,,,
Kata Beach Water Sports,,Services,Kata,086 690 8157,http://katabeachsurfing.com/,"Phuket Laem Sai Road Tambon Karon, Amphoe Mueang Phuket, Chang Wat Phuket 83100, Thailand",,3.6,18,7.82525,98.29632,google_places,,,,,,
R1 Muay Thai Phuket,,Sports Coaching,Cherngtalay,,https://www.r1muaythaiphuket.com/home,"94 15 ม, Subdistrict, 7 Thanon Si Sunthon, Tambon Si Sunthon, Amphoe Thalang, Chang Wat Phuket 83110, Thailand",,5,18,7.9708,98.33966,google_places,,,,,,
Wealthy Pharmacy,,Pharmacy,Patong,089 969 3971,,"48/1 Thanon Ruamchai, Tambon Patong, Amphoe Kathu, Chang Wat Phuket 83150, Thailand",,3.3,18,7.88791,98.29332,google_places,,,,,,
Boat in the Bay,,Services,Koh Kaew,097 949 3000,http://www.boatinthebay.com/,"63, 302, Tambon Kohkaew, Amphoe Mueang Phuket, Chang Wat Phuket 83000, Thailand",,4.9,17,7.96618,98.39062,google_places,,,,,,
Fun Seekers,,Tour Agency,Koh Kaew,095 503 3215,http://www.coralseekers.com/,"156/45, ตำบล รัษฎา อำเภอเมืองภูเก็ต ภูเก็ต 83000, Thailand",,4.8,17,7.93627,98.37926,google_places,,,,,,
Mega Drugs Pharmacy ร้านยาเมก้า ดรักส์ ฟาร์มาซี 药店| صيدلية| аптека,,Pharmacy,Patong,,,"171/7 Rat-U-thit, 7 songroipee Rd, ตำบลป่าตอง อำเภอกะทู้ ภูเก็ต 83150, Thailand",,3.8,17,7.89287,98.29893,google_places,,,,,,
Sub Phuket Taxi And Tours,,Taxi Service,Patong,082 814 3595,https://www.subphukettaxiandtour.com/,"188, 28 Phang Muang Sai Kor, Tambon Patong, Amphoe Kathu, Chang Wat Phuket 83150, Thailand",,5,17,7.89399,98.30219,google_places,,,,,,
Supercheap Pharmacy Patong,,Pharmacy,Patong,093 574 4458,,"81 หมู่ 4 Nanai Rd, Tambon Patong, Phuket, Chang Wat Phuket 83150, Thailand",,5,17,7.89049,98.30417,google_places,,,,,,
7-Eleven สาขา ป่าตองสตรีทอินน์ (02770),,Convenience Store,Patong,,https://www.7eleven.co.th/,"V7PV+MQW, Pa Tong, Kathu District, Phuket 83150, Thailand",,4.2,16,7.88674,98.29444,google_places,,,,,,
Phuket Travel Agency Dot Net,,Travel Agency,Patong,099 485 6646,http://www.phukettravelagency.net/,"166/15 Soi Ruamchai Soi Nanai, Tambon Patong, Amphoe Kathu, Chang Wat Phuket 83150, Thailand",,5,16,7.88124,98.29826,google_places,,,,,,
Sailing Yachtcharter Phuket,,Services,Chalong,081 606 3143,https://phuket-boatcharter.com/,"Soi 7 6 / 51, Tambon Chalong, Amphoe Mueang Phuket, Chang Wat Phuket 83100, Thailand",,4.8,16,7.82978,98.35031,google_places,,,,,,
Eleven Supermarket,,Supermarket,Patong,087 380 6831,,"Rachautid 200 years Patong Phuket, 198 4 ถ. ราษฏร์อุทิศ 200 ปี ตำบลป่าตอง อำเภอกะทู้ ภูเก็ต 83150, Thailand",,4,15,7.89285,98.29818,google_places,,,,,,
"Phuket On Sail Co.,Ltd.",,Business,Koh Kaew,082 776 4420,,"101 91 หมู่ที่5 Tambon Ratsada, เมือง Chang Wat Phuket 83000, Thailand",,4.2,15,7.91863,98.37438,google_places,,,,,,
Let’s Go Taxi & Tours Phuket,,Taxi Service,Kathu,090 760 3512,http://www.letsgotaxiphuket.com/,"46 322 Phrabaramee Rd, Tambon Kathu, Amphoe Kathu, Chang Wat Phuket 83150, Thailand",,4.9,14,7.90853,98.32623,google_places,,,,,,
ACE's Phuket Transfers & Tours,,Taxi Service,Phuket Town,086 597 4549,https://www.facebook.com/ACEs-Phuket-Transfers-Tours-2414999908735684/,"2, 46 Montri Rd, Tambon Talat Yai, Muang, Chang Wat Phuket 83000, Thailand",,4.7,13,7.88663,98.39276,google_places,,,,,,
C.I.M tour Phuket,,Tour Agency,Old Town,084 838 2433,https://tantulika12.wixsite.com/travel/85,"วิชิต 15 Thanon Talang Old Phuket Town, Tambon Talat Yai, เมือง Chang Wat Phuket 83000, Thailand",,4.7,13,7.88491,98.38784,google_places,,,,,,
KATA BLUE SKY MASSAGE,,Massage spa,Kata,098 447 8812,,"75 หมู่2 Patak Rd Kata Beach, Tambon Karon, Amphoe Mueang Phuket, Chang Wat Phuket 83100, Thailand",,4.8,13,7.82113,98.30545,google_places,,,,,,
Pharmacy,,Pharmacy,Cape Panwa,,,"136 ห้อง 21 Bangla Rd, Tambon Patong, Amphoe Kathu, Chang Wat Phuket 83150, Thailand",,3.1,13,7.81125,98.38715,osm,,,,,,
SALTWATER DREAMING BEACH,,Business,Bang Tao,076 390 664,http://www.surfcamp-thailand.com/,"Soi Bang Tao 12 Bang Tao Beach, Tambon Choeng Thale, Amphoe Thalang, Chang Wat Phuket 83110, Thailand",,5,13,7.98677,98.28772,google_places,,,,,,
Sea pharmacy,,Drug Store,Patong,081 569 2377,,"144 ห้อง 1 Soi Post Office Thaweewong Rd, Tambon Patong, Amphoe Kathu, Chang Wat Phuket 83150, Thailand",,5,13,7.89494,98.2959,google_places,,,,,,
The Moorings: Phuket Yacht Charters,,Services,Paklok,076 317 309,https://www.moorings.com/destinations/exotics/thailand-yacht-charters?utm_source=GMBlisting&utm_medium=organic,"Ao Po Grand Marina 113, 1 ป่าคลอก อำเภอถลาง ภูเก็ต 83110, Thailand",,4.8,13,8.06842,98.44179,google_places,,,,,,
VIDA TOUR - Private Boat Koh Yao ( วีด้าทัวร์ เกาะยาว ),,Travel Agency,Paklok,093 616 3904,https://www.facebook.com/vidatourkohyao?mibextid=LQQJ4d,"4JH2+86X, Ko Yao Noi, Ko Yao District, Phang Nga 82160, Thailand",,4.9,13,8.12837,98.6007,google_places,,,,,,
Bang mee / Giros- Jet Ski Safari & Tours Phuket,,Services,Paklok,090 199 7860,https://jetskiphuket.pro/,"3C6J+4J, Pakhlok, Thalang District, Phuket 83110, Thailand",,5,12,8.06031,98.43156,google_places,,,,,,
Discover Catamaran Phuket (HQ),,Travel Agency,Old Town,080 536 5888,https://www.discover-catamaran.net/,"13 Samakkhi Soi 2, Rassada, Amphoe Mueang Phuket, Chang Wat Phuket 83000, Thailand",,5,12,7.90259,98.37643,google_places,,,,,,
Natcha Pharmacy Patong (ณัฐชา ฟาร์มาซี),,Pharmacy,Patong,,,"2 3 Nanai Rd, Tambon Patong, Amphoe Kathu, Chang Wat Phuket 83150, Thailand",,5,12,7.89515,98.30521,google_places,,,,,,
Phuket Private Driver By Mr.Bank,,Business,Kathu,089 647 6142,,"32/99 ม.6 ถ.วิชิตสงคราม กะทู้ Amphoe Kathu, Chang Wat Phuket 83120, Thailand",,4.9,12,7.91258,98.33058,google_places,,,,,,
7-Eleven สาขา ถนน 50 ปี (06162),,Convenience Store,Patong,,https://www.7eleven.co.th/,"63 Pisitkoraneee Rd, Tambon Patong, Amphoe Kathu, Chang Wat Phuket 83150, Thailand",,4.9,11,7.89795,98.31076,google_places,,,,,,
Boat Lagoon Yachting Charter,,Services,Koh Kaew,094 959 5957,https://www.boatlagoonyachting.com/charter,"22, 1 Thep Krasattri Rd, Tambon Ko Kaeo, Muang, Chang Wat Phuket 83000, Thailand",,4.9,11,7.96342,98.38583,google_places,,,,,,
Private Speedboat Phuket,,Tour Agency,Paklok,095 568 5946,https://www.speed-boat-phuket.com/,"Ao Po, Grand marina, Amphoe Thalang, Chang Wat Phuket 83110, Thailand",,4.9,11,8.06905,98.44368,google_places,,,,,,
Surf school and surf board rental (Kamala Go Surfing Club),,Sports School,Kamala,098 043 2509,https://www.facebook.com/pages/category/Amateur-Sports-Team/Kamala-Go-Surfing-Club-1972566986406145/,"At the front of Cafe Del Mar, Kamala Beach, Tambon Kamala, Amphoe Kathu, Chang Wat Phuket 83150, Thailand",,5,11,7.96096,98.28388,google_places,,,,,,
เรือนำเที่ยวอ่าวพังงา Phang Nga Bay tour boats Экскурсионные катера в заливе Пханг Нга,,Tour Agency,Mai Khao,098 063 9166,https://www.facebook.com/share/1FL64FrwNk/?mibextid=wwXIfr,"4 24 Tambon Khlong Khian, Amphoe Takua Thung, Chang Wat Phang-nga 82130, Thailand",,5,11,8.238,98.45746,google_places,,,,,,
Pharmacheap Patong ฟาร์มาชีปป่าตอง,,Pharmacy,Patong,092 923 2939,http://www.supercheapphuket.com/,"83/6, ต.ป่าตอง, 83150 ถนนผังเมืองสายก, ตำบล กะทู้ ภูเก็ต, 83150, Thailand",,4.9,10,7.88628,98.29856,google_places,,,,,,
Smile Pharmacy,,Drug Store,Patong,094 259 9556,,"158, 115 Nanai Rd, Tambon Patong, Amphoe Kathu, Chang Wat Phuket 83150, Thailand",,4,8,7.8815,98.29921,google_places,,,,,,
Boat tour koyao noi by Saferoh tour,,Tour Agency,Paklok,095 067 6949,,"17 1 Tambon Ko Yao Noi, Amphoe Ko Yao, Chang Wat Phang-nga 82160, Thailand",,5,7,8.13535,98.62645,google_places,,,,,,
gembiratour,,Tour Agency,Paklok,084 184 5805,https://gembiratour.com/tour-category/phang-nga-bay-tours/,"3H4W+3WM, Ko Yao Yai, Ko Yao District, Phang Nga, Thailand",,5,7,8.05521,98.5973,google_places,,,,,,
Paddle Phuket,,Corporate Office,Koh Kaew,084 889 1278,,"29/22 Chuan Chuen Tambon Ko Kaeo, Amphoe Mueang Phuket, Chang Wat Phuket 83000, Thailand",,4.4,7,7.95688,98.38245,google_places,,,,,,
Phuket island tour booking,,Tourist Information Center,Patong,082 664 9146,,"186/6 Sun Go Tour and Travel In front of Tantra Indian restaurant Thaweewong Rd, Tambon Patong, Amphoe Kathu, Chang Wat Phuket 83150, Thailand",,5,7,7.89813,98.29683,google_places,,,,,,
"Sunny Elephant Co., Ltd. | Phuket B2B Transport",,Transportation Service,Old Town,,https://sunnyelephant.co.th/,"23/155 2 วิชิต Tambon Wichit, เมือง Chang Wat Phuket 83000, Thailand",,5,7,7.87113,98.36897,google_places,,,,,,
Good Taxi Phuket กู๊ด แท็กซี่ ภูเก็ต,,Taxi Service,Old Town,091 826 5436,https://www.goodtaxiphuket.com/,"88 Yaowarad Rd Old Phuket Town, Tambon Talat Yai, Amphoe Mueang Phuket, Chang Wat Phuket 83000, Thailand",,4.3,6,7.88592,98.38771,google_places,,,,,,
"Sailaway Phuket - Private Luxury Yacht Charter, Boat Charter Phuket",,Services,Paklok,(917) 560-2090,https://www.sailawayphuket.com/,"3C9R+9MG Ao Po Marina, 113, Tambon Pa Klok, Amphoe Thalang, Chang Wat Phuket 83110, Thailand",,5,6,8.06844,98.44169,google_places,,,,,,
Andaman sea kayak Office,,Corporate Office,Old Town,076 235 353,http://www.andamanseakayak.com/,"20 Thanon Mae Luan Rang Hill, Tambon Wichit, Amphoe Mueang Phuket, Chang Wat Phuket 83000, Thailand",,5,5,7.88871,98.38003,google_places,,,,,,
Phuket Yacht Charter,,Tour Agency,Old Town,082 490 0373,https://tantulika12.wixsite.com/travel/85,"Yaowarad Rd, Tambon Talat Yai, Amphoe Mueang Phuket, Chang Wat Phuket 83000, Thailand",,5,5,7.89712,98.38425,google_places,,,,,,
"Asia Canoe Thailand Co., Ltd",,Tour Agency,Old Town,076 376 643,,"55/897 Phuket Villa-Dowrong, Soi 3/6, Moo 2, ถ. เจ้าฟ้าตะวันออก T.Vichit, A.Muang, ภูเก็ต 83000, Thailand",,3,4,7.86636,98.37131,google_places,,,,,,
Phuket charter speed boat,,Tour Agency,Koh Kaew,081 537 9797,http://www.phuketcharterspeedboat.com/,"Boat lagoon, 20 65, Tambon Ko Kaeo, Amphoe Mueang Phuket, Chang Wat Phuket 83000, Thailand",,4.8,4,7.96391,98.38865,google_places,,,,,,
Surf School Surf Season,,Business,Kata,099 125 2621,,"หาดกะตะ กะรน กะรน Kata Beach, Tambon Karon, Amphoe Mueang Phuket, Chang Wat Phuket 83000, Thailand",,4.8,4,7.82052,98.29774,google_places,,,,,,
Your Private Driver Phuket by Ngamsap Group,,Business,Kathu,089 693 1274,https://www.yourprivatedriverphuket.com/,"94, 115 Vichitsongkram Rd, Tambon Kathu, Amphoe Kathu, Chang Wat Phuket 83120, Thailand",,5,4,7.89895,98.34955,google_places,,,,,,
Taxi Meter Services 24hr.,,Taxi Service,Phuket Town,095 257 7277,,"21 ซ.12 Anuphasphuketkarn Rd, Tambon Talat Yai, Amphoe Mueang Phuket, Chang Wat Phuket 83000, Thailand",,5,3,7.88308,98.40836,google_places,,,,,,
MediSea Pharmacy Patong ร้านยาเมดิซี ฟาร์มาซี ป่าตอง,,Pharmacy,Patong,061 165 8980,,"236 อาคารที่ 7 ถนนผังเมืองสาย ก Tambon Patong, Amphoe Kathu, Chang Wat Phuket 83150, Thailand",,5,2,7.8979,98.30326,google_places,,,,,,
Phuket Island Tours,,Tour Agency,Old Town,064 874 9545,,"73, A, 20, Tambon Ratsada, Amphoe Mueang Phuket, Chang Wat Phuket 83000, Thailand",,3,2,7.87709,98.36855,google_places,,,,,,
Private Catamaran Phuket,,Tour Agency,Chalong,082 171 4513,https://private-catamaran-phuket.com/,"35 E Chaofah Rd, Tambon Chalong, Amphoe Mueang Phuket, Chang Wat Phuket 83130, Thailand",,5,2,7.85021,98.35326,google_places,,,,,,
Taxi VIP Phuket on tour,,Services,Old Town,083 753 5331,,"78/4-5 Tambon Wichit, Amphoe Kathu, Chang Wat Phuket 83150, Thailand",,5,2,7.86942,98.37151,google_places,,,,,,
Phuket Yacht Charter Adventures,,Tour Agency,Koh Kaew,096 360 7273,http://phuketyachtadventures.com/,"20 Thep Krasattri Rd, Tambon Ko Kaeo, Amphoe Mueang Phuket, Chang Wat Phuket 83000, Thailand",,5,1,7.96378,98.38854,google_places,,,,,,
'Run' bar and restaurant,,Restaurant,Kata,,,,,,,7.81772,98.30064,osm,,,,,,
@ Bakery,,Café,Rawai,,,,,,,7.80161,98.33493,osm,,,,,,
@Beach,,Restaurant,Kata,,,,,,,7.83005,98.29527,osm,,,,,,
&Coffee,,Café,Old Town,,,,,,,7.91726,98.37076,osm,,,,,,
+39,,Café,Kata,,,,,,,7.81789,98.30086,osm,,,,,,
007 bar,,Bar,Phuket Town,,,,,,,7.88043,98.39318,osm,,,,,,
1% Bar,,Bar,Kata,+66 95 268 1013,,,Tu-Su 16:30-02:00,,,7.82589,98.29723,osm,,,,,,
1000009 Thai Noodle Restaurant Phuket ล้าน9ก๋วยเตี๋ยว,,Restaurant,Phuket Town,,,30 ถนนมนตรี,We-Mo 10:00-23:00; Tu 09:00-23:00,,,7.88268,98.39282,osm,,,,,,
1584,,Transport,Kamala,,,,,,,7.94979,98.28518,osm,,,,,,
162 cafe,,Café,Chalong,,,,,,,7.82706,98.33996,osm,,,,,,
180 Degrees Pool Bar,,Bar,Kamala,,,,,,,7.94714,98.27112,osm,,,,,,
2 Dollars Café,,Café,Airport,,,,,,,8.10863,98.30609,osm,,,,,,
2 спальни,,Guesthouse,Surin,,,,,,,7.98183,98.28119,osm,,,,,,
21,,Café,Old Town,,,,,,,7.89052,98.38965,osm,,,,,,
21 Bar & Restaurant,,Bar,Patong,83150,,135 Nanai Road,Mo-Su 12:00-01:00,,,7.88711,98.30271,osm,,,,,,
2Day Inn,,Hotel,Phuket Town,,,,,,,7.87491,98.38857,osm,,,,,,
2Sis food and drink,,Café,Chalong,,,,,,,7.84138,98.34587,osm,,,,,,
3 Spices,,Restaurant,Patong,,,,,,,7.89728,98.2964,osm,,,,,,
300 THB TAXI 2 WAY NUI BEACH,,Vehicle rental,Nai Harn,,,,,,,7.79436,98.30159,osm,,,,,,
34 Cafe,,Café,Kata,,,,,,,7.8166,98.31013,osm,,,,,,
35 cafe & tea,,Café,Rawai,,,,,,,7.77564,98.32686,osm,,,,,,
35ans,,Bar,Phuket Town,,,,,,,7.88341,98.39755,osm,,,,,,
360 bar,,Bar,Bang Tao,+6676317600,https://www.pavilionshotels.com/phuket/360-bar,Phuket,Mo-Su 17:00-22:00,,,8.02307,98.30147,osm,,,,,,
365 Sauna and Thai Massage,,Massage & spa,Kathu,,,2/118 ถนนพระบารมี Kathu,,,,7.90888,98.34402,osm,,,,,,
37 B&B,,Guesthouse,Old Town,,,,,,,7.88488,98.38846,osm,,,,,,
3ch,,Café,Patong,,,,,,,7.90077,98.30426,osm,,,,,,
3rd Street Cafe& Guesthouse,,Guesthouse,Kata,+66 76 284 510,,,,,,7.82437,98.29816,osm,,,,,,
5 Stars,,Massage & spa,Patong,,,225 Rat-U-Thit 200 Pee Road,,,,7.88865,98.29568,osm,,,,,,
502,,Café,Nai Harn,,,,,,,7.78238,98.31528,osm,,,,,,
58 Auto Car,,Vehicle rental,Koh Kaew,,,,,,,7.96908,98.37177,osm,,,,,,
62,,Bar,Kata,,,,,,,7.82576,98.29714,osm,,,,,,
6th Avenue Surin Condominium,,Hotel,Surin,,https://6avenuephuket.com/,50 37 Choeng Thale,24/7,,,7.98016,98.28308,osm,,,,,,
7 Тур,,Tours & travel,Kata,+66 83 114 5010,https://7tour-phuket.ru,,Mo-Su 10:00-21:00,,,7.81507,98.29985,osm,,,,,,
7Days Premium Hotel Patong Phuket,โรงแรมเซเว่นเดย์ พรีเมี่ยม ป่าตอง ภูเก็ต,Hotel,Patong,,,31 Nanai Road Patong,,,,7.89383,98.30535,osm,,,,,,
8/5 Runway Cafe,,Café,Airport,+66 96 289 3942,,8/5 ถนนโยธา,Mo-Su 09:00-18:00,,,8.11085,98.31147,osm,,,,,,
88 Hotel Phuket,,Hotel,Patong,,,,,,,7.88905,98.30369,osm,,,,,,
89 route,,Bar,Kata,,,,,,,7.82564,98.29797,osm,,,,,,
89 Thai Food & Seafood,,Restaurant,Patong,,,,,,,7.89452,98.2987,osm,,,,,,
9 Motel Inn,,Hotel,Phuket Town,,,,,,,7.87505,98.38865,osm,,,,,,
91 Residence Patong,,Hotel,Patong,,,,,,,7.90176,98.30681,osm,,,,,,
936,,Café,Kamala,+66 81 7515187,,93/6 Rim Hat Road,Mo-Su 08:30-16:00,,,7.95025,98.28093,osm,,,,,,
99 Old Town Guesthouse,,Hotel,Phuket Town,,,,,,,7.88482,98.38999,osm,,,,,,
A Pong Mae Sunee,,Restaurant,Old Town,+66867437557,,,,,,7.88581,98.38738,osm,,,,,,
A.D.D. Restaurant,,Restaurant,Kata,,,,,,,7.81717,98.30115,osm,,,,,,
a.dessert.moments,,Café,Old Town,,,,We-Mo 11:00-22:00,,,7.8848,98.38783,osm,,,,,,
A&B Café Kamala - Coffee and more,,Café,Kamala,,,94/134 Soi Thaweewongsub / Moo 3 Kamala Beach,Tu-Su 08:00-18:00,,,7.94901,98.28369,osm,,,,,,
A1 Island Guesthouse,,Hotel,Patong,,,240 Sai Nam Yen Road,,,,7.8956,98.30525,osm,,,,,,
A2 Pool Resort Phuket,,Hotel,Old Town,,,Chalermprakiat Ror 9 Ratsada,,,,7.91555,98.36906,osm,,,,,,
Abceylon,,Bar,Patong,,,,,,,7.89053,98.30057,osm,,,,,,
Absolut,,Bar,Kata,,,,,,,7.82545,98.29777,osm,,,,,,
Absolut mixed martial arts,,dojo,Nai Harn,+66660011518,https://absolutemmathailand.com,,,,,7.79542,98.31673,osm,,,,,,
Absolute Bangla Suites,,Hotel,Patong,,,,,,,7.89271,98.29702,osm,,,,,,
Absolute Nakalay Boutique Resort,,Hotel,Kamala,,,,,,,7.92554,98.27469,osm,,,,,,
Absolute Sea Pearl Beach Resort,,Hotel,Patong,,,,,,,7.88712,98.29114,osm,,,,,,
Absolute Twin Sands Resort & Spa,,Hotel,Patong,,,,,,,7.88339,98.27398,osm,,,,,,
Access Resort and Villa,,Hotel,Karon,,,,,,,7.84333,98.30118,osm,,,,,,
Achani,,Bar,Kamala,+66 89 7241162,,,Mo-Su 11:00-23:00,,,7.94983,98.28164,osm,,,,,,
Acqua,,Restaurant,Patong,,,,,,,7.91662,98.29111,osm,,,,,,
Adam Eatery & Bar,,Restaurant,Patong,,,,,,,7.90229,98.29939,osm,,,,,,
Adema Boutique Karon,,Hotel,Karon,,,,,,,7.83588,98.29864,osm,,,,,,
aera juice,,Café,Phuket Town,+60652249251,,184 ถนนภูเก็ต,Mo-Su 09:00-21:00,,,7.88213,98.39104,osm,,,,,,
AEW Seafood,,Restaurant,Kamala,+66 89 8719722,,Rim Hat Road,Mo-Su 08:00-24:00,,,7.95057,98.28109,osm,,,,,,
After Beach Bar,,Restaurant,Kata,,,,,,,7.80895,98.30217,osm,,,,,,
Agli Amici Pizzeria,,Restaurant,Chalong,6676282172,,,Mo off; Tu-Su 16:00-22:00,,,7.82413,98.34362,osm,,,,,,
Aim House,,Street food,Patong,,,,,,,7.89561,98.30398,osm,,,,,,
AIM Phuket,,Restaurant,Koh Kaew,,https://www.facebook.com/aimphuket/about,57/20 Thepkrasattri Kohkeaw,Mon-Fri 17.00-22.00 Sat-Sun 11.00-15.00 17.00-22.00,,,7.94804,98.3922,osm,,,,,,
AIMM's Café,,Street food,Airport,,,,,,,8.10498,98.30505,osm,,,,,,
Air&Sea Cafe@Phuket,,Café,Airport,+66 89 474 5732,,,Mo-Su 10:00-20:00,,,8.12047,98.32182,osm,,,,,,
Airpark Cafe,,Café,Paklok,,,,Mo-Su 10:00-18:00,,,8.01726,98.40436,osm,,,,,,
Airplane tickets,,Tours & travel,Phuket Town,,,,,,,7.86959,98.393,osm,,,,,,
Airport Beach Hotel,,Hotel,Nai Yang,,,,,,,8.0921,98.30082,osm,,,,,,
Airport Resort,,Hotel,Nai Yang,,,,,,,8.09424,98.30768,osm,,,,,,
AKN Vintage Curry,,Restaurant,Airport,,,,,,,8.105,98.30919,osm,,,,,,
Albatross,,Restaurant,Bang Tao,,,,,,,8.00316,98.2956,osm,,,,,,
Aleena House,,Guesthouse,Patong,,,,,,,7.89178,98.29534,osm,,,,,,
Alexander Hotel Patong,,Hotel,Patong,,,,,,,7.89198,98.30184,osm,,,,,,
Alfresco Phuket Hotel,,Hotel,Patong,,,,,,,7.88588,98.29822,osm,,,,,,
Ali Baba,,Restaurant,Patong,,,,,,,7.88816,98.2922,osm,,,,,,
Ali's BBQ,,Café,Chalong,+66876272722,,,Mo-Su 11:00-01:00,,,7.85126,98.34904,osm,,,,,,
Alien Taco,,Restaurant,Patong,,,,,,,7.89455,98.29705,osm,,,,,,
alisseCloud,,Café,Bang Tao,+66 62 423 9632,,19/38,Mo-Su 08:00-20:30,,,8.02401,98.32155,osm,,,,,,
Alita Boutique Massage and Spa,,Beauty & spa,Chalong,,,,,,,7.84736,98.37315,osm,,,,,,
All 4 Dive,,Diving,Chalong,+6676344611,https://www.scubadiving-phuket.com,,Mo-Sa 10:00-19:00,,,7.82415,98.33366,osm,,,,,,
All In Sports,,Restaurant,Kata,+66 94 934 5770,,,Mo-Su 10:30-23:00,,,7.82554,98.29695,osm,,,,,,
All Life,,Pharmacy,Karon,+66 96 151 5979,,,Mo-Su 10:00-23:00,,,7.8443,98.29427,osm,,,,,,
All Seasons Naiharn Phuket,,Hotel,Nai Harn,,,,,,,7.77868,98.30557,osm,,,,,,
All Thai,,Restaurant,Chalong,,,,,,,7.83743,98.33367,osm,,,,,,
All time,,Restaurant,Chalong,,,,,,,7.85174,98.34829,osm,,,,,,
All Vegan,,Restaurant,Rawai,+66 61 834 9389,https://all-vegan-cafe-restaurant.business.site/,ซอยสามัคคี 2,"Mo-Su 08:30-21:00; Jan 02, Jan 17, Feb 02, Feb 17, Mar 02, Mar 17, Apr 02, Apr 17, May 02, May 17, Jun 02, Jun 17, Jul 02, Jul 17, Aug 02, Aug 17 , Sep 02, Sep 17, Oct 02, Oct 17, Nov 02, Nov 17, Dec 02, Dec 17 off",,,7.7986,98.32164,osm,,,,,,
AllStar Aussie Sports Bar & Restaurant,,Restaurant,Kata,+66 80 038 2462,,,16:00-02:00,,,7.82788,98.30016,osm,,,,,,
Aloha Residence,,Hotel,Kata,,,,,,,7.81554,98.30502,osm,,,,,,
Alpengrill,,Restaurant,Patong,,,,,,,7.89492,98.29612,osm,,,,,,
Alpina Phuket Nalina Resort & Spa,,Hotel,Kata,,,,,,,7.82104,98.3029,osm,,,,,,
Altai,,Café,Kata,+66984063982,,18 Pakbang Soi,Mo-Su 12:00-22:30,,,7.82558,98.29677,osm,,,,,,
Am Surin Place,,Hotel,Surin,,,,,,,7.97983,98.28069,osm,,,,,,
Amari Coral Beach,,Hotel,Patong,,,,,,,7.88669,98.28557,osm,,,,,,
Amarin,,Guesthouse,Patong,,,,,,,7.90159,98.2991,osm,,,,,,
Amarin Restaurant,,Restaurant,Patong,,,,,,,7.90225,98.29928,osm,,,,,,
Amata Resort,,Hotel,Patong,+66 76 346 0913,,,,,,7.89006,98.29705,osm,,,,,,
Amatara Wellleisure Resort,,Hotel,Cape Panwa,+66 (0) 7631-8888,https://amatara.com/,"84 Moo 8 Sakdidej Road Tambon Vichit, Phuket",,,,7.80877,98.40758,osm,,,,,,
Amazing villa,,Attraction,Chalong,,,,,,,7.83836,98.32659,osm,,,,,,
Amazon,,Café,Chalong,,,,07:00-19:00,,,7.84984,98.35221,osm,,,,,,
Amber,,Restaurant,Karon,+66 81 595 1514,,,Mo-Su 11:00-22:00,,,7.84263,98.29465,osm,,,,,,
Amora Beach Resort,,Hotel,Bang Tao,,,,,,,7.99157,98.29189,osm,,,,,,
Amore,Amore Cafe & Bar,Restaurant,Phuket Town,,,,,,,7.8836,98.39039,osm,,,,,,
Amsterdam,,Café,Rawai,,,,,,,7.78549,98.3176,osm,,,,,,
Anahita massage,,Beauty & spa,Patong,,,,,,,7.89765,98.29695,osm,,,,,,
Anantara Layan Phuket Resort,,Hotel,Bang Tao,,,,,,,8.03564,98.28451,osm,,,,,,
Anantara Mai Khao Phuket Villas,,Hotel,Mai Khao,,,,,,,8.16846,98.29569,osm,,,,,,
Anantara Vacation Club Mai Khao,,Hotel,Mai Khao,,,,,,,8.1662,98.29737,osm,,,,,,
Anatolian,,Restaurant,Karon,,,,,,,7.83594,98.29868,osm,,,,,,
Anchalee Inn,,Hotel,Patong,,,,,,,7.88419,98.29308,osm,,,,,,
Anchor Boutique House,,Hotel,Patong,,,,,,,7.89842,98.30151,osm,,,,,,
anchor inn,,Restaurant,Chalong,,,,Mo-Su 09:00-21:00,,,7.82206,98.34136,osm,,,,,,
Anda,,Massage & spa,Karon,+66 94 343 2419,,,Mo-Su 09:00-23:00,,,7.84287,98.29547,osm,,,,,,
Anda Beachside,,Hotel,Karon,+66 76 396 344,,,,,,7.8475,98.29352,osm,,,,,,
Andaman Bar (Bandara Hotel),,Bar,Cape Panwa,,,,,,,7.81151,98.38929,osm,,,,,,
Andaman Beach Suites,,Hotel,Patong,,,,,,,7.90101,98.2993,osm,,,,,,
Andaman Cannacia Resort,,Hotel,Kata,+66 0 7625 4215,https://www.phuket-cannacia.com/,,,,,7.81273,98.30081,osm,,,,,,
Andaman Embrace Resort & Spa Patong Phuket,,Hotel,Patong,+66 76 370 000,https://www.andamanembrace.com/,2 Had Patong Road,,,,7.8994,98.29861,osm,,,,,,
Andaman Grill,,Restaurant,Mai Khao,,,,Mo-Su 17:00-23:00,,,8.16535,98.29411,osm,,,,,,
Andaman Seaside Resort,,Hotel,Bang Tao,+66076314293,www.andaman-seaside-resort.com,Moo 3 Bangtao beach,,,,7.9846,98.287,osm,,,,,,
Andaman Seaview,,Hotel,Kata,,,,,,,7.83182,98.29602,osm,,,,,,
Andaman Villa Resort,,Hotel,Patong,,,,,,,7.88228,98.3012,osm,,,,,,
Andaman White Beach Resort,,Hotel,Nai Yang,+66 76 316 300,https://www.andamanwhitebeach.com/,"28/4 Moo 4 Tambon Sakoo Thalang District, Phuket 83130, Tailandia",,,,8.04722,98.27816,osm,,,,,,
Andara Resort & Villas,,Hotel,Kamala,+6676338777,https://www.andaraphuket.com/,15 Moo 6 Kamala Beach Kathu Phuket,,,,7.94923,98.2752,osm,,,,,,
Andara Signature Villas,,Hotel,Kamala,,,,,,,7.94415,98.2642,osm,,,,,,
Andara Spa,,Beauty & spa,Kamala,,,,,,,7.94891,98.27489,osm,,,,,,
Andatel Grandé Patong Phuket Hotel,,Hotel,Patong,,,,,,,7.90139,98.30064,osm,,,,,,
Anfield Cafe,,Café,Old Town,,,,,,,7.8837,98.38751,osm,,,,,,
Ang Mor Lao Sim Chan,,Café,Old Town,+66 61 446 9114,,33 ถนนวิชิตสงคราม,Mo-Su 08:00-18:00,,,7.88414,98.37972,osm,,,,,,
Angels live blues bar,,Bar,Old Town,0896549654,,ถนนเยาวราช,Tu-Su 17:30-01:00,,,7.88469,98.38735,osm,,,,,,
Angpao Hotel,,Hotel,Koh Kaew,+66  094 5914848,https://angpaohotel.hoteliers.guru/,69/175 Prachasamakee Road Ratsada,,,,7.91475,98.3899,osm,,,,,,
Angsana Laguna Phuket,,Hotel,Bang Tao,,https://www.angsana.com/en/thailand/laguna-phuket,,,,,8.00555,98.29658,osm,,,,,,
Angsana Laguna Wedding Chapel,,Attraction,Bang Tao,,,,,,,8.00337,98.29705,osm,,,,,,
Angsana Spa Dusit Thani Laguna Phuket,,Beauty & spa,Bang Tao,,,,,,,8.00132,98.29398,osm,,,,,,
Angus O’Tool’s Irish Pub,,Bar,Karon,,https://otools-phuket.com/irish-pub/,,,,,7.84957,98.2952,osm,,,,,,
Ani Sport,,Bar,Kata,+66 82 432 4806,,,Mo-Su 15:00-02:00,,,7.82556,98.29724,osm,,,,,,
Ann Guesthouse,,Guesthouse,Karon,,,,,,,7.8529,98.29476,osm,,,,,,
Anna,,Restaurant,Karon,,,,,,,7.85662,98.29116,osm,,,,,,
Anny,,Restaurant,Karon,+66 93 782 9577,,,Mo-Su 10:00-23:00,,,7.85135,98.29259,osm,,,,,,
Anteka,,Pharmacy,Bang Tao,,,,Mo-Su 09:00-22:00,,,7.98511,98.28705,osm,,,,,,
Anthony’s Bespoke Tailor,,Tailor,Karon,+66 61 1758486,https://www.anthonysbespoketailor.com/,195 Karon Road Phuket,Mo-Su 10:00-23:00,,,7.84321,98.29536,osm,,,,,,
Antico Siam,,Massage & spa,Kata,,,,,,,7.82497,98.30098,osm,,,,,,
Anut room coffee,,Café,Rawai,,,,,,,7.79297,98.32534,osm,,,,,,
Any Time,,Bar,Karon,,,,Mo-Su 12:00-02:00,,,7.83376,98.29542,osm,,,,,,
Anya Pharmacy,,Pharmacy,Kata,,,,,,,7.82903,98.29557,osm,,,,,,
Ao Po Grand Marina,,Marina & charters,Paklok,,,,,,,8.06906,98.44471,osm,,,,,,
Ao Yon Seaside,,Restaurant,Cape Panwa,,,,Mo-Su 07:00-22:00,,,7.81122,98.38846,osm,,,,,,
Aochalong Villa Resort & Spa,,Hotel,Chalong,+6676381838,http://www.chalongbeachhotelandspa.com,16/9 Moo 5 Rawai,,,,7.82834,98.34871,osm,,,,,,
Aon 999 Restaurant,,Restaurant,Patong,,,,,,,7.89836,98.29656,osm,,,,,,
APK Resort & Spa,,Hotel,Patong,,,Phang Muang Sai Kor Road,24/7,,,7.89336,98.30182,osm,,,,,,
Apollo Gym,,dojo,Rawai,,,,,,,7.76914,98.31379,osm,,,,,,
Apple's Bar,,Bar,Kamala,,,Kamala Main Road,,,,7.9492,98.28503,osm,,,,,,
Aqua,,Restaurant,Kata,+66 61 994 5398,,,Mo-Su 10:00-23:00,,,7.81666,98.30089,osm,,,,,,
Aqualung service centre,,Diving,Chalong,,,,,,,7.82875,98.33843,osm,,,,,,
Aram,,Café,Kata,+66 89 645 2222,,,Mo-Su 08:00-18:00,,,7.81717,98.30099,osm,,,,,,
Arawan Massage,,Massage & spa,Kata,,,,Mo-Su 10:00-11:30,,,7.82712,98.29884,osm,,,,,,
Araya House,,Hotel,Surin,,https://arayahouse.com,50/38 Srisoonthron Cherngtalay,,,,7.97981,98.28291,osm,,,,,,
Arch39 Phuket Beach Front,,Hotel,Chalong,,,,,,,7.82383,98.34554,osm,,,,,,
Archee thai food,,Restaurant,Rawai,,,,,,,7.76954,98.31516,osm,,,,,,
Aree's,,Restaurant,Kata,+66 63 239 2659,,,Mo-Su 12:30-02:00,,,7.82589,98.29706,osm,,,,,,
Areeka Mahokkanee,,Hotel,Bang Tao,,,6/50 ป่าสัก 5 Choeng Thale,,,,8.00406,98.30861,osm,,,,,,
Arinara Bangtao Beach Resort,,Hotel,Bang Tao,,,,,,,7.9874,98.28985,osm,,,,,,
Arisa,,Restaurant,Kata,,,,,,,7.81577,98.30095,osm,,,,,,
Arisa Kitchen,,Restaurant,Kata,+66 89 972 0829,,,Mo-Su 12:00-22:00,,,7.8158,98.30083,osm,,,,,,
Arita,,Hotel,Patong,,,,,,,7.88197,98.29312,osm,,,,,,
Ark Building,,Hotel,Karon,,,,,,,7.83609,98.30041,osm,,,,,,
Armani Travel,,Tours & travel,Kata,+66 93 296 7343,,,Mo-Su 10:00-22:00,,,7.82153,98.29929,osm,,,,,,
Aroma,,Restaurant,Nai Harn,,,,,,,7.79099,98.3169,osm,,,,,,
Aromdee massage,Aromdee massage,Massage & spa,Patong,,https://aromdeemassage.netlify.app/,13 Soi Rat-U-Thit 200 Pee,Mo-Su 10:00-23:00,,,7.89602,98.29827,osm,,,,,,
Aroon,,Restaurant,Phuket Town,,,,Mo-Su 06:00-17:00,,,7.88463,98.39016,osm,,,,,,
ART BOX CATERING,,Restaurant,Chalong,+66999022355,artboxcatering.com,"18/74 moo 8, chalong, muang Phuket",,,,7.8267,98.34295,osm,,,,,,
Artspace Gallery and Music Bar,,Bar,Kata,,,,,,,7.82195,98.30226,osm,,,,,,
Arun Phuket Residents,,Hotel,Nai Yang,,,,,,,8.09562,98.30993,osm,,,,,,
Arun Sawad Cafe,,Café,Paklok,084 518 5546,,,Mo-Su 07:00-16:00,,,8.01167,98.39812,osm,,,,,,
ASAP,,Café,Cherngtalay,,,,Tu-Su 09:00-16:00,,,7.98956,98.30897,osm,,,,,,
Ascot Boutique Hotel,,Hotel,Kata,,,,,,,7.82316,98.30036,osm,,,,,,
Asia Bar,,Bar,Rawai,,,,,,,7.78883,98.33001,osm,,,,,,
Asia Yacht Agency,,Boat charter,Paklok,,https://www.asiayachtagency.com,225/17 Pa Klok Phuket,,,,7.9921,98.38195,osm,,,,,,
Asian art souvenir shop,,Souvenirs & gifts,Patong,,,,,,,7.89753,98.29984,osm,,,,,,
Asian Essence,,Restaurant,Bang Tao,,,,,,,7.99007,98.29244,osm,,,,,,
Asian Shooting Range,,Gym & fitness,Nai Yang,,,,Mo-Su 09:00-20:00,,,8.06121,98.30669,osm,,,,,,
Asmut Bar,,Bar,Patong,,,,,,,7.89651,98.30052,osm,,,,,,
Asoka,,Restaurant,Nai Yang,,,,,,,8.09504,98.31231,osm,,,,,,
Aspery,,Hotel,Patong,,,,,,,7.89989,98.29918,osm,,,,,,
ASquare,,Restaurant,Old Town,,,,,,,7.88349,98.38853,osm,,,,,,
At Beach Bar and Restaurant,,Restaurant,Kata,+66 76 360 300,https://atbeachrestaurant.com,,Mo-Su 10:00-19:00,,,7.81619,98.2996,osm,,,,,,
At Kamala,,Hotel,Kamala,+66 85 8811156,https://atkamalahotel.com,75/2 Rim Hat Road Kamala Beach,,,,7.95002,98.281,osm,,,,,,
At Panta Phuket,,Hotel,Bang Tao,,,,,,,8.02196,98.32867,osm,,,,,,
AT Patong Hotel,,Hotel,Patong,,,,,,,7.89166,98.30206,osm,,,,,,
ATECI smoothie and more,,Café,Rawai,,,,,,,7.77446,98.326,osm,,,,,,
atelier,,Restaurant,Cherngtalay,,,,,,,7.97532,98.33959,osm,,,,,,
AtHome Guest House,,Hotel,Patong,,,,,,,7.88119,98.29767,osm,,,,,,
Atmanjai Detox Yoga Wellness,,Gym & fitness,Rawai,+66076613580,https://www.atmanjai.com,27/1 Soi Mittrapap Rawai,Mo-Su 08:00-20:00,,,7.79856,98.33641,osm,,,,,,
Atom Phuket Hotel,,Hotel,Nai Yang,,,,,,,8.09515,98.30699,osm,,,,,,
ATV / Buggy to Big Buddha,,Tours & travel,Chalong,,,,,,,7.83173,98.33402,osm,,,,,,
ATV adventure,,Tours & travel,Chalong,,,,,,,7.8321,98.33177,osm,,,,,,
Au Bon Pain,,Street food,Patong,,,,Mo-Su 08:00-23:00,,,7.89256,98.29852,osm,,,,,,
Audy,,Café,Surin,,,,,,,7.97843,98.27839,osm,,,,,,
Audy Restoran,,Restaurant,Surin,,,,,,,7.98136,98.28083,osm,,,,,,
Aunjai,,Pharmacy,Patong,,,18 Sai Nam Yen Road,Mo-Su 13:00-22:00,,,7.89558,98.30459,osm,,,,,,
Aura,,Restaurant,Kata,+66 96 492 2362,https://aurarestorant.tilda.ws,,Mo-Su 08:00-23:00,,,7.81778,98.30117,osm,,,,,,
Aurora massage,,Massage & spa,Chalong,,,,,,,7.83331,98.34712,osm,,,,,,
Aussie Bar,Aussie Bar,Bar,Patong,,,,,,,7.89381,98.29612,osm,,,,,,
Aussie Pub,,Bar,Kamala,,,Kamala Main Road Kamala Beach,,,,7.9488,98.28459,osm,,,,,,
Austrian Garden Hotel & Restaurant,,Hotel,Patong,+66 (0)76 340 350,https://austrian-garden.com,32/1 Chaloemhrakiat Road Patong,,,,7.90237,98.29964,osm,,,,,,
Ave,,Bar,Nai Harn,,,,,,,7.79107,98.31671,osm,,,,,,
Avis,,Vehicle rental,Patong,,,,,,,7.88632,98.29446,osm,,,,,,
Avista Hideaway Phuket Patong - MGallery,,Hotel,Patong,+66 76 681 681,https://www.avistahideawayphuketresort.com/,39/9 Muen Ngern Road,,,,7.8811,98.27745,osm,,,,,,
Avista Hideaway Resort and Spa,,Hotel,Patong,6676681681,,39/9 Muen Ngoen Road,,,,7.87812,98.27715,osm,,,,,,
AVO Kitchen & Wine,,Restaurant,Nai Harn,,,Soi Naya,Tu-Su 07:30-23:00,,,7.7815,98.31167,osm,,,,,,
Awa Manachon Market,,Street food,Kathu,,,Prabaramee Road,"Mo,Tu,Fr,Sa,Su 17:00-23:00",,,7.91171,98.34239,osm,,,,,,
"Awesome, cheap Thai food!",,Restaurant,Patong,,,,,,,7.88532,98.29623,osm,,,,,,
Ayara Hilltops Resort and Spa,,Hotel,Surin,,,,,,,7.97034,98.27722,osm,,,,,,
Ayara Kamala Resort & Villa,,Hotel,Kamala,,,,,,,7.94782,98.26268,osm,,,,,,
Azure Phuket,,Hotel,Patong,,,,,,,7.88128,98.29361,osm,,,,,,
Azzurro Village Hotel,,Hotel,Patong,,,,,,,7.89633,98.29948,osm,,,,,,
B Cat Café,,Café,Phuket Town,+66894717776,,"34 Thep Krasattri Rd, Tambon Talat Yai, Muang Phuket","Mo,Tu,Th,Fr 11:00-19:30; Sa,Su 11:00-20:30",,,7.88546,98.39076,osm,,,,,,
B Happy Resort,,Guesthouse,Kamala,66949041691,,67/21 Moo 4,,,,7.94748,98.28421,osm,,,,,,
B-Lay Tong Phuket,,Hotel,Patong,,,,,,,7.90571,98.29769,osm,,,,,,
B.H Paradise Hotel,,Hotel,Patong,,,,,,,7.8948,98.29963,osm,,,,,,
B.J. Beach Pub & Restaurant,,Restaurant,Kata,,,,,,,7.83027,98.30966,osm,,,,,,
B's airport hotel,,Hotel,Airport,+66966352928,,,,,,8.10125,98.30503,osm,,,,,,
B&B Beach House,,Hotel,Patong,+6676294123,http://www.bb-beachhouse.com/,"212/15-16 Soi Kebsup, Rach U-Thit 200 Pee Rdoad Patong Beach",,,,7.88904,98.29475,osm,,,,,,
B&B NAMO PHUKET,,Hotel,Kathu,+6698 016 7195,https://www.agoda.com/de-de/b-b-namo-phuket/hotel/phuket-th.html?cid=1640100,9/523 ม.6 Phuket,,,,7.91373,98.33535,osm,,,,,,
B2 premier Phuket,,Hotel,Kathu,,,,,,,7.89752,98.3506,osm,,,,,,
Baan 125,,Café,Phuket Town,+66926543255,https://baan125stay.com/,125 ถนนถลาง,,,,7.88477,98.39046,osm,,,,,,
Baan Andaman Sea Surf,บ้าน อันดามัน ซี เซิร์ฟ,Hotel,Patong,,,21 ซอยพระบารมี 3 Patong,,,,7.90621,98.3069,osm,,,,,,
Baan Ar-jor,,Museum,Mai Khao,+66624598889,https://baanarjor.com/,102 ถนนเทพกระษัตรี,,,,8.15661,98.30516,osm,,,,,,
Baan Arita,,Guesthouse,Patong,,,,,,,7.88965,98.29695,osm,,,,,,
Baan Aroon Residence,,Guesthouse,Kamala,66957077233,https://baan-aroon-residence.blogspot.com/,,,,,7.94778,98.28361,osm,,,,,,
Baan Bang-la Restourant,,Restaurant,Kata,+668196858783,,"11 6 Moo 3 Soi Patak 11, Patak Road, Karon, Muang, Phuket, Thailand",,,,7.83169,98.29874,osm,,,,,,
Baan Bangla Mangrove Forests Museum,,Museum,Paklok,,,,,,,7.99211,98.3834,osm,,,,,,
Baan Chaylay Karon,,Guesthouse,Karon,,,6/2 ปฎัก ซอย 22 กะรน,,,,7.84908,98.29931,osm,,,,,,
Baan Chayna Lounge Resort,,Hotel,Surin,+6676325354,,,,,,7.98096,98.28758,osm,,,,,,
Baan Farming Homestay,,Guesthouse,Chalong,,,,,,,7.86819,98.32898,osm,,,,,,
Baan Kalim,,Restaurant,Patong,,,,,,,7.90644,98.29724,osm,,,,,,
Baan Karon Resort,,Hotel,Kata,+66 76 396 573-8,https://www.phuketbaankaron.com/,,,,,7.83082,98.29992,osm,,,,,,
Baan Karonburi Resort,,Hotel,Karon,+66 76 396 671,https://www.karonburi.com,,,,,7.84357,98.29447,osm,,,,,,
Baan Kasemsuk,,Guesthouse,Patong,,,10/1 Soi Nanai 2,,,,7.88722,98.30146,osm,,,,,,
Baan Kata Pharmacy,,Pharmacy,Kata,,,,,,,7.82767,98.30151,osm,,,,,,
Baan Kata Villas,,Hotel,Kata,+66 76 333 568,https://www.villaroyalephuket.com/,,,,,7.81282,98.29686,osm,,,,,,
Baan Kinkaew&FBL Guesthouse,,Guesthouse,Patong,,,,,,,7.88696,98.30259,osm,,,,,,
Baan Klang Nam,,Restaurant,Rawai,,,,,,,7.7712,98.31868,osm,,,,,,
Baan Kongdee Sunset,,Hotel,Kata,+66 76 333 330,,,,,,7.82812,98.30561,osm,,,,,,
Baan Kway Teow - Noodle House,,Restaurant,Bang Tao,,,,,,,8.00311,98.31203,osm,,,,,,
Baan Mae Ying Bungalows & Luxury Glamping Tents,,Hotel,Cherngtalay,,,,,,,7.98704,98.34959,osm,,,,,,
Baan Mai,,Restaurant,Kamala,,,,,,,7.96076,98.28587,osm,,,,,,
Baan Napatr,,Hotel,Cherngtalay,,,99/9 Bang Tao Soi 11 Srisoonthorn Cherngtalay,,,,7.97646,98.29265,osm,,,,,,
Baan Nok Noi,,Guesthouse,Rawai,,,79/20 Rawai,,,,7.77538,98.31904,osm,,,,,,
Baan Norkna,,Hotel,Bang Tao,,,202/104 Thalang,,,,7.98546,98.29442,osm,,,,,,
Baan Noy Restaurant,,Restaurant,Chalong,,,58/12 Moo 10 Patak Rd Chalong Phuket,Mo-Sa 12:00-18:00,,,7.82375,98.33772,osm,,,,,,
Baan Orchid Guesthouse,,Guesthouse,Patong,,,,,,,7.90221,98.29994,osm,,,,,,
Baan Oui,,Hotel,Nai Harn,,,,,,,7.78165,98.31402,osm,,,,,,
Baan Phu Du Lay Cafe,,Café,Kata,,,,,,,7.82805,98.31972,osm,,,,,,
BAAN PHUREENUT,,Hotel,Patong,,,,,,,7.88334,98.30206,osm,,,,,,
Baan Pran,,Massage & spa,Kata,+66 88 261 3284,,,Mo-Su 10:00-23:30,,,7.81946,98.30065,osm,,,,,,
Baan Rim Khum,,Restaurant,Kathu,,,,,,,7.91742,98.3341,osm,,,,,,
Baan Sabai Phuket,,Hotel,Nai Harn,,https://www.baansabaiphuket.com/,39/59-60 กะตะใสยวน Phuket,,,,7.79135,98.31689,osm,,,,,,
Baan Sailom Restaurant,Baan Sailom Restaurant,Restaurant,Karon,,,,,,,7.83421,98.29582,osm,,,,,,
Baan suan,,Hotel,Nai Yang,,,,,,,8.05727,98.31018,osm,,,,,,
Baan Suan Resort,,Hotel,Rawai,,,,,,,7.77006,98.31479,osm,,,,,,
Baan Suay,,Hotel,Karon,+66 89 5944633,,381 Patak Road,,,,7.84365,98.30172,osm,,,,,,
Baan Surin,,Guesthouse,Surin,,,,,,,7.97733,98.28716,osm,,,,,,
Baan Suwantawe,,Hotel,Phuket Town,,,,,,,7.88572,98.39261,osm,,,,,,
Baan Taweesup,,Hotel,Patong,,,,,,,7.89779,98.30163,osm,,,,,,
Baan Veerakit Guesthouse & Bungalow,,Hotel,Patong,,,,,,,7.88104,98.29844,osm,,,,,,
Baan Wayla,,Restaurant,Mai Khao,,,,,,,8.13269,98.30743,osm,,,,,,
BAAN YAI CAFE กาแฟบ้านใหญ่,,Café,Chalong,0888740890,,8 ขวาง วิชิต,08.00-16.00,,,7.86396,98.34924,osm,,,,,,
Baan Yanui Beach Bungalow,,Hotel,Nai Harn,,,,,,,7.76797,98.30762,osm,,,,,,
Baan Yuree Resort & Spa,,Hotel,Patong,,,,,,,7.87856,98.29413,osm,,,,,,
BAAN ไวน์แอนด์สปิริต,,Restaurant,Phuket Town,0815369179,https://baan-food.com/,187/24 ถนนคณิต หงษ์หยก ตลาดใหญ่,Mo-Su 11:00-24:00,,,7.8846,98.39805,osm,,,,,,
BaanMee,,Hotel,Chalong,,,,,,,7.8247,98.34422,osm,,,,,,
BAANNUENG @ KATA,,Hotel,Kata,+6676285176,,4 Ket Kwan Road,24/7,,,7.822,98.30183,osm,,,,,,
Baantong BBQ,,Restaurant,Patong,,,,,,,7.90167,98.31008,osm,,,,,,
Baantonsai Garden Resort,,Hotel,Patong,+66 76 292 829,https://btonsai.com/,186 Nanai Road Phuket,,,,7.88162,98.29451,osm,,,,,,
Baba,,Vehicle rental,Kamala,,,,,,,7.94855,98.27743,osm,,,,,,
Baba Chino,,Restaurant,Cape Panwa,,https://www.babaphuket.com/baba-chino-luxury-chinese-restaurant/,,Mo-Su 12:00-21:00,,,7.8037,98.4096,osm,,,,,,
Baba IKI,,Restaurant,Cape Panwa,,https://www.babaphuket.com/baba-iki-the-best-japanese-restaurant/,,,,,7.80235,98.41035,osm,,,,,,
Baba La Casa,,Hotel,Chalong,,,,,,,7.83262,98.34433,osm,,,,,,
Baba Nest,,Bar,Cape Panwa,+6676371000,https://www.babaphuket.com/baba-nest-exclusive-rooftop-bar/,ถนนศักดิ์ดีจนะ,Mo-Su 17:00-22:00,,,7.80122,98.41135,osm,,,,,,
Baba Poolclub,,Restaurant,Cape Panwa,,https://www.babaphuket.com/baba-poolclub-international-cuisine/,,,,,7.80249,98.41076,osm,,,,,,
Baba restaurant,,Restaurant,Nai Harn,,,,,,,7.78948,98.31746,osm,,,,,,
Baba Soul Food,,Restaurant,Cape Panwa,,https://www.babaphuket.com/baba-soul-food-best-thai-cuisine/,,Mo-Su 12:00-22:00,,,7.80493,98.40857,osm,,,,,,
Babushka House,,Café,Rawai,,,,,,,7.76864,98.31457,osm,,,,,,
Bacco Re,,Restaurant,Kamala,+66 93 7684650,,,,,,7.94931,98.28032,osm,,,,,,
Back Cat's,,Bar,Kata,+66 86 983 8898,,,Mo-Su 17:00-02:00,,,7.82539,98.29743,osm,,,,,,
Backside,Backside Bar and Bistro,Restaurant,Patong,+6676602398,,101 ถนนนาใน,Mo-Su 11:00-00:00,,,7.8897,98.3039,osm,,,,,,
Badsha Indian Food,,Restaurant,Patong,,,,,,,7.89423,98.3017,osm,,,,,,
Bai Bua,,Massage & spa,Kata,,,,,,,7.8285,98.29582,osm,,,,,,
Bai Toey,,Restaurant,Karon,,,192/36 ถนนปฏัก,Mo-Su 12:00-23:00,,,7.84325,98.29539,osm,,,,,,
Baia Del Sol,,Restaurant,Patong,+66901126745,,75 ถนนนาใน,Mo-Su 07:00-23:30,,,7.89077,98.3042,osm,,,,,,
Baikingu Japanese Buffet Garden Restaurant,,Restaurant,Old Town,,,,Mo-Su 11:00-21:00,,,7.87231,98.36685,osm,,,,,,
Baipho Lifestyle Residence Phuket,,Hotel,Patong,,,,,,,7.88967,98.29649,osm,,,,,,
Baithong Lifestyle Hotel,,Hotel,Patong,,,,,,,7.89026,98.29677,osm,,,,,,
Baitong,,Restaurant,Patong,,,,,,,7.8927,98.29474,osm,,,,,,
Balance Muay Thai,,dojo,Bang Tao,,,202/140 Soi Bang Tao 4/2 Thalang,,,,7.98531,98.29456,osm,,,,,,
BALCONY,,Restaurant,Kata,,,102/7-9,,,,7.82425,98.2977,osm,,,,,,
Baluchi,,Restaurant,Patong,,,,,,,7.88889,98.29266,osm,,,,,,
Bambi,,Restaurant,Cape Panwa,+66990891203,,,Mo-Su 12:00-24:00,,,7.80602,98.40545,osm,,,,,,
Bamboo,,Restaurant,Bang Tao,,,,,,,7.98783,98.29716,osm,,,,,,
Bamboo bar,,Bar,Kata,,,,,,,7.82549,98.29667,osm,,,,,,
Bamboo Beach Hotel and Spa,,Hotel,Patong,+66 76 344380,http://www.bamboobeachhotel.com/,,,,,7.91323,98.29485,osm,,,,,,
Bamboo House,,Hotel,Karon,,,492/1 Patak Rd.,,,,7.84848,98.29584,osm,,,,,,
Bamboo Village,,Hotel,Kata,,,,,,,7.82321,98.29891,osm,,,,,,
Ban Chang Restaurant,,Restaurant,Cherngtalay,++66956753718,,,Mo-Su 09:00-17:00,,,7.97656,98.32624,osm,,,,,,
Ban Raya Meeting Point,,Tours & travel,Chalong,,,,,,,7.82349,98.34444,osm,,,,,,
Ban Rim Klong,,Restaurant,Bang Tao,,,,,,,7.9843,98.28766,osm,,,,,,
Ban Veggie,,Restaurant,Rawai,,,,,,,7.79739,98.32736,osm,,,,,,
Ban-Thai,,Restaurant,Kata,,,,,,,7.8281,98.29606,osm,,,,,,
Banana,,Bar,Patong,,,,,,,7.89309,98.29489,osm,,,,,,
Bandara Phuket Beach Resort,,Hotel,Cape Panwa,,,,,,,7.81158,98.38901,osm,,,,,,
Bandara Villas Phuket,,Hotel,Cape Panwa,,,,,,,7.81321,98.39104,osm,,,,,,
Bando Boyz,,Bar,Rawai,,,,,,,7.77103,98.31915,osm,,,,,,
Bang Nun Tea,,Restaurant,Cape Panwa,,,,,,,7.81251,98.38911,osm,,,,,,
Bang Pae Seafood,,Restaurant,Paklok,,,Soi Bang Toei,,,,8.03659,98.41531,osm,,,,,,
Bang Rang Point,,Café,Paklok,,,,,,,8.04921,98.41574,osm,,,,,,
Bang Tao Beach Restaurant,,Restaurant,Bang Tao,,,,,,,7.99633,98.29188,osm,,,,,,
Bang Tao Night Market,,Market,Cherngtalay,,,,Mo 14:00-22:00; Th 14:00-22:00,,,7.98658,98.29921,osm,,,,,,
Bangkok Residence Hotel,,Hotel,Patong,,,,,,,7.89234,98.30044,osm,,,,,,
Bangla Road,,Nightlife,Patong,,,,24/7,,,7.89397,98.29535,osm,,,,,,
Bangnamkon,,Restaurant,Old Town,,,,Mo-Su 10:00-20:00,,,7.90299,98.37775,osm,,,,,,
Bangtao Guest House,,Guesthouse,Cherngtalay,,,,,,,7.98165,98.29435,osm,,,,,,
Bangtao Shawarma,,Street food,Bang Tao,,,,,,,7.99037,98.2925,osm,,,,,,
Bangtao Tropical Residence,,Hotel,Surin,,,,,,,7.98153,98.28332,osm,,,,,,
Bann Kru Gif Restaurant,,Restaurant,Mai Khao,,,,,,,8.13444,98.30694,osm,,,,,,
Banyan Tree Phuket,,Hotel,Bang Tao,,,,,,,8.01298,98.29511,osm,,,,,,
Banyan Tree Spa Sanctuary,,Hotel,Bang Tao,,,,,,,8.00966,98.29397,osm,,,,,,
Banyan Villa,,Hotel,Chalong,,,Phuket,,,,7.84187,98.34742,osm,,,,,,
Banyen Chalong Hill,,Hotel,Chalong,,,Chalong,,,,7.84903,98.32983,osm,,,,,,
Banzaan Fresh Market,,Market,Patong,,,,,,,7.89117,98.30173,osm,,,,,,
Banzaan Fresh Market (Night),Banzaan Night Market,Market,Patong,,,,Mo-Su 18:00-00:00,,,7.89135,98.3015,osm,,,,,,
Bar Funk,,Nightlife,Patong,,,,,,,7.89387,98.29638,osm,,,,,,
Bar Rainbow,,Bar,Kata,+66 87 100 0069,,,,,,7.82815,98.30035,osm,,,,,,
Bar's Bell Café & Restaurant,,Restaurant,Nai Yang,,,,,,,8.09815,98.30703,osm,,,,,,
Baraka,,Restaurant,Phuket Town,+66902123337,https://baraka-restaurant-phuket.com/,"32 ThepkrasattriRoad, TalatYalatYaiSub-district, Phuket",Mo-Su 12:00-22:00,,,7.8855,98.39074,osm,,,,,,
Baramee Resortel,,Hotel,Patong,,,,,,,7.90596,98.29932,osm,,,,,,
Barbara Bar,,Bar,Patong,,,,,,,7.89331,98.29695,osm,,,,,,
Barefoot Beach Shack,,Restaurant,Patong,,,,,,,7.89803,98.29604,osm,,,,,,
Barry London,,Tailor,Cape Panwa,+66945920102,,,Mo-Su 09:00-21:00,,,7.80697,98.40869,osm,,,,,,
Basil Thai Kitchen,,Restaurant,Mai Khao,,,,,,,8.16915,98.29605,osm,,,,,,
Batikseafood Airport & Room,,Hotel,Airport,,,,,,,8.10529,98.31452,osm,,,,,,
Baumancasa,,Restaurant,Karon,,,"188, 188/3, 188/5 Karon Rd. Phuket",,,,7.84267,98.29509,osm,,,,,,
Baumancasa Beach Resort,,Hotel,Karon,,,,,,,7.84274,98.2955,osm,,,,,,
Bay Leaf Russian Food,,Restaurant,Phuket Town,,,,,,,7.88534,98.39021,osm,,,,,,
BB's massage,,Massage & spa,Rawai,,,,,,,7.8017,98.33242,osm,,,,,,
BBQ,,Street food,Rawai,,,,,,,7.79246,98.32304,osm,,,,,,
Be Live Residence,,Hotel,Bang Tao,,,,,,,8.02409,98.33213,osm,,,,,,
Be My Guest Boutique Hotel,,Guesthouse,Kata,,,,,,,7.82429,98.29875,osm,,,,,,
Be wellness,,Massage & spa,Kata,,,,,,,7.82423,98.29869,osm,,,,,,
Beach Bar,,Bar,Surin,,,,,,,7.98297,98.27697,osm,,,,,,
Beach Cafes,,Café,Kata,,,,,,,7.82427,98.29426,osm,,,,,,
Beach Coconuts Bowls,,Café,Rawai,+660952794925,https://beachcoconutsbowls.com/,43/202 ถนนวิเศษ,Th-Tu 10:00-17:00; We 00:00-24:00,,,7.79089,98.32818,osm,,,,,,
Beach front cafeteria,,Bar,Karon,,,,,,,7.83283,98.29527,osm,,,,,,
Beach House Restaurant,,Restaurant,Nai Yang,,,,15:00+,,,8.05828,98.278,osm,,,,,,
Beach Pig Bar,,Bar,Bang Tao,,,,,,,7.99652,98.29196,osm,,,,,,
Beach Shop,,Souvenirs & gifts,Cape Panwa,,,,,,,7.80345,98.4077,osm,,,,,,
Beachfront Phuket Hotel,,Hotel,Surin,,,,,,,7.98432,98.28285,osm,,,,,,
Beauty Land,Beauty Land,Beauty & spa,Old Town,,,,,,,7.88843,98.38449,osm,,,,,,
Bedbox Guesthouse and Hostel,,Guesthouse,Patong,,,"16/18 Nainai Soi 2 Road Kathu, Phuket, Patong Beach",,,,7.88728,98.30084,osm,,,,,,
Beds Patong,,Hotel,Patong,076-601-137,https://bedspatong.com/,11-13 Soi Sainamyen 1,,,,7.89482,98.3043,osm,,,,,,
Bee Massage,,Massage & spa,Rawai,,,,,,,7.80158,98.33543,osm,,,,,,
Bee Swiss,,Bar,Kata,,,,,,,7.82567,98.29818,osm,,,,,,
BeeHappy,,Bar,Kata,+66 63 795 1215,,,Mo-Su 17:00-02:00,,,7.82538,98.29702,osm,,,,,,
beer bar,,Bar,Chalong,,,,,,,7.82027,98.34415,osm,,,,,,
Beer garden,,Bar,Rawai,,,,,,,7.79704,98.32715,osm,,,,,,
Beer House,,Restaurant,Kamala,,,Rim Hat Road,,,,7.95073,98.28113,osm,,,,,,
beHOME,,Hotel,Nai Yang,,,140 ซอยในยาง 16/1,,,,8.1002,98.30427,osm,,,,,,
Bel Aire,,Hotel,Patong,,,,,,,7.89665,98.3011,osm,,,,,,
Bella Massage,,Massage & spa,Kata,,,,,,,7.82445,98.2993,osm,,,,,,
Bella Nara,,Hotel,Nai Yang,,,,,,,8.08891,98.29914,osm,,,,,,
Bella Street Bar,,Bar,Patong,,,,,,,7.89663,98.30051,osm,,,,,,
Bella Tropicana Hotel and Guesthouse,,Hotel,Patong,,,,,,,7.88615,98.30248,osm,,,,,,
Bella Vista,,Restaurant,Kamala,,,,,,,7.95586,98.28311,osm,,,,,,
Bellmans Restaurant & Guesthouse,,Restaurant,Karon,+66949720664,https://www.bellmans.nu/,16 Luangpohchuain Road,Mo-Su 12:00-22:00,,,7.83415,98.29795,osm,,,,,,
Belove Yoga Rooftop Studio,,Gym & fitness,Kata,+6676333222,https://www.facebook.com/Feelhappydoingyoga,,,,,7.82969,98.30478,osm,,,,,,
Ben's Deli,,Restaurant,Chalong,081-652-9691,,43/53 Moo 5 Sunrise Road Phuket,Mo-Su 10:00-18:00,,,7.8206,98.34244,osm,,,,,,
Benedict Breakfast Cafe,,Café,Kata,,,,,,,7.82468,98.30006,osm,,,,,,
Benjamas,,Massage & spa,Kata,+66 87 365 0305,,,Mo-Su 09:00-23:00,,,7.82113,98.30014,osm,,,,,,
Benjamin Resort,,Hotel,Kamala,,,83 moo 3 RImhad road Kamala / Phuket,,,,7.95009,98.27972,osm,,,,,,
Benny's coctail & grill,,Restaurant,Surin,,,,,,,7.98419,98.28202,osm,,,,,,
Bernies Bistro Bar,,Restaurant,Karon,,,,,,,7.85276,98.29453,osm,,,,,,
Best Western Bangtao Beach Resort,,Hotel,Bang Tao,,,,,,,7.98532,98.28684,osm,,,,,,
Best Western Ocean Resort,,Hotel,Karon,+66 76 396 599,,,24/7,,,7.85162,98.29519,osm,,,,,,
Best Western Patong Beach,,Hotel,Patong,+66 76 360 200,https://www.bestwesternpatongbeach.com/,,,,,7.89264,98.30173,osm,,,,,,
Bevan's place Karon,,Guesthouse,Karon,,,,,,,7.84983,98.29503,osm,,,,,,
Beyond,,Hotel,Patong,,,,,,,7.89743,98.29747,osm,,,,,,
Big A,,Hotel,Chalong,,,,,,,7.81641,98.33449,osm,,,,,,
Big Bear Kitchen,,Restaurant,Kathu,,,,,,,7.94364,98.36335,osm,,,,,,
big bee,,Souvenirs & gifts,Chalong,,,,,,,7.86316,98.34871,osm,,,,,,
Big Blue Cow,,Restaurant,Nai Yang,,,,,,,8.09235,98.3023,osm,,,,,,
Big bumps,,Bar,Bang Tao,,,,,,,7.99322,98.29098,osm,,,,,,
BIG BUNG GER PATONG,,Street food,Patong,,,,,,,7.88273,98.29311,osm,,,,,,
Big Burger & Grill,,Street food,Airport,,,,,,,8.10529,98.30511,osm,,,,,,
Big Stone Bar,,Restaurant,Kata,,,18/11 Patak Soi 10 Phuket Karon Beach,Mo-Su 10:00-22:00,,,7.82735,98.30514,osm,,,,,,
Bike Rent,,Vehicle rental,Karon,,,,,,,7.84966,98.29508,osm,,,,,,
Bike rental,,Vehicle rental,Rawai,,,,,,,7.80146,98.33355,osm,,,,,,
Billion Café,,Café,Airport,,,,,,,8.10728,98.30633,osm,,,,,,
Bistro,,Restaurant,Patong,,,,,,,7.89608,98.29606,osm,,,,,,
Bistro Bangtao Beach,,Café,Bang Tao,,,,,,,7.98611,98.28841,osm,,,,,,
Bistrot,,Guesthouse,Kata,,,,,,,7.81566,98.30527,osm,,,,,,
Biwty Smile,,Beauty & spa,Kata,,,,,,,7.81645,98.30677,osm,,,,,,
Biz Rent a Car,,Vehicle rental,Airport,,,,,,,8.10856,98.30851,osm,,,,,,
BJ Souvenir,,Souvenirs & gifts,Kata,,,,,,,7.82464,98.29744,osm,,,,,,
Black & White Restaurant,,Restaurant,Patong,,,,,,,7.89769,98.30192,osm,,,,,,
Black Bull,,Restaurant,Rawai,,,,,,,7.77742,98.31916,osm,,,,,,
Black Canyon Coffee,,Café,Kata,,,,,,,7.81554,98.30032,osm,,,,,,
Black Cat,,Restaurant,Cherngtalay,,,,,,,7.99142,98.30653,osm,,,,,,
Black Dragon Inn,แบล็ค ดรากอน อินน์,Hotel,Chalong,,,Chalong,,,,7.82278,98.33874,osm,,,,,,
Black Forest,,Restaurant,Karon,,,,,,,7.84818,98.29507,osm,,,,,,
Black Mamba Bar,,Bar,Kamala,,,,,,,7.94853,98.28386,osm,,,,,,
Black Pearl,,Restaurant,Kata,,,,Mo-Su 10:00-22:00,,,7.81618,98.30099,osm,,,,,,
Black Sheep Cafe & House,,Café,Kathu,0869525552,,,Mo-Sa 09:00-20:00,,,7.90947,98.34436,osm,,,,,,
BlackDuck Homecoffee,,Café,Old Town,+66987378481,blackduckhomecoffee@gmail.com,20/40 ซอย พันเทพ 1 ถนน แม่หลวน ตำบลตลาดเหนือ,Mo-Su 09:00-21:00,,,7.88912,98.38067,osm,,,,,,
Bliss Beach Club,Catch Beach Club,Bar,Bang Tao,+66653482017,https://catchbeachclub.com,,Su-Th 11:00-24:00; fr-sa 11:00-01:00,,,7.98858,98.28918,osm,,,,,,
Blow,Blow,Nightlife,Patong,,https://m.facebook.com/blowvip/,,,,,7.89317,98.29786,osm,,,,,,
Blu Monkey,,Hotel,Old Town,,https://www.blumonkeyhotels.com/boutiquephukettown/,,,,,7.90016,98.38076,osm,,,,,,
Blue Bird Restaurant,บลูเบิร์ด by ศาลาลอยซีฟู๊ด,Restaurant,Old Town,+66946252416,,9/20 ถนนเทพกระษัตรี Phuket,10:00-22:00,,,7.90243,98.38824,osm,,,,,,
Blue Canyon Country Club,,Hotel,Airport,,,,,,,8.10656,98.3345,osm,,,,,,
Blue Canyon Golf Resort,,Golf,Airport,,,,,,,8.10074,98.32393,osm,,,,,,
Blue Dolphin Men's Massage,,Massage & spa,Patong,,,,,,,7.89508,98.29959,osm,,,,,,
Blue Fish BBQ patong,,Restaurant,Patong,0843302521,https://blue-fish-bbq.business.site,22 ถนนนาใน,Mo-Su 11:00-23:00,,,7.8941,98.30495,osm,,,,,,
Blue Horizon,,Restaurant,Patong,,,Soi Patong Tower,Mo-Su 12:00-23:00,,,7.89195,98.29478,osm,,,,,,
blue light residence,,Hotel,Patong,,,,,,,7.88457,98.302,osm,,,,,,
Blue Manao,,Restaurant,Kamala,+66 83 3918509,,93 Rim Hat Road,,,,7.94968,98.28028,osm,,,,,,
Blue Monke,,Hotel,Phuket Town,,,Phang Nga Phuket,,,,7.88394,98.39422,osm,,,,,,
Blue Ocean,,Restaurant,Karon,,,,,,,7.84816,98.29582,osm,,,,,,
Blue Ocean Resort,,Hotel,Patong,,,,,,,7.88389,98.2932,osm,,,,,,
Blue sunset,,Restaurant,Nai Yang,,,,,,,8.06157,98.27735,osm,,,,,,
Blue Tree,,Water park,Cherngtalay,+6676602435,https://www.bluetree.fun/,4/2 Srisoonthorn Rd. Cherngtalay,Tu-Su 10:00-18:00,,,7.98966,98.31911,osm,,,,,,
Bluewave,,Restaurant,Cape Panwa,,https://m.facebook.com/Bluewavephuket/,,Mo-Su 11:00-23:00,,,7.8061,98.40515,osm,,,,,,
BM guesthouse,,Guesthouse,Chalong,,,,,,,7.85251,98.34741,osm,,,,,,
Boat Bar Restaurant,,Bar,Kamala,,,,,,,7.9561,98.28327,osm,,,,,,
Boat Noodle,,Restaurant,Koh Kaew,,,,,,,7.93324,98.37698,osm,,,,,,
Bollywood,,Restaurant,Old Town,076 304 034,,,,,,7.90012,98.3677,osm,,,,,,
Bon Pan Asian Tapas,,Restaurant,Patong,+66 65 239 2777,https://en.laromegroup.com/bontapas,"124/4 124/4 Rat-U-Thid 200 Phi Road, Pa Tong, Kathu District, Patong, Thailand, 83150 Patong",Mon- Sun 12:00 - 23:30,,,7.89865,98.29979,osm,,,,,,
Bon Sai,,Restaurant,Kamala,,,,,,,7.95027,98.28174,osm,,,,,,
BonCafé,,Café,Kamala,,,,,,,7.94948,98.28401,osm,,,,,,
Bondi Aussie Bar & Grill,,Bar,Patong,,,,,,,7.89219,98.29833,osm,,,,,,
Bonfire Bar,,Bar,Kamala,,,,,,,7.95718,98.28836,osm,,,,,,
Booktree Library & Café,,Café,Paklok,+66815393900,https://m.facebook.com/Booktree-Library-Caf%C3%A9-211800802752246/?ref=page_internal&mt_nav=0,,Fr-We 08:00-18:00,,,8.02594,98.40212,osm,,,,,,
Boom Boom,,Bar,Kata,,,,,,,7.81363,98.29914,osm,,,,,,
Boom Party Bar,,Bar,Patong,,,,,,,7.89672,98.30011,osm,,,,,,
Boomerang Resort,,Hotel,Kata,+66623648197,https://www.boomerangresortphuket.com/,Patak soi 10 Mueang Phuket District,,,,7.82917,98.30289,osm,,,,,,
Boompy bar,,Bar,Rawai,,,,,,,7.77813,98.31927,osm,,,,,,
Booster Bar,,Café,Paklok,,,,,,,8.04889,98.35294,osm,,,,,,
Born to drink,,Café,Kata,+66 81 693 4452,,,Mo-Su 07:00-16:45,,,7.80627,98.30045,osm,,,,,,
Borsalino,,Restaurant,Patong,,,,,,,7.88888,98.29274,osm,,,,,,
Boss,,Café,Chalong,,,,,,,7.85406,98.34486,osm,,,,,,
Bottom Caffee,,Restaurant,Cape Panwa,,,,,,,7.81498,98.39588,osm,,,,,,
Bounty Seafood,,Restaurant,Kata,,,,,,,7.83165,98.29528,osm,,,,,,
BR Business Scooter Rental,,Vehicle rental,Phuket Town,+66992262159,,183/23 ถนนพังงา,Mo-Su 07:30-17:00,,,7.88335,98.39522,osm,,,,,,
Brasserie Beach Restaurant And Bar,,Restaurant,Cape Panwa,,,,,,,7.81208,98.39032,osm,,,,,,
Bratwurst Peter,,Restaurant,Patong,,,Nanai Soi 2 patong phuket,Mo-Su 10:00-22:00,,,7.88715,98.30265,osm,,,,,,
Brauhaus Rawai Phuket,,Restaurant,Rawai,,,,,,,7.77721,98.31915,osm,,,,,,
"Braun Car Rentals, Phuket",,Vehicle rental,Nai Yang,,http://www.braun-rentacar.com,,,,,8.09821,98.30673,osm,,,,,,
BRB Be Right Back bar,,Bar,Chalong,,,,,,,7.82869,98.34026,osm,,,,,,
Bread Fusion,,Restaurant,Kamala,,,96/23 ถนนหน้าหาด,,,,7.95018,98.27963,osm,,,,,,
Break Point,,Hotel,Patong,,,,,,,7.89186,98.2951,osm,,,,,,
Break point Restaurant & Hotel,,Restaurant,Patong,,,,,,,7.89188,98.29505,osm,,,,,,
Breakfast place,,Restaurant,Phuket Town,,,,,,,7.88336,98.39446,osm,,,,,,
Breezotel,,Hotel,Patong,,,,,,,7.88443,98.29749,osm,,,,,,
Brew 96°,,Restaurant,Karon,+66 93 157 3577,,,Mo-Su 09:00-22:00,,,7.8485,98.29386,osm,,,,,,
Brook Resort & Villas,,Guesthouse,Chalong,,https://brookresort.com/,,,,,7.83836,98.34975,osm,,,,,,
Brown Rice,,Restaurant,Rawai,+66888196107,,Sai Yuan,Mo-Su 12:00-00:00,,,7.80152,98.33243,osm,,,,,,
Brown Rice Restaurant,,Restaurant,Rawai,,,,,,,7.79253,98.32135,osm,,,,,,
Bruschetta Cafe & Bistro,,Bar,Cherngtalay,,,Soi Bangtao 2 Phuket,Mo-Sa 08:30-17:00,,,7.98646,98.29879,osm,,,,,,
BT,,Restaurant,Kata,,,,,,,7.82479,98.2979,osm,,,,,,
Buble milk tea,,Café,Cherngtalay,,,,,,,7.9798,98.36285,osm,,,,,,
Bucha gallery and restaurant,,Restaurant,Chalong,,,,,,,7.83516,98.3483,osm,,,,,,
Buddhist Items & Hand-Crafted Gifts,,Souvenirs & gifts,Chalong,,,,,,,7.82486,98.34258,osm,,,,,,
Buffalo Stakehouse,,Restaurant,Karon,,,,,,,7.84768,98.29364,osm,,,,,,
Bukit Elephant Park,,Attraction,Chalong,+66930165888,https://www.bukitelephantpark.com,78/10,,,,7.86154,98.32121,osm,,,,,,
Burasari Phuket,,Hotel,Patong,,,18/110 Ruamchai Road,,,,7.8879,98.29312,osm,,,,,,
Burger,,Street food,Rawai,,,,,,,7.79258,98.32163,osm,,,,,,
Burger & Pasta Factory,,Restaurant,Bang Tao,+66802080168,https://www.burger-phuket.com/,49/81 Boat Avenue Phuket,Mo-Su 12:00-21:00,,,7.99459,98.30421,osm,,,,,,
Burger Cafe’ by Chef Tan,,Café,Chalong,+66927824623,http://Facebook.com/burgerbytan,58/43 Moo 8 Soi Chaofa 26,Tu-Su 10:00-20:00,,,7.82807,98.34213,osm,,,,,,
Burger House Old Town,,Street food,Old Town,,,,,,,7.88539,98.38877,osm,,,,,,
Burger King,,Street food,Chalong,,,,,,,7.86828,98.35591,osm,,,,,,
Burger Me,,Street food,Rawai,,,,,,,7.78744,98.31711,osm,,,,,,
Burger Theater,,Restaurant,Kamala,,,,,,,7.95808,98.2876,osm,,,,,,
Burger Town Patong (Halal / حلال),,Restaurant,Patong,+66 80 346 1170,https://www.facebook.com/burgertownpatong,77 ถนนพระบารมี Patong,Mo-Su 14:00-00:00,,,7.90377,98.3041,osm,,,,,,
Burgers,,Street food,Chalong,,,,,,,7.82278,98.33841,osm,,,,,,
Busa Ba,,Massage & spa,Nai Yang,,,,,,,8.09268,98.30293,osm,,,,,,
Butcher,,Restaurant,Patong,,,,,,,7.89886,98.29979,osm,,,,,,
Butterfly,,Restaurant,Surin,,,,Mo-Su 09:00-21:00,,,7.98006,98.28632,osm,,,,,,
Butterfly Bistro,,Restaurant,Karon,+66 82 965 2716,,,Mo-Su 08:00-23:00,,,7.84291,98.29543,osm,,,,,,
By The Lake Villas,,Hotel,Nai Harn,,,27/61 Soi Naya Phuket,,,,7.78465,98.30957,osm,,,,,,
By the Sea,,Hotel,Cape Panwa,,,,,,,7.81803,98.38525,osm,,,,,,
Byd,,Restaurant,Patong,,,,,,,7.90075,98.2998,osm,,,,,,
BYD Boutique Hotel,,Hotel,Patong,,,,,,,7.89152,98.29657,osm,,,,,,
C & Shell,,Pharmacy,Mai Khao,,,,Mo-Su 07:00-22:00,,,8.17204,98.29807,osm,,,,,,
C‘est Bien,,Restaurant,Bang Tao,,,,,,,8.02675,98.29622,osm,,,,,,
C&M Hotel,,Hotel,Patong,,,,,,,7.894,98.29859,osm,,,,,,
C&N Resort and Spa,,Hotel,Patong,,,,,,,7.88062,98.2943,osm,,,,,,
Cafe,,Café,Kata,,,,,,,7.82671,98.29219,osm,,,,,,
Cafe & deli,,Café,Kata,,,,,,,7.81306,98.29865,osm,,,,,,
Cafe Amazon,,Café,Rawai,,,,06:30-17:30,,,7.77147,98.32034,osm,,,,,,
Cafe by CoCo Pier,,Café,Cape Panwa,,,,,,,7.82304,98.40379,osm,,,,,,
Cafe Check in koh yao,,Café,Paklok,,,,,,,8.04898,98.41602,osm,,,,,,
Café DCUP,,Café,Bang Tao,,,,,,,8.01232,98.31645,osm,,,,,,
Café de Bangtao,,Restaurant,Bang Tao,,,69/117 Bangtao Beach Rd Thalang,Mo-Su 08:00-01:00,,,7.98635,98.28974,osm,,,,,,
Cafe del Mar,,Restaurant,Kamala,+66935804486,https://phuket.cafedelmar.com,,,,,7.96105,98.28388,osm,,,,,,
Cafe for family,,Street food,Kata,,,,,,,7.81574,98.30091,osm,,,,,,
Cafe Gabi,,Restaurant,Chalong,+66 98 316 4895,,,,,,7.84686,98.33425,osm,,,,,,
Cafe Havana,,Café,Kata,,,,,,,7.80869,98.30229,osm,,,,,,
Cafe Java,,Guesthouse,Patong,,,,,,,7.88546,98.29341,osm,,,,,,
Cafe Kantary,,Café,Cape Panwa,+6676391514,,31/5 ถนนศักดิ์ดีจนะ,Mo-Su 08:00-21:00,,,7.80536,98.40618,osm,,,,,,
Café Panan,,Café,Airport,,,,,,,8.10727,98.30639,osm,,,,,,
Cafe Racer Bar Phuket,,Café,Nai Yang,,,Thepkrasatree rd 249 - 14 Thalkang,Mo-Su 10:00-22:00,,,8.05629,98.32447,osm,,,,,,
Cafe Soccer,,Café,Old Town,,,,,,,7.89389,98.36279,osm,,,,,,
Café Studio,,Café,Karon,,,,Mo-Su 08:00-18:00,,,7.84657,98.29411,osm,,,,,,
Cafe Y ate,,Café,Phuket Town,,,,,,,7.88355,98.39057,osm,,,,,,
Cafeopera Live - Kata Beach,,Restaurant,Kata,,https://www.facebook.com/pages/Cafeopera-live-Kata-Beach/269189859788067,,,,,7.81716,98.3013,osm,,,,,,
Cafh cafe at home,,Café,Chalong,,,,,,,7.83504,98.33213,osm,,,,,,
Calypso,,Hotel,Patong,,,,,,,7.88194,98.29969,osm,,,,,,
Camp Out Cafe,,Café,Koh Kaew,,,,,,,7.92481,98.38075,osm,,,,,,
Campus coffee roaster,,Café,Old Town,,,,Mo-Su 08:00-18:00,,,7.88493,98.38735,osm,,,,,,
Campus Coffee Roasters - Patong,,Café,Patong,,,186 ถนนราษฎร์อุทิศ 200 ปี Patong,Mo-Su 10:00-19:30,,,7.8891,98.30058,osm,,,,,,
Can Do Bar,,Bar,Kamala,,,Kamala Main Road,,,,7.94993,98.28542,osm,,,,,,
Canal Resort,,Hotel,Nai Yang,,,,,,,8.09598,98.3091,osm,,,,,,
Candy,,Bar,Rawai,,,,,,,7.78654,98.32963,osm,,,,,,
CannabisFarm,,Pharmacy,Kata,0921082099,,51 Thaina Road,24/7,,,7.82781,98.29937,osm,,,,,,
Canteen,,Restaurant,Kathu,,,,08:00-14:00,,,7.89242,98.35212,osm,,,,,,
CAP Mansion Phuket,,Hotel,Old Town,,,,,,,7.8781,98.37132,osm,,,,,,
Capannina,,Restaurant,Kata,,http://www.capannina-phuket.com/en/restaurant.html,,,,,7.81668,98.30115,osm,,,,,,
Capannina Inn,,Hotel,Kata,+66 76 284 450,https://phuket-capannina-inn.com/,,,,,7.82309,98.29996,osm,,,,,,
Cape Diem,,Restaurant,Surin,,,,,,,7.98469,98.2845,osm,,,,,,
Cape Panwa Hotel,,Hotel,Cape Panwa,+660763911235,https://www.capepanwa.com/,,,,,7.80742,98.40911,osm,,,,,,
Cape Promthep restaurant,,Restaurant,Nai Harn,,,,,,,7.76432,98.3054,osm,,,,,,
Cape Sienna Phuket Hotel & Villas,,Hotel,Kamala,,,,,,,7.94966,98.27412,osm,,,,,,
Cappadocia,,Restaurant,Karon,,,,,,,7.84424,98.30128,osm,,,,,,
Capri,,Restaurant,Karon,+66 94 604 0172,,,Mo-Su 12:00-23:00,,,7.83297,98.29525,osm,,,,,,
Capt Hook's,,Restaurant,Chalong,,,,,,,7.82376,98.3424,osm,,,,,,
Captain Tea,,Café,Phuket Town,,,,,,,7.88317,98.39028,osm,,,,,,
Capybara Cafe,,Café,Old Town,,,,,,,7.88099,98.37104,osm,,,,,,
Car and motobike rent,,Vehicle rental,Rawai,,,,,,,7.80165,98.33507,osm,,,,,,
Car and motobike rental,,Vehicle rental,Rawai,,,,,,,7.79711,98.32719,osm,,,,,,
Car Hire Phuket,,Vehicle rental,Karon,+66 65 976 9300,https://monkeycar.ru,,24/7,,,7.84923,98.29361,osm,,,,,,
Cardio Gym,,Gym & fitness,Paklok,,,,,,,8.04842,98.35298,osm,,,,,,
Care Tawan Cafe & Restaurant,,Restaurant,Nai Harn,+66 85 295 5299,,,,,,7.79522,98.31871,osm,,,,,,
Carnival Magic,,Theme park,Kamala,,https://www.carnivalmagic.fun/eng/,"999 Moo 3 Kamala, Kathu District Phuket",Sa 17:00-23:30; Mo 17:00-23:30; We 17:00-23:30; Th-Fr closed; Su closed; Tu closed,,,7.95802,98.28697,osm,,,,,,
Carnival Magic Style,,Souvenirs & gifts,Kamala,,,,,,,7.95774,98.28748,osm,,,,,,
Carpe Diem Pool Villa,,Guesthouse,Kata,,,,,,,7.81957,98.30881,osm,,,,,,
Carpio Hotel,,Hotel,Old Town,,,,,,,7.90047,98.36487,osm,,,,,,
Carting,,Attraction,Chalong,,,,,,,7.82311,98.33378,osm,,,,,,
Cartoon bar,,Bar,Bang Tao,,,,Mo-Su 9:00-24:00,,,7.98679,98.28781,osm,,,,,,
Casa bella,,Hotel,Chalong,,,,,,,7.82755,98.34027,osm,,,,,,
Casa Bella Hotel,,Hotel,Chalong,,,,,,,7.82747,98.34027,osm,,,,,,
Casa Boho,,Restaurant,Kamala,,,,,,,7.94608,98.27121,osm,,,,,,
Casa Brazil,,Hotel,Karon,,,,,,,7.83333,98.29702,osm,,,,,,
Casa de Coral Boutique Hotel,,Hotel,Kata,,,,,,,7.8225,98.29906,osm,,,,,,
Casa DeeDee (Dee Inn),,Hotel,Nai Harn,,,,,,,7.79154,98.31721,osm,,,,,,
Casa Del M,,Hotel,Patong,,,,,,,7.90489,98.30704,osm,,,,,,
Casa E Mare Hotel Phuket,,Hotel,Kata,,,,,,,7.81556,98.30468,osm,,,,,,
Casa Tua,,Café,Patong,,,,,,,7.8819,98.29406,osm,,,,,,
Casanova,,Restaurant,Patong,66844470672,,,Mo-Su 12:00-00:00,,,7.89124,98.29704,osm,,,,,,
Cashew Nut,,Restaurant,Rawai,,,,,,,7.78993,98.32704,osm,,,,,,
Cashew store,,Attraction,Chalong,,,,,,,7.86065,98.35439,osm,,,,,,
Cassia Phuket,,Hotel,Bang Tao,,,,,,,8.00021,98.29634,osm,,,,,,
Casuarira beach,,Restaurant,Bang Tao,,,,,,,8.00095,98.29266,osm,,,,,,
Casuarira Pub,,Bar,Bang Tao,,,,,,,8.00105,98.29266,osm,,,,,,
Cat fish cafe,,Restaurant,Rawai,,,,12:30-20:00,,,7.78544,98.31722,osm,,,,,,
Cat Massage,,Massage & spa,Patong,,,,Mo-Su 10:00-00:00,,,7.89848,98.30403,osm,,,,,,
Cat Story,,Hotel,Patong,,,,,,,7.88435,98.29621,osm,,,,,,
CC Porntip Hotel,,Hotel,Patong,+66 76 341 719,ccporntiphotelphuket.com,,,,,7.88977,98.29772,osm,,,,,,
CC's Hideaway,,Hotel,Kata,+66 76 33 32 22,https://www.ccshideaway.com/,,,,,7.82984,98.30465,osm,,,,,,
"Cel Tours Thailand Co.,Ltd.",,Tours & travel,Kathu,,https://www.celtours-thailand.com/,9/129;9/130;9/131;9/132;9/133,,,,7.92033,98.33372,osm,,,,,,
Centara Blue Marine Resort & Spa,,Hotel,Patong,,,,,,,7.91094,98.29743,osm,,,,,,
Centara Grant,,Hotel,Karon,+66 76 201 234,https://www.centarahotelsresorts.com,,,,,7.85774,98.29066,osm,,,,,,
Centara Kata Resort Phuket,,Hotel,Kata,,,,,,,7.82162,98.29967,osm,,,,,,
Central Villas Resort,,Hotel,Karon,,,,,,,7.85976,98.28753,osm,,,,,,
Ceramic Café,,Café,Rawai,,,,,,,7.76785,98.31475,osm,,,,,,
Ceres,,Restaurant,Chalong,,,,,,,7.86009,98.34336,osm,,,,,,
CHA CAFĚ,,Café,Patong,,,,Mo-Su 07:00-19:00,,,7.89748,98.30149,osm,,,,,,
Cha Chang,,Café,Paklok,,,,,,,8.06771,98.43832,osm,,,,,,
Cha-phu restaurant,,Restaurant,Old Town,,,96 ถนนเยาวราช,Mo-Su 11:00-22:00,,,7.88606,98.38768,osm,,,,,,
Chaba Resort Phuket,,Hotel,Bang Tao,,,,,,,7.99427,98.30275,osm,,,,,,
Chabana Kamala Hotel,,Hotel,Kamala,+6607627943337,https://www.chabanakamalahotel.com/,"66/4 Kamala & Patong Road, T. Kamala",24/7,,,7.94875,98.28324,osm,,,,,,
Cháchā Tea Cafe & Co-woring space,,Café,Old Town,+66 84 3606612,,,Mo-Sa 11:00-19:00,,,7.88458,98.37991,osm,,,,,,
Chai Guesthouse,,Guesthouse,Kata,+66 76 333 163,,,,,,7.81622,98.30325,osm,,,,,,
Chain of love,,Hotel,Old Town,,,,,,,7.91226,98.36807,osm,,,,,,
Chair Cafe,,Café,Old Town,,,,,,,7.88383,98.3873,osm,,,,,,
Chaiyo Seafood,,Restaurant,Chalong,,,,,,,7.84742,98.37158,osm,,,,,,
Chalong Beach Hotel & Spa,,Hotel,Panwa,66076381838,http://www.chalongbeachhotelandspa.com,ถนนวิเศษ,24/7,,,7.81017,98.33955,osm,,,,,,
Chalong Buffet,,Restaurant,Chalong,,,,Mo-Su 17:00-00:00,,,7.82332,98.33569,osm,,,,,,
Chalong Chalet Resort & Longstay,,Hotel,Chalong,,,,,,,7.8259,98.32605,osm,,,,,,
Chalong Chalet Resort & Longstay reception,,Hotel,Chalong,+66076281406,https://www.chalongchaletresort.com,,,,,7.82573,98.32723,osm,,,,,,
Chalong Gym,,Gym & fitness,Chalong,,,,,,,7.83147,98.34478,osm,,,,,,
Chalong Marina,,Marina & charters,Panwa,,,,,,,7.81881,98.34956,osm,,,,,,
Chalong Pier Restaurant,,Restaurant,Chalong,,,,,,,7.82151,98.34475,osm,,,,,,
Cham Noodles Soup,,Street food,Patong,0293271459,,,,,,7.90093,98.30042,osm,,,,,,
Chamber by Good Cafe,,Café,Kathu,+66 65 552 9199,,,Mo-Su 09:00-18:00,,,7.9174,98.33104,osm,,,,,,
Champa,,Massage & spa,Karon,+66 81 158 1799,https://www.champa-group.com,,Mo-Su 10:00-24:00,,,7.84769,98.29355,osm,,,,,,
Chanadda,,Restaurant,Kata,+66 76 318 350,https://www.katathani.com/restaurant/chanadda,,Mo-Su 18:00-22:30,,,7.80836,98.29937,osm,,,,,,
Chanalai Flora Resort,,Hotel,Kata,,,,,,,7.8155,98.30149,osm,,,,,,
Chanatip Guest House,,Hotel,Patong,,,4 Sainamyen,,,,7.89631,98.29881,osm,,,,,,
Chandara Resort & Spa,,Hotel,Paklok,,,,,,,8.06657,98.44105,osm,,,,,,
Chang car and motobike rental,,Vehicle rental,Rawai,,,,,,,7.7984,98.32818,osm,,,,,,
Chang Club Hotel,,Hotel,Patong,,,,,,,7.89225,98.30114,osm,,,,,,
Chang Gym,,Gym & fitness,Kata,+66 76 284 525,https://www.changmuaythai.com/,,,,,7.81644,98.30301,osm,,,,,,
Chang Noi Restaurant,,Restaurant,Karon,,,,,,,7.84798,98.29647,osm,,,,,,
Chang Pub,,Restaurant,Patong,,,,,,,7.89255,98.30033,osm,,,,,,
Change,Chang thai restaurant,Restaurant,Patong,,,,,,,7.892,98.29492,osm,,,,,,
Chanisara,,Restaurant,Kata,+66 66 031 6733,,,Mo-Su 11:00-22:00,,,7.81776,98.30099,osm,,,,,,
Chanjaow Bakery,,Café,Patong,,,,Tu-Su 07:00-18:00,,,7.88586,98.30263,osm,,,,,,
Chantra Luna,,Massage & spa,Karon,+66 94 747 1991,,,Mo-Su 10:00-24:00,,,7.84875,98.29364,osm,,,,,,
Chao Doi,,Café,Chalong,+66 95 423 4182,http://www.chaodoicoffee.com,,Mo-Su 07:00-18:00,,,7.82386,98.33241,osm,,,,,,
Chaofa west suites,,Guesthouse,Chalong,+66828040518,https://chalongapartment.com,,,,,7.83233,98.33703,osm,,,,,,
Charcoal Panwa Beach,,Hotel,Cape Panwa,+66970044569,https://www.booking.com/hotel/th/charcoal-panwa-beach-phuket.th.html?aid=7932742,101 ถนนศักดิเดชน์ วิชิต,,,,7.81361,98.40127,osm,,,,,,
Charlie's House,,Guesthouse,Patong,,,,,,,7.89473,98.29897,osm,,,,,,
Charm Restaurant,,Restaurant,Surin,,,,,,,7.97914,98.2823,osm,,,,,,
Charming Siam,,Restaurant,Karon,+66 65 964 0534,,,Mo-Su 10:00-23:30,,,7.8429,98.29527,osm,,,,,,
Charoen Seafood,,Restaurant,Kamala,,,Rim Hat Road,,,,7.95034,98.28085,osm,,,,,,
ChaTraMue,,Café,Cherngtalay,,,,Mo-Su 07:00-18:00,,,7.98246,98.36199,osm,,,,,,
Chaya,,Massage & spa,Karon,+66 98 124 9239,,,Mo-Su 09:00-23:30,,,7.84423,98.29429,osm,,,,,,
Cheap and Clean House,,Guesthouse,Chalong,+66874698390,http://www.cheaproominphuket.com/,40/63 ยอดเสนซอย 1 Chalong,,,,7.83254,98.33607,osm,,,,,,
Cheap Charlie's Backpacker Lodge,,Hotel,Patong,,,,,,,7.8911,98.30382,osm,,,,,,
Cheap Rooms Phuket,,Hotel,Patong,,,,,,,7.89387,98.29871,osm,,,,,,
Cheap-Ass,,Restaurant,Nai Harn,+6676388449,,Soi Naya 2 Rawai Phuket Thailand,Mo-Su 09:00-21:30,,,7.78772,98.31689,osm,,,,,,
CHEF ICE,,Café,Kata,,,Soi Nam Duem Green,,,,7.82211,98.30402,osm,,,,,,
Chef's Table,,Restaurant,Karon,+66 76 358 666,,,Mo-Su 18:00-22:00,,,7.85364,98.29295,osm,,,,,,
Chernin hotel,,Hotel,Chalong,+66842619644,,,,,,7.81554,98.33618,osm,,,,,,
Chet,,Restaurant,Karon,+66 62 091 4559,,,Mo-Su 11:00-22:00,,,7.84254,98.29502,osm,,,,,,
Chez Nous,,Restaurant,Nai Harn,,,,,,,7.78147,98.31207,osm,,,,,,
Chians Civilian Reggae Bar,,Bar,Patong,,,,,,,7.89857,98.29767,osm,,,,,,
Chic,,Restaurant,Karon,,,,,,,7.84807,98.29602,osm,,,,,,
Chic Nail,,Beauty & spa,Nai Yang,,,,,,,8.09266,98.30288,osm,,,,,,
Chicken Coop,,Restaurant,Rawai,,,,,,,7.78883,98.31747,osm,,,,,,
Chill Chill Massage,,Massage & spa,Cape Panwa,,,,,,,7.81117,98.38737,osm,,,,,,
Chill Grill,,Restaurant,Karon,+66 87 886 6992,,,Mo-Su 10:00-22:00,,,7.83399,98.29568,osm,,,,,,
Chillihouse,,Restaurant,Rawai,,,,,,,7.79356,98.32547,osm,,,,,,
China Inn,,Restaurant,Old Town,,,,,,,7.8849,98.38791,osm,,,,,,
Chinda Hotpot,,Restaurant,Old Town,,,,,,,7.90313,98.37766,osm,,,,,,
Chit Chat corner,,Café,Bang Tao,,,,Mo-Su 18:00-22:00,,,7.99091,98.30122,osm,,,,,,
Chit Hole Phuket Brewery,,Bar,Phuket Town,+66 64 954 6616,https://chitholding.com/,50/2 ถนนตะกั่วป่า ตำบลตลาดเหนือ,Tu-Su 17:00-01:00,,,7.88123,98.38847,osm,,,,,,
Chivarome,,Massage & spa,Kata,+66 90 902 0666,,,Mo-Su 11:00-24:00,,,7.81986,98.30029,osm,,,,,,
Chivatara Resort,,Hotel,Surin,,,,,,,7.98401,98.28502,osm,,,,,,
Chivitr Health and Rejuvenation,,Hotel,Nai Harn,+66 76 388 838,https://www.chivitr.com/,,,,,7.78175,98.30954,osm,,,,,,
Chok Bunchuai Apartment,,Guesthouse,Old Town,,,100/254 Srisuchat 12 Phuket,,,,7.91477,98.37068,osm,,,,,,
Chok dee,,Beauty & spa,Kata,+66 94 719 3530,,,Mo-Su 10:00-23:00,,,7.815,98.30004,osm,,,,,,
Chom View Bar,,Café,Kata,,,,,,,7.80921,98.30227,osm,,,,,,
Choophorn House,,Guesthouse,Kata,+6676333279,https://choophornhouse.com/,,,,,7.81617,98.30278,osm,,,,,,
Chot Manee,,Massage & spa,Kata,,,,,,,7.82487,98.30068,osm,,,,,,
Chotivala,,Restaurant,Patong,,,,,,,7.89126,98.29732,osm,,,,,,
Chuen Chom Café & Restaurant,,Restaurant,Chalong,,,,Mo-Su 08:00-22:00,,,7.85434,98.34415,osm,,,,,,
Chumpon,Chumpon,Street food,Rawai,,,Soi Saiyuan 3,Mo-Su 09:00-09:00,,,7.79488,98.32627,osm,,,,,,
Chung hue Hut,,Restaurant,Nai Harn,,,,,,,7.79597,98.31799,osm,,,,,,
Ciao Pizza,,Restaurant,Karon,+66 63 062 6811,https://pizzagrillphuket.com,,Mo-Su 11:00-23:00,,,7.83707,98.29522,osm,,,,,,
Cielo,,Restaurant,Bang Tao,076 310 100,https://trisara.com/cielo/,"60/1 Moo 6, Srisoonthorn Road, Cherngtalay, Thalang, Phuket",12:00-22:00,,,8.03546,98.27591,osm,,,,,,
Cirtus hospitality patong,,Hotel,Patong,,,,,,,7.88531,98.29338,osm,,,,,,
Claws & Co.,,Restaurant,Mai Khao,,,,,,,8.1688,98.29643,osm,,,,,,
Clear House Resort,,Hotel,Kamala,,,,,,,7.95028,98.28654,osm,,,,,,
Cloud 19 Beach Retreat,,Hotel,Cape Panwa,,https://www.cloud19phuket.com/,,,,,7.81293,98.38694,osm,,,,,,
Cloud Nine,,Bar,Kamala,,,,,,,7.95814,98.28764,osm,,,,,,
Club Bamboo Ananthara Villa ป่าตองพูลวิลล่า,,Hotel,Patong,,,,,,,7.87885,98.29851,osm,,,,,,
Club Bamboo Boutique Resort & Spa คลับแบมบูล บูติก รีสอร์ท,,Hotel,Patong,+66 76 345 345,https://clubbamboo.com/,247/1-8 Nanai Road,,,,7.88015,98.297,osm,,,,,,
Coast,,Restaurant,Karon,+66 76 201 234,,,Mo-Su 11:00-23:00,,,7.85754,98.29066,osm,,,,,,
Coco beach,,Restaurant,Nai Yang,,,,,,,8.08873,98.2977,osm,,,,,,
Coco Resort Patong,,Hotel,Patong,,,,,,,7.88167,98.29772,osm,,,,,,
Coco retreat,,Hotel,Chalong,,,,,,,7.84623,98.34427,osm,,,,,,
CoCo Spa,,Beauty & spa,Old Town,,,,,,,7.87973,98.35575,osm,,,,,,
CoCo Tours,,Tours & travel,Kata,+66952895030,http://budget-tour.com,48/23 Kata road,Mo-Su 09:30-22:00,,,7.81792,98.30111,osm,,,,,,
Coconut,,Restaurant,Mai Khao,,,,,,,8.17252,98.33704,osm,,,,,,
Coconut bar - Live music,,Bar,Rawai,+66 97 343 3339,,,15:00-01:00,,,7.77105,98.3194,osm,,,,,,
Coconut Bungalow,,Hotel,Nai Yang,+66 89 646 8185,,,,,,8.09313,98.30808,osm,,,,,,
Coconut Cafe,,Café,Phuket Town,,,,,,,7.88553,98.39074,osm,,,,,,
Coconut Seafood,,Café,Kata,,,,Mo-Su 12:00-22:00,,,7.81816,98.30058,osm,,,,,,
Coconut tree restaurant and bar,,Restaurant,Nai Yang,,,,15:00+,,,8.05793,98.27829,osm,,,,,,
Coconut village resort,,Hotel,Patong,,,,,,,7.8846,98.29255,osm,,,,,,
coconutbar,,Bar,Chalong,,,,,,,7.82183,98.34167,osm,,,,,,
Coconuts and local gifts,,Souvenirs & gifts,Rawai,,,,,,,7.80164,98.33366,osm,,,,,,
Cocoon,,Bar,Patong,,,,,,,7.89313,98.29789,osm,,,,,,
Cocoon Islanda Hotel,,Hotel,Patong,,https://live.ipms247.com/booking/book-rooms-cocoonislandahotel,162/98-100 Phangmuang Sai Kor Patong Beach,,,,7.88517,98.29793,osm,,,,,,
Cocunut Garden,,Restaurant,Kamala,+66814773331,,,,,,7.95485,98.283,osm,,,,,,
Cofee Home,Cofee Home,Café,Rawai,,,,,,,7.79253,98.32448,osm,,,,,,
Coffee and Ceramics,,Café,Nai Yang,,,,,,,8.09266,98.30127,osm,,,,,,
Coffee House,,Café,Kata,,,,Mo-Fr 08:30-17:00,,,7.83198,98.29527,osm,,,,,,
Coffee house cafe,,Café,Kata,+66809696764,http://bussines.coffeehousecafe.com,88/25-26 Kata Road,Mo-Su 07:30-23:00,,,7.82194,98.29909,osm,,,,,,
Coffee in Farm Restaurant,,Restaurant,Kathu,,,,"Mo-Su,PH 10:00-21:00",,,7.93751,98.34933,osm,,,,,,
Coffee Talk,,Café,Karon,+66 63 062 6811,,,Mo-Su 09:00-21:00,,,7.83702,98.29518,osm,,,,,,
Coffee Time,,Café,Rawai,,,,,,,7.7958,98.32641,osm,,,,,,
Coffee World,,Café,Patong,,,,,,,7.88785,98.29212,osm,,,,,,
Coffemania house,,Café,Patong,,,,,,,7.88604,98.29782,osm,,,,,,
Colora Hotel Phuket,,Hotel,Patong,,,,,,,7.88502,98.29572,osm,,,,,,
Come Back,,Restaurant,Phuket Town,,,,,,,7.8833,98.39343,osm,,,,,,
ComebackPhuket,,Café,Phuket Town,0659502555,,95/18 ถนนมนตรี ตลาดใหญ่,Mo-Su 07:00-17:00,,,7.88113,98.39217,osm,,,,,,
Coming Home,,Restaurant,Rawai,,,,,,,7.76637,98.31759,osm,,,,,,
Concept cafe,,Café,Kata,,,,,,,7.81551,98.30375,osm,,,,,,
Cookie house,Cookie house,Hotel,Old Town,,,,,,,7.88584,98.38733,osm,,,,,,
Cool Hand Lukes,Cool Hand Lukes,Bar,Patong,,,,,,,7.88681,98.29159,osm,,,,,,
Cool Massage,,Massage & spa,Chalong,6676374170,,,Mo-Su 09:00-23:00,,,7.83613,98.34855,osm,,,,,,
Cool Spa,,Massage & spa,Cape Panwa,,https://www.coolspaphuket.com/luxury-cool-spa-phuket/,,,,,7.8028,98.40979,osm,,,,,,
Copla,,Restaurant,Kamala,,,,,,,7.95026,98.27977,osm,,,,,,
Coral Inn & Coral Restaurant,,Hotel,Karon,+66 76 396 133,coralinnphuket.com,,,,,7.84878,98.29373,osm,,,,,,
Coriacea,,Hotel,Airport,,,,,,,8.12062,98.30229,osm,,,,,,
Corsica Guesthouse,,Guesthouse,Kata,+33 7 68 94 35 55,,,,,,7.81738,98.30983,osm,,,,,,
Costa Grill,,Restaurant,Rawai,+66 91 874 1184,,,,,,7.77108,98.3195,osm,,,,,,
Cottage Restaurant,,Restaurant,Phuket Town,,,,,,,7.87983,98.39309,osm,,,,,,
Cottontail cafe,,Café,Mai Khao,,,,,,,8.1361,98.30699,osm,,,,,,
Couple Café,,Café,Kata,,,,Mo-Su 08:00-17:00,,,7.8275,98.29902,osm,,,,,,
Courtyard by Marriott Phuket Town,,Hotel,Phuket Town,+66 76643 555,,,,,,7.88082,98.39301,osm,,,,,,
Coyote,,Restaurant,Patong,,,,,,,7.89097,98.29387,osm,,,,,,
Cozy Guesthouse,,Guesthouse,Rawai,+66894713616,,,,,,7.79285,98.32172,osm,,,,,,
Crane Swing,,Attraction,Phuket Town,,,,,,,7.86511,98.39981,osm,,,,,,
Crape diem homestay,,Guesthouse,Kata,,,,,,,7.81675,98.3076,osm,,,,,,
Crazy Hourse Bar,,Bar,Patong,,,,,,,7.89658,98.30077,osm,,,,,,
Creme cafe,,Café,Rawai,,,,,,,7.78145,98.31716,osm,,,,,,
Crepes a day,,Street food,Karon,,,,,,,7.84605,98.29881,osm,,,,,,
Crepes factory,,Café,Rawai,,,,,,,7.78289,98.32963,osm,,,,,,
Crown Anchor,,Bar,Koh Kaew,,,,,,,7.95601,98.37037,osm,,,,,,
Cruise Club,,Nightlife,Patong,,,,,,,7.89564,98.30005,osm,,,,,,
Crypto Coff,,Café,Chalong,+66 76 682 246,https://linktr.ee/CryptoCoff,5/13 ถนนเจ้าฟ้าตะวันตก Chalong,Mo-Su 08:00-18:00,,,7.82724,98.34062,osm,,,,,,
Crystal Beach Hotel,,Hotel,Karon,,,,,,,7.84848,98.29442,osm,,,,,,
Cubar,,Massage & spa,Bang Tao,,,,,,,7.98752,98.28836,osm,,,,,,
Cup Cafe Rawai,,Café,Rawai,0929328610,,,Tu-Su 08:00-19:00,,,7.78174,98.31723,osm,,,,,,
Cuppa,,Café,Koh Kaew,,,,Mo-Sa 07:00-16:30,,,7.9364,98.37921,osm,,,,,,
Curry King Indian Restaurant,,Restaurant,Patong,,,,"PH,Mo-Su 11:30-22:30",,,7.90508,98.30048,osm,,,,,,
Curry Night,,Restaurant,Cape Panwa,,,,,,,7.80974,98.40217,osm,,,,,,
Curry Night 2,,Restaurant,Patong,0994192036,https://web.facebook.com/currynight2patong,132/3 ถนนราษฎร์อุทิศ 200 ปี Patong,,,,7.89757,98.29965,osm,,,,,,
Custom bike and vintage,,Vehicle rental,Phuket Town,,,,,,,7.87547,98.39363,osm,,,,,,
CY Cafe & Restaurant,,Restaurant,Nai Harn,,,,,,,7.76174,98.3064,osm,,,,,,
D-Sky,,Restaurant,Kamala,+66 65 385 0485,,74/3 Moo 3 Rim Hat Road,Mo-Su 09:30-24:00,,,7.95082,98.28137,osm,,,,,,
D.A Airport hotel,,Guesthouse,Airport,,,,,,,8.10562,98.31337,osm,,,,,,
D.D. Seafood,,Café,Airport,+660824121819,https://maps.app.goo.gl/JTRavTYowGPXoKxaA,,Mo-Su 09:00-23:00,,,8.11804,98.30844,osm,,,,,,
d'Odessa,,Restaurant,Bang Tao,+66962272277,https://odessaphuket.com,,Mo-Su 09:00-22:00,,,7.99591,98.3048,osm,,,,,,
D'Oro,D'Oro,Café,Phuket Town,,,,,,,7.89038,98.39067,osm,,,,,,
D's Corner & Guesthouse,,Guesthouse,Phuket Town,,,,,,,7.88462,98.39035,osm,,,,,,
Da Mario,,Restaurant,Rawai,,,,,,,7.7835,98.31751,osm,,,,,,
DA No. 6 Restuarant,,Restaurant,Patong,,,,,,,7.8879,98.29975,osm,,,,,,
Da no1,,Restaurant,Patong,,,,,,,7.88645,98.29176,osm,,,,,,
Da Puccio - Pasta & Pizza,,Street food,Rawai,,,,,,,7.77923,98.32811,osm,,,,,,
Daeng,,Restaurant,Karon,,,,Mo-Su 09:00-21:00,,,7.85868,98.28958,osm,,,,,,
Daeng Plaza Hotel,แดงพลาซ่า โฮเต็ล,Hotel,Phuket Town,,,Talat Yai,,,,7.88237,98.3918,osm,,,,,,
Daisy massage,,Massage & spa,Rawai,,,,,,,7.79198,98.31961,osm,,,,,,
Dala,,Restaurant,Bang Tao,076310100,https://trisara.com/,"60/1 Moo 6, Srisoonthorn Road, Cherngtalay, Thalang Phuket",18:00-22.30,,,8.03575,98.2758,osm,,,,,,
Daneng Bird's Nest,,Café,Old Town,,,,,,,7.87178,98.38294,osm,,,,,,
Dang,,Restaurant,Karon,,,,,,,7.84481,98.2942,osm,,,,,,
Dang Bungalow,,Guesthouse,Nai Yang,+66-81-4772879,,,,,,8.08998,98.30518,osm,,,,,,
Danny 44 Thai Kitchen,,Café,Kata,,,,,,,7.81738,98.30134,osm,,,,,,
Dannys Place,,Café,Kamala,+66 83 6414900,,74/13 Rim Hat Road,Mo-Su 08:00-02:00,,,7.95085,98.28195,osm,,,,,,
Dao Thai,,Massage & spa,Karon,+66 96 727 6994,,,Mo-Su 09:00-23:00,,,7.83375,98.2953,osm,,,,,,
DARA,,Hotel,Old Town,,,,,,,7.88771,98.36817,osm,,,,,,
David Car Rent,,Vehicle rental,Airport,,,,,,,8.10784,98.30858,osm,,,,,,
David Residence,,Hotel,Airport,,,,,,,8.10683,98.30869,osm,,,,,,
Davina Beach Homes,,Hotel,Cape Panwa,,,,,,,7.81373,98.38675,osm,,,,,,
DaVinci,,Restaurant,Nai Harn,+66 76289574,https://davinciphuket.com/,,,,,7.7888,98.31693,osm,,,,,,
Dazzle,,Souvenirs & gifts,Airport,,,,,,,8.10844,98.30605,osm,,,,,,
DD fusion food & homestay,,Restaurant,Chalong,,https://ddfusionfood.business.site/,137/19 Soi Suksan 1 Rawai,"Tu-Su 11:30-14:30,18:00-22:00",,,7.81716,98.33849,osm,,,,,,
De Blue Sea Rawai Blue Bay,,Hotel,Rawai,,,,,,,7.79323,98.33079,osm,,,,,,
De Earn Cafe & Bar Phuket,,Restaurant,Surin,+66 92 257 4245,,,Mo-Sa 08:00-00:00,,,7.97991,98.28517,osm,,,,,,
De Surin Health Spa,,Beauty & spa,Cherngtalay,,,,,,,7.99339,98.30637,osm,,,,,,
Dean & Deluca,,Street food,Airport,,,,,,,8.106,98.30528,osm,,,,,,
Dedee bar,,Bar,Nai Harn,,,,,,,7.79513,98.31563,osm,,,,,,
Dee Bungalow,,Guesthouse,Nai Yang,+66-76-205024,,,,,,8.08973,98.30517,osm,,,,,,
dee cafe & bistro,,Café,Paklok,+66928243240,https://phuket-homestay.com/,,Mo-Su 08:00-17:00,,,7.99235,98.38248,osm,,,,,,
Deevana Patong Resort & Spa,,Hotel,Patong,,,,,,,7.90117,98.30325,osm,,,,,,
Deevana Patong Resort and Spa,,Hotel,Patong,,,,,,,7.90091,98.30238,osm,,,,,,
deliCafe,,Café,Cherngtalay,,,,,,,7.98198,98.3617,osm,,,,,,
Delico,,Café,Koh Kaew,+66 98 274 0247,https://www.facebook.com/pg/Delico-Decoration-Coffee-Dessert-2383434985277709/about,,Mo-Sa 09:30-18:30,,,7.9224,98.37127,osm,,,,,,
Delish,,Café,Rawai,,,,,,,7.78404,98.31733,osm,,,,,,
DELTA Fitness,,dojo,Chalong,,https://web.facebook.com/deltachalong/,,,,,7.81952,98.34002,osm,,,,,,
Deluxe Nails,,Beauty & spa,Karon,+66 94 579 5619,,,Tu-Su 10:00-20:00,,,7.84242,98.29489,osm,,,,,,
Dengs Restaurant,,Restaurant,Kamala,,,,,,,7.95566,98.28305,osm,,,,,,
Deutsche Currywurst Rawai,,Restaurant,Rawai,,,,,,,7.77568,98.32565,osm,,,,,,
Devil's Bar,,Bar,Kamala,,,,,,,7.94863,98.28295,osm,,,,,,
Devlaya Massage Manik,,Massage & spa,Cherngtalay,,https://www.devlayamassage.com/,"63, 7 Srisoonthorn Rd, Tambon Si Sunthon, Thalang District, Phuket 83110",Mo-Su 10:00-21:00,,,7.98009,98.33752,osm,,,,,,
Dewa,,Hotel,Nai Yang,,,,,,,8.09297,98.30007,osm,,,,,,
Dhara Massage & Spa,,Massage & spa,Nai Yang,,,,Mo-Su 09:30-22:00;PH open,,,8.09281,98.30321,osm,,,,,,
Di Pantai Boutique Resort,,Hotel,Patong,,,322/3 324/2 Prabaramee road Pa Tong Kathu District,,,,7.91717,98.29134,osm,,,,,,
Diamond Bar,,Bar,Kata,,,,,,,7.82767,98.29899,osm,,,,,,
Diamond Cliff Resort & Spa,,Hotel,Patong,,,,,,,7.90923,98.29772,osm,,,,,,
Diamond Cottage Resort & Spa,,Hotel,Kata,,https://whitesandbluesea.com/,6 ถนน กะรน,,,,7.82767,98.29707,osm,,,,,,
Diamond Resort & Condominiums,,Hotel,Bang Tao,,,,,,,7.99233,98.29925,osm,,,,,,
Dibuk Restaurant,,Restaurant,Old Town,,https://www.flickr.com/photos/eustaquio/3149575530/,69 Dibuk road Phuket,mo-su 13:00-22:30,,,7.8863,98.38663,osm,,,,,,
DiLite,,Restaurant,Paklok,,,,,,,8.04923,98.35301,osm,,,,,,
Dilligaf garden,,Restaurant,Rawai,,,,,,,7.77943,98.31854,osm,,,,,,
Dimsum Place,,Street food,Cherngtalay,,,,Tu-Su 06:00-11:30,,,7.98878,98.30965,osm,,,,,,
Dinar Lodge,,Guesthouse,Cherngtalay,,,,,,,7.98001,98.29454,osm,,,,,,
Dino Bar / Dino park,Dino Bar and Dino Park,Bar,Kata,,,,,,,7.82825,98.29565,osm,,,,,,
Dino Pharma,,Pharmacy,Paklok,,,,Mo-Fr 17:00-00:00; Sa-Su 08:00-00:00,,,8.03122,98.34172,osm,,,,,,
Diva,,Massage & spa,Cape Panwa,,,,,,,7.80688,98.40838,osm,,,,,,
Diva massage,,Massage & spa,Cape Panwa,+66986717810,,,Mo-Su 09:00-21:00,,,7.80603,98.40538,osm,,,,,,
divana Anda Spa (Phuket),,Massage & spa,Bang Tao,,,5 Lagoon road Cherngtalay,,,,7.99639,98.30271,osm,,,,,,
Dive supply,,Diving,Chalong,,,,Mo-Fr 09:00-17:00; Sa 09:00-13:00,,,7.82393,98.33546,osm,,,,,,
Diver's Sports Bar,,Bar,Kamala,,,Kamala Main Road,,,,7.94915,98.28499,osm,,,,,,
DiVine,,Restaurant,Paklok,,,,,,,8.04933,98.35305,osm,,,,,,
DNA Social,,Bar,Kata,,,Patak Rd 3 Kata,,,,7.82488,98.30028,osm,,,,,,
Dog Cafe: Hug me,,Café,Phuket Town,,,,Mo-Su 10:30-19:30,,,7.88623,98.39256,osm,,,,,,
Dolci & Delizie da Giuliano,,Café,Kata,,,,Mo-Su 09:00-16:00,,,7.82264,98.30327,osm,,,,,,
Doll House,,Souvenirs & gifts,Kamala,,,,,,,7.95822,98.28798,osm,,,,,,
Dolphin,,Bar,Patong,,,,,,,7.88707,98.29146,osm,,,,,,
Dome,,Café,Kata,,,,,,,7.82603,98.30137,osm,,,,,,
Dome cafe,,Café,Kata,,,,,,,7.82402,98.29874,osm,,,,,,
Dome Center - Kata Beach,,Hotel,Kata,,,,,,,7.82376,98.29898,osm,,,,,,
Dome Kata Resort,,Hotel,Kata,,,Kata Beach,,,,7.82606,98.30118,osm,,,,,,
Don Bar & Restaurant,Don Bar & Restaurant,Bar,Patong,,,Nanai Road,,,,7.88719,98.30268,osm,,,,,,
Don's Bar BQ,,Restaurant,Patong,,,,,,,7.88401,98.30145,osm,,,,,,
Don's gym,,Gym & fitness,Kata,,,,,,,7.82151,98.30152,osm,,,,,,
Doo Cat Cafe,,Café,Rawai,,,90/9 Ban Rawai-Ban Naihan Road,Mo-Su 12:00-20:00,,,7.78438,98.31738,osm,,,,,,
Doo Dee,Doo Dee,Restaurant,Patong,+6676619800,,,Mo-Su 06:00-03:00,,,7.88405,98.29543,osm,,,,,,
Doppio,,Café,Koh Kaew,,,,Mo-Su 07:30-19:00,,,7.95968,98.38586,osm,,,,,,
DoubleTree by Hilton Phuket Banthai Resort,,Hotel,Patong,+66-76-340850,https://www.hilton.com/en/hotels/hktpadi-doubletree-phuket-banthai-resort/,"94 94 Thaweewong Road, Patong Beach Amphoe Kathu",,,,7.89065,98.2951,osm,,,,,,
Dragon Muai Thai,,Gym & fitness,Chalong,,,,,,,7.85393,98.34487,osm,,,,,,
Dream Phuket Hotel & Spa,,Hotel,Bang Tao,,https://dreamhotels.com/,,,,,8.01719,98.30663,osm,,,,,,
Dream Sea Pool Villa,,Hotel,Cape Panwa,,,,,,,7.81555,98.38626,osm,,,,,,
Dreamer Karon,,Restaurant,Karon,+66 92 264 5960,,,Mo-Su 10:00-21:00,,,7.85168,98.29253,osm,,,,,,
Dreamy Villa Kata Beach,,Hotel,Kata,,,,,,,7.81628,98.30222,osm,,,,,,
Drift,,Restaurant,Nai Yang,,,,,,,8.05603,98.27844,osm,,,,,,
Duangjitt Resort and Spa,,Hotel,Patong,+66 76 366 333,https://duangjittresort-spa.com/,,,,,7.88545,98.29191,osm,,,,,,
Ducati,,Vehicle rental,Koh Kaew,,,,,,,7.95904,98.38419,osm,,,,,,
Dueanphen guesthouse,Dueanphen guesthouse,Hotel,Chalong,,,,,,,7.82172,98.34184,osm,,,,,,
Dueño,,Tailor,Karon,+66 81 970 0961,,,Mo-Su 09:00-22:00,,,7.83402,98.29542,osm,,,,,,
Duke's Bar & Restaurant,,Restaurant,Mai Khao,,,,,,,8.13451,98.3073,osm,,,,,,
Dunkin',,Street food,Rawai,,,,,,,7.79676,98.3328,osm,,,,,,
Dusit Thani Laguna Phuket,,Hotel,Bang Tao,,,,,,,8.00145,98.29387,osm,,,,,,
dusitD2 Phuket Resort,,Hotel,Patong,+66(0)76337000,https://www.dusit.com/d2pr,"48 Ruam Jai Road Patong Beach, Kathu",24 hours,,,7.88739,98.29401,osm,,,,,,
Dutsadee Worabut,,Hotel,Patong,,,1/6 Thanon Chalermphrakiat Rd. (Soi Eden) Patong,,,,7.90359,98.29955,osm,,,,,,
early coffee,,Café,Airport,081 270 5213,,190/27 ไม้ขาว,,,,8.1238,98.30838,osm,,,,,,
Eat,,Restaurant,Karon,,,,,,,7.83421,98.29867,osm,,,,,,
Eat Bar & Grill Phuket,,Restaurant,Karon,,,250/1 ถนนปฏัก,Mo-Sa 11:00-22:30,,,7.83419,98.29867,osm,,,,,,
Eat Me,,Restaurant,Cape Panwa,+66876254896,,,Mo-Su 11:00-21:00,,,7.80692,98.40488,osm,,,,,,
Eat me bakery and cafe,,Café,Old Town,0825797822,https://www.facebook.com/eatme.bakerycafe,122 ถนนแม่หลวน เมืองภูเก็ต,24/7,,,7.8887,98.38369,osm,,,,,,
Eating station,,Restaurant,Kata,,,,,,,7.82153,98.30167,osm,,,,,,
Eats And Arts,,Restaurant,Surin,,,,,,,7.97709,98.28723,osm,,,,,,
Eco Café,,Café,Phuket Town,,,,,,,7.88289,98.39773,osm,,,,,,
Eddiez Nutrition Station,,Café,Patong,,,,Mo-Su 09:30-23:00,,,7.88293,98.29483,osm,,,,,,
Eden,,Hotel,Patong,,https://www.edenpatong.com/,1,,,,7.90249,98.29926,osm,,,,,,
eDrive Rental,,Vehicle rental,Surin,,,Soi Huatiea,09:00-20:00,,,7.98171,98.28555,osm,,,,,,
EEST,,Restaurant,Phuket Town,,,,,,,7.8722,98.42934,osm,,,,,,
Efe Turkish Old Town,,Café,Old Town,,,,,,,7.8849,98.38784,osm,,,,,,
Efes,,Bar,Karon,,,,,,,7.84823,98.29638,osm,,,,,,
EFES RESTAURANT,,Café,Karon,,,,Mo-Su 10:00-22:30,,,7.84824,98.29623,osm,,,,,,
Eff & Gap Bar & Restaurant,,Restaurant,Nai Yang,,,,,,,8.06124,98.27747,osm,,,,,,
Eightfold Restaurant,,Restaurant,Kata,,https://www.tripadvisor.com/Restaurant_Review-g1210687-d1392030-Reviews-Eightfold_Restaurant-Kata_Beach_Phuket.html,,Mo-Su 11:30-22:00,,,7.82105,98.30005,osm,,,,,,
El Gaucha,,Restaurant,Karon,,,,,,,7.84653,98.29419,osm,,,,,,
El Gaucho,,Restaurant,Cherngtalay,,,,,,,7.99143,98.30597,osm,,,,,,
El Greco,,Restaurant,Kata,+66 80 821 9261,https://elgrecothailand.com,,,,,7.8252,98.29626,osm,,,,,,
Elephant,,Attraction,Nai Harn,,,,,,,7.79379,98.3073,osm,,,,,,
Elephant bathing,,Attraction,Chalong,+66980132956,https://chalongelephantretirement.com,,,,,7.83214,98.32195,osm,,,,,,
Elephant House,,Restaurant,Airport,,,,,,,8.11604,98.30696,osm,,,,,,
Elephant Jungle Sanctuary Phuket,,Attraction,Kathu,,,2/12 kathu kathu,,,,7.9188,98.33032,osm,,,,,,
Elephant No. 9,,Restaurant,Nai Harn,,,,Mo-Su 11:00-20:00,,,7.78931,98.3134,osm,,,,,,
Elephant riding,,Attraction,Chalong,,,,,,,7.82271,98.33204,osm,,,,,,
Elephant Village,,Attraction,Nai Harn,,,,,,,7.7931,98.30503,osm,,,,,,
Elephant. Feed and interact 800.,,Attraction,Koh Kaew,,,,,,,7.91087,98.43395,osm,,,,,,
Elephants In The Room,,Souvenirs & gifts,Kamala,,,,,,,7.95805,98.2878,osm,,,,,,
Eleven Two & Co.,,Restaurant,Phuket Town,+66625192956,https://www.facebook.com/eleventwoandco/,112 Thalang Road,Th-Tu 10:00-21:00,,,7.88465,98.39006,osm,,,,,,
Elite Fitness,,Gym & fitness,Chalong,,,,,,,7.82979,98.34018,osm,,,,,,
Emerald Muay Thai BJJ,,dojo,Rawai,+66835483850,,,,,,7.78097,98.32514,osm,,,,,,
Emerald Muay Thaï Gym,,Gym & fitness,Rawai,+66 8 35 48 38 50,https://www.emerald-gym.com,"76/200 Moo2, Wiset Road, soi kubmakham",Mo-Sa 08:00-20:00,,,7.78087,98.32505,osm,,,,,,
Emmys Thai Food,,Restaurant,Surin,,,,,,,7.98423,98.28563,osm,,,,,,
Empire Club Phuket,,Nightlife,Patong,,,,Mo-Su 22:00-04:00,,,7.89387,98.29751,osm,,,,,,
Enjoy Thai Food,,Restaurant,Patong,,,,,,,7.89127,98.29757,osm,,,,,,
Enjoy time cafe,,Café,Old Town,+66960675785,https://www.facebook.com/profile.php?id=100093305727164&mibextid=LQQJ4d,64/14 phuket,Mo-Su 10:00-22:00,,,7.88006,98.38508,osm,,,,,,
Enjoys Beach House Karon,,Café,Karon,,http://enjoys-phuket.com/rus/facilities.html,294 294 Patak Road. Karon Beach Amphur muang Phuket,10:00-22:00,,,7.83402,98.29875,osm,,,,,,
enricohostelpatong.com,,Guesthouse,Patong,,https://enricohostelpatong.com,85 85 Rat-U-Thit Song Roi Pee Road,24/7,,,7.89954,98.30021,osm,,,,,,
Ethnic Patong,,Restaurant,Patong,,,Patong,,,,7.89721,98.29638,osm,,,,,,
European food,Steak food,Restaurant,Patong,,,,,,,7.89553,98.3043,osm,,,,,,
Eva beach,,Hotel,Rawai,,,,,,,7.7853,98.3338,osm,,,,,,
Evason Phuket,,Hotel,Rawai,,,,,,,7.78004,98.33569,osm,,,,,,
Eve massage,,Massage & spa,Rawai,,,,,,,7.77468,98.32599,osm,,,,,,
Eve pharmacy,,Pharmacy,Karon,,,,,,,7.84679,98.29852,osm,,,,,,
Everest,,Restaurant,Karon,,,,,,,7.84808,98.29664,osm,,,,,,
Evim,,Guesthouse,Rawai,,,,,,,7.80063,98.33131,osm,,,,,,
Expat,,Hotel,Patong,,,,,,,7.89322,98.29991,osm,,,,,,
Fa Prathan,Fa Prathan - Jeh Palem,Restaurant,Old Town,,,,,,,7.88263,98.38728,osm,,,,,,
Family 2 Mansion,,Hotel,Patong,,,,,,,7.89692,98.29979,osm,,,,,,
Family Beachfront Bungalow,,Hotel,Cape Panwa,,,,,,,7.81252,98.38969,osm,,,,,,
Family Guest House,,Guesthouse,Kata,,,,,,,7.8243,98.29802,osm,,,,,,
Family SEAFOOD,,Restaurant,Kata,,,165 Soi Khoktanod,,,,7.816,98.30281,osm,,,,,,
Fantastic,,Guesthouse,Karon,,,,,,,7.84944,98.29477,osm,,,,,,
Fantasy Hill Bungalow,,Hotel,Kata,+66 87 790 8874,,,,,,7.82708,98.29698,osm,,,,,,
Fara,,Restaurant,Karon,+66 88 752 7264,,,Mo-Su 10:30-00:30,,,7.84238,98.29468,osm,,,,,,
Fastfood Fully,,Street food,Airport,,,,,,,8.10559,98.30507,osm,,,,,,
"Feel diny home, resort and camping",,Guesthouse,Kathu,+668888238549,,,,,,7.90103,98.35705,osm,,,,,,
Feel Sion Cafe,Feel Sion Cafe,Café,Phuket Town,,,,,,,7.87221,98.39421,osm,,,,,,
feng shui house,,Hotel,Patong,66926574286,,141/7 kanchana2 Nanai Road patong phuket,,,,7.88597,98.30404,osm,,,,,,
Filling Station Phuket Restaurant & Dispensary,,Restaurant,Chalong,+66981522577,https://fillingstationphuket.com/,45/69 Soi Ta-ied Chalong,Mo-Su 11:00-23:00,,,7.85135,98.34885,osm,,,,,,
Find love,,Bar,Kata,,,,Mo-Su 18:00-02:00,,,7.82548,98.29803,osm,,,,,,
Findig leather products,,Souvenirs & gifts,Kata,,,,,,,7.82022,98.2998,osm,,,,,,
Fino,,Café,Chalong,,,,,,,7.83208,98.33097,osm,,,,,,
Fire Eater,,Restaurant,Kamala,,,,,,,7.95715,98.28832,osm,,,,,,
"Fire show in a Tann restaurant after sunset, view from the beach",,Attraction,Kata,,,,Jan-Apr Mo-Su 18:55-19:25,,,7.83023,98.29445,osm,,,,,,
Firefly Pool & Restaurant,,Restaurant,Bang Tao,+6676317600,,,Mo-Su 07:00-22:00,,,8.02335,98.30446,osm,,,,,,
Fitness Hero Sports Club,,Gym & fitness,Patong,0950357774,,,Mo-Su 06:00-23:00,,,7.89252,98.29497,osm,,,,,,
Fitness o9n 2nd Floor,,Gym & fitness,Kata,,,,,,,7.81996,98.30225,osm,,,,,,
Five Loaves,,Restaurant,Phuket Town,,,,,,,7.88348,98.39317,osm,,,,,,
Five Olives,,Restaurant,Bang Tao,,,,,,,7.99918,98.30668,osm,,,,,,
Five Star,,Street food,Rawai,,,,,,,7.76962,98.31564,osm,,,,,,
Flamingo Bar,,Bar,Cape Panwa,,,,,,,7.81136,98.38951,osm,,,,,,
Flamingo Bar (Bandara Hotel),,Bar,Cape Panwa,,https://www.phuketflamingo.com,,,,,7.81134,98.38951,osm,,,,,,
Float Indigo,,Gym & fitness,Chalong,+66988537432,https://www.floatindigo.com,,,,,7.85151,98.34867,osm,,,,,,
Flower Massage,,Massage & spa,Karon,+66 85 692 7455,,,Mo-Su 09:00-23:00,,,7.84323,98.29585,osm,,,,,,
Flower Night,,Bar,Karon,,,,,,,7.83366,98.29584,osm,,,,,,
Flying Hanuman,,Attraction,Kathu,,https://flyinghanuman.com,,,,,7.92471,98.32269,osm,,,,,,
Folk,,Restaurant,Cherngtalay,,,,"Mo-Fr 08:30-18:30; Sa,Su 08:30-16:00",,,7.98304,98.35282,osm,,,,,,
Follow,,Bar,Nai Harn,,,,,,,7.78165,98.31423,osm,,,,,,
food,the Three,Restaurant,Patong,076296762,,,,,,7.89756,98.30292,osm,,,,,,
Food Market,,Market,Rawai,,,,"Mo, Th 15:00-19:00",,,7.78926,98.3297,osm,,,,,,
Food Market Kata,,Restaurant,Kata,+66 80 527 2978,https://www.foodmarketkata.com,,,,,7.81438,98.29963,osm,,,,,,
Fool moon club,,Restaurant,Chalong,,,,,,,7.84084,98.36288,osm,,,,,,
Fool's Paradise Apartment,,Hotel,Kata,+66 84 644 9942,,60/16 Soi Khoktanod Phuket,,,,7.81741,98.3076,osm,,,,,,
Foot Massage,,Massage & spa,Old Town,,,,,,,7.90753,98.3736,osm,,,,,,
"Fora, seafood by Cappadocia",,Restaurant,Karon,,,,,,,7.84917,98.29504,osm,,,,,,
Forest Patong Hotel,,Hotel,Patong,,,,,,,7.90133,98.308,osm,,,,,,
Fork & Spoon Restaurant,,Restaurant,Kata,+66 76 330 979,http://facebook.com/forkspoonrestaurant,46 Katekwan Road,,,,7.82133,98.30043,osm,,,,,,
Foto Hotel,,Hotel,Phuket Town,076601398,https://fotohotelphuket.com/,,,,,7.87553,98.42929,osm,,,,,,
FOTO HOTEL PHUKET,,Hotel,Kata,+66 76 680 900,https://fotohotelphuket.com/,,,,,7.81135,98.30124,osm,,,,,,
Four Points by Sheraton,,Hotel,Patong,,,,,,,7.90458,98.29758,osm,,,,,,
Freedom,,Restaurant,Nai Yang,,,,,,,8.08327,98.29096,osm,,,,,,
Freedom Bar,,Bar,Bang Tao,,,,,,,7.99457,98.29154,osm,,,,,,
Freedom bar Rawai with Live music,,Bar,Rawai,,,,,,,7.7756,98.32651,osm,,,,,,
Fresca Kitchen & Deli,,Restaurant,Kata,,https://www.stayphuketresort.com/best-restaurant-in-phuket-fresca/,,,,,7.8107,98.33003,osm,,,,,,
Fresh food market,,Market,Kata,,,,,,,7.82531,98.30175,osm,,,,,,
Friday Night Market,,Market,Cherngtalay,,,,Fr 16:00-21:00,,,7.99315,98.30547,osm,,,,,,
Friend Pharmacy,,Pharmacy,Kata,,,,Mo-Su 09:00-23:00,,,7.82712,98.29664,osm,,,,,,
Friendly Massage,,Massage & spa,Kata,,,,,,,7.82553,98.29667,osm,,,,,,
Friends bar,,Bar,Rawai,,,,,,,7.77957,98.31822,osm,,,,,,
Fruit fusion,,Café,Kamala,,,,,,,7.94989,98.27968,osm,,,,,,
Fruit Market,,Market,Chalong,,,,,,,7.86267,98.34572,osm,,,,,,
Fruit Paradise Hotel,,Hotel,Patong,,,,,,,7.88416,98.29634,osm,,,,,,
Frutta Souvenir,,Souvenirs & gifts,Kata,,,,Mo-Su 11:00-23:00,,,7.82129,98.29931,osm,,,,,,
Fuji Japanese Restaurant,,Restaurant,Patong,,,,,,,7.89165,98.2991,osm,,,,,,
Full Moon Beach Resort Phuket,,Hotel,Kata,+66 76 330 980,fullmoonbungalowsphuket.com,,,,,7.82808,98.29903,osm,,,,,,
Fusion Suites Phuket Patong,,Hotel,Patong,+6676637770,https://www.fusion-suites.com/phuketpatong,,,,,7.9034,98.31337,osm,,,,,,
FX Fitness Gym,,Gym & fitness,Rawai,0958362483,https://www.fxfitnessphuket.com/,37-10/11 Moo 9 ถนนวิเศษ Rawai,,,,7.78065,98.32918,osm,,,,,,
FX Fitness Power Gym,,Gym & fitness,Rawai,+66958362483,https://www.fxfitnessphuket.com/,182/76 Moo 2 ถนนวิเศษ Rawai,Mo-Su 09:00-21:00,,,7.78031,98.32914,osm,,,,,,
G seafood,,Restaurant,Kata,+66 62 364 5800,,,Mo-Su 10:00-01:00,,,7.82964,98.29527,osm,,,,,,
Gaew,,Restaurant,Old Town,,,,,,,7.90212,98.37941,osm,,,,,,
Gallery,,Café,Chalong,,,,,,,7.83281,98.34671,osm,,,,,,
ganen,,Restaurant,Chalong,,,,,,,7.82018,98.34435,osm,,,,,,
Ganja Polyclinic & Spa,,Beauty & spa,Patong,,,,,,,7.89687,98.30469,osm,,,,,,
Garden Bar & JT2 Boutique,,Restaurant,Bang Tao,,,,,,,7.99286,98.29494,osm,,,,,,
Garden Cottage,,Restaurant,Nai Yang,+66-76-327293,,,,,,8.09109,98.30517,osm,,,,,,
Garden Phuket,,Hotel,Patong,,,,,,,7.88163,98.29333,osm,,,,,,
Gardens,,Bar,Phuket Town,,,,,,,7.88362,98.38923,osm,,,,,,
Gastone - Italian Restaurant,,Restaurant,Kata,,,,Mo-Su 12:00-22:00,,,7.81311,98.29867,osm,,,,,,
Geisha,,Restaurant,Karon,,,,,,,7.84808,98.29652,osm,,,,,,
Genesis Gold Villa,,Hotel,Rawai,+66 81 9561488,,Phuket,,,,7.77393,98.32123,osm,,,,,,
GG's Pizza,,Restaurant,Karon,,,,,,,7.84721,98.29356,osm,,,,,,
Giant,,Pharmacy,Karon,+66 96 151 5979,,,Mo-Su 09:00-23:00,,,7.84509,98.29408,osm,,,,,,
Giant Goods,,Souvenirs & gifts,Karon,,,,,,,7.845,98.29412,osm,,,,,,
GINIS BEACH RESORT,,Restaurant,Kamala,+66 894 754 082,https://ginisbeachresort.com/,MOO3 112/4 Soi Police Station Kamala Beach,Mo-Su 08:00-23:00,,,7.95626,98.28391,osm,,,,,,
Glam Habitat Hotel,,Hotel,Kamala,,,,,,,7.95582,98.28444,osm,,,,,,
Glitter house,,Hotel,Kata,,,,,,,7.82313,98.30018,osm,,,,,,
Global Hotel Beach View,,Guesthouse,Patong,+66 76 510 078,https://www.booking.com/hotel/th/global-beach-view.html,"241/32 200 Rat-u-Thit Road, Pa Tong Phuket",24/7,,,7.88461,98.29378,osm,,,,,,
Go go bar,,Bar,Rawai,,,,,,,7.79218,98.32002,osm,,,,,,
Gobenz Phuket,,Restaurant,Old Town,+66840607799,,,Mo-Su 17:30-00:30,,,7.88471,98.38248,osm,,,,,,
Gold Lion,,Bar,Kata,,,,,,,7.82561,98.29773,osm,,,,,,
Gold Queen House,,Hotel,Kata,+66 84 061 8244,,106 Kok Tanot Road Phuket,,,,7.81555,98.30376,osm,,,,,,
Golden Fish,,Restaurant,Bang Tao,,,,,,,7.99613,98.29181,osm,,,,,,
Golden Palms Golden Palms Residence,,Hotel,Patong,,,,,,,7.88328,98.30018,osm,,,,,,
Golden Sand Inn,,Hotel,Karon,+66 76 396 493,https://phuketgoldensand.com/,,,,,7.85056,98.29376,osm,,,,,,
Golden Touch Massage,,Massage & spa,Patong,,,,,,,7.88189,98.29369,osm,,,,,,
Goldsea beach hotel,,Hotel,Patong,,,"100/29,soi post office taweewong road phuket",,,,7.8912,98.29519,osm,,,,,,
golf house,,Hotel,Airport,,,,,,,8.10109,98.30977,osm,,,,,,
Good Day Phuket,,Hotel,Old Town,+6676390757,http://www.gooddayphuket.com,,,,,7.87064,98.368,osm,,,,,,
Good Forrest,,Café,Paklok,+66816765165,,,Mo-Su 07:00-17:00,,,7.99751,98.3914,osm,,,,,,
Good Health Massage,,Massage & spa,Cape Panwa,,,,,,,7.80993,98.4021,osm,,,,,,
Good nails,,Beauty & spa,Karon,+66 82 482 0986,,,Mo-Su 10:30-22:30,,,7.83375,98.2956,osm,,,,,,
Good to sea you cafe,,Café,Rawai,,,,08:00-19:00,,,7.77311,98.3232,osm,,,,,,
Goodday Kathu,,Hotel,Kathu,076321407,,"32,100 Vichitsongkram Rd.",Mo-Su 09:00-18:00,,,7.9127,98.33224,osm,,,,,,
GoodFellows Café,,Restaurant,Rawai,+66623638947,,89/17 Soi Yanuy Rawai,We-Mo 08:30 - 18:00,,,7.76946,98.31467,osm,,,,,,
GoZar,,Restaurant,Rawai,,,,,,,7.7879,98.32989,osm,,,,,,
GP House Phuket,,Hotel,Patong,,,13 Sawatdirak Patong,,,,7.89779,98.29915,osm,,,,,,
Grader,,Attraction,Phuket Town,,,,,,,7.86497,98.39997,osm,,,,,,
Grand,,Restaurant,Karon,+66 94 986 0792,,,Mo-Su 11:00-24:00,,,7.84489,98.29458,osm,,,,,,
Grand Kata VIP,,Hotel,Kata,,,,,,,7.82399,98.29957,osm,,,,,,
Grand Mercure Phuket Patong,,Hotel,Patong,+66 76 231 999,https://grandmercurephuketpatong.com/,1 ถนนราษฎร์อุทิศ200ปี Patong Beach,,,,7.88846,98.29665,osm,,,,,,
grand seafood,,Restaurant,Kata,,,,,,,7.82636,98.29711,osm,,,,,,
Grand Sunset Hotel,,Hotel,Karon,+66 76 510 020,https://grandsunsethotel.com,188/4 Karon Road,,,,7.84273,98.29594,osm,,,,,,
Grand Supicha City Hotel,,Hotel,Phuket Town,,,,,,,7.88842,98.39703,osm,,,,,,
Greek Kitchen,,Restaurant,Chalong,,,ซอยยอดเสน่ห์ 1,Th-Fr 13:00-22:30; Sa-Su 12:00-22:30,,,7.83045,98.32281,osm,,,,,,
Green Bar Phuket,,Restaurant,Phuket Town,0835253636,https://www.facebook.com/profile.php?id=100084745383239,,Mo-Sa 14:00-22:00,,,7.87646,98.42898,osm,,,,,,
Green Beach,,Restaurant,Kata,+66 81 719 5357,,,Mo-Su 08:00-03:00,,,7.82618,98.29699,osm,,,,,,
Green Chilli,,Restaurant,Kathu,,,9/134,,,,7.92021,98.33356,osm,,,,,,
Green Crab House Phuket,,Restaurant,Cape Panwa,+66808250701,https://www.greencrabhouse.com/,,Mo-Su 11:00-24:00,,,7.80599,98.40551,osm,,,,,,
Green Ghost 🌿👻,,Café,Panwa,+66936459898,https://green.gd/,"29, 19 Wiset Road Rawai",Mo-Su 14:00-02:00,,,7.8049,98.33673,osm,,,,,,
Green Home,,Guesthouse,Karon,,,,,,,7.83261,98.29661,osm,,,,,,
Green Leaf,Green Leaf,Restaurant,Bang Tao,,,,,,,7.99536,98.29203,osm,,,,,,
Green Mango,,Restaurant,Kamala,+66 95 2759261,,121/5 Rim Hat Road,Mo-Su 12:00-24:00,,,7.95003,98.28066,osm,,,,,,
Green mart,,Café,Karon,+66 63 596 2664,,,,,,7.84411,98.29436,osm,,,,,,
Green Pancake,,Restaurant,Kamala,,,,,,,7.9487,98.28444,osm,,,,,,
Green Terrace Phuket,,Restaurant,Kathu,0786216961,https://greenterracephuket.com,ถนนวิชิตสงคราม,,,,7.8997,98.34849,osm,,,,,,
Green Villa,,Hotel,Nai Harn,,,,,,,7.78703,98.30887,osm,,,,,,
Grifterz Lounge,,Café,Kata,+66 94 528 0730,https://grifterz.com/,"83100 4 Kata Rd, Mueang Phuket District, Phuket 83100, Thailand Phuket",08:00-20:00,,,7.82657,98.29643,osm,,,,,,
Grill 'n' Pickle جريل ن بيكل,,Restaurant,Koh Kaew,+66 80 062 5193,,"23/102 23/103 Moo 2, Ko Kaew, Mueang Phuket District, Koh Kaew Mueang, phuket",,,,7.96282,98.38522,osm,,,,,,
Grill Bill,,Restaurant,Kamala,,,,,,,7.9503,98.28446,osm,,,,,,
Grillhouse,,Restaurant,Patong,,,,,,,7.90099,98.29989,osm,,,,,,
Grillhütte,,Hotel,Patong,,,,,,,7.8948,98.29633,osm,,,,,,
Grills Nai Harn,,Restaurant,Rawai,,,,,,,7.78559,98.31794,osm,,,,,,
Grizzly's Sports Bar,,Café,Kathu,0869514962,https://www.facebook.com/Grizzlyssportsbarkathu/,7/10;7/9,,,,7.91983,98.33307,osm,,,,,,
GROM Cha,,Café,Old Town,0839198255,https://www.facebook.com/gromcha,46 ถนนเยาวราช ตลาดใหญ่,Mo-Su 10:00-22:00,,,7.88458,98.3875,osm,,,,,,
Gym,,Gym & fitness,Patong,,,,,,,7.89522,98.29732,osm,,,,,,
Gym studio,,Gym & fitness,Chalong,,,,,,,7.82272,98.33891,osm,,,,,,
Gymnasium,โรงยิม,Gym & fitness,Kathu,,,,08:30-16:30,,,7.89512,98.35403,osm,,,,,,
H&Q Bangtao Villa and Rooms,,Guesthouse,Cherngtalay,+66628627582,,173 15 Soi Bangtao 4/1 Phuket,,,,7.98524,98.29925,osm,,,,,,
Ha Ha Ha restaurant,,Restaurant,Nai Harn,,,,,,,7.77722,98.30592,osm,,,,,,
Halal food,,Restaurant,Rawai,,,,,,,7.79492,98.32618,osm,,,,,,
Halfway Inn,,Restaurant,Patong,,,,,,,7.8741,98.2885,osm,,,,,,
Halle Hallo,,Restaurant,Kata,,,,Mo-Su 11:00-22:00,,,7.8317,98.29526,osm,,,,,,
Hangout,,Café,Kata,+66 76 370 777,,,Mo-Su 07:00-19:00,,,7.81297,98.29858,osm,,,,,,
Hanuman World,,Café,Chalong,,,,,,,7.87673,98.3511,osm,,,,,,
Happy,,Bar,Rawai,,,,,,,7.78906,98.32871,osm,,,,,,
็Happy Browns,,Café,Kathu,,,2/101 Soi Kathu 2 kathu,,,,7.90697,98.35069,osm,,,,,,
Happy Cake,,Café,Old Town,,,,,,,7.87056,98.35908,osm,,,,,,
Happy corner bar,,Bar,Kata,,,,,,,7.81643,98.30878,osm,,,,,,
Happy cottage hotel,,Hotel,Chalong,,,,,,,7.8531,98.34602,osm,,,,,,
Happy Jack,,Restaurant,Rawai,,,,,,,7.78195,98.31691,osm,,,,,,
Happy Mountain Airport Resort,,Hotel,Airport,,,,,,,8.09485,98.31855,osm,,,,,,
Happy Seafood Patong,,Restaurant,Patong,,,,,,,7.89972,98.29795,osm,,,,,,
Happy Tour,,Tours & travel,Cape Panwa,,,,,,,7.80544,98.40578,osm,,,,,,
Happyman,,Café,Kata,,,,Mo-Su 08:00-21:00,,,7.81614,98.3009,osm,,,,,,
Hard Rock Cafe,,Restaurant,Patong,+66-76-366-381,https://www.hardrock.com/locations/cafes3/cafe.aspx?LocationID=521&MIBEnumID=3,,Su-Th 11:00-01:00; Fr-Sa 11:00-02:00,,,7.88708,98.29436,osm,,,,,,
Harlem,,Café,Chalong,,,,,,,7.8522,98.34803,osm,,,,,,
Harley-Davidson Phuket,,Vehicle rental,Airport,+66 21054356;+66 76681017,http://www.harley-davidsonphuket.com/,88/9 Thepkrasatri Thekrasatri,Mo-Su 09:00-18:00,,,8.09774,98.33601,osm,,,,,,
Harrys Steakhouse & Pub,,Restaurant,Patong,,,,,,,7.89203,98.29458,osm,,,,,,
Haru,,Restaurant,Paklok,,,,,,,7.98643,98.36979,osm,,,,,,
Harvest Eatery & Cafe,,Café,Nai Yang,+66 95 138 2418,,171/17 ถนนเทพกระษัตรี,Mo-Su 08:30-18:30,,,8.04354,98.33592,osm,,,,,,
Hasanah Guesthouse,,Guesthouse,Cherngtalay,+66918244823,,Soi Bangtao 4 Phuket,,,,7.9858,98.2987,osm,,,,,,
Hassana House,,Hotel,Cherngtalay,,,,,,,7.98262,98.29962,osm,,,,,,
Healthland Massage Patong,,Massage & spa,Patong,,,,,,,7.90064,98.29934,osm,,,,,,
Healthway Pharmacy,,Pharmacy,Phuket Town,(076) 685 348,,,Mo-Su 10:00-22:00,,,7.88637,98.39213,osm,,,,,,
Healthy Mania,,Restaurant,Rawai,+66 90 209 3972;+66 94 703 1794,https://www.healthymania.co/,79/60 ถนนใสยวน Phuket,08:00-22:00,,,7.79253,98.32458,osm,,,,,,
Heaven,,Restaurant,Kata,+66806502971,https://instagram.com/heavenphuket_official,6 Soi Leammumnai,Mo-Su 13:00-22:00,,,7.79947,98.29983,osm,,,,,,
Heaven apartments,,Hotel,Patong,+6676342994,,29/98 Soi Prasertsub 1 - Ratchapathanuson Road Patong Beach,,,,7.89903,98.30439,osm,,,,,,
HEH,,Restaurant,Old Town,+66 645924242,https://www.hehphuket.com/,,Wed-Mon 17:00-23:00,,,7.88937,98.38696,osm,,,,,,
Helene gusethouse,,Guesthouse,Kata,,,,,,,7.81553,98.30516,osm,,,,,,
Hello India,,Restaurant,Karon,+66 83 632 8042,https://helloindiaphuket.com,,,,,7.84287,98.29499,osm,,,,,,
Helmut's Schlusslicht,,Restaurant,Karon,0066076396842,,538/2 ถนนปฏัก,,,,7.84911,98.29432,osm,,,,,,
Hemingway's,,Restaurant,Patong,,,,,,,7.8909,98.30193,osm,,,,,,
Hemingways Silk Hotel,,Hotel,Patong,,,,,,,7.89223,98.30182,osm,,,,,,
Herbal House Phuket,,Beauty & spa,Koh Kaew,+66 84 305 8998,,101/550 Prachasamakhee Meuang,Mo-Su 09:00-18:30,,,7.9206,98.38185,osm,,,,,,
Heritage,,Souvenirs & gifts,Kamala,,,,,,,7.95759,98.28834,osm,,,,,,
Hesan Vegetarian,,Restaurant,Old Town,,,,,,,7.8836,98.38411,osm,,,,,,
Hi GYM,,Gym & fitness,Old Town,,,,,,,7.87899,98.38086,osm,,,,,,
Hi Karon,,Hotel,Karon,,,,,,,7.83349,98.29704,osm,,,,,,
Higher,Higher,Restaurant,Patong,,,70/3 bangla road roostop,,,,7.8932,98.29779,osm,,,,,,
Highway Curry,,Restaurant,Rawai,,,,,,,7.78405,98.31747,osm,,,,,,
Hill House,,Restaurant,Cape Panwa,,,,,,,7.81386,98.39207,osm,,,,,,
Hillmyna,,Café,Cherngtalay,,,,Mo-Su 08:00-22:00,,,7.98461,98.30052,osm,,,,,,
Hilton Garden Inn Phuket Bang Tao,,Hotel,Bang Tao,+66-76-609790,https://www.hilton.com/en/hotels/hktbtgi-hilton-garden-inn-phuket-bang-tao/,111 Soi Choeng Thale 16 Phuket,,,,7.9962,98.29987,osm,,,,,,
Hilton Phuket Arcadia Resort & Spa,,Hotel,Karon,,,,,,,7.8384,98.29964,osm,,,,,,
Himmapana Villas - Terraces,,Hotel,Kamala,,,69/4 Kamala Soi 8 Kamala,,,,7.94479,98.29229,osm,,,,,,
Hipaphan,,Hotel,Airport,,,,,,,8.10164,98.30352,osm,,,,,,
Hockhoelee cafe,,Café,Rawai,,https://www.hockhoelee.com,,Mo-Sa 08:00-17:30; Su 08:00-17:00,,,7.80023,98.33548,osm,,,,,,
HoHiHo,,Restaurant,Chalong,,,,Mo-Fr 08:00-17:00; Sa-Su 08:00-18:00,,,7.81733,98.33178,osm,,,,,,
Holiday House Kata & Karon Phuket Hotel,,Hotel,Kata,,,85 Thaina Road,,,,7.82633,98.29845,osm,,,,,,
Holiday Inn,,Hotel,Karon,+66 76 358 666,,,,,,7.85385,98.29271,osm,,,,,,
Holiday Inn Express Phuket Patong Beach Central,,Hotel,Patong,+66 76 360 000,https://www.ihg.com/,8 Had Patong Road Phuket,,,,7.89988,98.29755,osm,,,,,,
Holiday Inn Resort,,Hotel,Patong,,,,,,,7.88814,98.29389,osm,,,,,,
Hollywood Inn Love,,Hotel,Patong,,,,,,,7.88526,98.29723,osm,,,,,,
Hollywood Phuket Club,,Nightlife,Patong,,,7 Soi Bangl Phuket,Mo-Su 20:00-04:00,,,7.89411,98.29613,osm,,,,,,
Home 67 cafe,,Café,Rawai,,,,,,,7.79732,98.32327,osm,,,,,,
Home T Cafe,,Café,Karon,,,,,,,7.84697,98.29844,osm,,,,,,
Homemade desserts,,Café,Karon,,,,,,,7.84428,98.3012,osm,,,,,,
Honda,,Vehicle rental,Old Town,,,,,,,7.90662,98.37766,osm,,,,,,
Honda Big Wing Phuket,,Vehicle rental,Old Town,,https://www.aphonda.co.th/hondabigbike/,,,,,7.89731,98.38915,osm,,,,,,
Honda Service,,Vehicle rental,Old Town,,,,,,,7.89678,98.38961,osm,,,,,,
Honey Bikes,,Vehicle rental,Rawai,,,,,,,7.76882,98.31471,osm,,,,,,
Honey pot bar,,Bar,Rawai,,,,,,,7.77554,98.31869,osm,,,,,,
Honey Resort,,Hotel,Kata,+66 76 330 938,,,,,,7.82457,98.29885,osm,,,,,,
HoneyMoon Thai,,Restaurant,Patong,+66 76 345 783,https://honeymoon-by-kenya.com/food-menu/,,11:00-23:00,,,7.89468,98.29938,osm,,,,,,
Hong Khao Tom Pla,,Restaurant,Phuket Town,+6686277807,,ถนนกระ,Mo-Sa 17:30-21:00,,,7.87667,98.39322,osm,,,,,,
Hong Kong Waffle,,Café,Old Town,,,,,,,7.90678,98.37328,osm,,,,,,
Hooters,,Restaurant,Patong,+66 76 349939,https://www.hootersasia.com/location/hooters-phuket/,,,,,7.88734,98.29451,osm,,,,,,
Horange Phuket Town,,Hotel,Phuket Town,,,,,,,7.88222,98.39156,osm,,,,,,
Horizon,,Hotel,Patong,,https://www.agoda.com/asia/thailand/phuket/horizon_patong_beach_resort_spa.html?site_id=1410186,,,,,7.88887,98.29335,osm,,,,,,
Horizon Karon Beach Resort & Spa,,Hotel,Kata,66 76 284 555,https://www.horizonbeach.com/,,,,,7.82991,98.29737,osm,,,,,,
Hosay Bowl Phuket Town,,Restaurant,Old Town,+660659166241,https://www.hosaybowl.com/,99 Chao Fah Tawan Tok phuket,Mo-Su 08:00-20:00,,,7.88371,98.36416,osm,,,,,,
Hot Pan,,Restaurant,Patong,,,,,,,7.88913,98.3037,osm,,,,,,
Hot Vacations,,Tours & travel,Karon,+66 91 034 5849,,,"Mo-Su 10:00-12:00,16:00-22:00",,,7.84808,98.2935,osm,,,,,,
Hot yoga,,Gym & fitness,Chalong,,,,,,,7.85143,98.34847,osm,,,,,,
Hotel Andakira,,Hotel,Patong,,,,,,,7.89411,98.30276,osm,,,,,,
Hotel COCO Phuket Bangtao Beach,,Hotel,Bang Tao,,,,,,,7.99144,98.29823,osm,,,,,,
Hotel Colosseum Patong,,Hotel,Patong,,,,,,,7.88164,98.29952,osm,,,,,,
Hotel Cruiser Island by Swiss Belhotel,,Hotel,Panwa,,,,,,,7.79462,98.37144,osm,,,,,,
Hotel De Karon,,Hotel,Karon,,,,,,,7.84971,98.29543,osm,,,,,,
Hotel Novotel Phuket Resort,,Hotel,Patong,,,,,,,7.9076,98.29763,osm,,,,,,
Hotel Novotel Phuket Vintage Park Resort,,Hotel,Patong,+66 76 380 555,https://novotelphuketvintagepark.com/,,,,,7.89914,98.30027,osm,,,,,,
Hotel Riu Palace Phuket,,Hotel,Mai Khao,,https://www.riu.com/en/hotels,77/7 Moo 5 Mai Khao Subdistrict,,,,8.17714,98.29185,osm,,,,,,
Hôtel Smaïn,Hôtel Smaïn,Hotel,Patong,,,,,,,7.88138,98.29956,osm,,,,,,
Hotel Sole,,Hotel,Patong,,,,,,,7.89387,98.30217,osm,,,,,,
Hotel Veloche group,,Hotel,Karon,,,,,,,7.83592,98.30079,osm,,,,,,
Hotelrestaurant,,Restaurant,Patong,,,43/2 Rat Uthit 200 Year Road Patong,,,,7.90072,98.30284,osm,,,,,,
Hottabych,,Café,Kata,+66 63 195 8005,,,Mo-Su 12:00-22:00,,,7.81713,98.30085,osm,,,,,,
House Cafe,,Café,Old Town,,,,Mo-Su 10:00-19:00,,,7.88499,98.38753,osm,,,,,,
House of Clove,,Massage & spa,Old Town,,,,,,,7.88499,98.38709,osm,,,,,,
Howm,,Restaurant,Rawai,,,,,,,7.80084,98.33743,osm,,,,,,
Hua Sapan Noodles,,Restaurant,Old Town,,,,,,,7.86894,98.38294,osm,,,,,,
HuaJaai Phuket ร้านหัวจ่าย ภูเก็ต,,Café,Old Town,+66 095 416 5186,,พัฒนา ตลาดเหนือ,,,,7.8799,98.38007,osm,,,,,,
Huamoom Halal Food,,Café,Old Town,,,,Mo-Sa 09:00-23:00,,,7.90116,98.37845,osm,,,,,,
Hummus Boutique,,Restaurant,Koh Kaew,,,,,,,7.95599,98.37033,osm,,,,,,
Hungry Corner,,Restaurant,Karon,+66 87 598 9385,,,Mo-Su 10:00-23:00,,,7.83349,98.29532,osm,,,,,,
Hungry Monkey Cafe,,Café,Nai Harn,,,,,,,7.79541,98.31476,osm,,,,,,
Hunkar,,Restaurant,Karon,+66 62 563 1530,,,Mo-Su 11:30-22:30,,,7.84701,98.29362,osm,,,,,,
Hyatt Regency Phuket Resort,,Hotel,Kamala,,,,,,,7.94676,98.27115,osm,,,,,,
Hyton Leelavadee Hotel,,Hotel,Patong,,,,,,,7.88574,98.29283,osm,,,,,,
I am here,,Café,Kata,,,,,,,7.82546,98.29666,osm,,,,,,
I am Simon,,Bar,Kata,,,,,,,7.82558,98.29741,osm,,,,,,
I Dee,,Hotel,Patong,,,,,,,7.88169,98.29277,osm,,,,,,
I Hostel,,Guesthouse,Old Town,,,,,,,7.91691,98.3712,osm,,,,,,
I karoon,,Café,Patong,,,,,,,7.88371,98.29665,osm,,,,,,
Ibis,,Hotel,Patong,,,,,,,7.90195,98.29979,osm,,,,,,
Ibis Styles Phuket City,,Hotel,Phuket Town,+6676563333,,23 ถนนถาวรว่องวงศ์,,,,7.87843,98.39436,osm,,,,,,
Ice,,Bar,Kata,,,,,,,7.82554,98.29706,osm,,,,,,
Ice Coffee 20thb,,Street food,Kata,,,,,,,7.82648,98.29823,osm,,,,,,
Ice cream Japan,,Café,Old Town,,,,Mo-Su 10:00-21:30,,,7.88439,98.3875,osm,,,,,,
Ice Cream Melody,,Café,Kamala,,,,,,,7.95021,98.27968,osm,,,,,,
Ice Island Tour,,Tours & travel,Kata,,,,,,,7.81352,98.29881,osm,,,,,,
Ice's Seafood,,Restaurant,Kamala,,,Rim Hat Road,,,,7.95077,98.28175,osm,,,,,,
Icon bistro & cafe,,Café,Chalong,,,,,,,7.8251,98.34061,osm,,,,,,
Ideo Phuket,,Hotel,Nai Yang,,,,,,,8.08658,98.29998,osm,,,,,,
idspa Kata Beach Phuket,,Hotel,Kata,+66 85 678 9898,,,,,,7.82416,98.29773,osm,,,,,,
Ikigai,,Restaurant,Karon,+66 76 398 116,,,Mo-Su 13:30-22:00,,,7.84719,98.29354,osm,,,,,,
Ikihai,,Restaurant,Nai Harn,,,,,,,7.78894,98.31723,osm,,,,,,
Ikon Phuket,,Hotel,Karon,,,,,,,7.84335,98.30296,osm,,,,,,
IL Mare Patong Place,,Hotel,Patong,,,,,,,7.88617,98.29816,osm,,,,,,
Il Tagliere Pizzeria Ristorante,,Restaurant,Kata,+66 76 330 679,https://italianophuket.com/il-tagliere-pizzeria-ristorante/,64 Kata Road Karon,Mo-Su 12:00-23:00,,,7.81948,98.30011,osm,,,,,,
Im Chang,,Restaurant,Bang Tao,,,,,,,8.00003,98.31069,osm,,,,,,
Im’s Restaurant and Guest House,,Restaurant,Patong,,,,Mo-Su 11:00-22:00,,,7.89959,98.30683,osm,,,,,,
Impiana Resort,,Hotel,Patong,,,,,,,7.89683,98.29614,osm,,,,,,
In balance spa nova,In balance spa Novotel Phuket,Beauty & spa,Patong,+6676380555,,89 ถนนราษฎร์อุทิศ200ปี,,,,7.89879,98.3003,osm,,,,,,
In On The Beach,,Hotel,Karon,+66 76 398 220,,,,,,7.85329,98.29208,osm,,,,,,
In Phuket House,,Guesthouse,Phuket Town,+66864765210,https://inphukethouse.com/,195 ถนนถลาง ตำบลตลาดใหญ่,Mo-Su 09:00-19:00,,,7.88466,98.39216,osm,,,,,,
InterContinental Phuket Resort,,Hotel,Kamala,,,,,,,7.96294,98.2858,osm,,,,,,
Inthanin,,Café,Mai Khao,,,,Mo-Su 07:00-18:00,,,8.17211,98.29838,osm,,,,,,
Inthanin naithon bar & restaurant,,Restaurant,Nai Yang,0902989161,,,Mo-Su 09:00-21:00,,,8.05572,98.27827,osm,,,,,,
Inzia steak,,Café,Bang Tao,,,,,,,7.9835,98.29065,osm,,,,,,
Irish Bar,,Bar,Patong,,,,,,,7.89676,98.29992,osm,,,,,,
Isaan Popeye Thai food,,Restaurant,Kamala,,,,,,,7.94934,98.28333,osm,,,,,,
Isdaris Apartment,,Hotel,Cherngtalay,,,195/26 Thalang,,,,7.98357,98.29491,osm,,,,,,
Island Campground Cafe & Bar,,Bar,Cape Panwa,,,,,,,7.83152,98.40174,osm,,,,,,
Island Herb Spa,,Beauty & spa,Chalong,,http://www.islandherbspa.com,,,,,7.8621,98.34352,osm,,,,,,
Island Herbal Sauna,,Beauty & spa,Chalong,,http://www.islandherbspa.com,,,,,7.86441,98.35794,osm,,,,,,
Island Tours by Unicorn Phuket,,Tour Agency,Chalong,,https://noorphukettour.com/,"35/271 moo3 Tambol vichit Amphur Muang, ตำบล วิชิต อำเภอเมืองภูเก็ต ภูเก็ต 83000, Thailand",,,0,7.87045,98.35062,google_places,,,,,,
Island View,,Hotel,Karon,,,,,,,7.83448,98.29733,osm,,,,,,
Islander. Sport bar,,Bar,Rawai,,,,,,,7.77734,98.31917,osm,,,,,,
Isola,,Restaurant,Koh Kaew,,,,,,,7.96653,98.39052,osm,,,,,,
Issan classic restaurant,,Restaurant,Rawai,,,,,,,7.79254,98.32433,osm,,,,,,
Istanbul turkish restaurant,,Restaurant,Kata,,,,,,,7.81648,98.30735,osm,,,,,,
Italay,,Restaurant,Surin,,,,,,,7.98467,98.28654,osm,,,,,,
Italiano,,Restaurant,Rawai,,,,,,,7.79845,98.33495,osm,,,,,,
Ivan Durian Tour,,Tours & travel,Kata,+66 94 994 4047,https://ivandurian.ru,,"Mo-Su 10:00-14:00,15:00-21:30",,,7.81664,98.30076,osm,,,,,,
J.J. Car Rental Center,,Vehicle rental,Nai Harn,,,,,,,7.79062,98.31702,osm,,,,,,
JaakDin Restaurant,,Restaurant,Bang Tao,,,,,,,8.02861,98.29541,osm,,,,,,
Jack Beach,,Restaurant,Nai Yang,,,,,,,8.09027,98.29811,osm,,,,,,
Jadjan,,Restaurant,Old Town,+66898681954,,ถนนศักดิเดชน์,,,,7.86456,98.38056,osm,,,,,,
Jai Shree Ram,,Restaurant,Patong,,,,Mo-Su 10:30-23:30,,,7.90186,98.30026,osm,,,,,,
Jam rock,,Bar,Nai Harn,,,,,,,7.79217,98.29395,osm,,,,,,
Jame Bar,,Bar,Patong,,,,,,,7.89778,98.30189,osm,,,,,,
James,,Tailor,Karon,+66 65 961 6162,,,Mo-Su 09:00-22:00,,,7.83373,98.29531,osm,,,,,,
James & Joyce,,Bar,Patong,,,,,,,7.89836,98.29688,osm,,,,,,
James bar,,Bar,Karon,,,,,,,7.84924,98.29518,osm,,,,,,
James bond,,Tours & travel,Phuket Town,,,,,,,7.88288,98.39064,osm,,,,,,
JAMPA restaurant,,Restaurant,Bang Tao,076342122,https://jamparestaurant.com/,"46/6 Moo 3 Thep Krasatti, Thalang District, Phuket",,,,8.03942,98.31731,osm,,,,,,
Jampee restaurant,,Restaurant,Patong,,,,,,,7.88319,98.29703,osm,,,,,,
Jamrat Sushi box,,Café,Bang Tao,,,Tambon Thep Krasatti,Su-Fr 15:00-21:00,,,8.0275,98.33243,osm,,,,,,
Jang Resort,,Hotel,Patong,+6676343122,https://www.jangresort.com/,"210/23 Soi Kebsup, Rach U-Thit 200 Pee Rdoad Patong Beach",,,,7.88934,98.29506,osm,,,,,,
Jao Jong,Jao Jong,Restaurant,Rawai,,,,,,,7.76945,98.31793,osm,,,,,,
Jao Nan,,Restaurant,Rawai,,,,,,,7.76997,98.31838,osm,,,,,,
Japanese home cooking,,Restaurant,Chalong,,,,Mo-Fr 11:00-21:00,,,7.85315,98.32935,osm,,,,,,
Jasmine Bar,,Bar,Rawai,,,,,,,7.78893,98.33004,osm,,,,,,
Jasmine massage,Jasmine massage,Massage & spa,Patong,,,,,,,7.91063,98.29598,osm,,,,,,
Jazz U Steakhouse,,Restaurant,Kata,,,,,,,7.82206,98.30139,osm,,,,,,
Jeab Bar,,Bar,Patong,,,59/2 Sainamyen Rd Patong,Mo-Su 14:00-02:00,,,7.89669,98.30005,osm,,,,,,
Jeepang Mee Hoon Kraduk Moo AND Oh Ew Paelee,,Restaurant,Old Town,,,,,,,7.88584,98.38714,osm,,,,,,
Jeffer,,Restaurant,Patong,,,,,,,7.8904,98.30062,osm,,,,,,
Jen massage,,Massage & spa,Rawai,,,,,,,7.7871,98.31743,osm,,,,,,
Jen Pizza,,Restaurant,Rawai,,,,,,,7.78356,98.31719,osm,,,,,,
Jenny Bar,,Bar,Patong,,,,,,,7.89679,98.29982,osm,,,,,,
Jin,,Café,Nai Yang,,,,08:00-22:30,,,8.08677,98.30038,osm,,,,,,
Jina2 Bar,,Bar,Kathu,,,,,,,7.90901,98.34795,osm,,,,,,
Jinta Andaman,,Hotel,Kata,,,,,,,7.82337,98.30059,osm,,,,,,
Jinta Breakfast,,Restaurant,Kata,,,,,,,7.82334,98.30044,osm,,,,,,
Jintana,,Hotel,Patong,,,,,,,7.89572,98.29815,osm,,,,,,
Jips Guesthouse,,Guesthouse,Patong,,,,,,,7.88759,98.30266,osm,,,,,,
jira house,,Hotel,Old Town,,,,Mo-Su 10:00-18:00,,,7.91589,98.37444,osm,,,,,,
Jiraporn (J.R.P.) Hill resort,,Hotel,Patong,,,Nanai Road,,,,7.8812,98.29982,osm,,,,,,
Jj,,Massage & spa,Kata,+66 65 286 5152,,,Mo-Su 09:00-22:00,,,7.81349,98.29868,osm,,,,,,
JJ airport condotel,,Hotel,Airport,,,,,,,8.1084,98.31125,osm,,,,,,
JJ massage,,Massage & spa,Rawai,,,,,,,7.77443,98.32556,osm,,,,,,
JJW House,,Hotel,Airport,,,,,,,8.10148,98.30874,osm,,,,,,
JK,JK,Beauty & spa,Phuket Town,,,,,,,7.88409,98.41045,osm,,,,,,
John Donut,,Café,Old Town,,,,,,,7.88479,98.38797,osm,,,,,,
Jono X Phuket Karon,,Hotel,Karon,+66 76 645 555,https://www.jonohotels.com,558 4 Patak Road,24/7,,,7.85057,98.29462,osm,,,,,,
Journeyhub,,Hotel,Patong,,,,,,,7.90185,98.30483,osm,,,,,,
JR Siam Kata Resort,,Hotel,Kata,,,,,,,7.82555,98.30065,osm,,,,,,
"Jubin Tour Co.,Ltd.",,Tours & travel,Kathu,+6676540553,https://www.jubin-tour.com/,9/136,,,,7.92016,98.3335,osm,,,,,,
Judy,,Hotel,Patong,,,,,,,7.88149,98.2932,osm,,,,,,
Juice me up,,Café,Cherngtalay,,,,,,,7.99276,98.30605,osm,,,,,,
Jula Place,,Hotel,Chalong,,,,,,,7.82464,98.34227,osm,,,,,,
Jum,,Guesthouse,Karon,,,,,,,7.83282,98.29677,osm,,,,,,
Jum Thai Food,,Café,Rawai,,,,,,,7.76961,98.3143,osm,,,,,,
Jumbo seafood,,Restaurant,Rawai,,,,,,,7.77284,98.32225,osm,,,,,,
Jungle cafe,,Café,Kathu,0856925259,,,Mo-Su 10:00-20:00,,,7.93274,98.32317,osm,,,,,,
Jungle Xtrem Adventure Park,,Theme park,Chalong,+ 660627672777,https://junglextreme.com/,"54/17 Moo 6 T. Chalong, A.Muang Phuket",,,,7.85292,98.3265,osm,,,,,,
JunJaow Camping & Restaurant,,Restaurant,Patong,+66897300159,,,,,,7.91528,98.30386,osm,,,,,,
Jurana Patong Phuket,,Hotel,Patong,,,"44/1-7 Muean Ngen Road, Patong Beach, Kathu District, Phuket 83150, 泰國",,,,7.88532,98.28214,osm,,,,,,
Jutamas,,Vehicle rental,Rawai,,,,,,,7.77976,98.31802,osm,,,,,,
Jw Marriott Phuket Resort and Spa,,Hotel,Mai Khao,+6676338000,https://www.marriott.com/en-us/hotels/hktjw-jw-marriott-phuket-resort-and-spa/overview/,,,,,8.16615,98.2952,osm,,,,,,
K & K restaurant,,Restaurant,Patong,0945789118,,,,,,7.8932,98.29639,osm,,,,,,
K.B.L.,,dojo,Nai Harn,,,,,,,7.79682,98.31892,osm,,,,,,
Ka Jok See,,Restaurant,Old Town,,,,,,,7.88275,98.38812,osm,,,,,,
Ka Moo Boran,,Restaurant,Kathu,,,,,,,7.91062,98.3348,osm,,,,,,
Ka Ti Bar & Restaurant,,Restaurant,Surin,,,,,,,7.98501,98.28088,osm,,,,,,
kais restaurant,,Bar,Karon,,,,,,,7.85677,98.29265,osm,,,,,,
Kaiya,,Café,Chalong,,,,,,,7.8539,98.3451,osm,,,,,,
Kalido,,Restaurant,Surin,,https://www.kalidophuket.com,,,,,7.98447,98.28338,osm,,,,,,
Kalika 76,Kalika 76,Restaurant,Kata,,,,Mo-Su 12:00-20:00,,,7.82922,98.29549,osm,,,,,,
Kamala 555,,Hotel,Kamala,+66 91 1612288,https://kamala555.com,74/39 Rim Hat Road,,,,7.95059,98.28137,osm,,,,,,
Kamala Bakery,,Restaurant,Kamala,,,,Mo-Su 07:00-16:00,,,7.94678,98.28002,osm,,,,,,
Kamala Beergardeen,,Bar,Kamala,,,,,,,7.94866,98.28325,osm,,,,,,
Kamala Butchery & Restaurant,,Restaurant,Kamala,,,,,,,7.94897,98.28419,osm,,,,,,
Kamala Clinic,,Pharmacy,Kamala,,,,,,,7.94815,98.28318,osm,,,,,,
Kamala dive service (PADI) German,,Gym & fitness,Kamala,,,,,,,7.94969,98.29704,osm,,,,,,
Kamala Dreams,,Restaurant,Kamala,,,Rim Hat Road,,,,7.95071,98.28079,osm,,,,,,
Kamala Night Market,,Market,Kamala,,,,"Mo,Tu,Th,Fr 15:30-23:00",,,7.95429,98.28596,osm,,,,,,
Kamala Penthouse - Thailand,,Hotel,Kamala,+31614305407,,4 56/17 Moo Kamala Sub district,,,,7.94634,98.28448,osm,,,,,,
Kamala Resotel,,Hotel,Kamala,+66 63 464 6409,https://kamala-resotel.com/,68/16 ถนนหน้าหาด,,,,7.94997,98.2849,osm,,,,,,
Kamala Seafood,,Restaurant,Kamala,,,Rim Hat Road,,,,7.95008,98.28076,osm,,,,,,
Kamala Talad Nat,Kamala Talad Nat,Market,Kamala,,,,"Mo, We, Sa 14:00-20:00",,,7.94294,98.27987,osm,,,,,,
Kamala Taxi Service,,Transport,Kamala,,,Rim Hat Road,,,,7.95083,98.28157,osm,,,,,,
Kamala Tropical Garden,,Hotel,Kamala,,,,,,,7.94818,98.28386,osm,,,,,,
Kamala Tuk Tuk,,Transport,Kamala,,,Rim Hat Road,,,,7.95093,98.28182,osm,,,,,,
Kamala Villa Hill,,Hotel,Kamala,,,,,,,7.95054,98.29818,osm,,,,,,
KaMaLa' Te,,Café,Kamala,,,Rim Hat Road,,,,7.94969,98.2805,osm,,,,,,
Kamalaburi Guesthouse,,Guesthouse,Kamala,,,,,,,7.94821,98.28171,osm,,,,,,
Kambo,,Restaurant,Bang Tao,,,,,,,7.98618,98.29088,osm,,,,,,
Kan Eand Seafood,,Restaurant,Chalong,,,,,,,7.82551,98.34622,osm,,,,,,
Kan Eang,,Restaurant,Chalong,,,44/1 Moo 5 Viset road,,,,7.8199,98.34442,osm,,,,,,
Kanchana Food Court,,Restaurant,Patong,,,,,,,7.88642,98.30236,osm,,,,,,
Kanchana Garden Place,,Hotel,Patong,,,,,,,7.8863,98.30234,osm,,,,,,
"Kanchanalai Co., Ltd.",,Hotel,Kata,,,,,,,7.81685,98.30627,osm,,,,,,
Kanita home and room for rent,,Guesthouse,Kata,+66817879179,,,,,,7.81485,98.31364,osm,,,,,,
Kantary Bay Hotel Phuket,,Hotel,Cape Panwa,+6676391514,https://www.kantarybay-phuket.com/,,,,,7.80531,98.40658,osm,,,,,,
Kanya,,Restaurant,Kata,+66915990779,,,"Mo,Tu,We,Fr,Sa,Su 10:00-21:30",,,7.8163,98.30958,osm,,,,,,
Kanya Boutique Karon,,Guesthouse,Karon,+66854772716,,,,,,7.83267,98.29649,osm,,,,,,
Kao Kab Nhom,,Restaurant,Old Town,076510109,,72 ถนนเยาวราช,,,,7.88552,98.38759,osm,,,,,,
Kaokhad,,Restaurant,Cape Panwa,,,,,,,7.81206,98.38894,osm,,,,,,
Kaphrao Khai Yoem - Saku,,Restaurant,Nai Yang,,,,,,,8.09242,98.30162,osm,,,,,,
Kapi Sushi Box,,Restaurant,Patong,,,,,,,7.88482,98.29804,osm,,,,,,
Kappa Pharma,,Pharmacy,Patong,,,,,,,7.88915,98.29277,osm,,,,,,
Karandeep,,Souvenirs & gifts,Karon,+66 63 338 6319,,,Mo-Su 09:00-22:30,,,7.83375,98.29569,osm,,,,,,
Karlsson,,Restaurant,Karon,+66 81 693 2776,https://www.karlssonrestaurant.com,,Mo-Su 12:30-23:00,,,7.84289,98.29517,osm,,,,,,
Karlsson's,,Restaurant,Patong,,,,,,,7.89157,98.29538,osm,,,,,,
Karon Bazaar,,Market,Karon,,,,Mo-Su 10:00-23:00,,,7.84488,98.29413,osm,,,,,,
Karon Beach Inn,,Hotel,Karon,+66 76 286 500,https://welcome-inn.com/,,,,,7.84986,98.2952,osm,,,,,,
Karon Beach Resort & Spa,,Hotel,Kata,,,,,,,7.82944,98.29481,osm,,,,,,
Karon Cliff,,Hotel,Karon,,,,,,,7.86044,98.28862,osm,,,,,,
Karon Guesthouse,,Guesthouse,Karon,,,,,,,7.84857,98.29636,osm,,,,,,
Karon Night Market,,Market,Karon,,,,,,,7.84319,98.2945,osm,,,,,,
Karon Park View,,Hotel,Karon,,,,,,,7.84624,98.29908,osm,,,,,,
Karon Sea Breeze,,Hotel,Karon,,,,,,,7.84864,98.29466,osm,,,,,,
Karon Sea Breeze Beach,,Hotel,Karon,,,,,,,7.84867,98.29407,osm,,,,,,
Karon Sea Sands Resort,,Hotel,Karon,+66 76 286 464,https://karonseasand.com/,,,,,7.84732,98.29395,osm,,,,,,
Karon Temple,,Guesthouse,Karon,,,"37/17 soi patak 22, Patak Road",,,,7.8482,98.29814,osm,,,,,,
Karon Temple Market,,Market,Karon,,,,"Tu, Fr 16:00-22:00",,,7.84802,98.29781,osm,,,,,,
Karon Village,,Hotel,Karon,,,,,,,7.83906,98.30046,osm,,,,,,
Karon Whale Resort,,Hotel,Karon,,,,,,,7.84934,98.29419,osm,,,,,,
Karona Resort & Spa,,Hotel,Kata,+66 76 530 336,https://karonaresort.com/,62 KaronSoi 2 Rd,,,,7.82984,98.29587,osm,,,,,,
Kasemsuk Karon,,Guesthouse,Kata,+66816062547,,,,,,7.83243,98.29677,osm,,,,,,
Kata Bai D Inn,,Guesthouse,Kata,,,,,,,7.81598,98.30198,osm,,,,,,
kata Bar.B.Q Restaurant,,Restaurant,Kata,,,,Mo-Su 08:00-23:00,,,7.81367,98.2985,osm,,,,,,
Kata beach studio,,Restaurant,Kata,+6676333334,,,,,,7.81554,98.30485,osm,,,,,,
Kata Blue Sea Resort,,Hotel,Kata,,,,,,,7.82382,98.30071,osm,,,,,,
Kata Country House,,Hotel,Kata,,,,,,,7.82063,98.29972,osm,,,,,,
Kata Delight,,Hotel,Kata,,,,,,,7.8135,98.29713,osm,,,,,,
Kata Forte Resort,,Hotel,Kata,,,,,,,7.82151,98.30126,osm,,,,,,
Kata Garden Resort,,Hotel,Kata,,,,,,,7.82815,98.29628,osm,,,,,,
Kata Gardens Apartments,,Hotel,Kata,+66 81 078 1246,https://katagardens.net/,,,,,7.81112,98.29773,osm,,,,,,
Kata Green Beach,,Restaurant,Kata,,,,,,,7.82487,98.29728,osm,,,,,,
Kata Green Beach Hotel,,Hotel,Kata,,,,,,,7.82495,98.29753,osm,,,,,,
Kata Helmet & Appartments,,Hotel,Kata,+66 89 651 1292,,,,,,7.81685,98.30786,osm,,,,,,
Kata Hill Sea View,,Hotel,Kata,,,,,,,7.81456,98.3007,osm,,,,,,
Kata hillside hotel,,Hotel,Kata,,,,,,,7.81565,98.30572,osm,,,,,,
Kata Karon Community Massage Group,,Massage & spa,Kata,,,,,,,7.83176,98.29572,osm,,,,,,
Kata Lucky villa,,Hotel,Kata,,,,,,,7.81701,98.30421,osm,,,,,,
Kata Mama Seafood,,Restaurant,Kata,,,,,,,7.81325,98.2983,osm,,,,,,
Kata Mountain Inn,,Hotel,Kata,+66 89 128 4783,,,,,,7.82951,98.30165,osm,,,,,,
Kata Noi Bay inn,,Hotel,Kata,+66 89 646 6557,,,,,,7.80573,98.30004,osm,,,,,,
Kata Noi Massage,,Beauty & spa,Kata,,,,Mo-Su 10:00-22:30,,,7.80639,98.3,osm,,,,,,
Kata Noi Resort,,Hotel,Kata,+66 76 284 665,https://katanoiresort.com/,,,,,7.80726,98.30037,osm,,,,,,
Kata Noi Seafood,,Restaurant,Kata,+66 76 330 450,,,Mo-Su 09:00-23:00,,,7.80575,98.29998,osm,,,,,,
Kata Ocean View Residences,,Hotel,Kata,+66 76 333 273,https://kataoceanview.com/,,,,,7.81917,98.3129,osm,,,,,,
Kata On Sea Bungalow,,Hotel,Kata,,,96 Soi Taina,,,,7.8274,98.29807,osm,,,,,,
Kata Open Market,,Market,Kata,,,,"Mo, Th 17:00-21:00",,,7.825,98.29985,osm,,,,,,
Kata Palace Phuket,,Hotel,Kata,,,,,,,7.81828,98.30111,osm,,,,,,
Kata Palm Resort & Spa,,Hotel,Kata,,,,,,,7.81898,98.301,osm,,,,,,
Kata Pharmacy & minimart,,Pharmacy,Kata,,,,,,,7.82699,98.2987,osm,,,,,,
Kata Place,,Hotel,Kata,,,,,,,7.81746,98.30846,osm,,,,,,
Kata Plaza,,Guesthouse,Kata,,,,,,,7.81586,98.30105,osm,,,,,,
Kata Pool Side Resort,,Hotel,Kata,+66 76 333 177,https://www.katapoolside.com,,,,,7.81704,98.30088,osm,,,,,,
Kata Pool Villa,,Hotel,Kata,,,,,,,7.81848,98.31025,osm,,,,,,
Kata Residence,,Hotel,Kata,+66 81 788 8280,,"133/66 Patak Road Kata Beach, Tambon Karon",,,,7.82314,98.30179,osm,,,,,,
Kata Sea Blue,,Guesthouse,Kata,+66872733491,,,,,,7.8156,98.30524,osm,,,,,,
Kata Sea Breeze Resort,,Hotel,Kata,,,,,,,7.81993,98.3006,osm,,,,,,
Kata Seafood,,Restaurant,Kata,+66 60 698 3259,,,Mo-Su 10:00-23:00,,,7.82574,98.29686,osm,,,,,,
Kata Silver Sun,,Hotel,Kata,,,,,,,7.81966,98.30034,osm,,,,,,
Kata Sun Beach,,Hotel,Kata,+66 80 121 0120,https://katasunbeach.com/,,,,,7.81305,98.29856,osm,,,,,,
Kata Tranquil Villa,,Hotel,Kata,,,15/1 Patak Soi 12 Tambon Karon,,,,7.83132,98.30133,osm,,,,,,
Kata View,,Guesthouse,Kata,,,,,,,7.81541,98.30397,osm,,,,,,
Kata View Point Resort,,Hotel,Kata,,,,,,,7.8162,98.30344,osm,,,,,,
Kata Villa,Kata Villa,Restaurant,Kata,,https://www.katavilla.com/,,,,,7.8299,98.29521,osm,,,,,,
Kata Walking Street Night Market,,Market,Kata,,,,Mo-Su 11:00-23:00,,,7.82464,98.29825,osm,,,,,,
Katabeach​ Healthcare,,Pharmacy,Kata,+66 80 269 6555,,,Mo-Su 09:00-23:00,,,7.82282,98.29862,osm,,,,,,
Katahill house,,Guesthouse,Kata,+66816062827,,,,,,7.82154,98.3097,osm,,,,,,
Katamanda Luxury Villas,,Hotel,Kata,+66 76 333 251,katamanda.com,9/48 Katanoi Road Karon Phuket 83100,,,,7.81181,98.29999,osm,,,,,,
Katanoi Club Hotel,,Hotel,Kata,,,,,,,7.8048,98.29999,osm,,,,,,
Katatani Phuket,,Hotel,Kata,,https://www.katathani.com,,,,,7.80436,98.29995,osm,,,,,,
Kataturk Turkish Restaurant,,Restaurant,Kata,+66 91 821 6161,,,,,,7.81666,98.30719,osm,,,,,,
Kataview Guesthouse,,Guesthouse,Kata,+66 76 330 223,kataviewguesthouse.com,,,,,7.81553,98.30387,osm,,,,,,
Katherine Massage,,Massage & spa,Phuket Town,,,,,,,7.87471,98.38905,osm,,,,,,
Kawasaki Big Bikes Phuket,,Vehicle rental,Phuket Town,,https://www.kawasaki.co.th/,,,,,7.88704,98.39319,osm,,,,,,
Kazoku,,Restaurant,Phuket Town,,,,Mo-Su 14:00-22:00,,,7.88319,98.3897,osm,,,,,,
Kb,,Restaurant,Karon,+66 88 624 9312,,,Mo-Su 11:00-23:00,,,7.85089,98.29363,osm,,,,,,
KB restaurant 2,,Restaurant,Kata,,,,,,,7.8264,98.29666,osm,,,,,,
Keang lay,,Restaurant,Cape Panwa,,,,Mo-Su 11:00-21:00,,,7.80621,98.40469,osm,,,,,,
Kebab Lagmanych restaurant,,Restaurant,Rawai,,,,,,,7.78529,98.31767,osm,,,,,,
Kebaboff,,Restaurant,Patong,0066650055900,http://www.kebaboff.com,162/4 Thanon Thawewong,Mo-Su 12:00-00:00,,,7.89571,98.29627,osm,,,,,,
Kee Sky Lounge,,Restaurant,Patong,,,,,,,7.89508,98.29731,osm,,,,,,
Keh Muay Thai,,dojo,Rawai,,,,,,,7.78198,98.32939,osm,,,,,,
Kelly's Hotel and Residence,,Hotel,Patong,,,47/1 Nanai Road,,,,7.89331,98.30438,osm,,,,,,
Ken's Inn,,Hotel,Patong,,,,,,,7.90206,98.30056,osm,,,,,,
KFC,,Street food,Chalong,,,,,,,7.84027,98.3337,osm,,,,,,
Khan Baba Restaurant,,Restaurant,Kata,,,,,,,7.82413,98.29837,osm,,,,,,
Khao Oat airport,,Hotel,Airport,,https://khaooatairport.top/,,,,,8.10665,98.30863,osm,,,,,,
khao rang place hôtel,,Hotel,Old Town,+6676681140,,,,,,7.89036,98.38225,osm,,,,,,
Khao Tom Sam Pee Nong,ข้าวต้มแซมพี่หนอง,Restaurant,Kata,,,,,,,7.83082,98.30072,osm,,,,,,
Khao Tom Thanon Di Buk,,Restaurant,Phuket Town,+6676215731,,,,,,7.88357,98.39741,osm,,,,,,
Khem Tui,,Restaurant,Kata,,,Patak Road Soi 6,,,,7.81977,98.30762,osm,,,,,,
Khiang Kao Forest & Cafe,,Restaurant,Kathu,,,,,,,7.89621,98.32163,osm,,,,,,
Kho Kee Bar,,Bar,Kamala,,,93/67 Rim Hat Road,Mo-Su 09:00-24:00,,,7.95014,98.28083,osm,,,,,,
Khok Chang Kata Safari,,Theme park,Kata,+66 89 591 9413,https://kokchangsafari.com/,,,,,7.80286,98.30625,osm,,,,,,
Khon Kaen Buffet & BBQ,,Restaurant,Patong,+66896829663,,,Mo-Su 16:00-01:00,,,7.89839,98.30382,osm,,,,,,
Khrua Jongjit,,Restaurant,Kathu,+6676321357,,,,,,7.91615,98.34593,osm,,,,,,
Khrua Ohm,,Restaurant,Kathu,+66640622239,,,Mo-Su 11:00-20:30,,,7.90718,98.34952,osm,,,,,,
Khumtong,,Restaurant,Kata,+66 94 919 6491,,,Mo-Sa 11:00-02:00; Su 11:30-02:00,,,7.82407,98.29812,osm,,,,,,
Khun Chang And Anny,,Restaurant,Karon,+66 64 516 6592,,,Mo-Su 09:00-22:00,,,7.85051,98.29358,osm,,,,,,
Khwanta Sea Food,,Restaurant,Nai Yang,,,,,,,8.05608,98.2784,osm,,,,,,
Kiaw Food Shack,,Restaurant,Nai Yang,,,,,,,8.08306,98.29027,osm,,,,,,
Kim White Yoga,,Gym & fitness,Rawai,,,,,,,7.79985,98.32914,osm,,,,,,
Kim's massage,,Massage & spa,Rawai,,,,11:00-22:00,,,7.77304,98.32307,osm,,,,,,
Kim's Massage & Spa,,Massage & spa,Phuket Town,,,,,,,7.88371,98.39189,osm,,,,,,
Kim's Massage and Spa,,Massage & spa,Patong,,https://www.kimsmassagespa.com/,,11:00-22:00,,,7.8909,98.29416,osm,,,,,,
Kimono Japanese Massage,,Massage & spa,Rawai,+66 96 802 9524,https://www.facebook.com/kimonoMassage,50/46 Moo 7 Soi Saiyuan Rawai,Mo-Su 11:00-23:00,,,7.79281,98.322,osm,,,,,,
Kin sushi,,Restaurant,Airport,,,,Mo-Su 11:00-21:00,,,8.10101,98.3062,osm,,,,,,
Kin-Dee,,Café,Paklok,076602282,https://www.boutiqueresortphuket.com/,,,,,8.01708,98.39297,osm,,,,,,
King Kong Seafood,,Restaurant,Patong,,,,,,,7.89781,98.30008,osm,,,,,,
Kinkeaw,Kinkeaw,Hotel,Patong,,,124/3 Nanai Road,,,,7.88692,98.30248,osm,,,,,,
Kinkhao kinnam,,Restaurant,Phuket Town,,,,10:00-22:00,,,7.88196,98.39141,osm,,,,,,
Kiran's,,Restaurant,Karon,+66 81 537 2325,,,Mo-Su 12:00-23:00,,,7.84718,98.29359,osm,,,,,,
Kiri,,Restaurant,Karon,+66 76 396 611,,,Mo-Su 11:00-22:00,,,7.84899,98.29386,osm,,,,,,
Kitchen美食,,Restaurant,Patong,,,,,,,7.89317,98.29853,osm,,,,,,
Kitti duck noodle,,Restaurant,Chalong,,,,,,,7.83008,98.34426,osm,,,,,,
KLANG-YA,,Pharmacy,Kamala,,,,,,,7.95392,98.28868,osm,,,,,,
KOH Bamboo,,Bar,Patong,,,,,,,7.89333,98.29798,osm,,,,,,
Koh Kaew Market,,Market,Koh Kaew,,,,,,,7.95774,98.3747,osm,,,,,,
Koi Restaurant,,Restaurant,Kata,0964622239,,Patak Road,,,,7.82184,98.30481,osm,,,,,,
Koko hut,,Café,Chalong,,,,,,,7.85294,98.34658,osm,,,,,,
KoKosnuss,,Restaurant,Kamala,+66 81 538 528 5,https://www.phuketkokosnuss.com/,73/120 Pa Jak Kamala Beach,"Mo-Th, Su 11:00-23:00; Sa 17:00-23:00",,,7.94917,98.28129,osm,,,,,,
Kokosnuss Kamala,,Bar,Kamala,,,73/120 Pa Jak,Mo-Su 16:00-02:00,,,7.94901,98.28152,osm,,,,,,
Kokotel,,Hotel,Nai Yang,,,,,,,8.0922,98.30036,osm,,,,,,
Kong Cafe Seaview,,Café,Nai Harn,,,,,,,7.78941,98.29878,osm,,,,,,
könyvesbolt,,Souvenirs & gifts,Phuket Town,,,,,,,7.88259,98.39088,osm,,,,,,
Kopitiam by Wilai,,Restaurant,Old Town,+66 83-606-9776,,,Mo-Sa 11:00-22:00,,,7.88478,98.38808,osm,,,,,,
Kor Kuai Food And Drink,,Restaurant,Patong,,,,,,,7.88714,98.30213,osm,,,,,,
Kotchanok house,,Guesthouse,Kathu,+66899731728,,,,,,7.91368,98.3269,osm,,,,,,
Krachay,,Massage & spa,Karon,,,,Mo-Su 09:00-23:00,,,7.84329,98.29453,osm,,,,,,
Krata Thong,Krata Thong,Café,Phuket Town,,,184 Phuket Road,Mo-Su 10:00-20:00,,,7.88215,98.39109,osm,,,,,,
Kremser'l,,Restaurant,Patong,,,,,,,7.89984,98.3015,osm,,,,,,
Kru Oh Muay Thai,,dojo,Rawai,+66988734358,https://www.kruohmuaythai.com,,,,,7.8014,98.32585,osm,,,,,,
Krua Charifa,,Restaurant,Phuket Town,,,113 Tilok Utis 2 Road,Mo-Su 08:00-16:00,,,7.87803,98.39559,osm,,,,,,
Krua Chom View,,Restaurant,Patong,,,,,,,7.89099,98.30835,osm,,,,,,
Krua Roi Rod,,Restaurant,Nai Harn,,,,,,,7.76742,98.30674,osm,,,,,,
KTM Phuket,,Vehicle rental,Phuket Town,,https://www.facebook.com/ktmphuket/,,,,,7.88839,98.39356,osm,,,,,,
Kubo Beach Club,,Bar,Patong,,,,,,,7.89507,98.29537,osm,,,,,,
Kvass,,Bar,Surin,,,,,,,7.98016,98.28329,osm,,,,,,
Kwality,,Restaurant,Patong,,,,,,,7.89167,98.29411,osm,,,,,,
Kwong Shop Seafood Restaurant,,Restaurant,Kata,,,,Mo-Su 10:00-23:00,,,7.8268,98.29853,osm,,,,,,
Kygna - modern kitchen,,Restaurant,Rawai,,,,,,,7.77702,98.31936,osm,,,,,,
Kyoodai,,Restaurant,Old Town,+6676688780,,128/6,Mo-Sa 12:00-22:00,,,7.9175,98.3701,osm,,,,,,
l มา ดู บัว ภูเก็ต,,Café,Bang Tao,,,,,,,8.02193,98.32861,osm,,,,,,
L'Arôme at Blue Tree,,Restaurant,Cherngtalay,+66 (0)82 951 8455,https://en.laromegroup.com/laromeatbluetree,4/2 Srisoonthorn Road Phuket,Mo-Su 10:00-22:00,,,7.98925,98.3195,osm,,,,,,
L'Arôme by the sea,,Restaurant,Patong,+6665 239 2111,https://en.laromegroup.com/laromebythesea,247 Phrabarami Road Phuket,Mo-Su 16:00-23:00,,,7.91519,98.2925,osm,,,,,,
l'esprit the Naiyang Resort,,Hotel,Nai Yang,006676510032-5,https://www.lespritresort.com,,,,,8.08319,98.29358,osm,,,,,,
L'Orchidée Residences,,Hotel,Patong,,,,,,,7.90825,98.29977,osm,,,,,,
L&P,,Guesthouse,Kata,,,,,,,7.81571,98.30537,osm,,,,,,
La Bella,,Restaurant,Patong,,,,,,,7.89827,98.30346,osm,,,,,,
La calle,,Café,Rawai,,,,,,,7.7927,98.32528,osm,,,,,,
"La Cantina Steak House & Pizzeria, Rawai",,Restaurant,Nai Harn,+66 (0) 62 232 0770,https://foodmenu.online/lacantina,28/74 Soi Naya Na Sai Yaun,Mo-Su 12:00-23:00,,,7.78804,98.31703,osm,,,,,,
"La Cantina Steak House Ocean View, Karon",,Restaurant,Nai Harn,,,Soi Leammumnai,Th-Tu 12:00-21:00,,,7.79167,98.29268,osm,,,,,,
La Dolche Vita,,Massage & spa,Patong,,,,,,,7.88178,98.29375,osm,,,,,,
La Flora Resort Patong,,Hotel,Patong,,,,,,,7.89556,98.29549,osm,,,,,,
La Gaetana,,Restaurant,Phuket Town,+6676250523,https://www.phuket.com/magazine/la-gaetana.htm,352 Phuket Road,,,,7.87675,98.39352,osm,,,,,,
La Green Hotel and Residence,,Hotel,Bang Tao,,,,,,,8.02859,98.29612,osm,,,,,,
La Koff,,Café,Airport,+66927996166,,,09:00-17:00,,,8.10115,98.30851,osm,,,,,,
La Massage,,Massage & spa,Rawai,,,,,,,7.8015,98.3354,osm,,,,,,
La Moon,La Moon @ Phuket,Hotel,Phuket Town,+66762209656,https://t.trip.com/oQ3gnZH,2/6 ถนนหลวงพวง,Mo-Su 08:00-20:00,,,7.8856,98.39361,osm,,,,,,
La Moon Cafe,,Café,Kamala,,,,,,,7.95385,98.28806,osm,,,,,,
La Piccola Kata,,Hotel,Kata,,,,,,,7.82385,98.30038,osm,,,,,,
La Piccola Patong,,Guesthouse,Patong,,,,,,,7.88491,98.29701,osm,,,,,,
La Sala,,Restaurant,Mai Khao,,,,,,,8.1692,98.29523,osm,,,,,,
La Salada,,Restaurant,Rawai,,,,,,,7.78208,98.31685,osm,,,,,,
La Scala,,Restaurant,Kata,+66 76 318 377,https://www.katathani.com/restaurant/la-scala,,Mo-Su 18:00-23:00,,,7.80805,98.29945,osm,,,,,,
La Taverna,,Restaurant,Koh Kaew,+66 76 602 391,https://www.latavernaphuket.com/,,Mo-Su 12:00-22:00,,,7.96325,98.38528,osm,,,,,,
Laanta,,Restaurant,Kata,+66 76 330 951,,,Mo-Su 10:00-21:00,,,7.82564,98.29692,osm,,,,,,
Lady bar,,Bar,Karon,,,,,,,7.83446,98.29816,osm,,,,,,
Lae Lay Siutes Hotel Karon,,Hotel,Kata,,,,,,,7.83014,98.30204,osm,,,,,,
Lae Lay Suites,,Hotel,Kata,,,,,,,7.82954,98.30133,osm,,,,,,
Laem Ka Seafood,,Restaurant,Rawai,,,,,,,7.78313,98.33676,osm,,,,,,
Laem Sai Bungalow,,Hotel,Kata,,,,,,,7.82741,98.29327,osm,,,,,,
Laghetto Italian restaurant pizzeria,,Restaurant,Kathu,,,,,,,7.9161,98.32781,osm,,,,,,
Laguna Bar 1,,Bar,Rawai,,,,,,,7.77962,98.32922,osm,,,,,,
Laguna Bar 2,,Bar,Rawai,,,,,,,7.77999,98.32947,osm,,,,,,
Laguna Disco,,Nightlife,Rawai,,,,,,,7.7796,98.32962,osm,,,,,,
Laguna Golf Phuket,,Golf,Bang Tao,,,,,,,8.00789,98.30077,osm,,,,,,
Laguna Holiday Club Hotel,,Hotel,Bang Tao,,,,,,,8.00309,98.29887,osm,,,,,,
Laguna Wellness,,Gym & fitness,Bang Tao,,,,,,,8.00181,98.29623,osm,,,,,,
Lainapa Restaurant & Sunset Lounge,,Restaurant,Cape Panwa,,,,,,,7.81265,98.38653,osm,,,,,,
Lakeside,,Bar,Nai Harn,,,,,,,7.78198,98.31025,osm,,,,,,
Lamai,,Restaurant,Kata,,,,,,,7.83175,98.29526,osm,,,,,,
Lamai Guesthouse,ละมัย เกรสเฮ้าท์,Hotel,Kathu,,,,,,,7.89838,98.34645,osm,,,,,,
Lamai Guesthouse 1,,Hotel,Patong,+66 76 512373,https://www.lamaiphuket.com,20/31-32 Sirirat Road Patong,,,,7.87861,98.29163,osm,,,,,,
Lamai Guesthouse 2,,Hotel,Patong,+66 76 512372,https://www.lamaiphuket.com,20/33-34 Sirirat Road Patong,,,,7.87852,98.29149,osm,,,,,,
Lamai Hotel โรงแรมละไม,,Hotel,Patong,,,,,,,7.89019,98.29642,osm,,,,,,
Lamai Restaurant,,Restaurant,Patong,,,,Mo-Su 10:00-19:00,,,7.89883,98.3051,osm,,,,,,
Lana,,Restaurant,Kata,,,,,,,7.82219,98.29896,osm,,,,,,
Lana Live Music,,Bar,Kata,,,,Mo-Su 16:00-01:00,,,7.81734,98.30081,osm,,,,,,
Langstan suites,,Guesthouse,Rawai,,,,,,,7.78419,98.31759,osm,,,,,,
Lanta,,Bar,Kata,+66 99 010 6098,,,Mo-Su 17:00-02:00,,,7.82557,98.29737,osm,,,,,,
Lap Roi,,Hotel,Karon,+66 76 396 376,,,,,,7.84791,98.29385,osm,,,,,,
Larva bar,,Bar,Rawai,,,,,,,7.78861,98.32992,osm,,,,,,
Laser Thai,,Beauty & spa,Chalong,,,,,,,7.83466,98.34823,osm,,,,,,
Lash Siri,,Beauty & spa,Old Town,+66 85 5329464,,,Tu-Su 12:00-20:00,,,7.8847,98.38236,osm,,,,,,
Latte cafe,,Café,Chalong,,,,,,,7.85141,98.34929,osm,,,,,,
Lau Kau Bar,,Bar,Patong,,,,,,,7.89677,98.30036,osm,,,,,,
Lavash & Grill,,Restaurant,Karon,+66 93 878 4040,,,"Mo-Fr 10:00-24:00; Sa,Su 12:00-24:00",,,7.84843,98.29389,osm,,,,,,
Lavazza,,Café,Chalong,,,,,,,7.824,98.33872,osm,,,,,,
Lavender Hotel Phuket,,Hotel,Patong,,,,,,,7.88542,98.2972,osm,,,,,,
Laya Resort Phuket Island,,Hotel,Bang Tao,,,,,,,8.02958,98.29408,osm,,,,,,
Layalina,,Hotel,Kamala,,,,,,,7.95065,98.28094,osm,,,,,,
Layan beach Restaurant,,Restaurant,Bang Tao,,,,,,,8.02793,98.2894,osm,,,,,,
Layan Natural Food & Restaurant,,Restaurant,Bang Tao,,,,,,,8.02821,98.29035,osm,,,,,,
Layan Residences by Anantara,,Hotel,Bang Tao,,,,,,,8.03719,98.28379,osm,,,,,,
Le Bayon,,Bar,Karon,,,,,,,7.8342,98.29656,osm,,,,,,
Le Celtique,,Restaurant,Nai Harn,,,,,,,7.79923,98.31939,osm,,,,,,
Le Desir Resortel Chalong Bay Phuket,,Hotel,Chalong,,,Chalong,,,,7.82247,98.34053,osm,,,,,,
Le Fay Airport Residence,,Hotel,Airport,+66960180089,,,,,,8.1064,98.30937,osm,,,,,,
Le Meridien Phuket Beach Resort,,Hotel,Karon,,,,,,,7.86625,98.2832,osm,,,,,,
Le Petit France,,Restaurant,Nai Yang,+66 91 0527146,,,,,,8.0927,98.30299,osm,,,,,,
le Piman Resort,,Hotel,Rawai,+66 76 613 732,lepimanresort.com,43/148 Viset Road,24/7,,,7.79071,98.33019,osm,,,,,,
Le Residence,,Hotel,Phuket Town,,,,,,,7.87494,98.38824,osm,,,,,,
Le Resort & Villa,,Hotel,Nai Harn,,https://leresort.com,,,,,7.79351,98.31557,osm,,,,,,
Le T,Le Touareg,Restaurant,Patong,,,,,,,7.88316,98.29408,osm,,,,,,
Le Thalassa kata,,Hotel,Kata,,,98/61 ถนนปฏัก,24/7,,,7.8234,98.3012,osm,,,,,,
Le Tong Beach,,Hotel,Patong,,,,,,,7.90678,98.29796,osm,,,,,,
Leap.,,Café,Airport,,,,,,,8.09983,98.3072,osm,,,,,,
Lebanese Cuisine,,Restaurant,Patong,,,,,,,7.89265,98.30061,osm,,,,,,
Lee Lee bar,,Bar,Rawai,,,,,,,7.78085,98.31722,osm,,,,,,
Leelawadee Massage,,Massage & spa,Nai Yang,,,,,,,8.06293,98.27826,osm,,,,,,
Lek Seafood,,Restaurant,Karon,+66 86 895 6346,,,Mo-Su 10:00-24:00,,,7.83387,98.2954,osm,,,,,,
Lek's,,Bar,Kata,,,,,,,7.82563,98.29788,osm,,,,,,
Lemon House,,Hotel,Patong,,https://www.lemonhouse.com/,,,,,7.88668,98.30358,osm,,,,,,
Leo Más Ristorante,,Restaurant,Patong,,,,,,,7.89104,98.29425,osm,,,,,,
Let's relax,,Beauty & spa,Karon,+66 76 396 198,,,Mo-Su 10:00-24:00,,,7.84787,98.29385,osm,,,,,,
Let’s Relax Spa,,Massage & spa,Patong,+66 76366800,https://www.letsrelaxspa.com,,"Mo-Su,PH 10:00-00:00",,,7.89248,98.30168,osm,,,,,,
Let's roll,,Café,Kata,,,,,,,7.82561,98.29668,osm,,,,,,
Letong Bar&Restaurant,,Restaurant,Patong,0869501666,https://www.facebook.com/Le-Tong-BarRestaurant-2276990035883173/?eid=ARDuGViUmrbDYbQDE3QpK3CLjA1LYWr3fqI57RPIurN1ZUQkqrIQwsrq_BEP9nHID24PO-tWaVOnWgM3,94/4 Muen-Ngern Road,Mo-Su 10:00-10:00,,,7.88828,98.27126,osm,,,,,,
Lila hous,,Guesthouse,Karon,,,,,,,7.8331,98.29868,osm,,,,,,
Lilly massage,,Massage & spa,Rawai,,,,,,,7.79734,98.32733,osm,,,,,,
Lily house cafe,,Café,Rawai,,,,,,,7.76544,98.31206,osm,,,,,,
Limburi Hometel,,Hotel,Patong,+66 76 344 059,https://limburi.com/,,,,,7.89034,98.29659,osm,,,,,,
Lin Da Xian,หลินต้าเซียน,Restaurant,Old Town,,,,,,,7.90674,98.37092,osm,,,,,,
Lion muay thai,Lion muay thai,Gym & fitness,Nai Harn,,,,,,,7.79518,98.31868,osm,,,,,,
Little Box,,Café,Cherngtalay,,,,,,,7.9826,98.29906,osm,,,,,,
Little food stall,,Bar,Nai Harn,,,,,,,7.7697,98.30645,osm,,,,,,
Little Myanmar Restaurant,,Street food,Kata,,,,Mo-Su 06:00-23:55,,,7.82766,98.30167,osm,,,,,,
Little Nyonya Hotel,,Hotel,Old Town,,,,,,,7.87894,98.36432,osm,,,,,,
Little Persian,,Restaurant,Nai Harn,,,,,,,7.79232,98.31614,osm,,,,,,
Little Phuket,,Restaurant,Old Town,,,,,,,7.88321,98.38852,osm,,,,,,
Little Roma,,Restaurant,Cherngtalay,,,,,,,7.99157,98.30597,osm,,,,,,
Little Thai,,Café,Kamala,,,,,,,7.95382,98.28814,osm,,,,,,
LIV Hotel Phuket Patong Beachfront,,Hotel,Patong,,,"4/1 Thaweewong Road, Patong Beach Kathu",,,,7.88571,98.2888,osm,,,,,,
Live Cafe,,Café,Old Town,,,,Mo-Su 10:00-22:00,,,7.87237,98.36954,osm,,,,,,
Live India,,Restaurant,Cape Panwa,+66945942819,,,Mo-Su 10:30-22:30,,,7.80574,98.40589,osm,,,,,,
LJ Travel,,Tours & travel,Kata,,,,,,,7.82556,98.29678,osm,,,,,,
Lobster,,Restaurant,Nai Harn,,,,,,,7.77566,98.30684,osm,,,,,,
Lobster Island,,Restaurant,Karon,+66 62 657 6760,,,Mo-Su 11:00-19:00,,,7.83278,98.29542,osm,,,,,,
Lobster seafood market Rawai,,Restaurant,Rawai,+66 81 385 3455,,,10:00-22:00,,,7.77227,98.32167,osm,,,,,,
Local Hotel,,Hotel,Patong,,,,,,,7.89426,98.29818,osm,,,,,,
Local Thai,,Café,Patong,,,"9 Phangmuang Sai Gor Road Pa Tong,",,,,7.89853,98.30353,osm,,,,,,
Loch Palm Golf Club,,Golf,Kathu,,,,,,,7.92241,98.34782,osm,,,,,,
Lofty Villa,,Guesthouse,Patong,,,26/11 Sai Nam Yen Road,,,,7.89621,98.30432,osm,,,,,,
Loma Poolside,,Restaurant,Karon,+66 76 396 452,,,Mo-Su 07:00-22:00,,,7.83278,98.29555,osm,,,,,,
Long Terrace,,Restaurant,Karon,,,,,,,7.83718,98.29519,osm,,,,,,
Lorange,,Restaurant,Rawai,,,,,,,7.7719,98.32112,osm,,,,,,
Los Pollos Hermanos,,Restaurant,Patong,,,,,,,7.88248,98.29446,osm,,,,,,
Lost in Phuket,,Restaurant,Kata,+66 91 760 2623,,,Mo-Su 08:00-02:00,,,7.82191,98.2991,osm,,,,,,
Lotus Bleu,,Hotel,Rawai,,,,,,,7.79995,98.32771,osm,,,,,,
Lotus Gardens,,Hotel,Bang Tao,,,,,,,8.0298,98.29526,osm,,,,,,
Lotus Massage,,Massage & spa,Cape Panwa,,,,,,,7.8129,98.38949,osm,,,,,,
Lotus Residence,,Hotel,Patong,,,ซอย พระบารมี 3 Patong,,,,7.9067,98.30685,osm,,,,,,
Louis,,Pharmacy,Patong,,,74/57 Nanai Road,Mo-Su 12:00-03:00,,,7.88964,98.3038,osm,,,,,,
Love Rain,,Restaurant,Kamala,,,,,,,7.95072,98.28164,osm,,,,,,
Love Rawai Cafe,,Café,Rawai,,,,,,,7.77504,98.3224,osm,,,,,,
Love2eat,,Restaurant,Phuket Town,,,,,,,7.88412,98.39798,osm,,,,,,
Luck Bar,,Bar,Patong,,,,,,,7.89668,98.30021,osm,,,,,,
Lucky,,Massage & spa,Bang Tao,,,,,,,7.99546,98.29156,osm,,,,,,
Lucky Jack,,Bar,Kata,,,,,,,7.82559,98.29758,osm,,,,,,
Lucky Patong Hotel,,Hotel,Patong,,,,,,,7.88488,98.30286,osm,,,,,,
Lumpoo,Lumpoo,Restaurant,Kamala,,,,,,,7.9469,98.27967,osm,,,,,,
Lung Me Thai Restaurant,,Restaurant,Cherngtalay,+66 83 293 2354,,Choeng Thale,,,,7.98878,98.30962,osm,,,,,,
Lustige,,Bar,Kata,,,,,,,7.82768,98.29915,osm,,,,,,
Luuma Pizza,,Restaurant,Rawai,,,,,,,7.77664,98.31927,osm,,,,,,
LUX beach,,Café,Bang Tao,,,,,,,7.98808,98.28894,osm,,,,,,
Luxe Spa,,Beauty & spa,Koh Kaew,+6693814684,,,Mo-Su 11:00-22:00,,,7.96691,98.39022,osm,,,,,,
Lya Lincen skincare,,Beauty & spa,Old Town,,,,,,,7.89297,98.35545,osm,,,,,,
Lyara Thai Massage,,Massage & spa,Phuket Town,,,,,,,7.87466,98.38843,osm,,,,,,
Lynn's,,Bar,Rawai,,,,,,,7.77713,98.31917,osm,,,,,,
M-BAR,,Bar,Nai Yang,,https://www.pullmanphuketarcadia.com/dine-imbibe/m-bar/,22/2 Moo 4 Saku,Mo-Su 10:00-18:00,,,8.06485,98.27644,osm,,,,,,
M-Narina,,Hotel,Patong,,,,,,,7.88179,98.29323,osm,,,,,,
M.U Den Patong,,Hotel,Patong,+66 76 604 321,,,,,,7.89213,98.3013,osm,,,,,,
M&G,,Beauty & spa,Rawai,,,,,,,7.79272,98.32442,osm,,,,,,
M&N Snooker * Pool,,Bar,Patong,,,,,,,7.89221,98.29453,osm,,,,,,
Ma-Now Restaurant,,Restaurant,Kata,+6676330326,,6 Karon road,Mo-Su 11:00-23:30,,,7.82731,98.29663,osm,,,,,,
Macaw,,Restaurant,Rawai,+66653407948,,,Mo-Sa 08:00-20:00,,,7.77071,98.31927,osm,,,,,,
Macha Massage,,Massage & spa,Cape Panwa,,,,,,,7.81214,98.38902,osm,,,,,,
Machida Shoten,,Restaurant,Patong,,,,,,,7.89344,98.29502,osm,,,,,,
Mad Monkey Bar,,Bar,Patong,,,,,,,7.89642,98.30075,osm,,,,,,
Madagascar,,Bar,Nai Yang,,,,,,,8.0562,98.27835,osm,,,,,,
Madras Cafe,,Restaurant,Patong,,,,,,,7.8927,98.29806,osm,,,,,,
Mae khlong seafood & thai,,Restaurant,Rawai,,,,,,,7.77429,98.32518,osm,,,,,,
Maelarn Restaurant,,Restaurant,Patong,,,,,,,7.88564,98.29725,osm,,,,,,
Maemanee,,Restaurant,Patong,,,,,,,7.89021,98.29334,osm,,,,,,
MaeRuean,,Restaurant,Kata,,,,,,,7.81579,98.30064,osm,,,,,,
Magic Garden,,Restaurant,Kamala,0935864189,,32/29 Moo 5,,,,7.94924,98.28873,osm,,,,,,
Magic Masala,,Restaurant,Kata,,,,,,,7.8243,98.29881,osm,,,,,,
Magic Spoon,,Restaurant,Koh Kaew,,,65/25 ถนนเทพกระษัตรี,Mo-Sa 11:00-20:00,,,7.9591,98.38325,osm,,,,,,
Magyar Utazási Iroda,,Tours & travel,Karon,,,,,,,7.84437,98.30032,osm,,,,,,
Maha Cheeva Thai Massage,,Massage & spa,Old Town,,,,Mo-Su 10:00-22:00,,,7.87268,98.36668,osm,,,,,,
Mai Karon,,dojo,Karon,,https://maikaron.com,,,,,7.8425,98.29541,osm,,,,,,
Mai Khao Seafood,,Restaurant,Mai Khao,+66810880799,,,,,,8.17835,98.29331,osm,,,,,,
Maiiam Bungalows,,Hotel,Kata,+66 80 637 6316,,,,,,7.81755,98.30066,osm,,,,,,
Maikhao Dream Villa Resort & Spa,,Hotel,Mai Khao,+66 76 371 371,,"138/21 Moo 4 Maikhao Beach Thalang, Phuket 83110, Tailandia",Abierto las 24h,,,8.13545,98.29974,osm,,,,,,
Maikhao hotel,,Hotel,Mai Khao,,,,,,,8.13524,98.30641,osm,,,,,,
Maikhao Palm Beach Resort,,Hotel,Mai Khao,,,,,,,8.12875,98.30101,osm,,,,,,
Maipreu Company,,Tours & travel,Rawai,0828366627,https://www.maipreu.com/,6/42 moo 2 Wiset Road,Mo-Su 09:00-18:00,,,7.7791,98.32843,osm,,,,,,
Majestic Villas Phuket,,Guesthouse,Rawai,+66818932149,https://majesticvillasphuket.com/,78 Sai Yuan,,,,7.79654,98.31966,osm,,,,,,
Malaengpor,,Restaurant,Karon,+66 76 396 433,,,Mo-Sa 07:00-11:00; Su 07:00-15:30,,,7.83854,98.29546,osm,,,,,,
Malaipink ATV & UTV Adventure,,Tours & travel,Nai Harn,+66815358097,,,,,,7.79443,98.30732,osm,,,,,,
Malaiwana Resort & Villas,,Hotel,Nai Yang,,,,,,,8.05399,98.27908,osm,,,,,,
Malakor kitchen,,Restaurant,Rawai,,,,,,,7.78074,98.31725,osm,,,,,,
Malee Blue Hotel,,Hotel,Patong,,,,,,,7.91338,98.29495,osm,,,,,,
Malila restaurant & bar,,Restaurant,Kata,,,,,,,7.81734,98.30089,osm,,,,,,
Malin Patong,,Hotel,Patong,,,,,,,7.8814,98.2925,osm,,,,,,
Malin Plaza,,Market,Patong,,,,,,,7.88222,98.29268,osm,,,,,,
Mama Bar,,Bar,Surin,,,Soi Ao BangTao,Mo-Su 14:00-02:00,,,7.98433,98.2867,osm,,,,,,
Mama Indigo,,Restaurant,Kata,,,,,,,7.82311,98.29849,osm,,,,,,
Mama Mia,,Restaurant,Patong,,,,,,,7.88471,98.2932,osm,,,,,,
Mama restaurant,,Restaurant,Mai Khao,,,,,,,8.13433,98.30718,osm,,,,,,
Mama Tuk,,Café,Kata,,,ถนนปฏัก,,,,7.82427,98.30163,osm,,,,,,
Mama's And Papa's,,Restaurant,Mai Khao,,,,,,,8.17262,98.337,osm,,,,,,
Mamma Mia,,Restaurant,Kamala,+66 84 6264528,https://mammamiaphuket.com,93 Rim Hat Road,Mo-Su 15:00-23:00,,,7.95015,98.28038,osm,,,,,,
Mamma Mia Rooms,,Hotel,Kata,,,,,,,7.82476,98.29773,osm,,,,,,
Manage Schveneer Shop,,Souvenirs & gifts,Kamala,,,,,,,7.95759,98.28816,osm,,,,,,
Mandarin,,Restaurant,Kata,+66 62 098 6111,,,Mo-Su 10:00-23:00,,,7.81821,98.3006,osm,,,,,,
Mando,,Restaurant,Rawai,,,,,,,7.7724,98.32174,osm,,,,,,
Manee Mukda Massage,,Massage & spa,Nai Harn,,,,,,,7.79604,98.31641,osm,,,,,,
Mangglom deep fried icecream,,Café,Old Town,,,10 กระบี่ ตำบลตลาดเหนือ,Mo-Su 09:00-19:00,,,7.88496,98.38723,osm,,,,,,
MANGIAFUOCO,,Restaurant,Chalong,+66 629792024,,45/34 Ta-Ied 14 Chalong,Mo-Su 12:00-23:00,,,7.85141,98.34872,osm,,,,,,
Mangmoon-Bar,,Bar,Patong,,,,,,,7.89677,98.30891,osm,,,,,,
Mango bar,,Bar,Kata,,,,,,,7.82097,98.29958,osm,,,,,,
Mango Saloon,,Restaurant,Nai Yang,,,,,,,8.09729,98.30622,osm,,,,,,
Mango Yellow Cafe,,Café,Cherngtalay,+660826479966,https://mango-yellow-cafe.business.site,,Mo-Su 09:00-19:00,,,7.98733,98.319,osm,,,,,,
Manta,,Beauty & spa,Kata,,,,,,,7.82657,98.29659,osm,,,,,,
MantaPharmacy 66,,Pharmacy,Kata,+66 64 559 8978,,,Mo-Su 09:00-23:00,,,7.82948,98.29534,osm,,,,,,
Maphrao Resotr,,Hotel,Kamala,,,,,,,7.95508,98.28302,osm,,,,,,
Marco Polo in Sorento,,Restaurant,Patong,,,104/4-6 Soi Post office,,,,7.89166,98.29449,osm,,,,,,
Mareeya Guesthouse,,Hotel,Cherngtalay,,,311,,,,7.98344,98.29905,osm,,,,,,
Marina cafe,,Restaurant,Nai Yang,,,,,,,8.09825,98.3069,osm,,,,,,
Marina Phuket Resort,,Hotel,Kata,,,,,,,7.82883,98.29501,osm,,,,,,
Marine Lily Residence,,Guesthouse,Rawai,,,"4/12 Soi Hua Phru, Moo 1,",,,,7.78287,98.31946,osm,,,,,,
Mario Swiss,,Restaurant,Rawai,,,,,,,7.77788,98.32553,osm,,,,,,
Mario’s Swiss Garden,,Restaurant,Nai Harn,+66 0 87 887 3468,,,,,,7.7958,98.31805,osm,,,,,,
Market,,Market,Cherngtalay,,,,"We,Su",,,7.98962,98.30668,osm,,,,,,
"Market mo, wed",,Market,Nai Yang,,,,"Mo, We 16:00-20:00",,,8.08809,98.30467,osm,,,,,,
Markinny Mate Restaurant,,Restaurant,Phuket Town,,,,Mo-Su 11:00-21:00,,,7.88419,98.39077,osm,,,,,,
Marmara,,Restaurant,Kata,+66 95 656 4990,,,Mo-Su 08:00-24:00,,,7.81791,98.30063,osm,,,,,,
Marriott's Mai Khao Beach - Phuket,,Hotel,Mai Khao,,,,,,,8.17045,98.29611,osm,,,,,,
Marriott's Phuket Beach Club,,Hotel,Mai Khao,,,,,,,8.16626,98.29469,osm,,,,,,
Maru,,Restaurant,Patong,,,,,,,7.89857,98.29978,osm,,,,,,
Masala,,Restaurant,Patong,,,,,,,7.89794,98.30163,osm,,,,,,
Masquerade Ball,,Café,Kamala,,,,,,,7.95749,98.28823,osm,,,,,,
Massage,,Beauty & spa,Kata,,,,,,,7.82633,98.29772,osm,,,,,,
Massage Monta,,Massage & spa,Airport,,,,,,,8.10105,98.30626,osm,,,,,,
Mata,,Café,Old Town,,,,Tu-Su 09:00-18:00,,,7.88491,98.38782,osm,,,,,,
MATA Coffee Bar Restaurant,,Restaurant,Patong,948697971,,145/9 ถนน นาใน ตำบล ป่าตอง ซอย 6 บ้านกานจนะ kathu Phuket,Mo-Su 10:30-24:00,,,7.88612,98.30268,osm,,,,,,
Matchoya Phuket,,Café,Paklok,+66931366282,https://matchoya.co,4/2 Srisoonthorn Road,Mo-Su 08:00-18:00,,,7.98657,98.36686,osm,,,,,,
Max Café,Max Café,Street food,Patong,,,,,,,7.88072,98.29835,osm,,,,,,
May's,,Restaurant,Patong,,,,,,,7.90053,98.30215,osm,,,,,,
MAYA beach club Phuket,,Restaurant,Bang Tao,+66614853000,https://www.mayabeachclubphuket.com,,,,,7.99582,98.29164,osm,,,,,,
Maya hotel,,Hotel,Airport,,,,,,,8.10131,98.3048,osm,,,,,,
Maynara,,Restaurant,Kata,,,Ket Kwan Road,,,,7.82112,98.29998,osm,,,,,,
McDonald's,,Street food,Airport,,,,,,,8.10553,98.30537,osm,,,,,,
McDonald's Drive Thru Bukis Phuket,แมคโดนัลด์,Street food,Old Town,1711,https://www.mcthai.co.th/,,24/7,,,7.89447,98.36855,osm,,,,,,
McFly's bar & restaurant,,Bar,Rawai,,,,,,,7.77412,98.32497,osm,,,,,,
Meat the Fish,,Restaurant,Patong,,,,,,,7.89735,98.29643,osm,,,,,,
Medi Express,,Pharmacy,Nai Yang,,,,08:00-22:00,,,8.08666,98.30076,osm,,,,,,
Mee Sapam Noodle,,Restaurant,Koh Kaew,+6676377595,https://www.meesapam.com/,ถนนเทพกระษัตรี,Mo-Su 09:00-17:00,,,7.94746,98.39187,osm,,,,,,
Mee Ton Poh,,Restaurant,Phuket Town,,,,,,,7.88001,98.39209,osm,,,,,,
Meeting Bar,,Bar,Patong,,,,,,,7.89672,98.30038,osm,,,,,,
Meeting Point,,Bar,Old Town,,,,,,,7.8852,98.38533,osm,,,,,,
Mei Zhou Hotel,,Hotel,Phuket Town,,,,,,,7.88661,98.39428,osm,,,,,,
Mellow space,,Restaurant,Karon,,,,,,,7.83462,98.2988,osm,,,,,,
Memorial boat,,Attraction,Karon,,,,,,,7.85219,98.29258,osm,,,,,,
Memory 2,,Hotel,Patong,,,,,,,7.88498,98.29603,osm,,,,,,
Memory Boutique Patong,,Hotel,Patong,,,,,,,7.88491,98.29592,osm,,,,,,
Meow Massage,,Massage & spa,Bang Tao,,,,,,,7.98582,98.28876,osm,,,,,,
Message Damon,,Massage & spa,Kata,,,,,,,7.82041,98.29971,osm,,,,,,
Metadee Resort Phuket,,Hotel,Kata,,,,,,,7.81896,98.30409,osm,,,,,,
Mexicana,,Restaurant,Mai Khao,,,,,,,8.16912,98.29596,osm,,,,,,
Micky Monkey Beach,,Bar,Mai Khao,,,,,,,8.15468,98.29629,osm,,,,,,
Midnight Pharmacy,,Pharmacy,Nai Yang,,,,,,,8.09907,98.30674,osm,,,,,,
Midtown Phuket Night Market Walking Street (หลาดมิดทาวน์),,Market,Phuket Town,,,,,,,7.88296,98.38914,osm,,,,,,
Might Food Market,,Market,Paklok,,,,,,,7.98221,98.3642,osm,,,,,,
Millenium Resort Patong 5*,,Guesthouse,Patong,,,,,,,7.89058,98.29908,osm,,,,,,
Millennium Resort,,Hotel,Patong,+66 76 601 999,https://millenniumhotels.com/,,,,,7.89245,98.29921,osm,,,,,,
Million Chili Cafe,,Café,Kata,,,,,,,7.83124,98.31755,osm,,,,,,
Million Patong Beach Resort,,Hotel,Patong,+66 81 359 3455,millionpatong.com,168/27-28 Phangmuang Sai Kor,,,,7.88372,98.29869,osm,,,,,,
minami kitchen hkt,,Restaurant,Kathu,+66614589966,,123/27 soi irawadee 4 กะทู้ ภูเก็ต,Mo-Sa 15:00-22:00,,,7.89576,98.35426,osm,,,,,,
Mine Café,,Café,Cherngtalay,,,,Mo-Su 09:00-21:00,,,7.98655,98.30162,osm,,,,,,
Ming Shou Boutique House,,Guesthouse,Old Town,+6676681109,https://ming-shou-boutique-house-guest-house-phuket.hotel-mix.de/#w,34 ถนนกระบี่,,,,7.88507,98.38656,osm,,,,,,
Mini Coffee,,Café,Kata,,,,Mo-Su 07:30-22:00,,,7.82037,98.29969,osm,,,,,,
Mira Massage,,Massage & spa,Karon,,,,,,,7.85099,98.2948,osm,,,,,,
"Mirage cafe, bar & restaurant",,Restaurant,Rawai,,,,,,,7.77201,98.31843,osm,,,,,,
Mirage Patong Phuket Hotel,,Hotel,Patong,,,,,,,7.89226,98.30159,osm,,,,,,
Mission Cafe,,Café,Old Town,,,,,,,7.90672,98.392,osm,,,,,,
Mission Hills Phuket Golf Club Resort & Spa,,Golf,Paklok,,,,,,,8.08779,98.37681,osm,,,,,,
Mission Restaurant,,Restaurant,Old Town,,,,Su-Th 07:00-17:00; Fr 07:00-16:00,,,7.90679,98.39063,osm,,,,,,
MIX CAFE,,Restaurant,Airport,+66822814649,,53/3 Mai khao Rd.,Fr-We 02:00-23:00,,,8.11979,98.30827,osm,,,,,,
MIX Lounge,,Restaurant,Phuket Town,,,,,,,7.87245,98.42924,osm,,,,,,
Mizu,,Restaurant,Kamala,,,,,,,7.94707,98.27115,osm,,,,,,
Mochic Nanai,,Hotel,Patong,,,,,,,7.88242,98.30048,osm,,,,,,
MODO Pizza,,Restaurant,Old Town,,,,,,,7.88585,98.38721,osm,,,,,,
Mojo,,Restaurant,Patong,,,,,,,7.89301,98.29845,osm,,,,,,
Mom Kitchen & Library,,Restaurant,Phuket Town,,,28 ถนนพังงา,,,,7.8836,98.38894,osm,,,,,,
Mom Kitchen and library,,Restaurant,Phuket Town,,,"28 Phang-Nga Road, Amphur Muang, Phuket",,,,7.88359,98.38898,osm,,,,,,
Mom Tri's Kitchen,,Restaurant,Kata,,,,,,,7.80992,98.29718,osm,,,,,,
Mom Tri's Villa Royale Hotel,,Hotel,Kata,+66 76 333 569,https://www.villaroyalephuket.com/,12 Kata Noi Road Phuket 83100,,,,7.81034,98.29724,osm,,,,,,
Moma's tea,,Café,Nai Yang,,,,,,,8.09746,98.30662,osm,,,,,,
Mone’ studio,,Beauty & spa,Phuket Town,,,,,,,7.88362,98.38981,osm,,,,,,
Money bar,,Street food,Karon,+66 88 690 2456,,,,,,7.84839,98.29413,osm,,,,,,
Monkey Diva,,Restaurant,Kamala,,,Kamala Main Road,,,,7.95,98.28548,osm,,,,,,
Monkey feed point,,Attraction,Phuket Town,,,,,,,7.90146,98.41634,osm,,,,,,
Monkey Thaifood,,Café,Kata,,,ถนนปฏัก,,,,7.82568,98.30157,osm,,,,,,
Monkey with Bear Cafe and Brunch Phuket,,Restaurant,Old Town,+66843889181,,94/46 Samakkhi Soi 3 ตำบลรัษฎา,Mo-Su 09:00-18:00,,,7.90153,98.37252,osm,,,,,,
Monkey with Bear Cafe Phuket,,Restaurant,Old Town,+66843889181,,94/46 Samakkhi Soi 3 ตำบลรัษฎา,Mo-Sa 09:00-18:00,,,7.90155,98.37252,osm,,,,,,
Monkeypod Coffeehouse,,Restaurant,Paklok,0879095252,,,Mo-Su 08:30-19:30,,,8.01654,98.39915,osm,,,,,,
Monkeys,,Attraction,Phuket Town,,,,,,,7.88582,98.42084,osm,,,,,,
Monro Massage,,Massage & spa,Phuket Town,,,,,,,7.87508,98.38895,osm,,,,,,
Montana,,Bar,Karon,+66 63 405 5995,,,Mo-Su 14:00-02:00,,,7.83385,98.29571,osm,,,,,,
Moo Restaurant,,Restaurant,Rawai,,,,07:00-23:00,,,7.77935,98.32877,osm,,,,,,
Mook Anda Hotel,,Hotel,Phuket Town,,,,,,,7.87546,98.38894,osm,,,,,,
Mook Andaman Massage,,Massage & spa,Cape Panwa,,,,,,,7.80582,98.40591,osm,,,,,,
Mook Massage,,Massage & spa,Kata,,,,,,,7.82274,98.29869,osm,,,,,,
Mookda Spa,,Massage & spa,Kathu,,,,,,,7.90754,98.33707,osm,,,,,,
Moom min bar - local ****,,Restaurant,Rawai,,,,,,,7.76869,98.31767,osm,,,,,,
Moon Bar,,Bar,Kamala,+66 84 844 7189,,Rim Hat Road,Mo-Su 18:00-02:00,,,7.9505,98.28149,osm,,,,,,
Moon Light bar,,Bar,Rawai,,,,,,,7.77358,98.32387,osm,,,,,,
Mor Mu Dong Restaurant,ร้านอาหารหมอมูดง,Restaurant,Chalong,+66887661634,,,Mo-Su 10:00-21:00,,,7.84314,98.37199,osm,,,,,,
Mother India,,Restaurant,Patong,,,,,,,7.90531,98.30042,osm,,,,,,
Motobike and car rental,,Vehicle rental,Chalong,,,,,,,7.86359,98.33611,osm,,,,,,
Motobike for Rent,,Vehicle rental,Kata,,,,Mo-Su 10:00-18:00,,,7.82092,98.29953,osm,,,,,,
Motobike rental,,Vehicle rental,Rawai,,,,,,,7.79967,98.3286,osm,,,,,,
Motorbike rent,,Vehicle rental,Bang Tao,,,,Mo-Su 10:00-20:00,,,7.98558,98.28773,osm,,,,,,
Motus Cultura,,Gym & fitness,Nai Harn,,,Soi Samakki 2 Rawai,,,,7.79591,98.31561,osm,,,,,,
Moty Shake Bar,,Bar,Old Town,,,,,,,7.88107,98.3657,osm,,,,,,
Moulin Rouge,,Bar,Patong,,,,,,,7.89334,98.29787,osm,,,,,,
Mountain Breeze,Mountain Breeze,Restaurant,Kata,,,,,,,7.83166,98.31732,osm,,,,,,
Mountain View,,Bar,Patong,,,,,,,7.88503,98.30708,osm,,,,,,
Mousse restaurant and bakery,,Restaurant,Koh Kaew,,,,,,,7.95425,98.38318,osm,,,,,,
Moutain Sea View Luxury Apartments,,Hotel,Kata,+66 76 284 723,https://mountainseaviewphuket.com/,,,,,7.82922,98.30495,osm,,,,,,
Mövenpick Resort Bangtao Beach,,Hotel,Bang Tao,,,,,,,8.00876,98.29329,osm,,,,,,
Mr Coffee,,Café,Karon,,https://m.facebook.com/profile.php?id=914835365279738,,,,,7.84493,98.29898,osm,,,,,,
Mr. Jakob,,Bar,Nai Yang,,,,,,,8.05866,98.2782,osm,,,,,,
Mr. Köbi,,Café,Nai Yang,,,"37QW+8V8, Sakhu, Thalang District, Phuket",Mo-Su 10:00-22:00,,,8.08828,98.29719,osm,,,,,,
Mr. Po,,Restaurant,Patong,,,,,,,7.90184,98.29683,osm,,,,,,
Mr. Tan Coffee House,,Restaurant,Surin,0893516365,,,Mo-Su 08:00-22:00,,,7.97665,98.28373,osm,,,,,,
Mr.Waffle,,Café,Phuket Town,,,,,,,7.88304,98.39063,osm,,,,,,
MS Cafe,,Café,Old Town,,,,Mo-Su 07:30-17:30,,,7.91314,98.38724,osm,,,,,,
Muan Jai Cafe and Restaurant,,Restaurant,Paklok,,,,,,,8.03148,98.34958,osm,,,,,,
Muang Mai,,Massage & spa,Airport,,,,,,,8.08808,98.34199,osm,,,,,,
Muay Thai Restaurant,,Restaurant,Nai Harn,+66 061 770 1000,,39/23 Sai Yuan Road Phuket,Mo-Su 14:00-23:00,,,7.79147,98.31661,osm,,,,,,
Mun Prao’s,,Restaurant,Kata,+66 85 559 9251,,,Mo-Su 06:30-22:00,,,7.82076,98.29954,osm,,,,,,
Must Sea Hotel,,Hotel,Kata,,,,,,,7.82509,98.29716,osm,,,,,,
Mustache,,Restaurant,Kata,,,,,,,7.82122,98.30063,osm,,,,,,
MVC,,Hotel,Patong,,,,,,,7.897,98.30134,osm,,,,,,
My bar,,Bar,Kata,,,,,,,7.82562,98.29781,osm,,,,,,
My Beach Resort,,Hotel,Cape Panwa,,,,,,,7.81595,98.38611,osm,,,,,,
My Friend,,Beauty & spa,Kata,+66 65 525 2998,,,Mo-Su 09:00-24:00,,,7.82492,98.29726,osm,,,,,,
my Grill,,Restaurant,Paklok,,,,,,,8.05759,98.45827,osm,,,,,,
My Hotel,,Hotel,Patong,,,,,,,7.89637,98.2985,osm,,,,,,
My pizza pizza Thailand,,Street food,Patong,,,,,,,7.90349,98.3052,osm,,,,,,
My Place - Phuket Airport Mansion,,Guesthouse,Airport,+6693579071,,,,,,8.10101,98.30685,osm,,,,,,
My Soul,,Massage & spa,Kata,+66 85 592 8954,,,Mo-Su 10:00-23:00,,,7.82494,98.29726,osm,,,,,,
Mystic Bar,,Bar,Patong,,,,,,,7.8966,98.30068,osm,,,,,,
N.Y.2 Minimart,,Souvenirs & gifts,Nai Yang,,,,,,,8.0925,98.30238,osm,,,,,,
Naat,,Restaurant,Rawai,,,,,,,7.76918,98.31773,osm,,,,,,
Nac3 Café,,Café,Phuket Town,,https://www.facebook.com/Nac3cafe,ถนนเทพศรีสินธุ์ ตำบลวิชิต,Mo-Su 06:30-18:00,,,7.86928,98.39097,osm,,,,,,
NAC3 Cafe' by the sea,,Café,Cape Panwa,+66 929795497,https://www.facebook.com/Nac3CafebyTheSea,83 ถนนศักดิเดชน์ วิชิต,Mo-Fr 07:30-18:00,,,7.80633,98.40437,osm,,,,,,
nahm SPA,,Beauty & spa,Kamala,,,,,,,7.94693,98.27132,osm,,,,,,
Nai Han Beach Lagoon,,Hotel,Nai Harn,+66 76 238 179,,,,,,7.78251,98.31033,osm,,,,,,
Nai Harn Bamboo House,,Bar,Rawai,,,,,,,7.78746,98.31705,osm,,,,,,
Nai Harn Beer Garden,,Restaurant,Rawai,,,,,,,7.77652,98.31936,osm,,,,,,
Nai Harn Gym,,Gym & fitness,Nai Harn,,,,,,,7.78883,98.31665,osm,,,,,,
Nai Harn Villa,,Hotel,Nai Harn,,,,,,,7.78092,98.31388,osm,,,,,,
Nai Thon Massage,,Massage & spa,Nai Yang,,,,10:00-23:00,,,8.05872,98.27819,osm,,,,,,
Nai Yang Beach Resort,,Hotel,Nai Yang,,https://www.naiyangbeachresort.com,65/23-24 Nai Yang Beach Road Thalang,,,,8.08809,98.29802,osm,,,,,,
Nai Yang Center Restaurant,,Restaurant,Nai Yang,,,,,,,8.09341,98.30328,osm,,,,,,
naiharn beach resort,,Hotel,Nai Harn,+66 91 005 4823,,,,,,7.78227,98.3104,osm,,,,,,
Naiharn Residence,,Hotel,Nai Harn,,,,,,,7.78184,98.31441,osm,,,,,,
Nail Box,,Beauty & spa,Koh Kaew,,,,,,,7.93627,98.37888,osm,,,,,,
Nail Market,,Beauty & spa,Koh Kaew,,,,,,,7.93627,98.37891,osm,,,,,,
nail room@bypass,,Beauty & spa,Koh Kaew,,,,Mo-Su 09:00-20:00,,,7.93329,98.37686,osm,,,,,,
Nail Yang Park Resort,,Hotel,Nai Yang,,,,,,,8.09402,98.29931,osm,,,,,,
Nailline Rawai,,Beauty & spa,Rawai,,,,10:00-19:30,,,7.77082,98.31928,osm,,,,,,
Nails and spa,,Beauty & spa,Nai Harn,,,,,,,7.79159,98.31752,osm,,,,,,
Naithon Beach Club,,Restaurant,Nai Yang,,,,,,,8.05639,98.27847,osm,,,,,,
Naithon Beach Mansion,,Hotel,Nai Yang,,,,,,,8.06292,98.2782,osm,,,,,,
Naithon Beach Resort,,Hotel,Nai Yang,,,,,,,8.05747,98.27835,osm,,,,,,
Naithon Beach Resort Restaurant,,Restaurant,Nai Yang,,,,15:00+,,,8.05742,98.27836,osm,,,,,,
Naithon Beach Villa,,Hotel,Nai Yang,,,,,,,8.05685,98.27842,osm,,,,,,
Naithon Massage - spot 1,,Massage & spa,Nai Yang,,,,,,,8.06176,98.27731,osm,,,,,,
Naithon Massage - spot 2,,Massage & spa,Nai Yang,,,,,,,8.06081,98.27761,osm,,,,,,
Naithon Seaview Hotel,,Hotel,Nai Yang,,,,,,,8.06043,98.27788,osm,,,,,,
Naithonburi Beach Resort,,Hotel,Nai Yang,,,,,,,8.06084,98.27921,osm,,,,,,
Naiya Beach Bungalow Reception,,Hotel,Nai Harn,,,,,,,7.76568,98.30647,osm,,,,,,
Naiyang,,Restaurant,Nai Yang,,,"48 Thep Krasat Tri-Nai Yang Rd, Tambon Sa Khu, Amphoe Thalang, Chang Wat Phuket",Mo-Su 11:00-21:00,,,8.09458,98.30549,osm,,,,,,
Naiyang beach hotel,,Hotel,Nai Yang,,,,,,,8.09229,98.30219,osm,,,,,,
Naiyang Cottage,,Guesthouse,Nai Yang,,,,,,,8.08907,98.30538,osm,,,,,,
Naiyang national Park,,Attraction,Nai Yang,,,,,,,8.10236,98.30015,osm,,,,,,
naiyang park restaurant,,Restaurant,Nai Yang,,,,,,,8.09361,98.29927,osm,,,,,,
Naiyang Place - Phuket Airport,,Hotel,Airport,,,,,,,8.09935,98.31493,osm,,,,,,
Nak-Kerd Seaview cafe,,Café,Kata,,,,,,,7.83252,98.31111,osm,,,,,,
Naka Muay Thai,,dojo,Kata,+66630836465,http://www.nakamuaythai.com,,,,,7.82065,98.3147,osm,,,,,,
Naka Street food,,Market,Old Town,,,วิรัตน์หงหยก,Sa-Su 16:00-23:00,,,7.88045,98.36627,osm,,,,,,
Nakalay Resort Kamala,,Hotel,Kamala,,,,,,,7.94599,98.26897,osm,,,,,,
Nakarin Cafe & Restaurant,,Restaurant,Kathu,0954428186,,,Mo-Su 09:00-22:00,,,7.89989,98.35091,osm,,,,,,
Nam Yoi,,Restaurant,Phuket Town,+6676525858,,ถนนร่วมพัฒนา,"Mo-Su 10:30-14:30, 16:30-19:30",,,7.90067,98.40295,osm,,,,,,
Namm spa boutique,,Massage & spa,Bang Tao,+66646174646,https://nammspa.com/,101/2 Cherngtalay Cherngtalay,Mo-Su 10:00-22:00,,,7.99531,98.30084,osm,,,,,,
Namu,,Café,Old Town,,,,,,,7.8837,98.38185,osm,,,,,,
Nan happy bar,,Bar,Kata,,,,,,,7.82546,98.29815,osm,,,,,,
Nan's massage,,Massage & spa,Rawai,,,,,,,7.77356,98.32374,osm,,,,,,
Nana healthy cafe,,Café,Koh Kaew,,,,,,,7.95453,98.38356,osm,,,,,,
Nana's rooftop restaurant,,Restaurant,Kamala,,,,,,,7.94888,98.28398,osm,,,,,,
Nap House Phuket,,Hotel,Old Town,,,,,,,7.88994,98.3873,osm,,,,,,
Nap Pathong,,Hotel,Patong,,,,,,,7.90035,98.29887,osm,,,,,,
Nara Massage & Spa Phuket,,Beauty & spa,Chalong,,,,,,,7.82304,98.33782,osm,,,,,,
Nara restaurant,,Restaurant,Koh Kaew,,,,Mo-Su 11:00-22:00,,,7.95595,98.38548,osm,,,,,,
Narcha's,,Restaurant,Rawai,,,,,,,7.77733,98.31944,osm,,,,,,
NASA Mansion,,Hotel,Old Town,,,,,,,7.87854,98.3708,osm,,,,,,
Natachar and Wandee,,Massage & spa,Patong,,,,,,,7.88594,98.29745,osm,,,,,,
Natalie,,Restaurant,Kata,+66 63 615 4474,,,Mo-Su 09:00-24:00,,,7.81635,98.3009,osm,,,,,,
Natalie Resort,,Hotel,Kata,,,,,,,7.8163,98.30268,osm,,,,,,
Natalie's Internet Cafe,,Café,Kata,,,,,,,7.81736,98.30083,osm,,,,,,
Nate 4 Подводная лодка,,Restaurant,Chalong,,,,,,,7.84147,98.35197,osm,,,,,,
National park bugalows,,Guesthouse,Nai Yang,,,,,,,8.09659,98.29896,osm,,,,,,
Natural Efe Macrobiotic World,Macrobiotic World Natoral Eve,Restaurant,Nai Harn,,,,,,,7.78163,98.31391,osm,,,,,,
Natural Mystic Patong Residence,,Hotel,Patong,,,,,,,7.88236,98.3006,osm,,,,,,
Natural restaurant,Natural restaurant,Restaurant,Old Town,,,,,,,7.88125,98.3843,osm,,,,,,
Naughty Girls,,Bar,Kamala,,,,,,,7.94915,98.28329,osm,,,,,,
Naughty Nuri's,,Restaurant,Patong,,,,,,,7.8983,98.29974,osm,,,,,,
Naughty Nuri’s in the Forest,,Restaurant,Chalong,+66611730011,https://naughtynuristhailand.com/,,Mo-Su 12:00-00:00,,,7.87632,98.35129,osm,,,,,,
Navaii,,Restaurant,Karon,,,566/3 ปฎัก ซอย 24,,,,7.85433,98.29249,osm,,,,,,
Navatara Phuket Resort,,Hotel,Rawai,"+66 81-956 8006, +66 76-613 879- 81, +6676-613 870",http://navatararesort.com/,,Mo-Su 06:00-24:00,,,7.76943,98.31587,osm,,,,,,
Navrang Mahal,,Restaurant,Karon,+66 76 286 464,,,Mo-Su 08:00-01:00,,,7.8473,98.29355,osm,,,,,,
Ned's bar & restaurant,,Restaurant,Patong,,,,,,,7.89015,98.30378,osm,,,,,,
Negroni,,Restaurant,Rawai,,,,,,,7.78866,98.32963,osm,,,,,,
Neptuna,,Hotel,Kata,+66 76 330 926,,,,,,7.82594,98.29682,osm,,,,,,
Nest Resort,,Hotel,Patong,,,,,,,7.88298,98.29961,osm,,,,,,
Netrty Tour,,Tours & travel,Bang Tao,,,,,,,7.98618,98.28822,osm,,,,,,
New Angel Massage,,Massage & spa,Phuket Town,,,,,,,7.87518,98.38893,osm,,,,,,
New International House,,Guesthouse,Patong,,,,,,,7.89463,98.29945,osm,,,,,,
New Life Phuket Classic,,Hotel,Patong,+66(0)984324933,http://www.newlifephuket.com,162/76 Phangmuang Sai Kor Patong Beach,,,,7.88502,98.29825,osm,,,,,,
New Life Phuket Design,,Hotel,Patong,,,,,,,7.88428,98.2963,osm,,,,,,
New Square Patong,,Hotel,Patong,,,11/99 Phang-Muang Sai Kor Road Phuket,,,,7.88897,98.29936,osm,,,,,,
New year restaurant,,Restaurant,Chalong,+66 92 9072767,,,Su-Th 07:30-20:00; Fr 07:30-20:30,,,7.82891,98.3396,osm,,,,,,
New York Burger Co.,,Street food,Kata,,,,,,,7.82407,98.29887,osm,,,,,,
Newly Opened - Blu Monkey Hub and Hotel Bangtao,,Hotel,Bang Tao,,,,,,,7.99648,98.30433,osm,,,,,,
NewStar Beauty Salon,,Beauty & spa,Patong,0810788103,http://patongbeautysalon.com,79/2 Phisit Kapani Road,Mo-Su 10:00-22:00,,,7.89682,98.30965,osm,,,,,,
Ni Yang Night Market,,Market,Nai Yang,,,,"Th,Th,Sa",,,8.09435,98.30299,osm,,,,,,
Nibbana Space,,Gym & fitness,Nai Harn,,,,,,,7.78164,98.31394,osm,,,,,,
nice,,Beauty & spa,Cherngtalay,,,,Mo-Su 10:00-20:00,,,7.98663,98.30156,osm,,,,,,
Nice Coffee,,Café,Paklok,,,,Mo-Su 07:00-17:00,,,7.99149,98.37756,osm,,,,,,
Nicky's restaurant,,Restaurant,Nai Harn,,,,,,,7.78914,98.31727,osm,,,,,,
Night Market,,Market,Chalong,,,,,,,7.81731,98.33911,osm,,,,,,
Night Market (Touristic),,Market,Bang Tao,,,,,,,7.99418,98.30518,osm,,,,,,
Nigi Express,,Restaurant,Phuket Town,,,,,,,7.88616,98.39281,osm,,,,,,
Niji Sushi,,Restaurant,Patong,+66 90 282 6275,,"Thanon Ratuthit Songroipi Rd, Pa Tong, Kathu District",Mo-Su 12:00-01:00,,,7.89279,98.29783,osm,,,,,,
Nikita's restaurant,,Restaurant,Rawai,,,,,,,7.77457,98.32615,osm,,,,,,
NIKU guesthouse,,Guesthouse,Patong,,,143/26-27 Rat-U-Thit Riad Phuket,,,,7.89442,98.2998,osm,,,,,,
NiKy’s speakeasy 2.0,,Bar,Cherngtalay,,,Soi Bangtao 2 Phuket,Tu-Su 18:00-02:00,,,7.98633,98.2991,osm,,,,,,
Nin Massage,,Massage & spa,Karon,,,,,,,7.84946,98.29494,osm,,,,,,
Nina,,Restaurant,Nai Yang,,,,,,,8.0887,98.29833,osm,,,,,,
Nina's Car,,Vehicle rental,Chalong,0066896480499,http://www.nina-car.com,40/19 เจ้าฟ้าตะวันตก,,,,7.82419,98.34284,osm,,,,,,
Nipa Resort,,Hotel,Patong,,,,,,,7.89569,98.30227,osm,,,,,,
Niran Farm Equestrian Center,,Attraction,Cherngtalay,+ 66 (0) 6 3210 6710,,203/4 Moo 7 Si Sunthon,,,,7.97005,98.34226,osm,,,,,,
Niran Farm Stay,,Hotel,Cherngtalay,+66 (0) 8 2107 1998,https://niranfarm.com/accommodation/,203/4 Moo 7 Si Sunthon,,,,7.97015,98.34181,osm,,,,,,
Nirvana Hotel,,Hotel,Patong,,,241/17-18 soi Patong Whisky,,,,7.88491,98.29366,osm,,,,,,
Nit Guest House,,Guesthouse,Kata,+66 90 868 3174,,,,,,7.81571,98.304,osm,,,,,,
NNY Club,,Nightlife,Bang Tao,,,124 Thawewong Rd Patong,Mo-Su 21:00-2:00,,,7.99207,98.29179,osm,,,,,,
No 6,,Restaurant,Patong,,,,,,,7.90835,98.3072,osm,,,,,,
No 9,,Restaurant,Karon,+66 94 801 9695,,,Mo-Su 10:00-22:00,,,7.85156,98.29256,osm,,,,,,
No name,,Restaurant,Surin,,,,,,,7.97806,98.27849,osm,,,,,,
No. 1 Restaurant,,Restaurant,Patong,,,,,,,7.89997,98.30154,osm,,,,,,
No. 1 Seafood,,Restaurant,Kamala,+66 81 2696936,,Rim Hat Road,,,,7.95104,98.28248,osm,,,,,,
No.9 2nd Restaurant,,Restaurant,Patong,+66 76 624 445,http://no92nd.restaurantwebexperts.com/,143 Prabaramee Road Patong,"PH,Mo-Su 11:30-22:30",,,7.90505,98.30062,osm,,,,,,
Noi,,Massage & spa,Karon,+66 80 913 5815,,,Mo-Su 10:00-22:00,,,7.85017,98.29293,osm,,,,,,
NOI.thaifood,เจ้น้อย สุรินทร์,Café,Cape Panwa,,,,,,,7.82495,98.40059,osm,,,,,,
Noi’s,,Restaurant,Kata,,,,,,,7.8284,98.31778,osm,,,,,,
Nok & Jo's,,Restaurant,Surin,,,,,,,7.98389,98.28533,osm,,,,,,
Nok's house,,Attraction,Kathu,,,,,,,7.91099,98.33614,osm,,,,,,
Nong Bow Family,,Restaurant,Karon,,,,Mo-Su 09:00-21:00,,,7.85124,98.2926,osm,,,,,,
Nong Harn,,Restaurant,Karon,,,,,,,7.85164,98.29254,osm,,,,,,
NongJam,,Restaurant,Patong,,,,,,,7.8983,98.29601,osm,,,,,,
Nonnee hotel,,Hotel,Kata,,,,,,,7.81803,98.30997,osm,,,,,,
Noodle House Phuket,Noodle House Phuket,Café,Old Town,,,,,,,7.87852,98.38074,osm,,,,,,
noodle shop,,Restaurant,Nai Yang,,,,,,,8.08593,98.30258,osm,,,,,,
Nook Dee Kata Beach Resort,,Hotel,Kata,,,126/9 Koktanod Road,,,,7.81174,98.30142,osm,,,,,,
Nora Thai Massage,,Massage & spa,Rawai,+66 76 510 227,,,10:00-23:00,,,7.77131,98.31948,osm,,,,,,
Novotel,,Hotel,Phuket Town,,,,24/7,,,7.87904,98.39508,osm,,,,,,
Novotel Hotel & Resort Phuket Surin,,Hotel,Surin,,,,,,,7.97835,98.28175,osm,,,,,,
Novotel Phokeethra,,Hotel,Phuket Town,,,,,,,7.87842,98.39447,osm,,,,,,
Novotel Phuket Kamala Beach,,Hotel,Kamala,,,,,,,7.96375,98.28452,osm,,,,,,
Novotel Phuket Kata Avista Resort and Spa,,Hotel,Kata,+6676298 888,https://www.novotelphuketresortkata.com,,,,,7.82592,98.295,osm,,,,,,
Noy Pochana ,,Restaurant,Phuket Town,,,21,Mo-Su 17:00-02:00,,,7.88475,98.39301,osm,,,,,,
Nuatone Cafe,,Café,Cherngtalay,,,,,,,7.97394,98.2953,osm,,,,,,
Nui,,Bar,Kata,,,,,,,7.82558,98.29747,osm,,,,,,
Number 1,,Bar,Bang Tao,,,,,,,7.9952,98.29152,osm,,,,,,
Number 6,,Restaurant,Patong,,,,Mo-Su 08:30-00:00,,,7.8939,98.29843,osm,,,,,,
Number four,,Bar,Karon,+66 81 543 1581,,,Mo-Su 12:00-02:00,,,7.83345,98.29553,osm,,,,,,
number one massage and nails,,Massage & spa,Patong,,,,,,,7.88801,98.29592,osm,,,,,,
Number6 Red Chair,,Café,Patong,,,,,,,7.89591,98.30364,osm,,,,,,
NY Beach Club,,Bar,Nai Yang,,,,,,,8.09224,98.29924,osm,,,,,,
O-Oh Farm Karon,,Restaurant,Karon,+66 99 2871054,,,,,,7.8435,98.30245,osm,,,,,,
O-Oh Farm Suan Luang,,Restaurant,Old Town,,,,07:00-21:00,,,7.88014,98.37943,osm,,,,,,
O.N.S. Bar,,Bar,Kamala,,,,,,,7.94898,98.28349,osm,,,,,,
O'Reilly's Irish,,Restaurant,Karon,+66 76 398 116,,,Mo-Su 08:00-01:00,,,7.84725,98.29355,osm,,,,,,
Oasis Spa,,Massage & spa,Kamala,+6676337777,https://www.oasisspa.net/,"71/10 Moo 5, Kamala, Kathu, Phuket",Open Daily 11:00-20:00,,,7.9535,98.28914,osm,,,,,,
OATTO BAR,,Bar,Kata,,,,,,,7.82447,98.29969,osm,,,,,,
Obstladen,,Market,Karon,,,,,,,7.84931,98.29359,osm,,,,,,
Ocean & Ole,,Hotel,Patong,,,184/21 Phang Muang Sai Kor Road Patong Beach Phuket,,,,7.89212,98.30175,osm,,,,,,
OCEAN PATIO (KN COFFEE SEAFOOD),,Restaurant,Patong,,,,11:00-21:00,,,7.88773,98.27138,osm,,,,,,
Ocean Pie Phuket,,Hotel,Nai Harn,,,,,,,7.76821,98.30898,osm,,,,,,
Ocean Rhyme,,Restaurant,Karon,+66 84 346 2057,,,Mo-Su 11:30-22:00,,,7.83598,98.29624,osm,,,,,,
Oceanstone 3,,Hotel,Bang Tao,,,,,,,7.99669,98.29938,osm,,,,,,
Ocha Dee,,Restaurant,Chalong,,,,,,,7.85239,98.34765,osm,,,,,,
Odysseus,,Restaurant,Kata,,,,Mo-Su 12:00-22:00,,,7.82125,98.29953,osm,,,,,,
Oh Inspire Hotel Kata,,Hotel,Kata,+66 76 284 005,,,,,,7.82357,98.30132,osm,,,,,,
Oh-la-la,,Restaurant,Kamala,,,97/5 Kamala Main Road Kamala Beach,,,,7.9497,98.28544,osm,,,,,,
Oily massage,,Massage & spa,Rawai,,,,,,,7.80145,98.33316,osm,,,,,,
Oiy,,Restaurant,Kamala,,,"75/2 Na Hat Road, Kamala, Kathu District, Phuket","Mo-Su 10:30-10:30, 22:30-22:30",,,7.94961,98.28018,osm,,,,,,
Ok Thai Massage,,Massage & spa,Phuket Town,,,,,,,7.87429,98.38914,osm,,,,,,
Old Lighthouse,,Museum,Nai Harn,,,,Mo-Su 09:00-18:00,,,7.76198,98.30563,osm,,,,,,
Old Siam,,Restaurant,Karon,,,,,,,7.83503,98.29524,osm,,,,,,
Oldtown Station,,Café,Phuket Town,,,,,,,7.88179,98.39129,osm,,,,,,
Ole bar,,Bar,Rawai,,,,,,,7.78341,98.31714,osm,,,,,,
Olive,,Pharmacy,Karon,,,,,,,7.83369,98.29531,osm,,,,,,
On Hill Residence,,Hotel,Patong,,,,,,,7.88225,98.30072,osm,,,,,,
On Hill Residence Patong Phuket,,Hotel,Patong,,https://www.booking.com/hotel/th/patong-bay-view-resort.ru.html?aid=304142;label=gen173nr-1FCA4oggJCAlhYSCFiBW5vcmVmaN0BiAECmAEhuAEJyAER2AEB6AEB-AEGkgIBeagCAw;sid=d0656c2f2faa5c38cdcbeef5a697e037,227/3 50 Pee Road,,,,7.88053,98.3002,osm,,,,,,
ON Hotel Phuket & Louis' Kitchen,,Hotel,Karon,,,,,,,7.84857,98.29425,osm,,,,,,
On the Beach Restaurant,,Restaurant,Patong,,,,,,,7.8975,98.2962,osm,,,,,,
Ona Active,,Gym & fitness,Chalong,,https://onaactive.com,,,,,7.85757,98.33968,osm,,,,,,
One Family Massage and SPA,,Massage & spa,Cape Panwa,,,,,,,7.80509,98.40627,osm,,,,,,
One loft,,Hotel,Kata,,,,,,,7.82677,98.29656,osm,,,,,,
One more,,Restaurant,Nai Harn,,,,,,,7.76819,98.3069,osm,,,,,,
One World One Home Car And Bike Rental,,Vehicle rental,Cherngtalay,+66612439618,,Soi Bangtao 2 Phuket,,,,7.9861,98.29954,osm,,,,,,
Ongsa House,,Guesthouse,Cherngtalay,,,,,,,7.99141,98.30769,osm,,,,,,
OOO Burger,,Restaurant,Cherngtalay,+66 92 698 9397,,30 99 Srisoonthorn Rd Si Sunthon,Mo-Su 10:30-21:00,,,7.97925,98.33898,osm,,,,,,
Opal Villa,,Hotel,Nai Harn,,,,,,,7.78503,98.30725,osm,,,,,,
Open market,,Market,Old Town,,,,15:00-22:00,,,7.86171,98.36821,osm,,,,,,
Opol Rose Massage,,Massage & spa,Rawai,+66 66 162 9593,,,09:00-23:00,,,7.7734,98.32371,osm,,,,,,
Opus One,,Restaurant,Surin,,,,,,,7.97629,98.28437,osm,,,,,,
Orange Restaurant,Orange Restaurant,Restaurant,Patong,,,10/1 Soi Rat-U-Thit 200 Pee,,,,7.89628,98.29823,osm,,,,,,
Orchid Bar,,Bar,Kamala,,,Rim Hat Road,,,,7.94974,98.27987,osm,,,,,,
Orchid Hotel and Spa,,Hotel,Patong,+66 76 340496;+66 76 345518,https://theorchidhotel-phuket.com/,320 2 Soi Prabaramee 7,,,,7.91284,98.29452,osm,,,,,,
Orchid House Kamala,,Guesthouse,Kamala,+66869418205,,121/7 Rim Hat Road,Mo-Su 09:00-22:00,,,7.94978,98.27982,osm,,,,,,
Orchid Resortel,,Hotel,Patong,,,,,,,7.89285,98.29992,osm,,,,,,
Orchid Restaurant,,Restaurant,Kata,,,,,,,7.81513,98.30038,osm,,,,,,
Orchidacea Resort,,Hotel,Kata,+66 76 284 083,https://www.orchidacearesort.com/,,,,,7.81203,98.29868,osm,,,,,,
Orient Restaurant,,Restaurant,Patong,+66 76 341 222,http://www.orientrestaurantphuket.com/,,12:00-02:00,,,7.89101,98.29746,osm,,,,,,
Oriental Massage,,Massage & spa,Kata,+66 76 330 918,,,Mo-Su 10:00-23:00,,,7.82272,98.29892,osm,,,,,,
Origin,,Souvenirs & gifts,Kata,+66 95 382 9696,,,Mo-Su 09:00-23:00,,,7.81617,98.29998,osm,,,,,,
Original Formula,,Restaurant,Koh Kaew,076-609205,,,Mo-Su 10:00-20:00,,,7.96056,98.38275,osm,,,,,,
Oscar Bar,,Bar,Patong,,,,,,,7.89322,98.2983,osm,,,,,,
Otto,,Restaurant,Rawai,,,,,,,7.77892,98.32869,osm,,,,,,
Outdoor Inn & Restaurant,,Hotel,Kata,+66 76 330 615,,,,,,7.82412,98.29814,osm,,,,,,
Outrigger Laguna Phuket Beach Resort,,Hotel,Bang Tao,,,,,,,7.99722,98.29406,osm,,,,,,
OUTRIGGER Surin Beach Resort,,Hotel,Surin,+66 7636 0250,https://www.outrigger.com/thailand/outrigger-surin-beach-resort,"121/1 Moo 3, Srisunthorn Road",,,,7.97703,98.28076,osm,,,,,,
Overgrown Cocktail Bar,,Bar,Bang Tao,,,,,,,8.02876,98.29564,osm,,,,,,
OYO 1154 Naiyang House,,Hotel,Nai Yang,,,,,,,8.09324,98.30541,osm,,,,,,
Oyster restaurant,,Restaurant,Patong,,,,,,,7.89498,98.30196,osm,,,,,,
OYU bistro,,Café,Patong,,,,,,,7.89284,98.29768,osm,,,,,,
P.K.Residence,,Guesthouse,Old Town,,,,,,,7.88801,98.37604,osm,,,,,,
P.S 2 Resort,,Hotel,Patong,,,,,,,7.90308,98.30115,osm,,,,,,
P.S Hotel & Restaurant,,Hotel,Patong,,https://www.pshotel.com/,,,,,7.89372,98.29874,osm,,,,,,
P&J,,Massage & spa,Kata,+66 64 072 0674,,,Mo-Su 09:00-23:00,,,7.81788,98.3008,osm,,,,,,
P2You,,Bar,Kata,,,,,,,7.82791,98.29976,osm,,,,,,
Pa Lai Seafood Restaurant ,,Restaurant,Chalong,,,,,,,7.83854,98.36458,osm,,,,,,
Pacific Club Resort,,Hotel,Karon,,,,,,,7.85707,98.29583,osm,,,,,,
Pacific Inn,,Hotel,Phuket Town,,,,,,,7.87747,98.39307,osm,,,,,,
Packey,,Restaurant,Bang Tao,,,,,,,7.99449,98.2914,osm,,,,,,
Pad Thai ChayEak,,Restaurant,Cherngtalay,0923656242,,,Mo-Sa 10:00-21:00,,,7.9887,98.30901,osm,,,,,,
Pai Kao Haab,,Restaurant,Kamala,,,,Th-Tu 10:00-20:00,,,7.9486,98.28392,osm,,,,,,
Pai Tan villas,,Hotel,Bang Tao,+66816917262,,82/21 Moo 3 Bangtao beach,,,,7.98452,98.28778,osm,,,,,,
PAKLAK BBQ,ปากทลก กงะทะ BBQ กม.,Restaurant,Patong,0898674141,,,Mo-Su 17:00-00:00,,,7.87952,98.29945,osm,,,,,,
Paksaa Boutique Hotel,ปักษา บูติค โฮเทล,Hotel,Patong,+66 88 760 5643,http://paksaa-boutique.com/,,,,,7.88673,98.29906,osm,,,,,,
Palazzo Theatre & Restaurant,,Restaurant,Kathu,+6676202277,https://www.phuket-palazzo.com/,86/3 Vichitsongkram Rd. Phuket,,,,7.927,98.3288,osm,,,,,,
Palm Building,,Hotel,Karon,,,346 Patak Road Karon,,,,7.83628,98.29956,osm,,,,,,
Palm Garden Resort,,Hotel,Chalong,,,,,,,7.81858,98.34123,osm,,,,,,
Palm Oasis Boutique Hotel,ปาล์ม โอเอซิส บูติค โฮเทล,Hotel,Nai Harn,,,22/65 Naya Rawai,,,,7.78744,98.31647,osm,,,,,,
Palm Patong Resort,,Hotel,Patong,,,,,,,7.88102,98.29291,osm,,,,,,
Palm View Resort,,Hotel,Patong,+6676344837,,135/1 Nanai Road,24/7,,,7.88698,98.3027,osm,,,,,,
Palmery Resort & Spa,,Hotel,Kata,+66 76 333 170,,88/7 Khoktanod Road Phuket,,,,7.81656,98.30652,osm,,,,,,
Palmyra Patong Resort Phuket,,Hotel,Patong,+66 76 346 033,palmyrapatong.com,,,,,7.89836,98.30072,osm,,,,,,
Pan Asian,,Street food,Rawai,,,,,,,7.77128,98.31975,osm,,,,,,
Pan Pizza,,Street food,Kata,,,,,,,7.82086,98.30563,osm,,,,,,
Panachi restaurant,,Restaurant,Bang Tao,,,,Mo-FR 08:30-17:30,,,8.02215,98.30681,osm,,,,,,
Panda Hill,,Restaurant,Nai Harn,,,,,,,7.76237,98.30904,osm,,,,,,
Panphuree Residence - SHA,,Hotel,Airport,+6676328222,,,,,,8.10132,98.30886,osm,,,,,,
Panwa Green,,Guesthouse,Cape Panwa,,,Panwa Green ถนนศักดิ์ดีจนะ,Mo-Su 09:00-18:00,,,7.84111,98.38339,osm,,,,,,
Panwa Healthcare Pharmacy,,Pharmacy,Cape Panwa,,,,Mo-Su 08:00-21:00,,,7.81003,98.40205,osm,,,,,,
Panwa House,,Restaurant,Cape Panwa,,https://capepanwa.com/panwahouse/,,Tu-Su 18:30-23:00,,,7.8058,98.41011,osm,,,,,,
Panwa Pharmacy,,Pharmacy,Cape Panwa,,,,,,,7.80552,98.40579,osm,,,,,,
Panwa Seaview Bistro,,Restaurant,Cape Panwa,,,,,,,7.8066,98.40769,osm,,,,,,
Panwaburi Beachfront Resort,,Hotel,Cape Panwa,+6676212968,,8 ถนนอ่าวยนต์เขาขาด,24/7,,,7.81492,98.39466,osm,,,,,,
Papa Crab Boutique Guesthouse,,Guesthouse,Kamala,+66 76 385315,https://www.phuketpapacrab.com,Rim Hat Road,,,,7.94961,98.28005,osm,,,,,,
Papaya,,Restaurant,Patong,,,,,,,7.89259,98.29469,osm,,,,,,
Papaya Restaurant,,Restaurant,Karon,,,,,,,7.84921,98.29486,osm,,,,,,
papazula,,Bar,Phuket Town,,,,,,,7.88398,98.39095,osm,,,,,,
Par Phuket Hotel,,Hotel,Kathu,,,,,,,7.89821,98.34568,osm,,,,,,
Paradise,,Restaurant,Karon,,,,,,,7.83407,98.29642,osm,,,,,,
Paradise Beach,,Restaurant,Patong,,,,,,,7.89073,98.26527,osm,,,,,,
Paradise Beach Resortel,,Hotel,Patong,,,,,,,7.9016,98.305,osm,,,,,,
Paradise Inn,,Guesthouse,Karon,,,,,,,7.84902,98.29464,osm,,,,,,
Paradise Inn Phuket,,Hotel,Karon,,,,,,,7.84884,98.29446,osm,,,,,,
Paradise pool,,Café,Chalong,,,,,,,7.84618,98.34389,osm,,,,,,
Paradise Sea View Apartment Resort,,Hotel,Kata,+66 (0) 89 29 29 416,https://www.paradiseseaview.com,,24/7,,,7.81112,98.32516,osm,,,,,,
Paradox Resort Phuket,,Hotel,Karon,,,,,,,7.84583,98.2969,osm,,,,,,
Paragliding & Paramotor,,Gym & fitness,Karon,+66 93 323 0222,https://paraglidingphuket.com,,24/7,,,7.84808,98.2937,osm,,,,,,
Paresa Resort Phuket,,Hotel,Kamala,,,,,,,7.93324,98.26199,osm,,,,,,
Parinya Pharmacist,เภสัชกรปริญญา,Pharmacy,Old Town,,,,,,,7.89424,98.38794,osm,,,,,,
Paris bakery & deli,,Café,Nai Harn,,,,,,,7.79157,98.31742,osm,,,,,,
Parrot,,Bar,Patong,,,,,,,7.89415,98.29844,osm,,,,,,
Parrot Bar 2,,Bar,Patong,,,,,,,7.89675,98.30031,osm,,,,,,
Pasha,,Restaurant,Karon,,https://pashaphuket.com,,Mo-Su 11:30-23:00,,,7.84281,98.29466,osm,,,,,,
Pat's Cocktails Cafe,,Bar,Rawai,,,,,,,7.77515,98.32658,osm,,,,,,
Patak Pharmacy,,Pharmacy,Kata,,,,Mo-Su 08:30-23:00,,,7.82689,98.30168,osm,,,,,,
Patama Massage,,Massage & spa,Nai Yang,,,,,,,8.0902,98.29851,osm,,,,,,
PATHAYA PLACE KATA HOTEL,,Hotel,Kata,+66 81 081 9801,,,,,,7.81819,98.31144,osm,,,,,,
Patong Beach,,Attraction,Patong,,,,,,,7.89389,98.29496,osm,,,,,,
Patong Beach Bed and Breakfast,,Guesthouse,Patong,+6676340442,,112 Thaveewong Road,,,,7.89213,98.29435,osm,,,,,,
Patong Beach Hotel,,Hotel,Patong,,,,,,,7.89236,98.29571,osm,,,,,,
Patong Boxing Stadium,,dojo,Patong,+66988734358,http://www.boxingstadiumpatong.com,2/59 Sai Nam Yen Road,"Mo, Th, Sa 10:00-22:00",,,7.89717,98.30451,osm,,,,,,
Patong Boyz Town,,Bar,Patong,,,,22:00 - 01:00,,,7.89571,98.29968,osm,,,,,,
Patong Buri Resort,,Hotel,Patong,+66 98 034 6188,patongburiresort.com,159/14 Phang Muang Sai Kor Road,,,,7.89188,98.30083,osm,,,,,,
Patong Central Residence & Apartment,,Hotel,Patong,+66805855549,,207/21-25 Rat-U-Thit 200 Pee Road Patong Beach,24/7,,,7.88939,98.29638,osm,,,,,,
Patong City Hometel,,Hotel,Patong,,,,,,,7.89808,98.30188,osm,,,,,,
Patong cottage,,Hotel,Patong,,,,,,,7.88123,98.30011,osm,,,,,,
Patong Grand Condotel ป่าตองแกรนด์คอนโดเทล,,Hotel,Patong,,,,,,,7.90005,98.30229,osm,,,,,,
Patong Grand Villa,,Hotel,Patong,,,,,,,7.8754,98.28893,osm,,,,,,
Patong Health Care,,Pharmacy,Patong,,,,,,,7.89699,98.30009,osm,,,,,,
Patong Hemingway's Hotel,,Hotel,Patong,,,,,,,7.89308,98.30032,osm,,,,,,
Patong Hills,,Hotel,Patong,,,,,,,7.87951,98.2944,osm,,,,,,
Patong Inn,,Hotel,Patong,,,,,,,7.89334,98.2951,osm,,,,,,
Patong Lodge Hotel,,Hotel,Patong,,,,,,,7.9102,98.29667,osm,,,,,,
Patong Mansion Hotel,,Hotel,Patong,+66 76 342 994,https://www.patong-mansion.com/,29/1 Soi Prasertsub 1 - Ratchapathanuson Road Patong Beach,,,,7.89906,98.30462,osm,,,,,,
Patong Marina Hotel,,Hotel,Patong,+66987264201,www.patongmarina.com,188/10 Thawewong Road,,,,7.89997,98.29718,osm,,,,,,
Patong Max Value Hotel,,Hotel,Patong,,,,,,,7.89838,98.30187,osm,,,,,,
Patong Merlin Hotel,,Hotel,Patong,,,44 Thaveewong Road,,,,7.88712,98.29255,osm,,,,,,
Patong Ocean View Resort,,Hotel,Patong,+66 76 223 342,,,,,,7.88146,98.30102,osm,,,,,,
Patong Palace Hotel,,Hotel,Patong,,,,,,,7.90173,98.3008,osm,,,,,,
Patong Palm Guest House,Patong Palm Guest House,Guesthouse,Patong,,,,,,,7.90033,98.30102,osm,,,,,,
Patong Paragon Resort & SPA,,Hotel,Patong,,,,,,,7.9065,98.2978,osm,,,,,,
Patong Pearl,,Restaurant,Patong,,,13 Sawatdirak Patong,,,,7.89744,98.29905,osm,,,,,,
Patong Resort,,Hotel,Patong,,,,,,,7.89116,98.29631,osm,,,,,,
Patong Signature Boutique Hotel,,Hotel,Patong,,,,,,,7.88586,98.28902,osm,,,,,,
Patong Sub Inn,,Hotel,Patong,,,,,,,7.89666,98.29994,osm,,,,,,
Patong Swiss Hotel Beach Front,,Hotel,Patong,,,,,,,7.88604,98.28983,osm,,,,,,
Patong Tattoo Bar 2,,Bar,Patong,,,,,,,7.89684,98.3,osm,,,,,,
Patong Terrace Boutique Hotel,,Hotel,Patong,+66 76 510 540,,209/12 Rat-U-Thit 200 Pee Road,,,,7.88935,98.29583,osm,,,,,,
Patong Villas,,Hotel,Patong,,,,,,,7.89516,98.29676,osm,,,,,,
Patrada,,Massage & spa,Nai Yang,,,,10:00-23:00,,,8.08683,98.30006,osm,,,,,,
Pattra Mansion by AKSARA Collection,,Hotel,Old Town,+6676258103,https://www.pattramansion.com/,,,,,7.88738,98.3833,osm,,,,,,
Patty,,Massage & spa,Kamala,,,,,,,7.94966,98.28052,osm,,,,,,
Paulaner,,Restaurant,Patong,,,,,,,7.88934,98.29475,osm,,,,,,
Paya Massage,,Massage & spa,Cape Panwa,,,,,,,7.80683,98.40818,osm,,,,,,
Pea 88,,Vehicle rental,Airport,,,,,,,8.10644,98.30856,osm,,,,,,
Peach Blossom Resort,,Hotel,Kata,(66-76) 371 611,https://www.phuket-peachblossom.com/,"23/12 Karon Rd. T.Karon, A.Muang, Phuket",,,,7.82723,98.29517,osm,,,,,,
Peach Hill,,Hotel,Kata,(66-76) 371 600,https://www.peach-hill.com/,212 Kok Tanod Road,,,,7.82615,98.29574,osm,,,,,,
Peach Restaurant,,Restaurant,Kata,,,,,,,7.82634,98.29664,osm,,,,,,
Peang-Prai Restaurant,,Restaurant,Paklok,+66887681497,,,Mo-Su 10:00-20:00,,,8.04145,98.39538,osm,,,,,,
Pearl,,Massage & spa,Kata,+66 83 592 4678,,,Mo-Su 10:00-23:00,,,7.82271,98.29871,osm,,,,,,
Pearl Hotel Phuket,โรงแรมเพิร์ล ภูเก็ต,Hotel,Phuket Town,,,ถนนมนตรี Talat Yai,,,,7.88206,98.3922,osm,,,,,,
Pearl of Naithon,,Hotel,Nai Yang,,https://pearlofnaithon.com/,,,,,8.06152,98.27834,osm,,,,,,
Pearls,,Bar,Kata,,,,,,,7.82557,98.29717,osm,,,,,,
Pelmenya,,Restaurant,Nai Harn,,,,,,,7.7878,98.31699,osm,,,,,,
pen siri house,,Guesthouse,Nai Yang,,,,,,,8.08681,98.29978,osm,,,,,,
Pen Villa,,Guesthouse,Surin,,,,,,,7.978,98.28413,osm,,,,,,
Perennial resort,,Hotel,Airport,,,,,,,8.10172,98.30305,osm,,,,,,
Peter Kamala Guesthouse,,Guesthouse,Kamala,+66 87 2642998,http://www.pangibygget.net/,73/98 Pa Jak,,,,7.94903,98.28179,osm,,,,,,
Peter Pan,,Hotel,Patong,,peterpanresortphuket.com,,,,,7.88499,98.29958,osm,,,,,,
Peter's Bar and Restaurant,,Restaurant,Nai Yang,,,,,,,8.06198,98.27727,osm,,,,,,
Pgs,,Hotel,Patong,,,,,,,7.89893,98.30172,osm,,,,,,
Pha Mah Ree,,Restaurant,Kata,,,Patak Road,,,,7.81958,98.3089,osm,,,,,,
Phadee,,Massage & spa,Karon,,,,Mo-Su 09:00-23:45,,,7.84766,98.29354,osm,,,,,,
Phagamast massage,,Massage & spa,Rawai,,,,,,,7.77448,98.32571,osm,,,,,,
Phannee,,Restaurant,Karon,+66 99 416 3756,,,Mo-Su 10:00-21:00,,,7.8515,98.29257,osm,,,,,,
Philatelic museum,,Museum,Phuket Town,,,,,,,7.88403,98.39255,osm,,,,,,
Phlani blossom massage,,Massage & spa,Rawai,,,,,,,7.77515,98.32592,osm,,,,,,
Pho house by mama phung,,Restaurant,Patong,66996284375,,Phrabarami Road,,,,7.90287,98.30786,osm,,,,,,
Phoenix Grand Hotel,,Hotel,Patong,,,,,,,7.89185,98.30233,osm,,,,,,
Phu Kamala,,Hotel,Kamala,+66 81 691 5211; +66 80 143 5391,,,,,,7.94638,98.28523,osm,,,,,,
Phu NaNa Boutique Hotel,,Hotel,Rawai,,,,,,,7.78918,98.32903,osm,,,,,,
phu thai massage spa,,Massage & spa,Nai Yang,,,,Mo-Su 10:00-23:30,,,8.06894,98.34318,osm,,,,,,
Phuket,Phuket,Tours & travel,Paklok,+66878970492,https://www.phuketsailtours.com/,"Ao Por, Centre 80/17 - 18 moo 6, Tambon Paklok, Thalang",Mo-Su 06:00-22:00,,,8.0618,98.43145,osm,,,,,,
Phuket airport bread and breakfast,,Hotel,Airport,,,,,,,8.09939,98.31269,osm,,,,,,
Phuket airport hotel,,Hotel,Airport,,,,,,,8.10101,98.3066,osm,,,,,,
Phuket Airport Inn,,Hotel,Nai Yang,,,,,,,8.09875,98.30628,osm,,,,,,
Phuket Best Tours | Kata Beach | Island Hopping & Transfer Services,,Tours & travel,Kata,+66 92 257 6388,https://www.phuketbesttours.com/,"163/1 Koktanod Rd, Karon, Mueang Phuket District Phuket",07:00-23:00,,,7.81595,98.30324,osm,,,,,,
Phuket Big Buddha,,Attraction,Kata,,,,,,,7.82768,98.31324,osm,,,,,,
Phuket Blue Hostel,,Hotel,Phuket Town,,,,,,,7.88347,98.39187,osm,,,,,,
Phuket Botanic Garden,,Attraction,Chalong,,,,Mo-Su 09:00-17:00,,,7.84776,98.34576,osm,,,,,,
Phuket Cannabis Farm,,Café,Paklok,,,Pa Klok Phuket,Mo-Su 09:00-18:00,,,7.99797,98.38891,osm,,,,,,
Phuket Cheap Tour,,Tours & travel,Patong,0639050695,https://phuket-cheap-tour.ru,44/28 ถนนศิริรัตน์,Mo-Su 09:00-21:00,,,7.87554,98.28878,osm,,,,,,
Phuket Coffee Park,,Café,Chalong,,,,,,,7.86344,98.34403,osm,,,,,,
Phuket Cooking Academy,,Restaurant,Cherngtalay,,https://www.phuket-cooking-academy.com/,"9/9 Moo 5, T. Srisoonthorn, A. Talang Phuket, Amphoe Thalang, Chang Wat Phuket 83110, Thailand",,,,7.98667,98.34914,osm,,,,,,
Phuket Emerald Beach,,Hotel,Karon,+66 76 639 639,,,,,,7.84457,98.29533,osm,,,,,,
Phuket fish market,,Restaurant,Chalong,,,,,,,7.84,98.36677,osm,,,,,,
Phuket Graceland,,Hotel,Patong,,,,,,,7.90301,98.29789,osm,,,,,,
Phuket Grappling Academy,,Gym & fitness,Chalong,+66654047265,https://instagram.com/phuketgrapplingacademy,Patak Road Chalong,Mo-Sa 09:00-21:00,,,7.82444,98.33007,osm,,,,,,
Phuket Holidays,,Tours & travel,Patong,+66994308979,http://PhuketHolidays.ru,Soi Chuwong 1,Mo-Su 11:00-21:00,,,7.89706,98.30119,osm,,,,,,
Phuket Hot Tours,,Tours & travel,Karon,,,,Mo-Su 10:00-22:00,,,7.84857,98.29361,osm,,,,,,
Phuket Hotel Chee Wa,,Hotel,Phuket Town,,,,,,,7.86972,98.39212,osm,,,,,,
Phuket Indian Restaurant,,Restaurant,Patong,,,141/4 Soi Royal Paradise,,,,7.89485,98.29923,osm,,,,,,
Phuket International Horse Club,,Gym & fitness,Bang Tao,+66661463244,https://www.phukethorseclub.com/,,,,,8.02314,98.29856,osm,,,,,,
Phuket Island View,,Hotel,Karon,,,,,,,7.83271,98.29569,osm,,,,,,
Phuket Kata Resort,,Hotel,Kata,,,,,,,7.81672,98.30153,osm,,,,,,
Phuket Kayaking tour,,Tourist Attraction,Chalong,084 539 2885,https://jamesbondislandtrip.com/,"R9RG+XGF, Wichit, Mueang Phuket District, Phuket 83000, Thailand",,,0,7.84233,98.37621,google_places,,,,,,
Phuket Kush,,Café,Chalong,,,,,,,7.85118,98.34909,osm,,,,,,
Phuket lobster house,,Restaurant,Chalong,,,,,,,7.83832,98.36415,osm,,,,,,
Phuket Lotus Lodge,,Guesthouse,Nai Yang,,http://www.lotuslodge.de/,,,,,8.07723,98.30136,osm,,,,,,
Phuket Marathon,,Attraction,Bang Tao,,,,,,,7.99837,98.29828,osm,,,,,,
"Phuket Marriott Resort & Spa, Merlin Beach",,Hotel,Patong,,,99 Muen-Ngoen Road,,,,7.88349,98.27245,osm,,,,,,
"Phuket Marriott Resort and Spa, Nai Yang Beach",,Hotel,Nai Yang,,,,,,,8.08182,98.28855,osm,,,,,,
Phuket Mining Museum,พิพิธภัณฑ์เหมืองแร่,Museum,Kathu,+6676510115,https://www.museumthailand.com/en/museum/Phuket-Mining-Museum_2,45 Kathu-Koh kaew Road,,,,7.93327,98.34948,osm,,,,,,
Phuket Muay Thai House,,Hotel,Chalong,,,,,,,7.8536,98.34565,osm,,,,,,
Phuket Myfriend Tour,,Tours & travel,Karon,,,,,,,7.85269,98.29466,osm,,,,,,
Phuket Naithon Resort,,Hotel,Nai Yang,,,,,,,8.05937,98.27808,osm,,,,,,
Phuket Nature Elephant Reserve,,Attraction,Cherngtalay,,https://phuketelephantnaturereserve.com/,ถนนศรีสุนทร,Tu-Su 09:00-17:00,,,7.97646,98.32618,osm,,,,,,
Phuket Noodles,,Restaurant,Paklok,,,,,,,7.98325,98.36662,osm,,,,,,
Phuket Orchid Farm,,Attraction,Chalong,,,,,,,7.8187,98.33439,osm,,,,,,
Phuket Orchid Resort & Spa,,Hotel,Karon,+66(0)76358333,https://orchid.katagroup.com/,34 Luangphochuan Rd,,,,7.83438,98.29617,osm,,,,,,
Phuket Outdoor Arena,,Gym & fitness,Old Town,,,,,,,7.89207,98.36572,osm,,,,,,
Phuket Palace,,Hotel,Patong,,,,,,,7.88039,98.29269,osm,,,,,,
Phuket paradise,,Hotel,Koh Kaew,,,,,,,7.95619,98.38582,osm,,,,,,
Phuket Paradise Hotel,,Hotel,Patong,,,,,,,7.88523,98.29625,osm,,,,,,
Phuket Property Show,,Guesthouse,Old Town,,https://www.phuketpropertyshow.com/,,,,,7.91065,98.36746,osm,,,,,,
Phuket Racha Guesthouse,,Guesthouse,Kata,,,,,,,7.82353,98.30096,osm,,,,,,
Phuket rifle shooting association,,Gym & fitness,Chalong,,,,,,,7.8219,98.33301,osm,,,,,,
Phuket Sea Resort,,Hotel,Rawai,,,,,,,7.77513,98.32512,osm,,,,,,
Phuket Snake Show,,Attraction,Chalong,,,,,,,7.86236,98.34517,osm,,,,,,
Phuket Spa,,Beauty & spa,Chalong,,,,,,,7.85054,98.35089,osm,,,,,,
Phuket Sports and Tennis Club,,Gym & fitness,Kata,,http://www.phuketsport.com,"4/20 soi sports Soi Suksan 2 Viset Rd., Rawai",,,,7.81265,98.3285,osm,,,,,,
Phuket Thai Hua School,,Museum,Old Town,,,ถนนเยาวราช,Mo-Su 09:00-17:00,,,7.8856,98.38687,osm,,,,,,
Phuket Thalang Go-Kart and ATV,,Gym & fitness,Airport,,https://phuket-shootingrange.com/thalang-shootingrange/,137 หมู่ 6,,,,8.07967,98.35583,osm,,,,,,
Phuket Top Team MMA and Muay Thai Training Camp,,dojo,Chalong,,,45 / 31 M.1 Soi Tadied Chalong,7:00 - 20:00,,,7.85104,98.34982,osm,,,,,,
Phuket town inn,,Hotel,Phuket Town,+6676216911,,9/1 Tepkasattree Road,,,,7.88542,98.39056,osm,,,,,,
Phuket Trickeye Museum,,Museum,Phuket Town,,http://www.phukettrickeyemuseum.com/,130/1 Phang Nga Road,,,,7.88338,98.39261,osm,,,,,,
Phuket Villa Patong Beach,,Hotel,Patong,+66 76 366 839,phuketvillapatongbeach.com,192 Phang Muang Sai Kor Road,,,,7.89301,98.30219,osm,,,,,,
"Phuket Villas, Property, Real Estate, Kata Rock",,Hotel,Kata,,,,,,,7.81315,98.29636,osm,,,,,,
Phuket Yacht Club,,Restaurant,Chalong,,https://phuketyachtclub.com/,,,,,7.82725,98.34815,osm,,,,,,
Phuketique,,Café,Old Town,,,,,,,7.88345,98.38721,osm,,,,,,
Phulin resort,,Hotel,Karon,,,,,,,7.84676,98.29976,osm,,,,,,
Phunara Residence,,Hotel,Patong,,,,,,,7.88642,98.29874,osm,,,,,,
Phunaya Phuket Oldtown Hotel,,Hotel,Phuket Town,+66 96 819 3696,,2\52 ถนนมนตรี,,,,7.88677,98.39276,osm,,,,,,
Phuthai Phuket Souvenir Market,,Souvenirs & gifts,Chalong,,,,,,,7.85127,98.34892,osm,,,,,,
Phuthai Souvenir Market,,Attraction,Chalong,,,,,,,7.86198,98.34565,osm,,,,,,
Piano Residence,,Hotel,Phuket Town,,,,,,,7.87519,98.38837,osm,,,,,,
Piin Piin,,Café,Kathu,,,,,,,7.88129,98.32965,osm,,,,,,
Pimnara Spa,,Massage & spa,Patong,,,,12:00-2:00,,,7.89416,98.29722,osm,,,,,,
Pimwilai,,Restaurant,Kata,,,,,,,7.82557,98.29734,osm,,,,,,
Pine Building,,Hotel,Karon,,,,,,,7.83582,98.29956,osm,,,,,,
Pineapple guesthouse,,Hotel,Karon,,,,,,,7.83537,98.29829,osm,,,,,,
Pinewood,,Beauty & spa,Kata,+66 82 107 1957,,,Mo-Su 11:00-23:00,,,7.8161,98.30086,osm,,,,,,
PiNK,,Restaurant,Kata,,,,,,,7.82571,98.29694,osm,,,,,,
Pink BBQ Restaurant,,Restaurant,Patong,+66619839374,,77/5 Phangmuang Sai Kor Patong Beach,Mo-Su 10:00-22:00,,,7.8859,98.29728,osm,,,,,,
Pink Exotic,,Bar,Chalong,,,,,,,7.84775,98.35175,osm,,,,,,
Pink Mansion Phuket,พิ้งค์ แมนชั่น ภูเก็ต,Hotel,Old Town,,,Hongyokutis Rd Talat Yai,,,,7.90046,98.38008,osm,,,,,,
Pink Mountains Massage,,Massage & spa,Patong,+6680 604 7899,,46/2 Ratuthit Songroipi Patong,Mo-Su 11:00-24:00,,,7.90229,98.30067,osm,,,,,,
Pink Paradise,,Bar,Patong,,,,,,,7.89362,98.29666,osm,,,,,,
Pinnochio,,Restaurant,Nai Yang,,,,15:00+,,,8.05842,98.27823,osm,,,,,,
Pint Factory,,Restaurant,Phuket Town,,,,,,,7.88626,98.39212,osm,,,,,,
Piraya,,Hotel,Mai Khao,,,,,,,8.14772,98.30048,osm,,,,,,
Pit Stop,,Restaurant,Kata,,,,,,,7.82315,98.30033,osm,,,,,,
Pit Stop Guest House,,Hotel,Kata,,,,,,,7.82315,98.30029,osm,,,,,,
PIT Thai Food,,Restaurant,Bang Tao,,,,,,,7.98709,98.28797,osm,,,,,,
Pithi Pharma,ปิติฟาร์มา,Pharmacy,Kata,,,90/6 ถนนโคกโตนด กะรน,Mo-Sat 13:00-23:00,,,7.81553,98.30473,osm,,,,,,
Pizza,The Pizza Company,Restaurant,Kata,,,,,,,7.82431,98.2977,osm,,,,,,
Pizza & More,,Restaurant,Patong,,,,,,,7.89638,98.2995,osm,,,,,,
Pizza Balconi,,Restaurant,Kata,,https://www.pizzabalconihalalphuket.com,,Mo-Su 12:00-23:00,,,7.81582,98.3009,osm,,,,,,
Pizza Company,,Restaurant,Mai Khao,,,,,,,8.16905,98.29646,osm,,,,,,
Pizza Hut,,Street food,Cherngtalay,,,,,,,7.99256,98.30604,osm,,,,,,
Pizza lover,,Restaurant,Kata,,,,,,,7.82483,98.29766,osm,,,,,,
Pizza Pasta,,Restaurant,Rawai,,,,,,,7.76933,98.31816,osm,,,,,,
Pizzaphuket,,Street food,Kata,,,,,,,7.82895,98.30143,osm,,,,,,
Pizzaro,,Restaurant,Patong,,,,,,,7.89282,98.29481,osm,,,,,,
Pizzeria,,Restaurant,Chalong,,,,,,,7.82199,98.34148,osm,,,,,,
Pizzeria da Moreno,,Restaurant,Patong,,,,,,,7.88644,98.3025,osm,,,,,,
Pizzeria Da Moreno @ Town,,Restaurant,Old Town,+66630785370,,,Tu-Su  15:00-23:00,,,7.88351,98.3875,osm,,,,,,
PIZZERIA DA MORENO CHERNGTALAY,,Restaurant,Cherngtalay,+66624979197,,Phuket,we-mo 12:00-22:30,,,7.98479,98.30135,osm,,,,,,
PJ Check-in Mansion,,Hotel,Patong,,,,,,,7.89326,98.30257,osm,,,,,,
PJ Patong Resortel,,Hotel,Patong,076-366-228,https://www.pjmansion.com/,,,,,7.89343,98.30242,osm,,,,,,
PKL Residence,,Hotel,Patong,,,,,,,7.88599,98.2976,osm,,,,,,
pkt car rental,,Vehicle rental,Airport,,,,,,,8.09968,98.30683,osm,,,,,,
PKT Sexy Nights Exclusive Club,,Nightlife,Phuket Town,,,,,,,7.87881,98.39644,osm,,,,,,
PL House,,Hotel,Patong,,,,,,,7.88995,98.29663,osm,,,,,,
Place coworking,,Café,Chalong,0951170481,https://placecoworking.com/,"59,2 ถนนเจ้าฟ้าตะวันตก",Su-Th 00:00-24:00; Fr-Sa 09:00-22:00,,,7.85275,98.33619,osm,,,,,,
Place Residents Hotel,,Hotel,Kata,0991372063,https://www.booking.com/Share-dfkGkCE,110/4 ถนนท้ายนา,24/7,,,7.82735,98.29905,osm,,,,,,
Plein Poa Night Market,,Market,Phuket Town,,,,,,,7.88006,98.38987,osm,,,,,,
Plov & Somsa,,Restaurant,Kata,+66 62 061 3502,,,Mo-Su 12:00-23:00,,,7.82529,98.2975,osm,,,,,,
PLOY,,Restaurant,Patong,,,27/6 Sai Nam Yen Road,,,,7.89603,98.30328,osm,,,,,,
PLUM Prime Steakhouse,,Restaurant,Kamala,+66 76337300,https://www.facebook.com/PlumCapeSienna,"18/40 Layi-Nakalay Rd.. Kamala, Kathu Phuket",18:00-23:30,,,7.94946,98.27383,osm,,,,,,
Poached,,Restaurant,Rawai,,,,07:00-17:00,,,7.77248,98.32213,osm,,,,,,
Poached Breakfast Cafe,,Café,Chalong,,,,,,,7.85892,98.34198,osm,,,,,,
Poët,,Restaurant,Kata,+66 65 930 6060,https://poetphuket.com,,Mo-Su 18:00-02:00,,,7.82151,98.29936,osm,,,,,,
Polita,,Restaurant,Nai Harn,,,,,,,7.78193,98.31453,osm,,,,,,
Pomodoro Pizza Restaurant,,Restaurant,Kata,,,,,,,7.81668,98.3102,osm,,,,,,
Pong,,Massage & spa,Bang Tao,,,,,,,7.99125,98.29049,osm,,,,,,
Pong Service,,Vehicle rental,Chalong,,,,,,,7.83959,98.34914,osm,,,,,,
Poo Nurntong Restaurant,,Restaurant,Kathu,66801445722,,Soi Khuanyang,,,,7.90462,98.3181,osm,,,,,,
Pooh and Friends,,Restaurant,Surin,,,61/3 Soi Huatiea Thalang,Mo-Su 16:00-23:00,,,7.98081,98.28604,osm,,,,,,
Pool Bar,,Restaurant,Patong,,,43/2 Rat Uthit 200 Year Road,,,,7.90139,98.30325,osm,,,,,,
Pool Bar BVR,,Bar,Kata,,https://www.phuket-boomerang.com/,Patak road Soi 10 Kata,,,,7.82902,98.30249,osm,,,,,,
Poolrada Boutique Cafe,,Café,Bang Tao,,,,,,,8.02642,98.32873,osm,,,,,,
Poolrada Boutique Hotel,,Hotel,Bang Tao,,,,,,,8.02647,98.32851,osm,,,,,,
Popular Mansion,ป๊อปปูล่า แมนชั่น,Hotel,Old Town,,,Ratsada,,,,7.91544,98.37125,osm,,,,,,
Porch restaraunt,,Restaurant,Chalong,,,,,,,7.82555,98.32718,osm,,,,,,
Porky's gym,,Gym & fitness,Karon,,,,,,,7.84326,98.30218,osm,,,,,,
Port of call,,Restaurant,Paklok,,,,,,,8.0691,98.44199,osm,,,,,,
Porterhouse Beach Hotel Patong,,Hotel,Patong,,https://porterhousebeachhotel.top/,,,,,7.90703,98.29816,osm,,,,,,
Porto de Phuket,,Attraction,Cherngtalay,,,,,,,7.99159,98.30538,osm,,,,,,
Poseidon,,Restaurant,Airport,,,,,,,8.12017,98.30858,osm,,,,,,
Power Inn,,Hotel,Patong,,,,,,,7.88776,98.29982,osm,,,,,,
Praew Mansion,,Guesthouse,Kamala,,,,,,,7.94843,98.28373,osm,,,,,,
Pranee mansion airport,,Guesthouse,Airport,,,,,,,8.10009,98.30696,osm,,,,,,
Prego,,Restaurant,Kata,+66 76 563 655,,,Mo-Su 12:00-23:30,,,7.82418,98.29748,osm,,,,,,
Prego by the Beach,,Restaurant,Phuket Town,,,,,,,7.87329,98.42804,osm,,,,,,
Priew Wan Guest House,,Guesthouse,Patong,,,,,,,7.89962,98.30127,osm,,,,,,
Prime Burger Rawai,,Street food,Chalong,+66 82 605 0245,https://primeburger.co.th/,"5, 36, Wiset Rd, Rawai, Muang, Phuket 83130, Таиланд",Mo-Su 11:00-01:30,,,7.81407,98.33942,osm,,,,,,
Princess Kamala,Princess Kamala Бабушкины,Hotel,Kamala,+66 76 385396,https://princesskamalabeachfronthotel.com,74/3 Rim Hat Road,,,,7.95094,98.28247,osm,,,,,,
Princess Seaview,,Hotel,Karon,,,,,,,7.83968,98.30101,osm,,,,,,
Pro Andaman Place,,Guesthouse,Karon,,,526/13-14 ถนนปฏัก Karon,,,,7.8494,98.2949,osm,,,,,,
Prodepran Restaurant & Bar,,Restaurant,Bang Tao,+66 92 646 2829,https://prodepran.com,"49/83 49/75 Bandon-Cherngtalay Road,  Cherngtalay, Thalang Phuket",Mo-Sa 11:00-21:00,,,7.99452,98.30416,osm,,,,,,
Proud Phuket hotel,,Hotel,Nai Yang,,,,,,,8.09333,98.30281,osm,,,,,,
Pru Restaurant,,Restaurant,Bang Tao,+6676683344,https://prurestaurant.com,60/1 Srisoonthorn Road Phuket,"Tu-Th 18:00-22:30; Fr-Sa 12:00-15:00, 18:00-22:30",,,8.03846,98.27654,osm,,,,,,
PSU Lodge,,Hotel,Kathu,,,,,,,7.89391,98.35185,osm,,,,,,
PTP,,Gym & fitness,Cherngtalay,+66 64 471 8080,,,,,,7.98652,98.29938,osm,,,,,,
Pu Cha Mas,,Guesthouse,Karon,,,,,,,7.84555,98.29912,osm,,,,,,
Puchada Safari,,Tours & travel,Nai Harn,+6676226455,,,,,,7.79547,98.31138,osm,,,,,,
Puerta Del Sol Rooms,,Hotel,Patong,,,,,,,7.89664,98.29962,osm,,,,,,
Pullman Phuket Arcadia Naithon Beach,,Hotel,Nai Yang,,,,,,,8.06343,98.27647,osm,,,,,,
Pullman Phuket Karon Beach Resort,,Hotel,Karon,+66 76 396 433,https://www.pullmanphuketkaron.com,"333 Patak Rd Tambon Karon Muang, Phuket 83100, Tailandia",,,,7.83811,98.29551,osm,,,,,,
Pullman Phuket Panwa Beach Resort,,Hotel,Cape Panwa,+66-76-602-500,https://all.accor.com/hotel/A2E5/index.en.shtml,,,,,7.81022,98.40245,osm,,,,,,
Pumeria,,Hotel,Bang Tao,,https://www.theresidenceresort.com,,,,,7.98779,98.29653,osm,,,,,,
Punrak cafe,,Café,Phuket Town,,,,,,,7.86972,98.39386,osm,,,,,,
Pupa,,Café,Patong,,,,Mo-Su 09:00-22:00,,,7.8997,98.3005,osm,,,,,,
Pure & Pam Village,,Hotel,Kata,+66 86 272 5064,purepamvillage.com,1/5-1/12 Soi Patak 1 Karon Phuket,,,,7.81904,98.30666,osm,,,,,,
Pure Hotel Residence,,Hotel,Old Town,,,,,,,7.8783,98.38181,osm,,,,,,
Pure prep,,Restaurant,Chalong,,,,,,,7.85326,98.34578,osm,,,,,,
Purimas Resortel,,Hotel,Rawai,+66816913029,,,,,,7.78401,98.32926,osm,,,,,,
Purple cafe,,Café,Rawai,,,,,,,7.78125,98.31731,osm,,,,,,
Quick burger,,Restaurant,Kathu,0994073746,http://quickburgerkathu@facebook.com,vichit Songkhram Rd 32/1 moo 6.,Mo-Su 11:30-23:00,,,7.91294,98.33284,osm,,,,,,
Rabbit Hole at Phuket,,Restaurant,Paklok,+66822192389,https://web.facebook.com/Rabbit-Hole-at-Phuket-1283580625144861,163/1 Pa Klok Phuket,Mo-Su 10:00-20:00,,,8.00424,98.38267,osm,,,,,,
Raggae bar,,Bar,Kata,,,,,,,7.82544,98.29796,osm,,,,,,
Rain Tree Spa,,Massage & spa,Phuket Town,,,,,,,7.88709,98.39375,osm,,,,,,
Rama Kata Beach Hotel,,Hotel,Kata,+66 76 333 328,,,,,,7.82337,98.30234,osm,,,,,,
Ramaburin Resorts,,Hotel,Patong,,,,,,,7.88384,98.2929,osm,,,,,,
Ramada by Wyndham Phuket Southsea,,Hotel,Karon,,,,,,,7.84694,98.29379,osm,,,,,,
Ramada Plaza,,Hotel,Chalong,,,,,,,7.86995,98.35715,osm,,,,,,
Ranghill Residence Phuket Town,,Hotel,Old Town,,,Talat Nuea,,,,7.88861,98.37923,osm,,,,,,
Rasta bar,,Bar,Kata,,,,,,,7.82545,98.29808,osm,,,,,,
Ratana Hill Patong,,Hotel,Patong,,,,,,,7.89644,98.31152,osm,,,,,,
Ratana Hotel,,Hotel,Old Town,,,,,,,7.86024,98.38076,osm,,,,,,
Ratana Hotel Chalong,,Hotel,Chalong,,,,,,,7.81964,98.33968,osm,,,,,,
Ratana Platinum Resort,,Hotel,Kamala,,http://www.ratanaplatinum.com,"73/65 กมลา, Kamala, Kathu District, Phuket",,,,7.94805,98.28127,osm,,,,,,
Ratcheeneeporn,,Restaurant,Cherngtalay,,,,Mo-Sa 12:00-24:00,,,7.98241,98.29887,osm,,,,,,
Ratri Hotel Old Town Phuket,,Hotel,Old Town,,,,24/7,,,7.88658,98.383,osm,,,,,,
Rattana Beach Hotel,,Hotel,Karon,,rattanabeach.com,,,,,7.84867,98.29527,osm,,,,,,
Rattanalee,,Restaurant,Cape Panwa,,,,,,,7.80948,98.40234,osm,,,,,,
Rawai Beach Resort,,Hotel,Rawai,+66 81 311 8189,,,,,,7.7728,98.32214,osm,,,,,,
Rawai Boutique Resort,,Hotel,Rawai,,,,,,,7.77701,98.32389,osm,,,,,,
Rawai Boxing Stadium,,dojo,Rawai,+66955753538,https://www.rawaiboxingcampphuket.com/,,,,,7.78977,98.32953,osm,,,,,,
Rawai Indian Restaurant,,Restaurant,Rawai,,,,,,,7.77448,98.32556,osm,,,,,,
Rawai Palm Beach Resort reception,,Hotel,Rawai,,,,,,,7.77098,98.31795,osm,,,,,,
Rawai Sea Beach,,Guesthouse,Rawai,+66935829853,,,,,,7.77248,98.31846,osm,,,,,,
Rawai seafood restaurant,,Restaurant,Rawai,,,,,,,7.77561,98.32847,osm,,,,,,
raya massage,,Massage & spa,Rawai,,,,,,,7.79185,98.31834,osm,,,,,,
Rayaan's,,Restaurant,Patong,,,,,,,7.88926,98.2941,osm,,,,,,
Reach,,Restaurant,Phuket Town,,,,,,,7.88369,98.39197,osm,,,,,,
Reach hotel,,Hotel,Phuket Town,,,,,,,7.87645,98.39269,osm,,,,,,
Reb's Bar,,Bar,Surin,,,,17:00-23:00,,,7.98431,98.28579,osm,,,,,,
Recenta Phuket SuanLuang,,Hotel,Old Town,,,60/79-80 หมู่ 2 Wichit,,,,7.8715,98.36638,osm,,,,,,
Red Chopsticks,,Restaurant,Kata,+66 98 015 0519,,,Mo-Su 12:00-22:00; Sa 14:00-22:00,,,7.82899,98.2954,osm,,,,,,
Red Corner Restaurant,,Restaurant,Kata,0819782047,,63 Thaina Road,Mo-Su 10:00-23:00,,,7.82687,98.29859,osm,,,,,,
Red Duck Restaurant soi khoktanod 88/3,Red Duck Restaurant soi khoktanod 88/3,Restaurant,Kata,+660848502929,,88/3 Soi Khoktanod,Mo-Su 11:00-23:00,,,7.81556,98.30524,osm,,,,,,
Red Hot Club,,Bar,Patong,,,,,,,7.89306,98.29818,osm,,,,,,
Red Lobster,,Café,Karon,,,,Mo-Su 11:00-23:00,,,7.84465,98.29421,osm,,,,,,
Red Onion,,Restaurant,Kata,,,23-25-27 Thaina Road Kata Beach,Mo-Su 10:00-22:00,,,7.82762,98.29929,osm,,,,,,
Red Onion Thai Restaurant,,Restaurant,Kata,+66 81 8956007,https://siam.de/redonion,23-27 Thaina Road Kata Beach,Mo-Su 12:00-22:00,,,7.8276,98.29943,osm,,,,,,
Red Planet Patong,,Hotel,Patong,,https://www.redplanethotels.com/en/search/patong-phuket,,,,,7.90129,98.30028,osm,,,,,,
Red Snapper Restaurant,,Restaurant,Kata,,,,,,,7.82356,98.30148,osm,,,,,,
Reef snorkeling,,Attraction,Bang Tao,,,,,,,8.04139,98.27515,osm,,,,,,
Reef snorkelling,,Attraction,Nai Harn,,,,,,,7.76651,98.30543,osm,,,,,,
Refresh Massage,,Massage & spa,Kata,+66 96 142 5110,,,Mo-Su 09:30-23:00,,,7.82889,98.29564,osm,,,,,,
Regency Club,,Restaurant,Kamala,,,,,,,7.94593,98.27145,osm,,,,,,
Reggae Bar,Reggae Bar,Bar,Bang Tao,,,,,,,7.99532,98.29322,osm,,,,,,
Rek Phop at first sight Café,,Café,Mai Khao,,,,,,,8.17633,98.29868,osm,,,,,,
Relax Center,,Massage & spa,Kata,+66 98 828 8886,,,Mo-Su 10:00-23:00,,,7.82588,98.2968,osm,,,,,,
Relax Guesthouse,,Guesthouse,Patong,,,,,,,7.89457,98.29972,osm,,,,,,
Relax Residence,รีแล็คซ์ เรสซิเด้นท์,Hotel,Bang Tao,,,Thep Krasattri,,,,8.03112,98.32379,osm,,,,,,
rent bikes,,Vehicle rental,Mai Khao,,,,,,,8.12776,98.30103,osm,,,,,,
Rental Motorbike Bomboy,,Vehicle rental,Kamala,+66942143645,,121 Rim Hat Road,Mo-Su 08:00-21:00,,,7.9497,98.27979,osm,,,,,,
RENTCAR24.ONLINE,,Vehicle rental,Rawai,+66953617452,https://rentcar24.online,96/7 Moo 7 Soi Saiyuan,Mo-Su 09:00-21:00,,,7.79216,98.31957,osm,,,,,,
Republic Phuket Stadium,,dojo,Chalong,,,,,,,7.85918,98.34058,osm,,,,,,
Rest,,Massage & spa,Kata,+66 85 313 3259,,,Mo-Su 09:30-23:30,,,7.81412,98.29945,osm,,,,,,
Rest@Patong,,Restaurant,Patong,,,,,,,7.89183,98.29447,osm,,,,,,
Restaurant & Bar „The Cove“,,Restaurant,Cape Panwa,,,,,,,7.81434,98.39597,osm,,,,,,
Return Bar,,Bar,Nai Harn,,,,Mo-Su 08:00-23:00,,,7.79482,98.31562,osm,,,,,,
Revolution Gym,,dojo,Bang Tao,+66872765024,https://www.revolutionphuketgym.com,,,,,7.98587,98.29151,osm,,,,,,
ribs,,Café,Chalong,,,,,,,7.843,98.35106,osm,,,,,,
Rich,,Restaurant,Kata,,,,Mo-Su 11:00-01:00,,,7.82535,98.29707,osm,,,,,,
Rico's Bungalows,,Hotel,Kata,,,,,,,7.81747,98.30083,osm,,,,,,
Rico's Hotel,,Hotel,Patong,,,,,,,7.8929,98.29687,osm,,,,,,
Right Coffee,,Café,Patong,,,,,,,7.89025,98.29409,osm,,,,,,
Rim Khuen Cafe,,Café,Kathu,,,,,,,7.88323,98.33483,osm,,,,,,
Rimlay,,Restaurant,Karon,,,,Mo-Su 10:00-22:00,,,7.8511,98.29421,osm,,,,,,
Rimlay restaurant,,Restaurant,Rawai,,,,,,,7.77489,98.32638,osm,,,,,,
Rise & Grind,,Restaurant,Phuket Town,,,,,,,7.8831,98.39069,osm,,,,,,
Ritsurin Hotel,,Hotel,Old Town,,,,,,,7.88913,98.38584,osm,,,,,,
River kwai herbs,,Pharmacy,Mai Khao,,,,,,,8.21956,98.29806,osm,,,,,,
Riverside,,Restaurant,Surin,,,,Mo-Su 13:00-22:00,,,7.98343,98.28115,osm,,,,,,
Riverside Market,,Souvenirs & gifts,Kamala,,,,,,,7.95831,98.28866,osm,,,,,,
Road Runner Phuket,,Tours & travel,Paklok,+66 7 6608964,,,,,,8.04016,98.40242,osm,,,,,,
Road Stop,,Bar,Nai Harn,,,,,,,7.79171,98.3171,osm,,,,,,
Roadhouse Grill,,Café,Karon,,https://www.facebook.com/RoadhouseGrillKaron/,,,,,7.84475,98.29911,osm,,,,,,
Robbi Mediterranean cafe,,Restaurant,Cherngtalay,0816135882,,,Mo-Su 09:00-23:00,,,7.99109,98.30532,osm,,,,,,
Robin House,,Restaurant,Karon,,,,,,,7.83395,98.29807,osm,,,,,,
ROBU salad and burger,,Street food,Kata,,,,,,,7.82303,98.2985,osm,,,,,,
Rock Hard,,Bar,Patong,,,,,,,7.89326,98.29818,osm,,,,,,
Rock Pharmacy,,Pharmacy,Cherngtalay,,,,Mo-Su 16:00-22:00,,,8.0054,98.34399,osm,,,,,,
Rock riders,,Bar,Rawai,,,,Mo-Sa 17:00-24:00,,,7.78897,98.32892,osm,,,,,,
Roma Ristorante & Pizzeria Da Mauro,,Restaurant,Patong,,,,,,,7.89224,98.29458,osm,,,,,,
Romantica Resort,,Hotel,Kata,,,,,,,7.81937,98.3003,osm,,,,,,
RongBay Steak,,Restaurant,Patong,,,,,,,7.88466,98.30296,osm,,,,,,
ROÔF pudding & cafe,,Café,Old Town,+66836465463,,,Mo-Sa 09:00-18:00; Su 09:00-20:00,,,7.88451,98.38747,osm,,,,,,
Rooftop,,Restaurant,Patong,,,,,,,7.89318,98.29769,osm,,,,,,
Room Actually,,Hotel,Karon,+66 (0) 76 396705,https://room-actually.com/,,,,,7.84799,98.29668,osm,,,,,,
Room Hotel @ Phuket Airport,,Hotel,Airport,,,,,,,8.10537,98.30862,osm,,,,,,
Ros,Rosco's Restaurant and Sports bar,Restaurant,Patong,,,,,,,7.89778,98.29989,osm,,,,,,
Rose Espresso,,Café,Old Town,+66 89 774 5321,,,Mo-Su 08:00-18:00,,,7.88484,98.38718,osm,,,,,,
Rosewood Phuket,,Hotel,Patong,+66 76 356 888,https://www.rosewoodhotels.com/en/phuket,,,,,7.88471,98.27392,osm,,,,,,
Rosmarino,,Restaurant,Karon,+66 99 005 9058,https://rosmarinorestaurant.com,,Mo-Su 12:00-23:00,,,7.84873,98.29364,osm,,,,,,
Rossy Bar & Restaurant,,Bar,Nai Harn,,,,,,,7.79549,98.31561,osm,,,,,,
Roti Chaofa,,Restaurant,Old Town,+6676221771,,44 ถนนเจ้าฟ้า,,,,7.87825,98.38055,osm,,,,,,
Roti Muslim,,Restaurant,Karon,+66 87 286 8191,,,Mo-Su 11:30-23:30,,,7.8508,98.29342,osm,,,,,,
Roti Samkong,,Café,Old Town,,,,,,,7.90334,98.37689,osm,,,,,,
ROTI@BYPASS,,Restaurant,Koh Kaew,,,,,,,7.93322,98.37701,osm,,,,,,
Roxane Café & Restaurant,,Restaurant,Patong,,,,,,,7.8916,98.29407,osm,,,,,,
Roxanne bar,,Bar,Rawai,,,,,,,7.77538,98.31846,osm,,,,,,
Roy Sud Soi Sud Thang,,Restaurant,Paklok,,,72/3 Pa Klok Phuket,Mo-Su 10:00-20:00,,,8.01528,98.39294,osm,,,,,,
Royal Beach Residence,,Restaurant,Patong,,,,,,,7.88929,98.29394,osm,,,,,,
Royal Crown Hotel & Palm Spa Resort,โรงแรมรอยัลคราวน์,Hotel,Patong,,,31 Nanai Road Patong,,,,7.89369,98.30575,osm,,,,,,
Royal Enfield,,Vehicle rental,Koh Kaew,,,,,,,7.95895,98.38427,osm,,,,,,
Royal India Restaurant,,Restaurant,Kamala,,,,,,,7.95049,98.2805,osm,,,,,,
Royal indian restaurant,,Restaurant,Kata,,,,,,,7.81587,98.30157,osm,,,,,,
Royal Palace Indian Restaurant & Tours,,Restaurant,Patong,+66 76 342 665;+66 86 881 9023,,88 Rat-U-Thit 200 Pee Road Patong Beach,24/7,,,7.90033,98.3001,osm,,,,,,
Royal Palace Tours,,information,Patong,+66868819023,https://taplink.cc/leonid_phuket,88 Rat-U-Thit 200 Pee Road Patong Beach,24/7,,,7.90032,98.30015,osm,,,,,,
Royal Palm Beach,,Hotel,Patong,,,,,,,7.89038,98.29361,osm,,,,,,
Royal Paradise Hotel,,Hotel,Patong,,,,,,,7.89507,98.30016,osm,,,,,,
Royal Phuket Marina,,Marina & charters,Koh Kaew,,https://www.royalphuketmarina.com,,,,,7.9668,98.39156,osm,,,,,,
Royal Prince Residence,,Hotel,Patong,0627758784,https://www.airbnb.com/users/24133108/listings,66/38 Soi Wirakit Patong Beach Phuket,,,,7.89114,98.30319,osm,,,,,,
Royal Thai,,Hotel,Patong,,,,,,,7.88704,98.29102,osm,,,,,,
Royal Vista Hotel,,Hotel,Patong,+66656947745,,"35/22-23 Rat-U-Thid 200 Pee Road, Patong",,,,7.90198,98.30068,osm,,,,,,
Ruam Thep Inn,,Hotel,Kata,,,,,,,7.83014,98.29495,osm,,,,,,
ruanbubpha3 massage and beauty,,Massage & spa,Airport,,,,,,,8.10013,98.30726,osm,,,,,,
Ruen Thong,,Restaurant,Patong,,,,,,,7.90759,98.29778,osm,,,,,,
Ruentai Boutique,,Hotel,Airport,+66 64 027 4445,,,,,,8.1001,98.30953,osm,,,,,,
Rum Chapel,,Restaurant,Paklok,,,,,,,8.05692,98.45807,osm,,,,,,
Rungnapha,,Restaurant,Kamala,,,Rim Hat Road,,,,7.94978,98.28066,osm,,,,,,
Runway Café and Bar,,Restaurant,Nai Yang,,,168 สาคู,Mo-Su 08:30-22:00,,,8.09486,98.30543,osm,,,,,,
Russell Sunset Bar,,Bar,Cape Panwa,,,31/28 Soi Aonui,Mo-Su 18:00-01:00,,,7.80559,98.40582,osm,,,,,,
Rustic Eatery and Bar,,Restaurant,Patong,,,,Mo-Su 07:00-23:00,,,7.88609,98.29003,osm,,,,,,
Rustic Eatery Bar,,Bar,Patong,,,,,,,7.8863,98.29,osm,,,,,,
Ruxxa Design Hotel,,Hotel,Karon,,,,,,,7.84822,98.2939,osm,,,,,,
RX,,Pharmacy,Patong,,,,Mo-Su 09:00-00:00,,,7.88998,98.2961,osm,,,,,,
Rym,,Café,Old Town,,,,,,,7.88494,98.38731,osm,,,,,,
S2 Airport Residence,,Hotel,Airport,+66869492768,,,,,,8.10098,98.3055,osm,,,,,,
Sab Nua Restaurant,,Restaurant,Phuket Town,0822862062,,,Mo-Su 10:30-23:00,,,7.88301,98.39764,osm,,,,,,
Sabai,,Massage & spa,Nai Yang,,,,,,,8.09702,98.30607,osm,,,,,,
Sabai Beach,,Restaurant,Patong,,,,,,,7.89578,98.31094,osm,,,,,,
Sabai Beach Restaurant,,Restaurant,Patong,,,,,,,7.8976,98.2959,osm,,,,,,
Sabai Corner sea view restaurant & bar,,Restaurant,Nai Harn,,,,Mo-Su 10:00-22:00,,,7.79138,98.29246,osm,,,,,,
Sabai jah Massage,,Beauty & spa,Patong,,,,,,,7.89631,98.29671,osm,,,,,,
Sabai massage,,Massage & spa,Rawai,,,,10:00-23:00,,,7.77283,98.32271,osm,,,,,,
Sabai nails & more,,Beauty & spa,Rawai,,,,,,,7.77279,98.32265,osm,,,,,,
Sabai Resort,,Hotel,Bang Tao,,,,,,,8.0027,98.30788,osm,,,,,,
Sabai Sabai,,Beauty & spa,Kata,+66 76 390 819,,,Mo-Su 09:30-24:00,,,7.82386,98.29829,osm,,,,,,
Sabaijai,,Restaurant,Karon,+66 80 519 6665,,,"Mo-Su 10:30-15:30,17:00-21:30",,,7.85289,98.29475,osm,,,,,,
SabaiJai D,,Massage & spa,Patong,+66869436555,https://www.patong-mansion.com/welcome-to-sabaijai-d-massage/,29/98 Soi Prasertsub 1 - Ratchapathanuson Road Patong Beach,Mo-Su 10:00-22:00,,,7.89903,98.30446,osm,,,,,,
Sabi Restaurant,Sabays,Restaurant,Bang Tao,,,,,,,8.01858,98.31132,osm,,,,,,
Sabri,,Massage & spa,Patong,,,,,,,7.89789,98.30179,osm,,,,,,
Sacramonte cafe,,Café,Karon,,,,,,,7.84659,98.29844,osm,,,,,,
Safari Beach Hotel,,Hotel,Patong,,,,,,,7.89449,98.29566,osm,,,,,,
Sai Rougn Residence สายรุ้งเรสสิเด้นท์,,Hotel,Patong,,,,,,,7.87883,98.29445,osm,,,,,,
Sak Massage,,Massage & spa,Bang Tao,,,,,,,8.02527,98.33374,osm,,,,,,
Sakura food and drink,,Café,Chalong,,,,,,,7.85286,98.34693,osm,,,,,,
Sala Bua,,Restaurant,Karon,,,,,,,7.83481,98.29848,osm,,,,,,
Sala Mexicali,,Restaurant,Chalong,0814760380,https://www.salamexicali.com/,,Mo-Su 10:00-22:00,,,7.83829,98.34904,osm,,,,,,
Salad Diary,,Restaurant,Rawai,,http://thetitlephuket.wix.com/thetitlephuket,,07:00-17:00,,,7.77204,98.32105,osm,,,,,,
SalaDee Gallery Residence,,Hotel,Patong,+66 76 292 738,saladee.com,205/5 Rat-U-Thit 200 Pee Road,,,,7.89014,98.29659,osm,,,,,,
Salalloy Seafood,,Restaurant,Rawai,,,,,,,7.77454,98.32566,osm,,,,,,
Salaloy seafood,,Restaurant,Rawai,,,,,,,7.77451,98.32576,osm,,,,,,
Salathai Resort,,Hotel,Patong,,,,,,,7.8971,98.29768,osm,,,,,,
Saloma,,Massage & spa,Patong,,,,,,,7.89448,98.2951,osm,,,,,,
Salt & Pepper,,Restaurant,Kamala,,,Rim Hat Road,,,,7.95024,98.28046,osm,,,,,,
Sam Chor,,Restaurant,Patong,,,,24/7,,,7.89628,98.30282,osm,,,,,,
Sam Pee Nong Restaurant & Hat Yai Fried Chicken,,Restaurant,Patong,,https://maps.app.goo.gl/TjVeRXfFDefgJEDZA,32/3 Prachanukhro Rd Patong,,,,7.88277,98.29479,osm,,,,,,
SAM Restaurant,,Restaurant,Rawai,,,,,,,7.76866,98.31744,osm,,,,,,
Sam's indian Restaurant Kamala Phuket,,Restaurant,Kamala,+66837052300,https://sams.abhis.vip/,100/19 moo 3 soi 12 kamala,Mo-Su 09:00-21:00,,,7.96146,98.2865,osm,,,,,,
Sam's Steaks & Grill,,Restaurant,Patong,,,,,,,7.88868,98.29255,osm,,,,,,
San Antonio,,Restaurant,Kata,+66 97 230 0983,,,,,,7.82484,98.2975,osm,,,,,,
San Sabai Patong Resort,,Hotel,Patong,+66 76 343 255,,,,,,7.89275,98.3002,osm,,,,,,
Sanam Ging Merit base (vegan),,Street food,Nai Yang,,,,,,,8.09422,98.30542,osm,,,,,,
Sand Bar,,Bar,Old Town,,,,,,,7.90231,98.36262,osm,,,,,,
Sandwich box,,Café,Karon,,,,,,,7.83408,98.29618,osm,,,,,,
Sandy House,,Guesthouse,Koh Kaew,,,,,,,7.91922,98.3969,osm,,,,,,
Sangchan,,Pharmacy,Karon,+66 76 396 269,,,Mo-Su 10:00-23:00,,,7.84854,98.2936,osm,,,,,,
Sanook Restaurant,,Restaurant,Bang Tao,,,,,,,8.02873,98.29563,osm,,,,,,
Sanset garden heuse,,Café,Nai Harn,,,,,,,7.76248,98.30631,osm,,,,,,
Santiphap,,Hotel,Chalong,,,,,,,7.84985,98.35626,osm,,,,,,
Santosa Detox & Wellness Center,,Restaurant,Kata,+6676330600,https://www.santosaphuket.com,,,,,7.81783,98.31312,osm,,,,,,
Sanuk Bungalows,,Hotel,Rawai,,,,,,,7.77727,98.31851,osm,,,,,,
Sapphire Villa,,Hotel,Nai Harn,+66 76 613 244,sapphire-villa.com,,,,,7.78555,98.30694,osm,,,,,,
Sarita Mansion,,Hotel,Phuket Town,,,,,,,7.87433,98.38863,osm,,,,,,
Sati,,Massage & spa,Surin,,,,,,,7.97956,98.28007,osm,,,,,,
Saturdays Residence by Brown Starling,,Hotel,Rawai,+66915536614,,,,,,7.80413,98.33094,osm,,,,,,
Save Drug,,Pharmacy,Patong,,,,10:00-23:00,,,7.89022,98.30086,osm,,,,,,
Savoey,,Restaurant,Patong,,,,,,,7.89426,98.29554,osm,,,,,,
Sawasdee,,Restaurant,Cape Panwa,+66655475448,,,Mo-Su 11:00-23:00,,,7.80604,98.40534,osm,,,,,,
Sawasdee Village Resort,,Hotel,Kata,,,,,,,7.82143,98.30085,osm,,,,,,
SB Plaza,,Market,Patong,,,,,,,7.89157,98.29831,osm,,,,,,
Scuba Market Thailand,,Diving,Kata,,,,,,,7.82014,98.30627,osm,,,,,,
Scuba Quest,,dive_centre,Kamala,+66 87 8840129,https://www.divingkamala.com,121/7 Rim Hat Road Kamala Beach,Mo-Su 09:00-21:00,,,7.94973,98.28002,osm,,,,,,
Sea Almond,,Restaurant,Nai Yang,,,,,,,8.08908,98.29742,osm,,,,,,
Sea Beach Inn,,Hotel,Karon,,https://www.seabeachinn.com,,,,,7.84801,98.29351,osm,,,,,,
Sea Breeze,,Restaurant,Karon,+66 61 814 6432,,,Mo-Su 10:00-22:00,,,7.84258,98.29533,osm,,,,,,
Sea Breeze Bungalows,,Hotel,Kata,,,,,,,7.81424,98.30022,osm,,,,,,
Sea Breeze Inn,,Guesthouse,Karon,,,,,,,7.84979,98.29516,osm,,,,,,
Sea Calm Cafe & Bistro,,Café,Airport,,,,,,,8.10183,98.30297,osm,,,,,,
Sea Front Home,,Hotel,Patong,,,,,,,7.90201,98.30096,osm,,,,,,
Sea Hotel,,Guesthouse,Kamala,,,,,,,7.94713,98.29864,osm,,,,,,
Sea oak,,Café,Nai Harn,,,,,,,7.77726,98.30577,osm,,,,,,
Sea Pearl Villas & Spa Resort,,Hotel,Patong,,,,,,,7.90485,98.31352,osm,,,,,,
Sea Shell Bar,,Bar,Kata,,,,,,,7.81997,98.30212,osm,,,,,,
Sea Star Bar,,Bar,Kata,,,,,,,7.82005,98.30079,osm,,,,,,
Sea Sun Sand Resort & Spa,,Hotel,Patong,+66 76 343 231,http://seasunsandresort.com/,254 Prabaramee Road Patong,,,,7.90629,98.30002,osm,,,,,,
Sea View,,Bar,Patong,,,,,,,7.88727,98.29135,osm,,,,,,
Sea-U,,Restaurant,Airport,,,,,,,8.10102,98.30638,osm,,,,,,
seafood,,Restaurant,Rawai,,,,,,,7.77423,98.32564,osm,,,,,,
Seafood at Trisara(SAT),,Restaurant,Bang Tao,076 310 100,https://trisara.com/dining-experiences/,"60/1 Moo 6, Srisoonthorn Road, Cherngtalay, Thalang Phuket",18:00-22:30,,,8.03575,98.27589,osm,,,,,,
Seafood Phutawan,,Restaurant,Nai Yang,,,,,,,8.06303,98.27808,osm,,,,,,
Seafood Station,,Restaurant,Chalong,,,,,,,7.86548,98.34835,osm,,,,,,
Seafood swing,,Restaurant,Kata,,,,,,,7.81574,98.30593,osm,,,,,,
SeaHorse Hotel Phuket,,Hotel,Patong,+6676295502,,189/7 Rad U thit 200 Rd Patong Beach Phuket,,,,7.89014,98.29759,osm,,,,,,
Seal,,Bar,Karon,+66 76 363 050,,,,,,7.84429,98.29457,osm,,,,,,
Sealay Sea Space,,Restaurant,Phuket Town,,,,Mo-Su 11:00-22:00,,,7.87614,98.42959,osm,,,,,,
Seashell museum,,Museum,Rawai,,,,,,,7.78291,98.32851,osm,,,,,,
Seaside,,Restaurant,Kata,,,,Mo-Su 10:00-20:00,,,7.80536,98.29968,osm,,,,,,
Seaside Terrace,,Restaurant,Patong,,,,,,,7.88762,98.29177,osm,,,,,,
Seasonal Tastes,,Restaurant,Phuket Town,,,,,,,7.87223,98.42942,osm,,,,,,
Seaview Bar,,Bar,Nai Yang,,,,,,,8.06039,98.27785,osm,,,,,,
seaview cottage hotel,,Guesthouse,Cape Panwa,,,,,,,7.81573,98.3992,osm,,,,,,
Seaview Patong Hotel ซีวิวป่าตอง โฮเต็ล,,Hotel,Patong,,,,,,,7.88549,98.28826,osm,,,,,,
Seaview Residence(ซีวิวเรสซิเดนส์),,Hotel,Kata,,,,,,,7.80988,98.29962,osm,,,,,,
Secret Cliff,,Restaurant,Karon,,,,,,,7.86048,98.28453,osm,,,,,,
Secret Cliff reception,,Hotel,Karon,,,,,,,7.86065,98.28412,osm,,,,,,
Secret Cliff Resort,,Hotel,Karon,,,,,,,7.86095,98.28424,osm,,,,,,
Seduction Nightclub,,Nightlife,Patong,,,70/3 Bangla Road,Mo-Su 22:00-04:00,,,7.89319,98.29799,osm,,,,,,
Seeka Boutique Resort,,Hotel,Patong,,,,,,,7.88103,98.29797,osm,,,,,,
SEK COFFEE,,Café,Cherngtalay,,,,Mo-Sa 06:00-15:00,,,7.99447,98.30703,osm,,,,,,
Selina Serenity Rawai Pukhet,,Hotel,Rawai,,https://www.selina.com/thailand/phuket/,,24/7,,,7.80113,98.33669,osm,,,,,,
Semicolon,,Café,Cherngtalay,+66 81 061 6403,,190/3,Mo-Su 08:00-20:00,,,7.97595,98.3348,osm,,,,,,
Sense of Yanui,,Hotel,Nai Harn,,,,,,,7.768,98.30816,osm,,,,,,
Serenity Residence Lakeview,,Hotel,Kathu,,,,,,,7.91582,98.32838,osm,,,,,,
Seven Seas Hotel Отель,,Hotel,Patong,,,,,,,7.90708,98.29838,osm,,,,,,
SF Pizza,,Street food,Paklok,,,,,,,7.99045,98.3741,osm,,,,,,
Shabu Kong&Grill Kong,,Restaurant,Old Town,,,2/1 หมู่ 4 วิรัตน์หงษ์หยก Phuket,,,,7.88153,98.36466,osm,,,,,,
Shabushi,,Restaurant,Patong,076-366765,https://www.oishifood.com/restaurant/shabushi/,193 ถนนราษฎร์อุทิศ200ปี,10:00-22:00,,,7.89181,98.29942,osm,,,,,,
Shakers,,Restaurant,Rawai,,,,Mo-Su 12:00-23:00,,,7.78248,98.31642,osm,,,,,,
Shameena,,Restaurant,Nai Yang,,,,18:00-,,,8.05922,98.27812,osm,,,,,,
Shanaya Beach Resort & Spa,,Hotel,Patong,,,,,,,7.89831,98.29713,osm,,,,,,
Sharks bites,,Restaurant,Rawai,,,,,,,7.79245,98.32387,osm,,,,,,
Shaverma Gang,,Street food,Rawai,,,,,,,7.78237,98.31673,osm,,,,,,
Shelter,,Café,Old Town,,,,,,,7.88858,98.3701,osm,,,,,,
shine bar and pizza,,Bar,Patong,,,,,,,7.8841,98.2822,osm,,,,,,
Shine Spa,,Hotel,Cape Panwa,,,,,,,7.81324,98.38937,osm,,,,,,
Shipwreck,,Bar,Patong,,,,,,,7.89383,98.29571,osm,,,,,,
Shiro,,Restaurant,Chalong,,,,,,,7.83088,98.34117,osm,,,,,,
Shishka Lounge,,Bar,Chalong,,,,,,,7.82432,98.33741,osm,,,,,,
Shooting Range,,Gym & fitness,Nai Harn,0880498888,https://phuketshooting.com,,Mo-Su 07:00-20:00,,,7.79614,98.31063,osm,,,,,,
Shopping Paradise,,Market,Patong,,,,,,,7.8869,98.29554,osm,,,,,,
Shukuji Japanese Restaurant,,Restaurant,Old Town,,,23/13 ถนนประชาอุทิศ1 รัษฎา,mo-su 12.00-22.00,,,7.90883,98.37033,osm,,,,,,
Shun Sushi,,Restaurant,Old Town,,,,,,,7.90026,98.3679,osm,,,,,,
Siam Cafe' Sandwich & Guesthouse,,Restaurant,Rawai,+66 076 602 851,,"12/34 Moo 2, Wiset Road Rawai, Phuket",24/7,,,7.78359,98.32923,osm,,,,,,
Siam Herbs Extra Virgin,,Souvenirs & gifts,Patong,0868880600,,Phisit Kapani Road,,,,7.89823,98.31053,osm,,,,,,
Siam Ladana,,Souvenirs & gifts,Kamala,,,75/23 Rim Hat Road,,,,7.95025,98.28071,osm,,,,,,
Siam Niramit,,Vehicle rental,Karon,,,,,,,7.84871,98.29399,osm,,,,,,
Siam Noodles,,Café,Old Town,,,,,,,7.88507,98.38744,osm,,,,,,
Siam Palm Residence,,Hotel,Patong,,,,,,,7.90058,98.2998,osm,,,,,,
Siam Smile,,Restaurant,Kata,+66 76 330 623,,,Mo-Su 10:00-23:00,,,7.80722,98.2999,osm,,,,,,
Siam Supper Club,,Restaurant,Bang Tao,+6676270936,https://siamsupperclub.com,"36-40 Lagoon Road, Чернгталай",Mo-Su 18:00-01:00,,,7.99513,98.30571,osm,,,,,,
Siam Thai,Siam Thai Restaurant,Restaurant,Patong,+66825593005,,64/35 Soi Kep Sab,Mo-Su 10:00-02:00,,,7.88903,98.29448,osm,,,,,,
Siam Villas Phuket,,Hotel,Chalong,,,,,,,7.85395,98.34501,osm,,,,,,
Siam Wake Club,,Gym & fitness,Airport,+66886208036,,,,,,8.11421,98.34198,osm,,,,,,
Siamese massage,,Massage & spa,Karon,,,ถนนปฏัก,Mo-Su 09:00-00:00,,,7.84519,98.29882,osm,,,,,,
Sienna Rocks Cafe,,Café,Kamala,,,,,,,7.95003,98.27467,osm,,,,,,
Sila apartments,Sila apartment,Hotel,Cherngtalay,+66862749513,https://www.facebook.com/silaapartment,161 Soi Bang Thao 9,,,,7.98011,98.29978,osm,,,,,,
Silk Restaurant and Bar,,Restaurant,Kamala,6676338777,,15 Moo 6,Mo-Sa 11:00-22:00,,,7.94905,98.27503,osm,,,,,,
Silmie,,Restaurant,Bang Tao,,,,Mo-Su 09:00-21:00,,,7.98668,98.28776,osm,,,,,,
Silver Resortel,,Hotel,Patong,,,,,,,7.89775,98.29739,osm,,,,,,
simmy bar&restaurante,,Restaurant,Bang Tao,,,Soi Bangtao 4/1,,,,7.99511,98.30484,osm,,,,,,
Sino Café,,Café,Old Town,,https://www.thedometennisclub.com/courts,,,,,7.88711,98.36061,osm,,,,,,
Sino House,,Hotel,Phuket Town,,,,,,,7.88667,98.39361,osm,,,,,,
Sino Inn Phuket Hotel,,Hotel,Old Town,+6676234423,,,,,,7.88806,98.38051,osm,,,,,,
Sinthavee Hotel,,Hotel,Phuket Town,,,,,,,7.88358,98.38985,osm,,,,,,
Sira Boutique Residence,,Hotel,Patong,,,41/20 Phrabaramee Phuket,,,,7.90171,98.30731,osm,,,,,,
Sira Residence Hotel,,Hotel,Patong,+6676540991,,41/20 Phrabaramee Rd,24/7,,,7.90165,98.30734,osm,,,,,,
Sirada,,Massage & spa,Kata,+66 99 356 1594,,,Mo-Su 09:30-23:00,,,7.82109,98.29989,osm,,,,,,
Siray Resort Bar,,Bar,Phuket Town,,,,,,,7.87529,98.42466,osm,,,,,,
Sirey garden coffee,,Café,Phuket Town,0834630503,,70/2 Srisuthat road koh sirey,24/7,,,7.88147,98.43687,osm,,,,,,
Sirikul Mansion,,Hotel,Airport,,,,,,,8.10361,98.30861,osm,,,,,,
Six Pack Cottage,,Hotel,Chalong,+66 89 652 0768;+66 81 435 2966,,,,,,7.85044,98.34686,osm,,,,,,
Sixory Coffee,,Café,Old Town,,,,,,,7.88539,98.3876,osm,,,,,,
SIXT,,Vehicle rental,Airport,,,,,,,8.10845,98.30855,osm,,,,,,
Sixteenth Naiyang Beach,,Hotel,Airport,,,,,,,8.10082,98.30609,osm,,,,,,
SK-11 Gym,,Gym & fitness,Kata,,,,,,,7.82468,98.30059,osm,,,,,,
Ska Bar,Ska Bar,Bar,Kata,,,,Mo-Su 10:00-22:00,,,7.81383,98.29828,osm,,,,,,
Sky,,Bar,Karon,,,,,,,7.8446,98.29552,osm,,,,,,
Sky Beach Inn,,Guesthouse,Karon,+66 81 569 1272,,,,,,7.8482,98.29351,osm,,,,,,
Sky Herb & Souvenir,,Souvenirs & gifts,Nai Yang,,,,Mo-Su 15:30-20:00;PH open,,,8.09277,98.30312,osm,,,,,,
Sky house,,Guesthouse,Karon,,,,,,,7.84825,98.29527,osm,,,,,,
skydance,,Tours & travel,Nai Yang,+66626783333,https://www.skydance.aero/,62/31-32 M. 3 T. Sakoo,,,,8.07757,98.30191,osm,,,,,,
Skyline adventure,,Attraction,Nai Harn,,,,,,,7.79247,98.30492,osm,,,,,,
Skywalk,,Café,Airport,,,,,,,8.11159,98.32161,osm,,,,,,
SL Massage,,Massage & spa,Nai Yang,,,,8:00-10:00,,,8.05649,98.27845,osm,,,,,,
Sleep at airport,,Hotel,Airport,+66 90 1117248,,80,24/7,,,8.09977,98.31507,osm,,,,,,
Slippery,,Nightlife,Patong,,,,,,,7.89429,98.29684,osm,,,,,,
Slowlife Beach,,Hotel,Nai Yang,+66 65 409 0749,,,,,,8.09272,98.30304,osm,,,,,,
Slumberland Brunch n Beans,,Café,Old Town,+66910395556,,21 Soi 3 ถนนบางกอก,Mo-Su 7:00-18:00,,,7.87865,98.38234,osm,,,,,,
SM Resort,,Hotel,Patong,,,,,,,7.87839,98.29122,osm,,,,,,
Small Shells,,Hotel,Patong,,,78/4 Nanai Soi 8 Patong Beach,7:00 - 21:00,,,7.88439,98.29606,osm,,,,,,
Small Thai,,Restaurant,Kata,,,ถนนโคกโตนด,,,,7.81597,98.30344,osm,,,,,,
Small view point,,Café,Kata,,,,,,,7.80233,98.30583,osm,,,,,,
Smart Tailor,,Tailor,Nai Yang,,,,,,,8.08667,98.30069,osm,,,,,,
Smigos,,Restaurant,Bang Tao,,,,,,,8.0078,98.29248,osm,,,,,,
Smile,,Restaurant,Karon,+66 76 363 050,,,Mo-Su 07:00-22:00,,,7.84401,98.2945,osm,,,,,,
Smile House,,Guesthouse,Karon,,,,,,,7.83293,98.29674,osm,,,,,,
Smile House Kata,,Hotel,Kata,,,,,,,7.82314,98.30025,osm,,,,,,
Smile Residence,,Hotel,Chalong,+66950942221,https://www.smileresidence-phuket.com,,,,,7.82279,98.3358,osm,,,,,,
Smith's gym,,Gym & fitness,Kata,,,,,,,7.81935,98.30821,osm,,,,,,
smo.ko house cafe,,Café,Kathu,,,,,,,7.93202,98.32321,osm,,,,,,
Smoke Bar,,Bar,Patong,,,,,,,7.89648,98.30067,osm,,,,,,
Snooze Inn Phuket,,Hotel,Paklok,076390911;0653985898,,,,,,8.05363,98.40894,osm,,,,,,
Snug Airportel,,Hotel,Airport,,,,,,,8.0995,98.30606,osm,,,,,,
So Thai spa Phuket privelege,,Massage & spa,Bang Tao,66650544045,http://sothaispa.com,"moo 5, Si Sunthon Road, Bang Tao Beach, ,",Mo-Su 10:00-22:00,,,7.9881,98.29725,osm,,,,,,
Sofia,,Café,Karon,,,,,,,7.83415,98.2976,osm,,,,,,
Sofia Massage,,Massage & spa,Rawai,+66 99 830 8440,,,10:00-22:00,,,7.77208,98.32132,osm,,,,,,
Soi Dog Foundation,Soi Dog,animal_shelter,Mai Khao,,https://www.soidog.org,,Mo-Fr 09:00-16:00,,,8.12829,98.3131,osm,,,,,,
Soitan BBQ,,Café,Patong,,,,,,,7.885,98.29539,osm,,,,,,
Solo Pasta,,Restaurant,Rawai,,,,,,,7.78513,98.31746,osm,,,,,,
Som,,Restaurant,Patong,,,,,,,7.91204,98.29473,osm,,,,,,
Som Tam Kit,,Restaurant,Kata,,,Kata-Sai Yuan Road,,,,7.81073,98.30183,osm,,,,,,
Som Tam Toh Kwen,,Restaurant,Rawai,,,,,,,7.7889,98.32909,osm,,,,,,
Som’s Kitchen,,Restaurant,Kamala,,,,,,,7.95166,98.28428,osm,,,,,,
Sometime บ่อตกกุ้ง ชิวชิว,,Restaurant,Old Town,0972963985,,89/5 ถนนกาญจนาอุทิศ รัษฎา,Mo-Su 11:00-02:00,,,7.90803,98.38478,osm,,,,,,
SomSak Cafe,,Café,Phuket Town,,,,,,,7.88603,98.39247,osm,,,,,,
Somsuk House,,Restaurant,Kata,+66 82 286 4345,,,Mo-Su 09:30-22:00,,,7.82929,98.29544,osm,,,,,,
Somtam Natakor,,Restaurant,Paklok,,,,,,,8.05924,98.40998,osm,,,,,,
Somtam Restaurant Halal,,Restaurant,Cherngtalay,,,,,,,7.97996,98.29449,osm,,,,,,
Sondrio,,Restaurant,Kamala,,,,,,,7.94608,98.28039,osm,,,,,,
Song Pee Nang,,Restaurant,Patong,,,,,,,7.88909,98.29452,osm,,,,,,
Song Pee Nong,,Restaurant,Patong,,,,,,,7.89097,98.29715,osm,,,,,,
Sonya t,Sonya tour,Tours & travel,Patong,+66 81 375 7332,,"132/4 ratchauthit 200 year, Amphoe Kathu",Mo-Su 12:00-21:00,,,7.8977,98.2997,osm,,,,,,
Sook jai thai,,Restaurant,Cape Panwa,,,,,,,7.81306,98.38978,osm,,,,,,
Sottovento restaurant,,Restaurant,Rawai,,,,,,,7.78224,98.31643,osm,,,,,,
Soul,,Restaurant,Karon,+66 62 480 4997,https://www.soulphuket.com/,,Mo-Su 09:00-21:30,,,7.84811,98.29371,osm,,,,,,
South Siam Guesthouse,,Guesthouse,Kata,,,"25 Ketkwan Road Kata Beach, Tambon Karon",,,,7.82146,98.30189,osm,,,,,,
Southern Curry,ครัวบางบา แกงใต้นคร ตรัง,Restaurant,Koh Kaew,,,,,,,7.9353,98.38168,osm,,,,,,
Southside,,Café,Rawai,,,,,,,7.77288,98.32277,osm,,,,,,
Souvenir Shop,,Souvenirs & gifts,Kata,,,,,,,7.82005,98.30058,osm,,,,,,
SP House Phuket,,Hotel,Kata,,sphousephuket.com,"27 ถนนประชานุเคราะห์ T.Karon, A.Muang, Phuket",,,,7.82766,98.29561,osm,,,,,,
Spa,,Beauty & spa,Paklok,,,,,,,8.05644,98.45857,osm,,,,,,
Spa and beauty shop,,Beauty & spa,Chalong,,,,,,,7.85416,98.34466,osm,,,,,,
Spa Burasari,,Beauty & spa,Patong,6676291291,https://spa.burasari.com/index.htm,18/110 Ruamchai Road,,,,7.88793,98.29294,osm,,,,,,
SPARTAK BAR & RESTAURANT,,Restaurant,Rawai,0614511216,,83/19 Ban Rawai-Ban Naihan Road Rawai,,,,7.7794,98.31841,osm,,,,,,
Speed bar & restaurant,,Bar,Rawai,,,,,,,7.77577,98.31886,osm,,,,,,
Spice & Fire,,Restaurant,Karon,+66 85 501 4875,,,Mo-Su 11:00-23:00,,,7.85093,98.29369,osm,,,,,,
Spice & Sea Resort,,Hotel,Kata,+66 88 382 7217,,64/9-37 Kata Road Karon,,,,7.81942,98.30137,osm,,,,,,
Spice House,,Restaurant,Kata,,,,,,,7.82443,98.2976,osm,,,,,,
Spicy Wing Restaurant & Bar,,Restaurant,Airport,,,,,,,8.10105,98.30818,osm,,,,,,
"Splash Beach Resort, Maikhao Phuket",,Hotel,Airport,,,,,,,8.11591,98.30587,osm,,,,,,
Splash Jungle Water Park,,Water park,Airport,,https://splashjunglewaterpark.com/,65 Moo 4 Mai khao Soi 4 Thalang,,,,8.11731,98.30648,osm,,,,,,
Sri Panwa,,Hotel,Cape Panwa,+66 7637 1000,https://sripanwa.com/,88 moo 8 Sakdidej Road Phuket,,,,7.80208,98.41086,osm,,,,,,
Stammtisch,,Restaurant,Rawai,,,,,,,7.78457,98.31739,osm,,,,,,
Star Hotel Patong,,Hotel,Patong,,,,,,,7.88061,98.29331,osm,,,,,,
Star's Fashion,,Tailor,Cape Panwa,,,,,,,7.80565,98.40584,osm,,,,,,
Starbucks,,Café,Airport,+66 65 929 0947,,,Mo-Su 06:30-20:00,,,8.08326,98.34251,osm,,,,,,
Starfish Bar & Restaurant,,Bar,Patong,,,,,,,7.89655,98.30039,osm,,,,,,
Stat Fit Eight,,dojo,Kata,,,,,,,7.80861,98.32933,osm,,,,,,
Stay Wabi Sabi,,Restaurant,Koh Kaew,,,,,,,7.95605,98.37074,osm,,,,,,
STAY Wellbeing & Lifestyle Resort,สเตย์ เวลบีอิ้ง แอนด์ ไลฟ์สไตล์ รีสอร์ท,Hotel,Kata,,https://www.stayphuketresort.com/,56/80 ซอยสุขสันต์ 2 Rawai,,,,7.81062,98.33017,osm,,,,,,
Steak 69,,Restaurant,Karon,,,,,,,7.84127,98.30237,osm,,,,,,
Steak Cowboy,,Café,Kathu,+66870159969,,,,,,7.91052,98.33522,osm,,,,,,
Steak tonight,,Café,Cherngtalay,,,,,,,7.98002,98.29504,osm,,,,,,
Steak Tonight 2,,Restaurant,Old Town,,,,,,,7.89339,98.38589,osm,,,,,,
Steak tonight 3,,Café,Kathu,,,,Mo-Su 16:00-01:00,,,7.89954,98.34676,osm,,,,,,
Steakhouse Rico's Pizzeria,,Restaurant,Bang Tao,,,69/115 Bangtao Beach Rd Thalang,,,,7.98635,98.2894,osm,,,,,,
Steam & Fire,,Restaurant,Rawai,+66629200200,,40/3 ถนนวิเศษ,,,,7.78824,98.32988,osm,,,,,,
Stek House (Halal),,Restaurant,Kamala,,,W7WM+MQP Khok Yang Road,,,,7.94647,98.28459,osm,,,,,,
Sthani Mi Send,,Restaurant,Nai Harn,,,,,,,7.79558,98.31511,osm,,,,,,
Stoned crab,,Bar,Rawai,,,,,,,7.79249,98.32372,osm,,,,,,
Street Cafe by Yami,,Café,Kata,0822861686,,107 Thaina Road,07:30-18:00,,,7.82629,98.29753,osm,,,,,,
Street food,,Street food,Rawai,,,,,,,7.79599,98.32652,osm,,,,,,
Street food cafe,,Café,Rawai,,,,,,,7.80148,98.33362,osm,,,,,,
Street Food Restaurant,,Restaurant,Old Town,,,,,,,7.88487,98.38909,osm,,,,,,
Streetfood delux mit lecker Spießchen,,Street food,Karon,,,,,,,7.83445,98.29853,osm,,,,,,
Strength Gym,,Gym & fitness,Paklok,,,,,,,8.04833,98.35325,osm,,,,,,
Suay,,Restaurant,Cherngtalay,,,,,,,7.99137,98.30578,osm,,,,,,
Subway,,Street food,Airport,,,,,,,8.10589,98.30525,osm,,,,,,
Sudarat,,Hotel,Patong,,,,,,,7.88701,98.30247,osm,,,,,,
Sue@Cozy,,Guesthouse,Kata,+66 63 638 4098,,,,,,7.82412,98.29805,osm,,,,,,
Sugar & Spice Restaurant at Dome Resort,,Restaurant,Kata,,,,Mo-Su 08:00-22:00,,,7.82395,98.29863,osm,,,,,,
Sugar and spice,,Restaurant,Kata,+66 81 970 6503,,,,,,7.82385,98.29809,osm,,,,,,
Sugar Cane,,Restaurant,Bang Tao,,,,,,,7.98971,98.29223,osm,,,,,,
Sugar Inn Phuket,,Hotel,Kata,+66 81 970 6503,,,,,,7.82378,98.29801,osm,,,,,,
Sugar Marina,,Hotel,Nai Yang,,,,,,,8.09817,98.30729,osm,,,,,,
Sugar Marina Lagoon,,Hotel,Nai Yang,,,,,,,8.07524,98.29816,osm,,,,,,
Sugar Marina Resort,,Hotel,Kata,,,,,,,7.81626,98.30141,osm,,,,,,
Sugar Marina Resort - Art,,Hotel,Karon,,,,,,,7.84894,98.29404,osm,,,,,,
Sugar Marina Resort - Nautical,,Hotel,Kata,+66 76 333 051,https://sugarmarina-nautical.com/,Kata-Sai Yuan Rd Phuket 83100,,,,7.81223,98.29826,osm,,,,,,
Sugar Marina Resort Art 3*,,Hotel,Karon,+660763966115,https://www.sugarmarina-art.com/,542/1 Patak road,24/7,,,7.84977,98.29433,osm,,,,,,
Sugar Marina Surf,,Hotel,Kata,,,,,,,7.82444,98.29902,osm,,,,,,
Sugar Ohana,,Hotel,Kata,083 696 9697,,88/5 Kata Rd Kata,24/7,,,7.82261,98.29877,osm,,,,,,
Sugar Palm Grand Hillside,,Hotel,Kata,+66 76 330 388,https://www.sugarpalmgrand.com/,"1 Khoktanod soi 3 Road,Karon Phuket 83100",,,,7.81421,98.30066,osm,,,,,,
Sugar Palm Grand Hillside Reception,,Hotel,Kata,,,,,,,7.8148,98.30101,osm,,,,,,
Sugar Palm Karon Resort,,Hotel,Karon,+66 76 396 618,,,,,,7.8492,98.29455,osm,,,,,,
Sugar Palm resort,,Hotel,Kata,,,,,,,7.81657,98.30174,osm,,,,,,
Sukcheewa Residence Phuket,,Hotel,Patong,,,,,,,7.87976,98.29256,osm,,,,,,
Sukcheewa restaurant,,Restaurant,Patong,,,,,,,7.87967,98.29264,osm,,,,,,
Sukhee,,Massage & spa,Kata,+66 76 330 212,,,Mo-Su 10:00-23:00,,,7.82124,98.29957,osm,,,,,,
Sukhon Romthong Minivan Hire,,Transport,Airport,+66862829002,,,,,,8.10671,98.3064,osm,,,,,,
Suki Palm,,Guesthouse,Chalong,,,,,,,7.82489,98.34358,osm,,,,,,
Sukko Spa,,Beauty & spa,Chalong,,,,,,,7.86439,98.3452,osm,,,,,,
Sukumvit Backpacker,,Hotel,Phuket Town,+6676355766,,15/6 Montri Rd. T.Taladyai,,,,7.88573,98.39376,osm,,,,,,
Sultan's,Sultan's Grill Authentic Turkish & Indian cuisine,Restaurant,Patong,+66950140004,,,Mo-Su 09:00-00:00,,,7.89626,98.2964,osm,,,,,,
Sun Beach House,,Hotel,Patong,+66(0) 76 344 051,www.sunbeachhouse.com,,,,,7.88991,98.29452,osm,,,,,,
Sun Hill Hotel,,Hotel,Patong,+66 76 345 275,https://sunhill-phuket.com/,,,,,7.88051,98.29711,osm,,,,,,
Sun Tree Bar,,Bar,Patong,,,,,,,7.89662,98.30059,osm,,,,,,
Sunday,,Massage & spa,Kathu,,,7/15,,,,7.92002,98.33332,osm,,,,,,
Sunee Bar & Restaurant,,Bar,Patong,,,,,,,7.89663,98.30025,osm,,,,,,
Sunflower massage,,Massage & spa,Rawai,,,,,,,7.77159,98.31841,osm,,,,,,
Sunlique,,Restaurant,Kata,+66 96 915 1608,https://sunlique.com,,Mo-Su 15:00-24:00,,,7.8224,98.2989,osm,,,,,,
Sunny BeachView,,Guesthouse,Karon,+66 81 606 2131,,,,,,7.84774,98.29356,osm,,,,,,
Sunny Breakfast Café,,Café,Karon,,,,Mo-Sa 08:30-16:30,,,7.83423,98.29871,osm,,,,,,
Sunprime Kamala Beach,,Hotel,Kamala,,,,,,,7.95245,98.28456,osm,,,,,,
Sunrise Bar,,Bar,Patong,,,,,,,7.89678,98.30025,osm,,,,,,
Sunrise Serenity,,Hotel,Karon,,,6/2 ปฎัก ซอย 22,,,,7.84909,98.29903,osm,,,,,,
Sunset Bar,,Bar,Patong,,,,,,,7.88754,98.29168,osm,,,,,,
Sunset Restaurant,,Restaurant,Patong,,,,,,,7.90385,98.29745,osm,,,,,,
Sunset Terrace & Lounge,,Restaurant,Kata,+66 76 333 102,https://www.phuket-katabeach.com/,Patak soi 10 Kata,14:30-23:30,,,7.82887,98.30263,osm,,,,,,
Sunset Terracec & Lounge,,Restaurant,Kata,+6676333102,https://www.phuket-boomerang.com/,Patak Road Soi 10 Kata,Mo-Su 14:30-23:30,,,7.82893,98.30252,osm,,,,,,
Sunshine,,Restaurant,Kamala,+66833106524;+66872679144,,,,,,7.94902,98.28225,osm,,,,,,
Sunshine Home,,Hotel,Patong,,,,,,,7.89748,98.29731,osm,,,,,,
Sunsuri Sunset Market,,Market,Nai Harn,,,,We 17:00-22:00,,,7.77941,98.30885,osm,,,,,,
Sunwing Kamala Beach,,Hotel,Kamala,,,,,,,7.95196,98.2844,osm,,,,,,
Sunwing Resort & Spa,,Hotel,Bang Tao,,,,,,,7.99023,98.29178,osm,,,,,,
Supalai Resort & Spa,,Hotel,Paklok,,,,,,,8.08387,98.43386,osm,,,,,,
Supattra Village สุพัตรา วิลเลจ,,Hotel,Patong,,,,,,,7.88018,98.29965,osm,,,,,,
Super Cheap Pharmacy Naka,,Pharmacy,Old Town,,,,,,,7.88073,98.36742,osm,,,,,,
Supergirl Jaroomsak Gym,,Gym & fitness,Cherngtalay,+66 955 670096,,,Mo-Sa 08:00-18:30,,,7.99616,98.33369,osm,,,,,,
Surf & Turf by Soul Kitchen,,Restaurant,Phuket Town,+66972177434,,ถนนพังงา,Tu-Sa 18:00-22:00,,,7.88365,98.39054,osm,,,,,,
Surf Blue,,Hotel,Kata,+66 76 604 254,,,,,,7.82401,98.29787,osm,,,,,,
Surf Inn,,Hotel,Patong,,,ซอยพระบารมี 3 Patong,,,,7.90643,98.30689,osm,,,,,,
Surf Point,,Café,Rawai,+66 80 426 8830,,,09:00-18:00,,,7.78522,98.31747,osm,,,,,,
Surfing,,training,Kata,,https://www.surfhousephuket.com,,,,,7.81666,98.29967,osm,,,,,,
Surin Bay Inn,,Hotel,Surin,,,,,,,7.97622,98.28036,osm,,,,,,
Surin Beach Resort,,Hotel,Surin,+66076201888,https://www.surinbeachresortphuket.com/,"105/2 105/2 Srisoonthorn Road, Moo 3,Cherngtalay",24/7,,,7.97156,98.27829,osm,,,,,,
Surin Chill House,,Café,Surin,,,Soi Bangtao 4/1,,,,7.97928,98.28012,osm,,,,,,
Surin Park,,Hotel,Surin,,,,,,,7.98154,98.28047,osm,,,,,,
Surintra Boutique Resort,,Hotel,Surin,+6676270041,http://surintra.com,49/1 Surin Beach Road,,,,7.97916,98.28066,osm,,,,,,
Sushi Box,,Restaurant,Patong,,,,,,,7.89377,98.29841,osm,,,,,,
Sutai Muay Thai,,dojo,Surin,+66937197390,https://www.sutaiphuket.com/,110/221 Soi Surin 8,,,,7.98296,98.2811,osm,,,,,,
Sutin,,Bar,Karon,,,,,,,7.8483,98.29514,osm,,,,,,
Suzuki Big Bike,,Vehicle rental,Phuket Town,,https://www.thaisuzuki.co.th/bigbike/,,,,,7.87594,98.38964,osm,,,,,,
Suzy Wong,,Nightlife,Patong,,,,,,,7.8944,98.29717,osm,,,,,,
Suzy Wong Harem,,Nightlife,Patong,,,,Mo-Sa 19:00-04:00,,,7.8942,98.29678,osm,,,,,,
Swagen Bar Cocktail,,Bar,Kata,,,,,,,7.81992,98.29986,osm,,,,,,
Swe,Sweet&sour,Café,Karon,,,,,,,7.8531,98.29483,osm,,,,,,
Sweet Dreams,,Hotel,Patong,,,,,,,7.87976,98.29206,osm,,,,,,
Sweet Lemongrass Massage,,Massage & spa,Patong,,,162/5 Nanaisoi 8,closed,,,7.88132,98.29813,osm,,,,,,
Sweet Lemongrass Massage 2,,Massage & spa,Patong,+6676349847,,ถนนราษฎร์อุทิศ200ปี,10:00-22:00,,,7.88494,98.29374,osm,,,,,,
Sweet Talk,,Café,Karon,+66 63 062 6811,,,Mo-Su 10:00-21:00,,,7.83681,98.29515,osm,,,,,,
Sweet Thai Massage,,Massage & spa,Rawai,+66 96 254 1074,,,10:00-21:00,,,7.77105,98.31928,osm,,,,,,
Sweetie Bar,,Bar,Patong,,,,,,,7.89358,98.29648,osm,,,,,,
Swiss Villas Panoramic,,Hotel,Patong,,,,,,,7.90542,98.30163,osm,,,,,,
T-din Cafe,,Café,Old Town,,,,,,,7.90136,98.3778,osm,,,,,,
T-Terrace Guesthouse,,Hotel,Patong,,,,,,,7.88966,98.29617,osm,,,,,,
T-Villa Phuket,,Hotel,Nai Yang,,,,,,,8.09235,98.30696,osm,,,,,,
T.Y. Airport Inn,,Hotel,Airport,+66614979665,,,,,,8.10025,98.30686,osm,,,,,,
TA Nails Studio Rawai,,Beauty & spa,Rawai,+66 64 019 7779,https://tanailstudio.com/rawai,"No. 66/2, Rawai Palm Beach Resort Co., Ltd, Wiset Rd, Rawai, Phuket",Mo-Sa 9:30 AM-8:00 PM,,,7.77202,98.31815,osm,,,,,,
Ta Restaurant,,Restaurant,Kata,+66 82 623 2824,,,Mo-Su 10:00-22:00,,,7.80623,98.30023,osm,,,,,,
Ta Wai,,Restaurant,Bang Tao,+66 76 325 381,,15/1 ถนนลากูน (โบ๊ทอเวนิว 3),Mo-Su 09:00-22:30,,,7.99438,98.30529,osm,,,,,,
TA-LAY,,Café,Kata,,,,,,,7.8247,98.30028,osm,,,,,,
Taboo nails,,Beauty & spa,Chalong,,,,,,,7.82311,98.3328,osm,,,,,,
Tailor Shop,,Tailor,Kata,,,,,,,7.82006,98.30048,osm,,,,,,
Takiap Thong,,Restaurant,Old Town,,,,,,,7.85901,98.37851,osm,,,,,,
Talad,,Restaurant,Mai Khao,,,,,,,8.16857,98.29636,osm,,,,,,
Tall Tree,,Guesthouse,Kata,+66909783835,,,,,,7.81932,98.30835,osm,,,,,,
Tamarind bar,,Bar,Chalong,+66 88 752 5386,https://www.tripadvisor.com/Restaurant_Review-g1389361-d6351786-Reviews-Tamarind_Restaurant-Chalong_Phuket_Town_Phuket.html,,,,,7.82226,98.34491,osm,,,,,,
Tan Restaurant & Massage,,Café,Bang Tao,,,,,,,8.02849,98.28913,osm,,,,,,
Tanamas House,,Hotel,Nai Yang,,,,,,,8.09185,98.30637,osm,,,,,,
Tann Terrace Phuket,,Restaurant,Kata,+66941564546,https://tannterracephuket.com,,Mo-Su 10:00-21:00,,,7.83008,98.29489,osm,,,,,,
Tannami,,Restaurant,Kata,+66 94 156 4546,,,Mo-Su 13:00-22:00,,,7.82978,98.29506,osm,,,,,,
Tanrak Bungalow,,Guesthouse,Chalong,+6676374333,,,,,,7.84104,98.35599,osm,,,,,,
Tara Cafe,,Café,Rawai,,,"90/28 Moo 6, Wiset Rd",,,,7.76963,98.316,osm,,,,,,
Tara Patong Beach Resort,,Hotel,Patong,,,,,,,7.8971,98.29803,osm,,,,,,
Tarn Tara Spa,,Beauty & spa,Chalong,,,,,,,7.8487,98.33797,osm,,,,,,
Tarp Bar,,Bar,Koh Kaew,099 118 4525,https://www.facebook.com/tarpbar,,Mo-Su 18:00-00:00,,,7.92403,98.37967,osm,,,,,,
Tarzan Sea Side Cafe,,Café,Cape Panwa,,,,,,,7.81824,98.3872,osm,,,,,,
Taste,,Restaurant,Kamala,+66 87 8866401,https://tastebargrill.com/taste-kamala,Rim Hat Road Kamala Beach,Mo-Su 07:00-24:00,,,7.9504,98.28111,osm,,,,,,
Taste Bar & Gallery,,Bar,Cherngtalay,+66878866401,,Phuket,,,,7.9854,98.30141,osm,,,,,,
Taste Yamu,,Restaurant,Paklok,,,,,,,7.98895,98.41886,osm,,,,,,
Tasty fried food,,Restaurant,Kata,,,,,,,7.82491,98.29999,osm,,,,,,
Tatonka,,Restaurant,Bang Tao,,,,,,,7.99476,98.30594,osm,,,,,,
Tatum Mansion,,Hotel,Patong,+6676344332,http://tatummansion.com/,"66/7-8 Soi Kebsup, Taweewong Road Patong Beach",,,,7.88925,98.29446,osm,,,,,,
Taxi 1584,,Transport,Kamala,,,Rim Hat Road,,,,7.95106,98.28208,osm,,,,,,
Taxi And Motorbike Rent,,Transport,Cape Panwa,,,,,,,7.81268,98.38904,osm,,,,,,
Taxi Service,,Transport,Cape Panwa,,,,,,,7.81195,98.38889,osm,,,,,,
Tbilisi Georgian Restaurant,,Restaurant,Bang Tao,+66980189906,https://georgian-restaurant-phuket.com/,"49/81 Green Plaza Zone, Boat Avenue Phuket",Tu-Su 12:00-22:00,,,7.99463,98.30428,osm,,,,,,
Tea Tree Phuket,,Hotel,Rawai,,,,,,,7.78193,98.33016,osm,,,,,,
Teddy's Pharmacy,,Pharmacy,Kata,+66 96 151 5979,,,Mo-Su 10:00-23:00,,,7.82238,98.29895,osm,,,,,,
Teerak Bar,,Bar,Patong,,,,Mo-Su 15:00-02:00,,,7.8968,98.30018,osm,,,,,,
Temple shop,,Souvenirs & gifts,Rawai,,,,,,,7.77956,98.32687,osm,,,,,,
Tempo Restaurant - lounge - KTV,,Restaurant,Chalong,,,,,,,7.82744,98.34406,osm,,,,,,
Terrazza Romana,,Restaurant,Kata,+66 90 869 9375,,,,,,7.82524,98.2962,osm,,,,,,
Terrazzo,,Restaurant,Patong,,,,,,,7.88846,98.29241,osm,,,,,,
Texas Chicken,,Street food,Karon,,,,,,,7.84229,98.30316,osm,,,,,,
Texts Chicken,,Restaurant,Nai Yang,,,,,,,8.09478,98.30801,osm,,,,,,
Thai Classic House,,Hotel,Patong,,,,,,,7.89882,98.30197,osm,,,,,,
Thai Food,,Street food,Rawai,,,,,,,7.79896,98.32825,osm,,,,,,
Thai Friend House,,Hotel,Patong,,,,,,,7.89752,98.29707,osm,,,,,,
Thai gallery and coffee bar,,Restaurant,Kata,,,,,,,7.83132,98.31018,osm,,,,,,
Thai Ho Mei,ร้านอาหาร ไทย อร่อย,Restaurant,Old Town,,,"4/61, 11 Wirat Hong Yok Rd, Wichit Phuket",Mo-Su 10:00-22:00,,,7.88152,98.3658,osm,,,,,,
Thai Kitchen,,Café,Kata,,,,,,,7.82753,98.2995,osm,,,,,,
thaï noodle Hallal ,,Restaurant,Old Town,,,,,,,7.88164,98.36419,osm,,,,,,
Thai Palace Resort,,Hotel,Rawai,,,6 ถนนวิเศษ,,,,7.77499,98.32598,osm,,,,,,
Thai Sabai,,Café,Rawai,,,,,,,7.78156,98.3171,osm,,,,,,
Thai smile 2,,Restaurant,Patong,,,,,,,7.90024,98.30208,osm,,,,,,
Thai Smile Massage,,Massage & spa,Karon,,,,,,,7.83437,98.29845,osm,,,,,,
Thai Street Food,,Restaurant,Airport,,,,,,,8.10577,98.30542,osm,,,,,,
Thai style,,Restaurant,Kata,,,,,,,7.82444,98.29788,osm,,,,,,
Thai Thai,,Street food,Airport,,,,,,,8.10568,98.3054,osm,,,,,,
Thai Thai cafe and kitchen,,Restaurant,Cape Panwa,,,,,,,7.81104,98.38858,osm,,,,,,
Thai Thai Restaurant,,Restaurant,Kata,,,,,,,7.82239,98.30238,osm,,,,,,
"Thai, European food",,Restaurant,Kata,,,,,,,7.8242,98.29857,osm,,,,,,
ThaiCamp fitness,,Gym & fitness,Rawai,,,,,,,7.77296,98.32279,osm,,,,,,
ThaiRent a car,,Vehicle rental,Nai Yang,,,,,,,8.095,98.31157,osm,,,,,,
Thaivetro Oldtown Icecream,,Café,Old Town,0839198255,https://thaivetro-oldtown.com/,54 ถนนเยาวราช ภูเก็ต,Mo-Su 09:00-21:00,,,7.88468,98.38754,osm,,,,,,
Thalang Residence,,Guesthouse,Bang Tao,,,,,,,8.02685,98.33137,osm,,,,,,
Thamasorn Pharmacy,,Pharmacy,Chalong,,,,08:00-22:00,,,7.8348,98.3482,osm,,,,,,
Thangtoh,,Restaurant,Chalong,,,,,,,7.83449,98.33761,osm,,,,,,
Thank you,,Restaurant,Kamala,,,Kamala Main Road,,,,7.94996,98.28545,osm,,,,,,
Thanthip Beach Resort,,Hotel,Patong,,,,,,,7.90177,98.30013,osm,,,,,,
Thantip Villa Hotel,,Hotel,Patong,,,,,,,7.90187,98.2991,osm,,,,,,
Thanyapura Sports and Leisure Club,,Gym & fitness,Paklok,,,,,,,8.04853,98.35378,osm,,,,,,
Thanyapura Sports Hotel,,Hotel,Paklok,,,,,,,8.04919,98.35459,osm,,,,,,
Thara Patong Beach Resort & Spa,,Hotel,Patong,,,,,,,7.89681,98.29665,osm,,,,,,
That’s Amore Restaurant,,Restaurant,Old Town,+66612628951,https://thatsamorephuket.com/,14 Ratsada Phuket,Mo-Su 16:00-00:00,,,7.88308,98.38761,osm,,,,,,
Thavorn,,Hotel,Phuket Town,,,,,,,7.88292,98.39001,osm,,,,,,
Thavorn Beach Resort,,Hotel,Karon,,,,,,,7.83595,98.29846,osm,,,,,,
Thavorn Beach Village and Spa,,Hotel,Kamala,,,,,,,7.92646,98.27243,osm,,,,,,
Thavorn Phuket Museum,,Museum,Phuket Town,,,,,,,7.88292,98.39025,osm,,,,,,
Thawisaman Market,ตลาดทวีสมาน,Market,Old Town,,,Ratsada,,,,7.91516,98.37178,osm,,,,,,
The 1 Thai,,Massage & spa,Kata,+66 93 362 9672,,,Mo-Su 10:00-23:00,,,7.82627,98.29762,osm,,,,,,
The 5th Element Coffee,,Café,Old Town,,,,,,,7.88643,98.38547,osm,,,,,,
The 9th Floor,,Restaurant,Patong,,,,,,,7.89972,98.30146,osm,,,,,,
The Aim Patong Hotel,,Hotel,Patong,+66 76 540 944,https://theaimpatong.com/,,,,,7.89178,98.30153,osm,,,,,,
The Amara Royal Spa,,Beauty & spa,Old Town,,,,,,,7.87855,98.37266,osm,,,,,,
The Angel of Naithon,,Hotel,Nai Yang,,,,,,,8.05897,98.27815,osm,,,,,,
The Aspasia Phuket,,Hotel,Kata,,,,,,,7.82628,98.29353,osm,,,,,,
The Ban Chang Restaurant Phuket,,Restaurant,Cherngtalay,,,,,,,7.97642,98.32621,osm,,,,,,
The Barrel Cherngtalay,,Restaurant,Cherngtalay,+66624895192,,100/10 Moo 7 Si Sunthon,,,,7.97855,98.32808,osm,,,,,,
The Barrel Wine Beer & Bistro bar,,Restaurant,Phuket Town,,,,,,,7.87997,98.39685,osm,,,,,,
The Bay,,Hotel,Patong,,,,,,,7.89494,98.29556,osm,,,,,,
The Beach,,Restaurant,Kata,,,,,,,7.82452,98.29985,osm,,,,,,
The Beach Bar & Grill,,Restaurant,Bang Tao,,,,Mo-Su 08:00-00:00,,,7.98734,98.28818,osm,,,,,,
The Beach Heights Resort,,Hotel,Kata,,,,,,,7.82419,98.30004,osm,,,,,,
The Beach Seafood,,Restaurant,Patong,,,,,,,7.888,98.29217,osm,,,,,,
The Beachfront Hotel Phuket,,Hotel,Rawai,,,,,,,7.80275,98.3362,osm,,,,,,
The Bell Airport Phuket Hotel,,Hotel,Nai Yang,,,Tha lang,,,,8.08819,98.30602,osm,,,,,,
The Best House,,Hotel,Karon,,,,,,,7.83794,98.29938,osm,,,,,,
The best tailor,,Tailor,Bang Tao,,,,,,,7.98997,98.2922,osm,,,,,,
The Big Smile,,Bar,Kata,,,,,,,7.82541,98.29758,osm,,,,,,
The Bird Cage,,Hotel,Patong,,,6/1-3 Sainamyen,,,,7.89635,98.29871,osm,,,,,,
The Black Horse,,Bar,Patong,,,,,,,7.89359,98.29636,osm,,,,,,
The Blanket Hotel,,Hotel,Phuket Town,,,,,,,7.88108,98.39215,osm,,,,,,
The Bliss South Beach Patong,,Hotel,Patong,+66 76 292 098,https://www.hommhotels.com/hotels/homm-bliss-southbeach-patong,,,,,7.88636,98.29035,osm,,,,,,
The Blue Coral,,Bar,Patong,,,,,,,7.88696,98.29153,osm,,,,,,
The Blue Pearl,,Hotel,Kata,+660762841668,thebluepearlkata.com,100/88-90 Kata Road,24/7,,,7.82461,98.29779,osm,,,,,,
The Bluez Eco,,Hotel,Kata,,,,,,,7.82498,98.30086,osm,,,,,,
The Boathouse,,Hotel,Kata,+66 76 330 015,,,,,,7.81436,98.29906,osm,,,,,,
The Boathouse Phuket,,Hotel,Kata,+66 76 330 015,boathousephuket.com,,,,,7.81426,98.29924,osm,,,,,,
The Bowl Phuket,,Restaurant,Bang Tao,,,,,,,7.99442,98.30503,osm,,,,,,
The Breakfast Hut,,Restaurant,Rawai,,,,,,,7.78686,98.31738,osm,,,,,,
The Bridge,,Café,Mai Khao,,,,,,,8.19883,98.2967,osm,,,,,,
The Brother's Residence,,Hotel,Patong,,,,,,,7.88037,98.29307,osm,,,,,,
The Bua,,Restaurant,Kamala,,,,"Mo-Su,PH 11:30-22:30",,,7.94892,98.27692,osm,,,,,,
The Cape,,Hotel,Cape Panwa,,,,,,,7.80685,98.408,osm,,,,,,
The Charm Hotel,,Hotel,Kata,,,,,,,7.82326,98.30096,osm,,,,,,
The Charm Resort Phuket,,Hotel,Patong,,,,,,,7.9046,98.29808,osm,,,,,,
The Chava Resort,,Hotel,Surin,,,,,,,7.97837,98.28029,osm,,,,,,
The Circle Coffee Boutique,The Circle Coffee Boutique hotel,Café,Phuket Town,,,,,,,7.88021,98.39236,osm,,,,,,
The Circle Massage,,Massage & spa,Phuket Town,0994154636,,109/5-6 ถนนภูเก็ต ตลาดใหญ่,Mo-Su 10:00-23:00,,,7.87988,98.39244,osm,,,,,,
The Coconut Nanai Resort,,Hotel,Patong,,,,,,,7.8857,98.30211,osm,,,,,,
The Coffe Club,,Café,Patong,,,,,,,7.89437,98.29865,osm,,,,,,
The Coffee Club,,Café,Old Town,,,,,,,7.88886,98.38638,osm,,,,,,
The Coffee Club - Jungceylon,,Café,Patong,,,,Mo-Su 08:00-00:00,,,7.89272,98.29847,osm,,,,,,
The Coffee Club Jungceylon Patong,,Café,Patong,,,193 Rat Uthit 200 Pi Road,,,,7.89142,98.29917,osm,,,,,,
the coffee garden,,Café,Kathu,,,ถนนพระบารมี กระทู้,,,,7.90875,98.34563,osm,,,,,,
The Coffee House @ Grapevine,,Café,Bang Tao,,,,Mo-Su 07:00-22:00,,,8.00765,98.31495,osm,,,,,,
The Color Kata,,Hotel,Kata,,,,,,,7.82124,98.30074,osm,,,,,,
The Cook,The Cook,Restaurant,Phuket Town,,,101 Phang Nga,,,,7.88372,98.39005,osm,,,,,,
The Coral Executive Lounge,,Restaurant,Airport,,,,,,,8.10825,98.30605,osm,,,,,,
The Corner,,Restaurant,Chalong,,,,,,,7.82324,98.34525,osm,,,,,,
The Corner Hut,,Restaurant,Rawai,,,,,,,7.78265,98.3168,osm,,,,,,
The Cove,,Hotel,Cape Panwa,,,,,,,7.81454,98.39591,osm,,,,,,
The Crib Patong,,Hotel,Patong,+66 76 540 777,https://thecribpatong.com/,,,,,7.89201,98.30157,osm,,,,,,
"The Crystal Beach Hotel, Patong",,Hotel,Patong,,,,,,,7.88895,98.2951,osm,,,,,,
The Deck,,Restaurant,Mai Khao,,https://www.pyhmarina.com/,,,,,8.16894,98.33898,osm,,,,,,
The Deck Patong Phuket,,Hotel,Patong,,,81 Ratutit 200 Pee Road Patong,,,,7.90273,98.30256,osm,,,,,,
The Dogs,,Bar,Kata,,,,,,,7.82795,98.29991,osm,,,,,,
The Dome BBQ,,Café,Patong,,,,Mo-Su 05:00-02:00,,,7.89422,98.302,osm,,,,,,
The Dome Tennis Club,,Gym & fitness,Old Town,,https://www.thedometennisclub.com,,,,,7.88679,98.36087,osm,,,,,,
The Elegant Patong,,Hotel,Patong,,,,,,,7.89904,98.30201,osm,,,,,,
The Family Restaurant,,Restaurant,Kata,,,107 Khoktanod Road,Mo-Su 10:00-23:00,,,7.81638,98.30697,osm,,,,,,
The Flavour Restaurant,,Restaurant,Surin,,,,,,,7.97859,98.28702,osm,,,,,,
The Front Hotel,,Hotel,Patong,,,,,,,7.88628,98.29,osm,,,,,,
The Front Village,,Hotel,Karon,+66 76 398 201,,,,,,7.85383,98.29412,osm,,,,,,
The Gallery Hotel,,Hotel,Nai Harn,,,,,,,7.78209,98.31123,osm,,,,,,
The Garage,,Bar,Karon,,,,,,,7.84851,98.29463,osm,,,,,,
The Goat Bar,,Bar,Surin,,,Soi Ao BangTao,Mo-Su 14:00-02:00,,,7.98425,98.28684,osm,,,,,,
The Good View,,Restaurant,Nai Yang,,,,,,,8.08902,98.2974,osm,,,,,,
The Grapevine,,Restaurant,Bang Tao,,,,,,,8.00772,98.31507,osm,,,,,,
The Greek Tavern,,Café,Kamala,,,,,,,7.95367,98.28865,osm,,,,,,
The green gourmet,,Restaurant,Patong,,,,,,,7.88537,98.29609,osm,,,,,,
the green man,,Nightlife,Chalong,,,"82/15 moo 4, patak road, rawai 83130",,,,7.82405,98.3313,osm,,,,,,
The Guest House,,Guesthouse,Patong,,,14 ซอยนาใน 2 Patong,,,,7.88715,98.301,osm,,,,,,
The Guest House Apartment,,Guesthouse,Patong,,,32/2 ซอยนาใน 2 Patong,,,,7.88588,98.29985,osm,,,,,,
The Hardstand,,Restaurant,Koh Kaew,,,20/83,Mo-Sa 07:00-16:00,,,7.96106,98.38628,osm,,,,,,
The height massage,,Massage & spa,Rawai,,,,,,,7.7757,98.31882,osm,,,,,,
The Heights Phuket,,Hotel,Kata,+66 76 284 602,theheightsphuket.com,"251 Koktanod Road, Muang,Karon Phuket 83100",,,,7.81349,98.30155,osm,,,,,,
The Hourglass,,Bar,Patong,,,,,,,7.90809,98.29743,osm,,,,,,
The Huck's,,Restaurant,Cherngtalay,+66614542244,,,,,,8.00673,98.32824,osm,,,,,,
The Inn,,Hotel,Patong,,,,,,,7.89085,98.30857,osm,,,,,,
The Junction Pakdee Sports Bar,,Restaurant,Cherngtalay,+66844469199,http://www.thejunctionpakdee.com,169/3 Sri soonthon road Srisoonthon,Mo-Su 10:00-00:00,,,7.98531,98.32057,osm,,,,,,
The Kata Resort,,Hotel,Kata,+66 76 330 730,,,,,,7.82785,98.30119,osm,,,,,,
The Kee Resort & Spa,,Hotel,Patong,,,,,,,7.89503,98.29743,osm,,,,,,
The Kiri Villas Resort,,Hotel,Bang Tao,+6676274413,https://www.thekirivillas.com/,,,,,8.01422,98.32689,osm,,,,,,
The Kitchen Kata Beach,,Restaurant,Kata,+66 93 584 2334,,"161/1 Koktanod rd. Under hotel Kata poshtel, Kata Beach, Karon Phuket",Mo-Su 08:00-23:00,,,7.8158,98.30336,osm,,,,,,
The Lago Condominium @ Naiharn Beach Phuket,,Guesthouse,Nai Harn,+66891499422,,,,,,7.78251,98.31233,osm,,,,,,
The Lantern Resorts Patong,,Hotel,Patong,,,,,,,7.89221,98.30022,osm,,,,,,
The Lighthouse,,Hotel,Chalong,,,,,,,7.82301,98.34515,osm,,,,,,
The Little Art House,,Hotel,Nai Harn,+66 84 946 2171,,,,,,7.78615,98.30859,osm,,,,,,
The Little Mermaid,,Restaurant,Patong,,,,,,,7.8956,98.30523,osm,,,,,,
The Little Mermaid Resort,,Hotel,Kata,,,,,,,7.82644,98.29701,osm,,,,,,
The Little Moon Residence,,Hotel,Patong,,,20/1-4 Siriraj Road Patong,,,,7.87853,98.29087,osm,,,,,,
The Lobster & Seafood,,Restaurant,Kata,+66 99 378 8033,,,Mo-Su 16:00-23:00,,,7.82474,98.2981,osm,,,,,,
The Mangosteen Restaurant & Wine Cellar,,Restaurant,Rawai,+66 76 289399,https://mangosteen-phuket.com,99/4 Moo 7 ถนนวิเศษ Phuket,Mo-Su 07:00-22:30,,,7.79492,98.32914,osm,,,,,,
The Marina,,Hotel,Patong,,,,,,,7.89949,98.30374,osm,,,,,,
The Marina Kamala,,Hotel,Kamala,,,,,,,7.96063,98.2862,osm,,,,,,
The Melody Phuket,,Hotel,Kata,+66980833306,https://www.themelodyphuket.com,,,,,7.82734,98.30101,osm,,,,,,
The Miners Phuket Old Town,,Bar,Old Town,,,,,,,7.88371,98.38753,osm,,,,,,
The Minotel,,Hotel,Patong,,,,,,,7.89743,98.29928,osm,,,,,,
the moon thaifood,,Café,Old Town,,,,,,,7.88585,98.38763,osm,,,,,,
The Nai Harn,,Hotel,Nai Harn,,https://www.thenaiharn.com/,,,,,7.77856,98.3026,osm,,,,,,
The Naka Island Resort & Spa,,Hotel,Paklok,,,,,,,8.05781,98.45845,osm,,,,,,
The Naka Palm,,Restaurant,Paklok,,,,,,,8.0516,98.46302,osm,,,,,,
The Natural Resort,,Hotel,Patong,+6676341160,https://naturalresort.net/,,24/7,,,7.88258,98.29589,osm,,,,,,
The Nature,,Hotel,Patong,,,,,,,7.91528,98.29299,osm,,,,,,
The Nature Spa Academy,,Hotel,Old Town,,,,,,,7.87056,98.36737,osm,,,,,,
The Neighbors Kitchen & Bar,,Café,Phuket Town,,,,We-Mo 09:30-19:00,,,7.88373,98.38992,osm,,,,,,
The O'Leng Cafe,,Café,Phuket Town,,,,,,,7.88419,98.39296,osm,,,,,,
The Oasis Spa,,Hotel,Kata,,,,,,,7.81933,98.31526,osm,,,,,,
The Old Fisherman,,Bar,Patong,,,,,,,7.90751,98.29721,osm,,,,,,
The Old Phuket,,Hotel,Karon,,https://www.theoldphuket.com/,,,,,7.84406,98.29592,osm,,,,,,
The old Phuket Coffee,,Café,Old Town,,,,,,,7.88481,98.38755,osm,,,,,,
The One Cozy Vacation Residence,,Hotel,Chalong,,,,,,,7.85707,98.34183,osm,,,,,,
The Orchid House,,Restaurant,Kata,,,,,,,7.82378,98.30017,osm,,,,,,
The Orchid House Kata,,Hotel,Kata,,,,,,,7.8238,98.30026,osm,,,,,,
The Pad Thai Shop,,Restaurant,Kata,,,,Sa-Th 08:00-19:00,,,7.83155,98.30007,osm,,,,,,
The Palm,,Restaurant,Patong,,,,,,,7.88956,98.29297,osm,,,,,,
The Palms Kamala,,Hotel,Kamala,+66 76 302 500,https://www.thepalmskamala.com/,88/6 Moo 3 Rim Hat Road,,,,7.95016,98.28142,osm,,,,,,
The Panwa Café,,Restaurant,Cape Panwa,,,,,,,7.80958,98.40224,osm,,,,,,
The Panwa Guesthouse,,Guesthouse,Cape Panwa,,,,,,,7.8096,98.40218,osm,,,,,,
The Pavilions Hotel,,Hotel,Bang Tao,,https://www.pavilionshotels.com/residences/phuket,,,,,8.02367,98.30278,osm,,,,,,
The Pavilions Phuket,,Hotel,Bang Tao,+66 7631 7600,https://www.pavilionshotels.com/residences/phuket/,31/1 Moo 6 Cherngtalay Thalang Phuket,,,,8.02281,98.3017,osm,,,,,,
The Peaks Residence Kata noi,,Hotel,Kata,+66 76 385 785,https://thepeaksresidence.com/,,,,,7.80803,98.30218,osm,,,,,,
The Phuket Pirates bar & snacks,,Bar,Rawai,,,,,,,7.76805,98.31682,osm,,,,,,
The Pizza Co.,,Restaurant,Nai Yang,,,,,,,8.09432,98.30853,osm,,,,,,
The Pizza Company,,Street food,Patong,1112,https://www.1112.com/,,,,,7.89334,98.29808,osm,,,,,,
The Playyard Cafe,,Café,Mai Khao,+66 (0)89 726 6395,,,Mo-Su 09:00-18:00,,,8.18173,98.31977,osm,,,,,,
The Pol,,Restaurant,Rawai,,,,,,,7.78548,98.31743,osm,,,,,,
The Pool House Kitchen,,Restaurant,Kamala,,,,,,,7.94736,98.27143,osm,,,,,,
The Port,,Bar,Patong,,,,,,,7.89088,98.2937,osm,,,,,,
The Red Room,,Bar,Kata,+66 90 216 4180,,,Mo-Su 18:00-02:00,,,7.8256,98.29751,osm,,,,,,
The Reef @Zenmaya,,Restaurant,Patong,076336888,https://www.facebook.com/ZenmayaOceanfrontPhuket,6/181 หมู่6 ตำบลกมลา,Mo-Su 11:00-19:00,,,7.92219,98.27828,osm,,,,,,
The Residence Kalim Bay,Kalim Bay Residence,Hotel,Patong,,,,,,,7.91136,98.29573,osm,,,,,,
The Residence Resort and Spa Retreat,,Hotel,Bang Tao,,,,,,,7.9893,98.29794,osm,,,,,,
The Restaurant,,Restaurant,Cherngtalay,+66 (0) 8 2107 1998,https://niranfarm.com/dining/,203/4 Moo 7 Si Sunthon,Mo-Su 09:00-21:00,,,7.97005,98.34163,osm,,,,,,
The Retro Siam,,Hotel,Kata,(+66)76330814,,,,,,7.82317,98.30038,osm,,,,,,
The River Cafe,,Café,Paklok,,,,,,,7.99338,98.38259,osm,,,,,,
The Royal Palm,,Hotel,Patong,,,,,,,7.8895,98.29308,osm,,,,,,
The Royal Paradise Hotel & Spa,,Hotel,Patong,,,,,,,7.89521,98.29904,osm,,,,,,
The Royal Paradise Hotel & Spa Patong Phuket(Paradise Wing),,Hotel,Patong,+66 76 340 666,https://royalparadise.com/,,,,,7.89508,98.30035,osm,,,,,,
The Royal Paradise Hotel & Spa(เดอะรอยัล พาราไดส์ โฮเทล แอนด์ สปา),The Royal Paradise Hotel & Spa(เดอะรอยัล พาราไดส์ โฮเทล แอนด์ สปา)Royal Wing,Hotel,Patong,+66 76 340 666,https://royalparadise.com/,123/15-16 Rat-U-Thit 200 Pee Road Phuket,,,,7.89591,98.30049,osm,,,,,,
The Royal Phuket Yacht Club,,Hotel,Nai Harn,,,,,,,7.77856,98.30263,osm,,,,,,
The Sealect Hotel,,Hotel,Kata,+66 85 869 9887,,,,,,7.82457,98.29751,osm,,,,,,
The Seat Coffee,,Café,Old Town,,,,,,,7.8922,98.38743,osm,,,,,,
The ship inn bar,The ship inn bar,Bar,Cape Panwa,,,,,,,7.81417,98.39627,osm,,,,,,
The Shore at Katathani,,Hotel,Kata,+66 76 318 350,https://www.theshorephuket.com,,,,,7.80356,98.29997,osm,,,,,,
The Silk Hill Hotel,,Hotel,Patong,,,,,,,7.88302,98.30058,osm,,,,,,
The sis kata,,Hotel,Kata,,,Мыанг пху кет,,,,7.81249,98.29997,osm,,,,,,
The Slate,,Hotel,Nai Yang,,https://www.theslatephuket.com/,,,,,8.0863,98.29783,osm,,,,,,
The Sleepers,,Hotel,Nai Harn,076602124,,,24/7,,,7.79152,98.31749,osm,,,,,,
The Smile Inn,,Guesthouse,Patong,,,,,,,7.89166,98.29505,osm,,,,,,
The Star,,Bar,Patong,,,,,,,7.89395,98.29573,osm,,,,,,
The Star House,,Hotel,Patong,,,,,,,7.88086,98.29351,osm,,,,,,
The Station,,Hotel,Patong,,,,,,,7.90177,98.30982,osm,,,,,,
The Sundeck Phuket,,Restaurant,Kata,0641425496,,กะตะใสยวน,Mo-Su 11:00-22:30,,,7.81023,98.30196,osm,,,,,,
The Surin,,Hotel,Surin,+66 76 316 400,https://www.thesurinphuket.com/,"118 118 Soi Hat Surin 8 Choeng Thale, Thalang District, Phuket 83110, Tailandia",,,,7.98102,98.27799,osm,,,,,,
The Swedish bakery,,Café,Kamala,,,,,,,7.95375,98.28918,osm,,,,,,
The Sweet Restaurant,,Restaurant,Patong,,,,,,,7.89169,98.29499,osm,,,,,,
The Syrniki,,Café,Nai Harn,,https://www.instagram.com/syrniki.phuket/,39/65 Soi Saiyuan,Su-Sa 08:00-17:00,,,7.7896,98.31741,osm,,,,,,
The Tavern,,Café,Kata,,,,Mo-Su 15:00-01:00,,,7.81721,98.30167,osm,,,,,,
The Tavern Sports Bar,,Bar,Kata,,,,,,,7.81725,98.30178,osm,,,,,,
The Three by APK,,Hotel,Patong,,,,,,,7.89823,98.30333,osm,,,,,,
The Throphy Wife bar,,Bar,Nai Harn,,,,,,,7.79501,98.31559,osm,,,,,,
The Tide,,Hotel,Phuket Town,076530378,https://hoteltidephuket.com/,,,,,7.8758,98.42945,osm,,,,,,
The Tint @ Phuket Town,,Hotel,Phuket Town,+66 76217099,,,,,,7.88688,98.39217,osm,,,,,,
The Title,,Restaurant,Rawai,,,,,,,7.77203,98.32112,osm,,,,,,
The Trend Kamala Hotel,,Hotel,Kamala,+66(0)76-322-615,https://www.thetrendkamala.com,,,,,7.95154,98.29145,osm,,,,,,
The Tube Bar & Restaurant,,Restaurant,Kata,,,,,,,7.81558,98.30333,osm,,,,,,
The Twin’s,,Restaurant,Kata,+66 94 994 6597,,,Mo-Su 10:00-23:00,,,7.8316,98.29526,osm,,,,,,
The Vegan Table,,Restaurant,Phuket Town,+66 94 834 4066,,,12:00-22:00,,,7.88288,98.39047,osm,,,,,,
The Venue,,Bar,Kata,,,,Mo-Su 17:00-02:00,,,7.82571,98.29739,osm,,,,,,
The View Phuket by Resava,,Hotel,Kata,+66 76 381 488,https://theviewphuket.com/,78/8 ถนนปฏัก,,,,7.82435,98.30373,osm,,,,,,
The Villa,The Villa,Restaurant,Patong,,,Nanai Road,,,,7.88618,98.30245,osm,,,,,,
The Village Coconut Island,,Hotel,Koh Kaew,,,,,,,7.94103,98.42303,osm,,,,,,
The village Resort & Spa,,Hotel,Karon,+6676398200,https://thevillageresortandspa.com/,"566/1 566/1 Patak Rd, Karon Phuket 83100",,,,7.85428,98.29389,osm,,,,,,
The Viridian Resort,,Hotel,Patong,,https://www.viridianphuket.com/,,,,,7.89052,98.29591,osm,,,,,,
The Vista,,Restaurant,Patong,,,,,,,7.89509,98.29877,osm,,,,,,
The wagyu burger,,Restaurant,Patong,0936605482,,157 ถนนนาใน patong,Mo-Su 10:00-22:00,,,7.88517,98.30289,osm,,,,,,
The Yama,,Hotel,Kata,,,,,,,7.8203,98.30978,osm,,,,,,
The Yim Siam Hotel,,Hotel,Patong,,,,,,,7.8853,98.29634,osm,,,,,,
Thongyiam,,Massage & spa,Patong,,,52,,,,7.89634,98.30327,osm,,,,,,
Three Monkeys,,Restaurant,Chalong,+66 98 010 8838,https://threemonkeysphuket.com/,,Mo-Su 10:00-21:00,,,7.87628,98.35163,osm,,,,,,
Tien Seng,,Restaurant,Nai Yang,,,,,,,8.05659,98.27843,osm,,,,,,
Tiffany Restaurant and Coffee Shop,,Restaurant,Rawai,,,,,,,7.79176,98.33038,osm,,,,,,
Tiger,,Massage & spa,Nai Harn,,,,,,,7.77755,98.30558,osm,,,,,,
Tiger beach club,,Nightlife,Chalong,,,,,,,7.84242,98.36523,osm,,,,,,
Tiger Club,,Nightlife,Patong,,,,,,,7.893,98.29739,osm,,,,,,
Tiger Complex Hotel,,Hotel,Patong,+66 76 346 169,tigergrouppatong.com,155/16-19 Phang Muang Sai Kor Road Patong Beach Phuket,,,,7.8912,98.30114,osm,,,,,,
Tiger Inn,,Restaurant,Patong,,,,,,,7.89622,98.29923,osm,,,,,,
Tiger Muai Thai,,dojo,Chalong,,,,,,,7.85623,98.34316,osm,,,,,,
Tiger Muay Thai cafe,,Café,Nai Harn,,,,,,,7.79171,98.31729,osm,,,,,,
Tiger Nightclub,,Nightlife,Patong,+66 85 678 5779,https://www.tigernightclub.com/,,,,,7.89335,98.29743,osm,,,,,,
Tiger restaurant,,Restaurant,Patong,,,,,,,7.89109,98.30116,osm,,,,,,
Tigger bar,,Restaurant,Kata,,,,,,,7.81089,98.30181,osm,,,,,,
Tik's Bar,,Bar,Kata,,,,,,,7.82876,98.3015,osm,,,,,,
Time Bomb,,Restaurant,Kamala,,,,,,,7.95001,98.28515,osm,,,,,,
Tin Tin,,Tours & travel,Chalong,,,,,,,7.82251,98.34054,osm,,,,,,
Tinidee Hotel,,Hotel,Kathu,,,,,,,7.92682,98.34021,osm,,,,,,
Tipnapa,,Massage & spa,Surin,,,,Mo-Su 11:00-19:00,,,7.97989,98.28013,osm,,,,,,
Tiwa Seafood,,Restaurant,Kamala,+66 87 895 9636,,73/183 ถนนป่าจาก,Mo-Su 10:00-24:00,,,7.95017,98.28181,osm,,,,,,
TK Shop,,Souvenirs & gifts,Kamala,,,Rim Hat Road,,,,7.94973,98.27995,osm,,,,,,
Toast Egg,,Street food,Cherngtalay,,,,Mo-Su 07:30-18:00,,,7.97865,98.36172,osm,,,,,,
Today Steak,,Café,Old Town,,,,,,,7.90082,98.37964,osm,,,,,,
Toh-Daeng,,Restaurant,Mai Khao,+66624598889,https://baanarjor.com/restaurants/,,Mo-Su 10:00-21:00,,,8.15665,98.30513,osm,,,,,,
Tom N Toms,,Café,Phuket Town,,,,,,,7.88628,98.39196,osm,,,,,,
Tom Yam Koong,,Restaurant,Kata,+66 76 330 403,,,Mo-Su 11:00-23:00,,,7.81832,98.30054,osm,,,,,,
Tom Yam Kung,,Restaurant,Karon,,,,Mo-Su 10:00-21:00,,,7.84721,98.29424,osm,,,,,,
Tonkoon Massage,,Massage & spa,Kata,,,,,,,7.82618,98.29703,osm,,,,,,
TonOAK,,Restaurant,Koh Kaew,,,,,,,7.93513,98.40349,osm,,,,,,
Tonsai,,Restaurant,Paklok,,,,,,,8.05735,98.45825,osm,,,,,,
Tony,,Restaurant,Karon,+66 76 398 121,,,Mo-Su 08:00-23:00,,,7.85338,98.29201,osm,,,,,,
Tony 99,,Restaurant,Patong,,,,,,,7.89921,98.29696,osm,,,,,,
Tony Resort โทนี่ รีสอร์ท,,Hotel,Patong,+66 76 345 377,https://tonyresorts.com/,,,,,7.8902,98.2958,osm,,,,,,
Tony restaurant,,Restaurant,Chalong,,,,Mo-Su 10:00-23:00,,,7.85254,98.34788,osm,,,,,,
Tookky's kitchen,,Café,Rawai,,,,,,,7.78567,98.31737,osm,,,,,,
Top Beef Barbecue Buffet Restaurant,,Café,Kathu,,,ถนนพระบารมี,,,,7.90828,98.33047,osm,,,,,,
Top Inn Garden,,Hotel,Paklok,,,,,,,7.99354,98.37572,osm,,,,,,
Top Trip Phuket Travel,,Tours & travel,Kata,+66 99 479 5486,https://konkohtour.com,,Mo-Su 09:00-21:00,,,7.82908,98.29559,osm,,,,,,
Tori Japanese buffet,,Restaurant,Old Town,,,,Mo-Su 11:00-21:30,,,7.89375,98.36611,osm,,,,,,
Totem Cafe | Homemade Desserts Nai Harn,,Café,Nai Harn,,,,Mo-Su 07:30-20:00,,,7.79148,98.31694,osm,,,,,,
Tour De Phuket Hotel,,Hotel,Cherngtalay,,,8/9 Si Sunthon Si Sunthon,,,,7.97923,98.35739,osm,,,,,,
TourClick,,Tours & travel,Kata,+66 94 992 9792,,,Mo-Su 10:00-22:00,,,7.8246,98.29749,osm,,,,,,
Toy,,Bar,Kata,+66 87 284 2073,,,,,,7.82568,98.29689,osm,,,,,,
Toy-Tor-Toe,,Restaurant,Phuket Town,+66898747053,,6 ถนนเทพกระษัตรี,Mo-Su 09:00-22:00,,,7.88474,98.39088,osm,,,,,,
Traditional Ashtanga Yoga Shala,,Gym & fitness,Chalong,,https://taysp.com,,,,,7.8411,98.34114,osm,,,,,,
Trattoria Restaurant,,Restaurant,Rawai,,,,,,,7.78888,98.32972,osm,,,,,,
Travelodge,,Hotel,Old Town,,,,,,,7.88976,98.36313,osm,,,,,,
Tree House,,Restaurant,Kata,+66 76 318 350,,,Mo-Su 18:00-23:00,,,7.80678,98.29994,osm,,,,,,
Tree o'clock,,Café,Cherngtalay,,,,,,,7.99735,98.32753,osm,,,,,,
Treville Phuket,,Hotel,Nai Yang,,,,,,,8.04921,98.27758,osm,,,,,,
Trisara,,Hotel,Bang Tao,,,,,,,8.03501,98.2773,osm,,,,,,
Trop,,Café,Old Town,,,,,,,7.90226,98.3785,osm,,,,,,
Tropica Boungalow,,Hotel,Patong,,,,,,,7.89348,98.29566,osm,,,,,,
Tropica Restaurant,,Restaurant,Patong,,,,,,,7.89382,98.29532,osm,,,,,,
Tropical Beach Restaurant,,Restaurant,Old Town,,,,,,,7.90165,98.36195,osm,,,,,,
True Time Tour,,Tours & travel,Kata,,,53,,,,7.82991,98.29498,osm,,,,,,
Tsunami,,Restaurant,Old Town,,,Ratsada,,,,7.91451,98.37077,osm,,,,,,
TU,,Bar,Cape Panwa,,https://www.babaphuket.com/tu-best-rooftop-bar-in-phuket/,,,,,7.80469,98.40801,osm,,,,,,
Tu Kab Khao,,Restaurant,Old Town,+6676608888,,,Mo-Su 11:00-21:00,,,7.88369,98.3882,osm,,,,,,
Tuana my friend house resort 3*,,Hotel,Karon,,,,,,,7.84103,98.30205,osm,,,,,,
Tukta,,Restaurant,Surin,,,,,,,7.9726,98.27894,osm,,,,,,
Tuktuks to Airplane View,,Transport,Mai Khao,,,,,,,8.12615,98.30135,osm,,,,,,
Tum Rub Thai,,Massage & spa,Kata,+66 80 524 2879,,,Mo-Su 09:30-23:00,,,7.81318,98.29859,osm,,,,,,
Tuna Casa Hotel,,Hotel,Kata,,,,,,,7.81796,98.30276,osm,,,,,,
Tune Hotel - Patong,,Hotel,Patong,,,,,,,7.90129,98.29997,osm,,,,,,
Tung Tong Big Chicken,,Restaurant,Kathu,,,,,,,7.89998,98.34956,osm,,,,,,
Turkish Kebab Bangla,Turkish Kebab Bangla,Street food,Patong,,,,,,,7.89408,98.29538,osm,,,,,,
Turtle Bay,,Hotel,Cape Panwa,,,,,,,7.81304,98.39823,osm,,,,,,
Tuscany Guesthouse,,Hotel,Kata,,,,,,,7.81508,98.30007,osm,,,,,,
"TUSK Restaurant, Patong Phuket",,Restaurant,Patong,063 725 5451,http://Facebook.com/tusk.phuket,"Soi 180 Rat-U-Thit 200 Pee Road, Pa Tong",Mo-Su 07:00-23:00,,,7.89426,98.29853,osm,,,,,,
twenty-four seven,,Guesthouse,Rawai,,,,,,,7.77745,98.32816,osm,,,,,,
Twin Inn,,Hotel,Phuket Town,,,,,,,7.87446,98.3891,osm,,,,,,
Twinpalms Phuket,,Hotel,Surin,,,,,,,7.9776,98.28106,osm,,,,,,
Two Chefs,,Restaurant,Kata,+66 65 886 9578,,,Mo-Su 08:00-23:00,,,7.81387,98.29929,osm,,,,,,
Two Chefs Inn,,Hotel,Kata,+66 89 873 3186,,,Mo-Su 08:00-23:00,,,7.81382,98.29929,osm,,,,,,
Two Chefs Kata Beach,,Restaurant,Kata,,,,,,,7.81396,98.29938,osm,,,,,,
Two Sea Tour,,Tours & travel,Paklok,+66945931039,https://www.twoseatour.com/,"4027 Ao Por, Paklok",Mo-Sa 05:00-20:00,,,8.06086,98.4318,osm,,,,,,
Two Ta,,Massage & spa,Kata,+66 91 867 6679,,,,,,7.80623,98.30011,osm,,,,,,
Two Villas Holiday,,Hotel,Rawai,+66 86 4768563,http://www.twovillasholiday.com/,,,,,7.79189,98.31952,osm,,,,,,
Two Villas Holiday OXYGEN VILLA BANGTAO BEACH,,Hotel,Bang Tao,,,,,,,7.98538,98.29547,osm,,,,,,
U TAI TIP,U TAI TIP,Guesthouse,Patong,076897144,,Sai Nam Yen Road,,,,7.89554,98.30417,osm,,,,,,
U-Too Irish Bar,,Bar,Patong,,,,,,,7.89682,98.30009,osm,,,,,,
Ubuntu Eat,,Restaurant,Phuket Town,+66 80 334 4761,https://www.ubuntueat.com,135 Phang Nga Road,"Mo-We,Fr-Su 11:30-21:30",,,7.88376,98.39198,osm,,,,,,
Uchkuduk,,Restaurant,Karon,,,,,,,7.84887,98.29472,osm,,,,,,
Uncle John's Bar,,Bar,Cape Panwa,,,,,,,7.80688,98.40824,osm,,,,,,
Uncle Nan's,,Restaurant,Cape Panwa,,,,,,,7.80532,98.40615,osm,,,,,,
Uncle Yura's restaurant,,Restaurant,Patong,+66814152030,http://dada-yura.com,33 Thanon Ratuthit Songroipi Road Patong,"15:00-00:00 open; 23:00-00:00 ""No kitchen""",,,7.90218,98.30085,osm,,,,,,
Unit 27,,Gym & fitness,Chalong,,,,,,,7.85322,98.34628,osm,,,,,,
Unit 27 CrossFit,,Gym & fitness,Chalong,,,,,,,7.8544,98.34384,osm,,,,,,
Unit 33,,Café,Kata,,,,,,,7.82142,98.30168,osm,,,,,,
Unni’s Bangtao,,Restaurant,Cherngtalay,,,100/38-40 Soi Luang Pramern,Mo-Su 11:00-22:30,,,7.98553,98.30303,osm,,,,,,
Unotel,,Hotel,Karon,,,,,,,7.84853,98.2949,osm,,,,,,
Unotel Karon Beach,,Hotel,Karon,,,,,,,7.8484,98.29508,osm,,,,,,
Up 2 you,,Café,Patong,,,,,,,7.89982,98.29931,osm,,,,,,
Up Seafood,,Restaurant,Karon,,,,,,,7.84846,98.29484,osm,,,,,,
Uppercuts Muay Thai,,dojo,Rawai,+66929080841,https://www.uppercutsmuaythai.com,,,,,7.79693,98.32277,osm,,,,,,
Urban Cafe Nanai,,Café,Patong,+66 80 852 2198,,129/11 Nanai Road patong phuket,,,,7.88724,98.30275,osm,,,,,,
UTimeFitness,,Gym & fitness,Cherngtalay,+66949580332,https://utimefitness.com/locations/blue-tree-phuket/,,,,,7.98699,98.31884,osm,,,,,,
UWC Thailand Gymnasium,,Gym & fitness,Paklok,,,,,,,8.04962,98.35279,osm,,,,,,
V-Like guest house,,Guesthouse,Chalong,,,,,,,7.82799,98.34398,osm,,,,,,
VacationPro,,Tours & travel,Kata,+66 88 432 5678,,,,,,7.82408,98.29796,osm,,,,,,
Valhalla bar,,Bar,Rawai,,,,,,,7.78657,98.32941,osm,,,,,,
Vanida Massage,,Massage & spa,Kata,,,,,,,7.83149,98.29875,osm,,,,,,
Vanilla Sky Bar & Gastro Pub,,Bar,Kamala,,,"18/40 at the rooftop Cape Sienna Hotel Layi-Nakalay Rd., Kamala, Kathu Phuket",17:00-23:59,,,7.94945,98.27373,osm,,,,,,
Vayo Massage and Beauty Salon,,Massage & spa,Patong,,,,,,,7.89171,98.29484,osm,,,,,,
Vee,,Restaurant,Karon,+66 93 160 7618,,,Mo-Su 09:00-01:00,,,7.84437,98.29427,osm,,,,,,
Vegan Phuket,,Restaurant,Old Town,,,,,,,7.85921,98.38128,osm,,,,,,
"Vegetarian food,.tasty, fresh and cheap",ร้านอาหารเจ เนี่ยนเอ็น แยกหอนาฬิกา,Restaurant,Phuket Town,+66 85 796 2692,,"214, 3 ถนนภูเก็ต",Mo-Su 08:00-21:30,,,7.88007,98.39206,osm,,,,,,
Veggie house,,Café,Chalong,,,,,,,7.83305,98.34644,osm,,,,,,
Vela,,Massage & spa,Karon,,,,Mo-Su 10:00-23:00,,,7.83301,98.2953,osm,,,,,,
Velvet Pool Bar,,Bar,Patong,,,Rat Uthit 200 Year Road,,,,7.8991,98.3012,osm,,,,,,
Vera Pizza,,Restaurant,Nai Harn,,,,,,,7.78238,98.31547,osm,,,,,,
Veranda,,Restaurant,Kata,+66896513250,,99 Pak Bang Road,Mo-Su 12:00-22:00,,,7.82579,98.29635,osm,,,,,,
Vespa Phuket Drago Andaman,,Vehicle rental,Old Town,,,,,,,7.88085,98.36796,osm,,,,,,
Victoria,,Guesthouse,Patong,,,,,,,7.89177,98.29542,osm,,,,,,
Vida Nova,,Restaurant,Rawai,,,,,,,7.77118,98.3197,osm,,,,,,
Vietnam street food,,Restaurant,Rawai,,,,,,,7.79657,98.32705,osm,,,,,,
View cafe,,Café,Chalong,,,,Mo-Su 08:00-23:00,,,7.8702,98.32991,osm,,,,,,
Viking,,Restaurant,Kata,,,,,,,7.82407,98.30226,osm,,,,,,
Viking bar,,Bar,Rawai,,,,,,,7.77439,98.3254,osm,,,,,,
Viking Restaurant,,Restaurant,Kata,,,,,,,7.82387,98.29834,osm,,,,,,
Viktoria Kata pool and bar,,Bar,Kata,,,,,,,7.82542,98.29769,osm,,,,,,
"Villa Amanzi, G2 Katamanda Villas",,Hotel,Kata,,,,,,,7.81028,98.29854,osm,,,,,,
Villa Atchara Phuket Thailand.,,Hotel,Patong,,,,,,,7.90667,98.29865,osm,,,,,,
Villa Baan Thap Thim VIPA SEAVIEW VILLA Puket,,Hotel,Patong,,,21 ถนนหมื่นเงิน,,,,7.88475,98.28219,osm,,,,,,
VILLA GINBORN,,Hotel,Kata,,villaginborn.wixsite.com,,,,,7.81812,98.31292,osm,,,,,,
Villa La Difference,,Hotel,Surin,,,,,,,7.97326,98.28105,osm,,,,,,
Villa Patong Resort,,Hotel,Patong,,,,,,,7.89761,98.30169,osm,,,,,,
Villa Rose Guesthouse,,Guesthouse,Patong,,,,,,,7.8785,98.29174,osm,,,,,,
Villa Sonata,,Hotel,Chalong,,https://www.villasonataphuket.com,,,,,7.86507,98.33138,osm,,,,,,
Villa Tona Phuket,,Hotel,Kata,+66 94 072 4691,villatonaphuket.com,214/15 Patak Rd Kata,,,,7.8299,98.30114,osm,,,,,,
Villa Zolitude Phuket,,Hotel,Chalong,+6676521333,https://www.villazolitude.com,,,,,7.8663,98.33061,osm,,,,,,
Villas Paradiso,,Hotel,Nai Yang,,,,,,,8.05373,98.27952,osm,,,,,,
Villoft Zen Living,,Hotel,Bang Tao,,,,,,,8.0169,98.30462,osm,,,,,,
Vimaan Massage,,Massage & spa,Patong,,,,Mo-Su 09:00-00:00,,,7.89474,98.29626,osm,,,,,,
Vinegret Cafe,,Café,Old Town,,,,,,,7.89277,98.35552,osm,,,,,,
Vipa House,,Guesthouse,Chalong,+66815365480,,,,,,7.82886,98.33952,osm,,,,,,
Viset Tourist Fruit Market (expensive!),,Market,Rawai,,,,,,,7.79557,98.33269,osm,,,,,,
Vitaphorn,,Restaurant,Karon,+66 84 051 2513,,,Mo-Su 08:00-23:00,,,7.84767,98.29379,osm,,,,,,
Vivace Hotel,,Hotel,Kamala,,,,,,,7.94935,98.28076,osm,,,,,,
VK yoga,,Gym & fitness,Chalong,,,,,,,7.84109,98.36237,osm,,,,,,
VkusEst',,Café,Chalong,,,,,,,7.82927,98.34054,osm,,,,,,
Volkswagen Bar,,Bar,Patong,,,,,,,7.89665,98.30042,osm,,,,,,
VseSvoi,,Café,Mai Khao,,,,,,,8.13455,98.30717,osm,,,,,,
vSteaks,,Restaurant,Karon,,,,,,,7.84612,98.29897,osm,,,,,,
Wabi Sabi Boutique Hotel,,Hotel,Kamala,+66 76 385470,https://www.wabisabiphuket.com,Soi 16,,,,7.95018,98.28239,osm,,,,,,
Waffle,,Café,Chalong,,,,,,,7.84497,98.34035,osm,,,,,,
Wai Thai Patong,,Restaurant,Patong,,,,,,,7.89836,98.29623,osm,,,,,,
Wai Wai,,Restaurant,Karon,+66 76 639 639,,,Mo-Su 06:30-23:30,,,7.84466,98.29612,osm,,,,,,
Waka waka cafe,,Café,Chalong,,,,,,,7.84798,98.33409,osm,,,,,,
Wake up club,,Nightlife,Patong,,,,,,,7.89787,98.30132,osm,,,,,,
Wake up Restaurant & Cafe,,Restaurant,Phuket Town,+66992068444,https://www.facebook.com/wakeupphuket,445/2 ถนนภูเก็ต Phuket,06:00-02:00,,,7.87166,98.394,osm,,,,,,
Walking Street,,Attraction,Mai Khao,,,,,,,8.20673,98.29943,osm,,,,,,
Wan's Corner,,Restaurant,Chalong,,https://www.facebook.com/wanscorner.phuket,58/29 Moo 10 Chalong,"07:30-18:00, Wednesday closed",,,7.82306,98.33761,osm,,,,,,
Wandee Apartment,,Guesthouse,Koh Kaew,,,,,,,7.91643,98.39193,osm,,,,,,
Wanla,,Restaurant,Surin,,,,"Mo-Sa 10:00-15:00,18:00-22:30; Su off; PH off",,,7.98097,98.28669,osm,,,,,,
Wanna sea Food … **** local,,Restaurant,Karon,,,,,,,7.84807,98.29568,osm,,,,,,
Wanta massage,,Massage & spa,Rawai,,,,,,,7.76953,98.31511,osm,,,,,,
Waree,,Massage & spa,Nai Yang,,,,9:00-22:00,,,8.05986,98.27801,osm,,,,,,
Wat Chalong,วัดฉลอง,place_of_worship,Chalong,,,,,,,7.84625,98.3371,osm,,,,,,
Water forest Chulang,,Attraction,Paklok,,,,,,,8.02101,98.41015,osm,,,,,,
Water Lily Spa,,Massage & spa,Rawai,,,,Mo-Su 10:00-22:00,,,7.78104,98.3294,osm,,,,,,
Waterfall,,Restaurant,Nai Harn,,,,,,,7.76763,98.30873,osm,,,,,,
Waterfront Suites Phuket by Centara,,Hotel,Karon,,,,,,,7.84765,98.29495,osm,,,,,,
Way Thai,,Restaurant,Patong,,,,,,,7.89848,98.29611,osm,,,,,,
Wayla Villa,,Guesthouse,Mai Khao,,,,,,,8.13264,98.30765,osm,,,,,,
WeCafe,,Café,Rawai,,,,"PH,Mo-Su 10:00-22:00",,,7.77077,98.31949,osm,,,,,,
Wee Hero Bar,,Bar,Karon,,,,,,,7.83426,98.29814,osm,,,,,,
Weed Point | Premium Buds | Cannabis Phuket,,Bar,Chalong,0622713173,https://instagram.com/wdpointphuket,,Tu-Su 12:00-23:00,,,7.82243,98.3386,osm,,,,,,
Weed Seven,,Vehicle rental,Airport,+66816911457,,,,,,8.10106,98.30832,osm,,,,,,
Weerawan,,Massage & spa,Karon,,,,Mo-Su 10:00-23:00,,,7.8336,98.29547,osm,,,,,,
Wekata Luxury,,Hotel,Kata,,,,,,,7.8241,98.29982,osm,,,,,,
Welcome inn Villa,,Hotel,Chalong,0894751200,https://welcomeinnvilla.com,,,,,7.81949,98.33745,osm,,,,,,
Welcome Travel Kata,,Tours & travel,Kata,+66 96 142 5110,,,Mo-Su 10:30-21:30,,,7.82893,98.29561,osm,,,,,,
White Beach Bistro,,Bar,Patong,,,,,,,7.89321,98.29495,osm,,,,,,
White Box,,Restaurant,Patong,,,,,,,7.91519,98.29239,osm,,,,,,
White Elephant,,Bar,Chalong,,,,,,,7.82215,98.34489,osm,,,,,,
White Elephant bar,,Bar,Rawai,,,,,,,7.77107,98.31918,osm,,,,,,
White hart BBQ buffet Rawai,,Restaurant,Rawai,,,,Mo-Su 15:00-23:55,,,7.79549,98.33289,osm,,,,,,
White Rabbit,,Bar,Chalong,,,,,,,7.83957,98.36752,osm,,,,,,
White Room,,Nightlife,Patong,,,,,,,7.89395,98.29617,osm,,,,,,
White Sand Resortel,,Hotel,Patong,,,,,,,7.8978,98.297,osm,,,,,,
White Sun,,Bar,Kamala,,,Rim Hat Road,,,,7.94967,98.28042,osm,,,,,,
Why Not Bar,,Bar,Rawai,,,,,,,7.77442,98.32545,osm,,,,,,
Wine Connection,,Restaurant,Nai Harn,,,,,,,7.78883,98.3172,osm,,,,,,
Wit Pharmacy,,Pharmacy,Kata,,,,Mo-Su 08:00-00:00,,,7.82635,98.29681,osm,,,,,,
Wiwan Restaurant,,Restaurant,Nai Yang,,,,,,,8.05942,98.27807,osm,,,,,,
Wo Ai Ni,,Restaurant,Mai Khao,+66624598889,https://baanarjor.com/restaurants/,,,,,8.15667,98.30518,osm,,,,,,
Wonderful pool house at Kata,,Hotel,Kata,+66 86 514 6502,,,,,,7.82351,98.30113,osm,,,,,,
Wonglee House,,Hotel,Nai Yang,,,,,,,8.08932,98.30396,osm,,,,,,
Woo organic and healthy,,Restaurant,Cherngtalay,,,,,,,7.99336,98.31008,osm,,,,,,
Wooden House,,Attraction,Bang Tao,,,,,,,8.02861,98.32877,osm,,,,,,
Woodstock,,Café,Rawai,,,,,,,7.78464,98.3176,osm,,,,,,
Woody's Thai Massage,,Massage & spa,Nai Yang,,,,,,,8.0577,98.2783,osm,,,,,,
Woraburi Phuket Resort & SPA,,Hotel,Karon,,,,,,,7.84395,98.29515,osm,,,,,,
Workout Club,,Gym & fitness,Old Town,,https://www.workoutclubthailand.com,,,,,7.88187,98.38681,osm,,,,,,
World Wide Pharmacy,,Pharmacy,Kata,,,,,,,7.82419,98.29771,osm,,,,,,
Worra Cafe,,Café,Cherngtalay,+66831062055,,3/20 Soi Bangtao 2,"Mo, Tu, Th-Su 09:00-21:00",,,7.9863,98.29923,osm,,,,,,
Wyndham,,Hotel,Patong,,,,,,,7.89416,98.29866,osm,,,,,,
Wyndham Garden Phuket Kamala,,Hotel,Kamala,+66 76 338 999,https://www.wyndhamhotels.com/wyndham-garden/kamala-phuket/wyndham-garden-phuket-kamala/overview,188 Moo 3 Kamala,,,,7.9515,98.2848,osm,,,,,,
Wyndham La Vita Phuket,,Hotel,Rawai,,,,,,,7.77391,98.31698,osm,,,,,,
Wyndham Royal Lee,,Hotel,Nai Yang,,,,,,,8.09652,98.30454,osm,,,,,,
Wynn house,,Guesthouse,Kata,,,,,,,7.83217,98.29896,osm,,,,,,
X10 Suites,,Hotel,Cape Panwa,,,,,,,7.81423,98.38662,osm,,,,,,
Xorin,,Restaurant,Phuket Town,,,,,,,7.88557,98.39073,osm,,,,,,
xxx,,Café,Phuket Town,,,,,,,7.87027,98.39551,osm,,,,,,
Yacht Haven Marina,,Marina & charters,Mai Khao,,,,,,,8.17089,98.34036,osm,,,,,,
Yakiniku Koku,,Restaurant,Old Town,+66937458567,,,Mo-Su 11:00-22:00,,,7.8848,98.38775,osm,,,,,,
Yam Thai,,Restaurant,Patong,,,,,,,7.88935,98.29368,osm,,,,,,
Yang Noey Phuket,,Restaurant,Old Town,,,,,,,7.90695,98.37111,osm,,,,,,
Yanui Palm Bungalow,,Hotel,Nai Harn,,,,,,,7.76909,98.30847,osm,,,,,,
Yanui Paradise Beach Resort,,Hotel,Rawai,+66890491785,https://www.yanuiparadisebeach.com,,,,,7.76976,98.31259,osm,,,,,,
Yanui Restaurant,,Restaurant,Nai Harn,,,,Mo-Su 09:00-20:00,,,7.7673,98.30645,osm,,,,,,
Yanui Seaview,,Hotel,Nai Harn,,,,,,,7.76822,98.30697,osm,,,,,,
Yaya,,Massage & spa,Karon,+66 92 945 9549,,,Mo-Su 09:00-23:00,,,7.83386,98.29558,osm,,,,,,
Yaya's bar,,Bar,Rawai,,,,,,,7.77477,98.31824,osm,,,,,,
Yayoi,,Café,Patong,,,,11:00-21:30,,,7.89072,98.30076,osm,,,,,,
Yenjai,,Restaurant,Mai Khao,,,,,,,8.14059,98.30652,osm,,,,,,
Yenna Apartment,,Hotel,Kamala,+66 92 9554450,https://www.yennakamalaphuket.com/,,,,,7.94924,98.28886,osm,,,,,,
Yes Brewery,,Bar,Phuket Town,,https://www.yesbrewery.com,,,,,7.88427,98.39078,osm,,,,,,
Yga Phuket on the beach,,Gym & fitness,Bang Tao,,https://yga.se/thailand,,"Tu,Th 07:00-08:00",,,7.9891,98.28922,osm,,,,,,
Yikky restaurant,,Café,Rawai,,,,Mo-Su 08:30-20:30,,,7.79015,98.32654,osm,,,,,,
Yin Bar,,Bar,Patong,,,,,,,7.89665,98.30014,osm,,,,,,
Yin Bar 2,,Bar,Patong,,,,,,,7.89658,98.30029,osm,,,,,,
Ying,,Restaurant,Karon,,,,,,,7.85141,98.29258,osm,,,,,,
Yinyang,,Café,Old Town,,,,,,,7.90151,98.37744,osm,,,,,,
YK Patong,,Hotel,Patong,,,,,,,7.88098,98.29342,osm,,,,,,
Yoga Baan Dharmachati,,Gym & fitness,Koh Kaew,+66859139655,https://web.facebook.com/p/Yoga-Baan-Dharmachati-100063550482035,,,,,7.93443,98.38007,osm,,,,,,
Yoga connection,,Gym & fitness,Rawai,,,,,,,7.79682,98.32702,osm,,,,,,
Yoga Republic,,Gym & fitness,Cherngtalay,,,,,,,7.98672,98.3186,osm,,,,,,
Yoga Shala Rawai Phuket,,Gym & fitness,Rawai,,,,,,,7.76894,98.3147,osm,,,,,,
Yoi,,Restaurant,Patong,,,,,,,7.89875,98.2998,osm,,,,,,
Yoko Zuna,,Restaurant,Rawai,,,,,,,7.7768,98.3193,osm,,,,,,
Young voss,,Tailor,Rawai,,,,,,,7.79255,98.32424,osm,,,,,,
Your place Karon Phuket,,Guesthouse,Karon,,,,,,,7.84935,98.29489,osm,,,,,,
Yoy Pochana,,Restaurant,Old Town,,,33 Thannon Krabi,Mo-Su 17:00-01:00,,,7.88487,98.38702,osm,,,,,,
Yoyo,,Restaurant,Karon,+66 92 689 1998,,,Mo-Su 11:00-22:30,,,7.84837,98.29416,osm,,,,,,
Yum Yum,,Restaurant,Mai Khao,,,"7 1 Mai Khao, Thalang District",Mo-Su 10:30-22:30,,,8.13518,98.31135,osm,,,,,,
Yum Yum On The Beach,,Restaurant,Mai Khao,,,,,,,8.13133,98.30034,osm,,,,,,
Yuma,,Restaurant,Karon,,,,Mo-Su 12:00-22:00,,,7.83361,98.29531,osm,,,,,,
Yummy,,Restaurant,Kathu,,,,,,,7.89952,98.34652,osm,,,,,,
Yunnan,,Restaurant,Phuket Town,,,,,,,7.88472,98.39105,osm,,,,,,
Z Bar,,Bar,Kata,,,,,,,7.81989,98.3015,osm,,,,,,
Z Bar Sala,,Bar,Paklok,,,,,,,8.06034,98.45769,osm,,,,,,
Zab Isaan Restaurant,,Restaurant,Nai Yang,,,,,,,8.09165,98.30512,osm,,,,,,
Zag Club,,Nightlife,Patong,,,,,,,7.89598,98.29974,osm,,,,,,
Zasa City,,Bar,Patong,,,,,,,7.89776,98.29717,osm,,,,,,
Zcape-2 Condo,,Hotel,Bang Tao,+66844565279,,,,,,7.99354,98.30369,osm,,,,,,
Zen eat,,Restaurant,Rawai,,,,,,,7.79271,98.32097,osm,,,,,,
ZEN Premium Prachanukroh Patong Beach,,Hotel,Patong,,,,,,,7.88402,98.29262,osm,,,,,,
Zenn Pharmacy,,Pharmacy,Chalong,,,,,,,7.85179,98.35451,osm,,,,,,
Zenseana,,Hotel,Patong,,,,,,,7.90506,98.30032,osm,,,,,,
Zero to nine,,Restaurant,Phuket Town,,,,,,,7.88114,98.39915,osm,,,,,,
Zeta pharmacy,,Pharmacy,Patong,,,,,,,7.89054,98.29638,osm,,,,,,
Zigma Espresso,,Café,Chalong,,,,,,,7.83802,98.34976,osm,,,,,,
Zimplex Mixology Laboratory,,Bar,Phuket Town,,,48 ถนนพังงา Phuket,Tu-Su 19:00-23:00,,,7.8827,98.3982,osm,,,,,,
Zippy Day Club,,Bar,Karon,+66 95 196 5556,,,Mo-Su 11:00-20:00; Tu off,,,7.83721,98.29518,osm,,,,,,
Zooco,,Restaurant,Koh Kaew,,,,,,,7.93429,98.43761,osm,,,,,,
Zorbing Rollerball,,Attraction,Patong,,,,,,,7.9164,98.29703,osm,,,,,,
Zugar,,Bar,Kata,,,,Mo-Su 14:00-03:00,,,7.81792,98.30119,osm,,,,,,
Zugar bar Shisha,,Bar,Kata,,,,,,,7.8174,98.30161,osm,,,,,,
Zurich Café,,Café,Airport,,,,,,,8.1078,98.30588,osm,,,,,,
За 150,,Massage & spa,Patong,,,,,,,7.89775,98.30178,osm,,,,,,
Макашечная 1,,Café,Patong,,,,,,,7.89075,98.30128,osm,,,,,,
Чехов,,Restaurant,Karon,+66 93 627 0325,,,Mo-Su 10:00-23:00,,,7.84323,98.29563,osm,,,,,,
กงสี ทีบาร์ สาขา สนามบินภูเก็ต,,Café,Nai Yang,,,28/13 สาคู,,,,8.09714,98.3065,osm,,,,,,
กระเพาะสมพรปาก,,Restaurant,Paklok,,,,Mo-Su 08:30-20:00,,,8.0123,98.35112,osm,,,,,,
ก๋วยเตี๋ยวต้มยำไข่ยางมะตูม,,Restaurant,Old Town,,,,,,,7.9036,98.37743,osm,,,,,,
ก๋วยเตี๋ยวต้มยำหมูชากังราว,,Restaurant,Old Town,086 909 1829,,4 ถนนปฏิพัทธิ์,Mo-Su 11:00-20:30,,,7.88435,98.38263,osm,,,,,,
ก๋วยเตี๋ยวนายต่อ บอกต่อ,,Restaurant,Bang Tao,,,,,,,8.02691,98.33014,osm,,,,,,
ก๋วยเตี๋ยวเบรคแตก,,Restaurant,Phuket Town,+66951989328,,,We-Mo 08:30-18:00,,,7.88327,98.39707,osm,,,,,,
ก๋วยเตี๋ยวเรือ,,Restaurant,Old Town,+66 62 871 8200,,258 ถนนเยาวราช,Th-Tu 10:00-21:30,,,7.90188,98.38054,osm,,,,,,
ก๋วยเตี๋ยวเรือ อาหารตามสั่ง,,Restaurant,Kata,+66 92 668 78 92,,,,,,7.82914,98.30138,osm,,,,,,
ก๋วยเตี๋ยวเรือลอยลำ,,Restaurant,Old Town,,,,,,,7.90205,98.37745,osm,,,,,,
กหลิม รีสอร์ท,,Hotel,Patong,,,,,,,7.91223,98.29587,osm,,,,,,
ก้องกาแฟ,,Café,Chalong,,,เจ้าฟ้าตะวันตก,,,,7.83757,98.33602,osm,,,,,,
กะตะวิวพอยท์ รีสอร์ท,,Hotel,Kata,,,,,,,7.81633,98.30344,osm,,,,,,
กันเอง2,,Restaurant,Chalong,,,,,,,7.82507,98.34633,osm,,,,,,
กาแฝบ้านเพื่อน,,Café,Bang Tao,+66 64 416 8666,,,Mo-Su 07:00-18:00,,,8.02786,98.33231,osm,,,,,,
กุ้งแดง,,Restaurant,Karon,,,ถนนปฏัก,,,,7.8472,98.29823,osm,,,,,,
กูช่าย ตระกูลโล่,กูช่าย ตระกูลโล่,Restaurant,Old Town,,,,10:00-20:00,,,7.87191,98.38482,osm,,,,,,
เกรซฟาร์มาซี,,Pharmacy,Paklok,+66 84 344 8250,,114/47 Moo 5,Mo-Su 08:00-21:00,,,7.98287,98.36548,osm,,,,,,
เกาะยาวมุสลิม,,Restaurant,Old Town,,,,,,,7.89606,98.38478,osm,,,,,,
โกจาด ข้าวต้มกระดูกหมูตุ๋น,,Restaurant,Old Town,0860418979,,128,Mo-Su 10:00-23:00,,,7.91755,98.36998,osm,,,,,,
โกซ้งคนโบราณ,,Restaurant,Old Town,,,,,,,7.88259,98.38559,osm,,,,,,
โก้ดำ ข้าวมันไก่สามกอง,,Restaurant,Old Town,,,,,,,7.90211,98.37893,osm,,,,,,
โกเทียนข้าวราดเทียน,,Restaurant,Old Town,,,,Mo-Su 07:00-16:00,,,7.88068,98.37036,osm,,,,,,
โกล์ด แชเรียทโฮเทล,โกล์ด แชเรียทโฮเทล,Hotel,Bang Tao,,,,,,,8.01205,98.31501,osm,,,,,,
โกลด์ชูตเตอร์คลับ,,Gym & fitness,Nai Harn,+6676390185,https://goldshooterphuket-online.globaltix.com/,,Mo-Su 09:30-17:30,,,7.76434,98.30967,osm,,,,,,
โกอ้านเบียร์วุ้น,,Market,Kathu,,,,,,,7.89938,98.3429,osm,,,,,,
โกเฮง,,Restaurant,Old Town,,,,,,,7.90264,98.37732,osm,,,,,,
ไกช,ไก่ซุปเปอร์,Restaurant,Old Town,+66 61 629 7919,https://m.facebook.com/profile.php/?id=100064186471064,,Mo-Sa 11:00-21:00,,,7.89174,98.3877,osm,,,,,,
ไก่ย่างวิเชียร 99 ริมป่ามาร์เก็ต - Wichian 99 Grilled Chicken,,Restaurant,Old Town,+66 92 619 2959,https://www.facebook.com/Wichian99GrilledChicken,95/4 ถนนบางกอก ตลาดเหนือ,Mo-Su 09:00-20:00,,,7.87943,98.38285,osm,,,,,,
ขนมจีนป้ามัย,,Restaurant,Old Town,,,,,,,7.88655,98.3854,osm,,,,,,
ขนมจีนสะพานหิน,ขนมจีนสะพานหิน,Restaurant,Phuket Town,,,,,,,7.86802,98.39618,osm,,,,,,
ของฝากภูเก็ต,,Souvenirs & gifts,Airport,+66800832287,,,Mo-Su 09:00-24:00,,,8.10092,98.3071,osm,,,,,,
ข้าวแกง จี้จู้,,Restaurant,Old Town,,,ปากทางเข้าซอย ปุ่นเถ้าก้อง กระทู้,6:30 ; 11: 00 น  หยุดวัน จันทร์,,,7.89792,98.36229,osm,,,,,,
ข้าวต้มหัวพาน,,Restaurant,Cherngtalay,+66 65 3969656,,,Mo-Su 17:00-00:00,,,8.00709,98.34274,osm,,,,,,
ข้าวมันไก่ นายเล็ก สาขาท่าเรือ,,Restaurant,Paklok,+66 89 874 5541,,73,,,,7.98348,98.36618,osm,,,,,,
ข้าวมันไก่ วรารัตน์,,Restaurant,Koh Kaew,0902878677,,,,,,7.92343,98.38055,osm,,,,,,
ข้าวมันไก่ตอน เจ้มุก,,Restaurant,Cherngtalay,,,,,,,7.97969,98.36284,osm,,,,,,
ครัวของหรอย,,Restaurant,Bang Tao,0980168652,https://www.facebook.com/kongroikitchen,ดอนจอมเฒ่า เทพกระษัตรี,,,,8.02332,98.32828,osm,,,,,,
ครัวข้าวแกงไทย,,Restaurant,Old Town,,,,,,,7.9034,98.37708,osm,,,,,,
ครัวคุณติ๋ม,,Restaurant,Chalong,097086411,,8/11 Chowfa rd Muang เจ้าฟ้าตะวันตก,24/7,,,7.8346,98.33336,osm,,,,,,
ครัวคุณโต้ง,,Restaurant,Old Town,,,,,,,7.89782,98.37421,osm,,,,,,
ครัวต้นพลู,,Restaurant,Patong,,,,,,,7.87894,98.307,osm,,,,,,
ครัวทะเลน้อย,,Restaurant,Old Town,,,,,,,7.89371,98.38586,osm,,,,,,
ครัวพริกแกง@ภูเก็ต,,Restaurant,Phuket Town,,,,,,,7.8878,98.39339,osm,,,,,,
ครัวสมายสามกอง,,Restaurant,Old Town,,,,,,,7.90271,98.37679,osm,,,,,,
คาเฟ่ เดล มาร์ ภูเก็ต,,Nightlife,Kamala,,,,,,,7.96209,98.28432,osm,,,,,,
คาเฟ่ อเมซอน,คาเฟ่ อเมซอน,Café,Old Town,,,,Mo-Su 07:00-20:00,,,7.87712,98.37943,osm,,,,,,
คิงคา ศุภภะมวยไทย,,Gym & fitness,Rawai,076226495,http://supamuaythaiphuket.com,43/42 ถนนวิเศษ,Mo-Sa 07:00-20:30; Su 09:00-18:00,,,7.78971,98.32823,osm,,,,,,
คุณชัยชวนชิม,,Restaurant,Old Town,,,,Mo-Su 06:00-22:00,,,7.88053,98.37279,osm,,,,,,
แคแร็มโบลา คาเฟ่,,Café,Old Town,,,,,,,7.88657,98.37506,osm,,,,,,
จงชงดี สาขาถนนเจ้าฟ้าตะวันตก,,Café,Chalong,0987423213,,89/4 ถนนเจ้าฟ้าตะวันตก Chalong,Mo-Sa 06:00-18:00,,,7.82855,98.34025,osm,,,,,,
จ่วนเฮี้ยงติ่มซำ,จ่วนเฮี้ยงติ่มซำ,Restaurant,Phuket Town,,,,,,,7.8795,98.39356,osm,,,,,,
จอมหมูกรอบ,,Restaurant,Old Town,,,,,,,7.90437,98.37774,osm,,,,,,
จุดรับผู้โดยสารแกร็บ,,Transport,Airport,,,,,,,8.107,98.30625,osm,,,,,,
จุดให้อาหารลิง,,Attraction,Old Town,,,,,,,7.89381,98.37951,osm,,,,,,
เจ สุขใจ,,Restaurant,Cherngtalay,,,,,,,7.98934,98.30525,osm,,,,,,
เจี๊ยะ ข้าวต้ม,,Restaurant,Old Town,,,,,,,7.90203,98.37923,osm,,,,,,
โจ๊กฉลอง,,Restaurant,Chalong,,,,Mo-Su 06:00-14:00,,,7.83126,98.33956,osm,,,,,,
ชายสี่,,Street food,Cherngtalay,,,,,,,8.00537,98.34402,osm,,,,,,
ชายสี่หมี่เกี๊ยว สามกอง,,Restaurant,Old Town,,,,,,,7.90447,98.37775,osm,,,,,,
ชูการ์ มารีน่า ป็อป,,Hotel,Kata,+66 94 436 7175,,,,,,7.82337,98.29868,osm,,,,,,
เช่ารถรายวัน,,Vehicle rental,Nai Yang,,https://trueleasing.co.th/,,,,,8.09852,98.30701,osm,,,,,,
เชิงทะเลหมูกะทะ,,Restaurant,Cherngtalay,,,,,,,7.99665,98.30904,osm,,,,,,
โชคชัย ติ่มซำ,,Restaurant,Old Town,,,,,,,7.88754,98.37577,osm,,,,,,
ซิลเวอร์โอ๊คคาเฟ่,,Café,Airport,0842899888,,ซอยในยาง 13/1,,,,8.10123,98.31131,osm,,,,,,
ซี.เค. นวดเพื,ซี.เค. นวดเพื่อสุขภาพ,Massage & spa,Koh Kaew,+66626623282,,131/56,Mo-Su 09:00-20:00,,,7.92301,98.38443,osm,,,,,,
เซ็นเตอร์ พ้อยท์ วิจเลจ,,Hotel,Karon,+66 86 509 2424,,,,,,7.84315,98.29477,osm,,,,,,
ณีรานภา,,Hotel,Kata,+66 76 333 210,https://niranapa.com,,,,,7.8208,98.29983,osm,,,,,,
เดอะเวสทิน สิเหร่เบย์ รีสอร์ทแอนด์สปา ภูเก็ต,,Hotel,Phuket Town,,,,,,,7.87226,98.42888,osm,,,,,,
ตลาดเกษตร,,Market,Phuket Town,,,,,,,7.87791,98.39525,osm,,,,,,
ตลาดชิลล์วา 2 (อาหารทะเล),,Market,Old Town,+66991521919,https://facebook.com/Chillvamarket,141/2,Mo-Sa 16:00-23:00,,,7.90697,98.37053,osm,,,,,,
ตลาดชุมชน บ้านบ่อแร่,,Market,Chalong,,,,,,,7.84158,98.37725,osm,,,,,,
ตลาดเช้าหน้าโรงไฟฟ้า,,Street food,Koh Kaew,,,,Mo-Su 04:00-09:00,,,7.91559,98.39397,osm,,,,,,
ตลาดนัดโกเบ๋งบ้านพอน,,Market,Cherngtalay,,,,"Mo,We,Fr 16:00-20:00",,,7.99713,98.33728,osm,,,,,,
ตลาดนัดชิลล์วา,,Market,Old Town,+66991521919,https://facebook.com/Chillvamarket,141/2,Mo-Sa 16:00-23:00,,,7.90734,98.37341,osm,,,,,,
ตลาดสดสาธารณะ 1,,Market,Old Town,,,,,,,7.88299,98.38599,osm,,,,,,
ตำหนักนวดไท,,Massage & spa,Old Town,,,soi Vichitthanee,,,,7.8948,98.36498,osm,,,,,,
ติ่มซำ,,Restaurant,Old Town,,,,,,,7.88632,98.3758,osm,,,,,,
ตี๋ซิ่ง เวสป้า,,Vehicle rental,Old Town,+66858807347,,375/10 Yaowarad Soi 2,Mo-Su 10:00-20:00,,,7.9062,98.37797,osm,,,,,,
เตี๋ยวเรือ4พระยา,,Restaurant,Cherngtalay,,,,Mo-Su 09:30-07:00,,,8.00446,98.34498,osm,,,,,,
ถ,ถลาง กุ้งกะทะ,Restaurant,Bang Tao,,,"Thep Krasatti, Thalang District",,,,8.02319,98.32788,osm,,,,,,
ถนน เจ้าฟ้าตะวันออก,,Restaurant,Chalong,+66864756336,https://www.teatroprovincial.gob.ar/,199 Thanon Chao Fah Tawan Ok,,,,7.84652,98.35095,osm,,,,,,
ถนนคนเดิน หลาดใหญ่,,Market,Phuket Town,,,,Su 18:00-22:00,,,7.88477,98.38911,osm,,,,,,
ถนนถลาง,ถนนถลาง,Attraction,Phuket Town,,,,,,,7.88477,98.38914,osm,,,,,,
ถนนบางลา,ถนนบางลา,Attraction,Patong,,,,,,,7.8932,98.29813,osm,,,,,,
ถาวร ปาล์ม บีช รีสอร์ท,,Hotel,Karon,+66 76 396 090,https://www.thavornpalmbeach.com,,,,,7.83632,98.2964,osm,,,,,,
ท้บทิม,,Pharmacy,Chalong,,,,,,,7.84316,98.33471,osm,,,,,,
ทองหล่อ90 ภูเก็ต,ทองหล่อ90 ภูเก็ต,Restaurant,Chalong,,,,,,,7.82297,98.33668,osm,,,,,,
ทอมหลุม,,Café,Airport,,,,,,,8.11863,98.30815,osm,,,,,,
ทัชซี,,Restaurant,Kata,+66 91 859 9222,,,Mo-Su 07:00-22:00,,,7.82994,98.29519,osm,,,,,,
ทางเดินอาหาร,,Restaurant,Surin,+66629040547,http://gastroport.tilda.ws,Soi had surin 8,Su 10:00-23:00,,,7.98378,98.28207,osm,,,,,,
ทางแยกธนาคารชาร์เตอร์,ทางแยกธนาคารชาร์เตอร์,Attraction,Phuket Town,,,,,,,7.8836,98.39085,osm,,,,,,
ทุ่งคา-กาแฟ สาขาเขารัง,,Restaurant,Old Town,,,,Mo-Su 11:00-22:00,,,7.89304,98.38013,osm,,,,,,
ไทยวด,,Massage & spa,Old Town,,,,,,,7.8785,98.37275,osm,,,,,,
นวดครอบครัว,,Beauty & spa,Kata,,,116 Soi Taina,Mo-Su 10:00-22:00,,,7.82639,98.29738,osm,,,,,,
น้องหญิงซีฟู้ด,,Market,Kathu,,,,,,,7.91107,98.33299,osm,,,,,,
นายพล อาหารตามสั่ง,,Restaurant,Old Town,,,,,,,7.89352,98.38588,osm,,,,,,
นายยกหมู หมูกะทะ & ซีฟู้ด,,Restaurant,Old Town,,,100/625 ศรีสุชาติ 11 Ratsada,,,,7.91576,98.37132,osm,,,,,,
น้ำตก,,Attraction,Paklok,,,,,,,8.02818,98.36533,osm,,,,,,
น้ำตกบางแป,,Attraction,Paklok,,,,,,,8.03823,98.39041,osm,,,,,,
แนนบาร์,,Bar,Karon,0815431581,,Thaina Road,24/7,,,7.83372,98.29583,osm,,,,,,
บริษัท บูมเมอแรง คลับ จำกัด,,Restaurant,Kata,,,,,,,7.82736,98.29913,osm,,,,,,
บริษัท ปุ้ม ไทย ฟู้ด เชน จำกัด,,Restaurant,Patong,,,,,,,7.89076,98.29684,osm,,,,,,
บะหมี่ตลาดขวางพังงา สาขาสามกอง,,Restaurant,Old Town,,,,,,,7.9015,98.37758,osm,,,,,,
บะหมี่น้ำฮกเกี้ยน,,Restaurant,Old Town,,,,,,,7.90443,98.37775,osm,,,,,,
บะหมี่ป๊อก ป๊อก,,Restaurant,Old Town,,,,,,,7.90268,98.37665,osm,,,,,,
บางกอกข้าวมันไก่บ้าน,,Restaurant,Old Town,,,,,,,7.90211,98.37755,osm,,,,,,
บ้าน 104 Coffee,,Café,Koh Kaew,+66807822545,,156/6 ถนนโบ๊ตพัฒนา 3 เกาะแก้ว,Mo-Su 8:30-18:30,,,7.93558,98.37987,osm,,,,,,
บ้านกาแฟ,,Restaurant,Old Town,0897287973,,,Mo-Su 09:00-17:00,,,7.90844,98.38889,osm,,,,,,
บ้านชินประชา,,Museum,Old Town,,,,mo-su 09:00-16:30,,,7.88578,98.38394,osm,,,,,,
บ้านตีลังกา,,Attraction,Koh Kaew,,,ถนนเทพกระษัตรี,Mo-Su 10:00-18:00,,,7.93844,98.37962,osm,,,,,,
บ้านโรตี,,Café,Cherngtalay,,,,,,,7.99732,98.30938,osm,,,,,,
บ้านลาบ,บ้านลาบ,Restaurant,Patong,,,,,,,7.88325,98.29312,osm,,,,,,
บ้านอิฉัน,,Guesthouse,Panwa,,,10/37 4024 ถนนวิเศษ,,,,7.8042,98.33558,osm,,,,,,
บายดี ฟาร์มาซี,,Pharmacy,Chalong,+66 98 3738858,,78/10,Mo-Su 08:00-00:00,,,7.82782,98.34028,osm,,,,,,
บาร์เบียร์ฝรั่ง,,Bar,Kathu,,,,Mo-Su 12:00-02:00,,,7.9109,98.33346,osm,,,,,,
บียอนด์ กะตะ,,Hotel,Kata,+66 76 360 333,https://kata.beyondresort.com/,,,,,7.81607,98.30032,osm,,,,,,
บียอนด์ กะรน,,Hotel,Kata,+66 76 330 006,https://karon.beyondresort.com,,,,,7.82956,98.29494,osm,,,,,,
บู คอฟฟี่,,Café,Koh Kaew,,,92/5 เกาะแก้ว เมือง ภูเก็ต ถนนเทพกระษัตรี,,,,7.95654,98.38771,osm,,,,,,
บูมเมอร์แรงอินน์,,Hotel,Patong,076 342 182,http://www.boomeranginn.com,Hat Patong Road,,,,7.90003,98.29965,osm,,,,,,
บู๊ลิ้มหม้อไฟ,,Restaurant,Old Town,,ajindai.com,,,,,7.8718,98.38503,osm,,,,,,
เบอร์เกอร์ควีน,,Restaurant,Kata,+66 85 571 7566,,,Mo-Sa 15:00-24:00,,,7.82484,98.29761,osm,,,,,,
ปากน้ำซีฟู้ด,,Restaurant,Phuket Town,076 240 240,,,,,,7.89649,98.40985,osm,,,,,,
ผัดไทยโบราณ,,Restaurant,Old Town,,,,Mo-Sa 08:30-19:00,,,7.88068,98.38567,osm,,,,,,
ผัดหมี่,,Restaurant,Phuket Town,,,,,,,7.88007,98.39215,osm,,,,,,
พระพุทธมิ่งมงคลเอกเนาคคีรี,พระพุทธมิ่งมงคลเอกเนาคคีรี,Attraction,Kata,,https://phuket-big-buddha.com/,,,,,7.82773,98.31281,osm,,,,,,
พลับพลาที่ประทับกรมหลวงชุมพรเขตอุดมศักดิ์ สะพานหิน,,Museum,Phuket Town,,,,,,,7.86597,98.39779,osm,,,,,,
พอดี โฮมคาเฟ่,,Café,Old Town,,,,Tu-Su 10:30-20:30,,,7.90198,98.37735,osm,,,,,,
พิพิธภัณฑ์เพอรานากัน,พิพิธภัณฑ์เพอรานากัน,Museum,Phuket Town,,https://peranakanphuketmuseum.com/,,,,,7.88375,98.39069,osm,,,,,,
พิพิธภัณฑสถานแห่งชาติ ถลาง,,Museum,Koh Kaew,0763798957,https://www.finearts.go.th/talangmuseum,,We-Su 09:00-16:00,,,7.98093,98.36694,osm,,,,,,
พิมพ์ฟาร์มาซี,,Pharmacy,Old Town,,,,,,,7.90528,98.37784,osm,,,,,,
แฟชายเขา สวนตาวิน,,Café,Paklok,+66816913430,,,Mo-Su 09:00-18:30,,,8.03577,98.35754,osm,,,,,,
ภูเก็ตคันทรีคลับ,ภูเก็ตคันทรีคลับ,Golf,Kathu,,,,,,,7.90017,98.34367,osm,,,,,,
ภูเก็ตเรดดี้มิก,ภูเก็ตเรดดี้มิก,Attraction,Koh Kaew,,,,,,,7.91903,98.3947,osm,,,,,,
มกะรนเบย์วิว,,Hotel,Karon,+66 76 396 542,,,,,,7.85336,98.29225,osm,,,,,,
มาที่นี่ เฮ้าส์,,Bar,Cherngtalay,+66 92-079-5226,https://www.facebook.com/martinihousephuket/,,Mo-Su 17:00-00:00,,,8.00153,98.34547,osm,,,,,,
มายามี่,,Café,Patong,+66637643107,https://www.miami-production.com,79/1 ถนนพระเมตตา,Su-Sa 09:00-18:00,,,7.88595,98.29757,osm,,,,,,
มาลัย อาหารตามสั่ง,,Restaurant,Phuket Town,,,,Mo-Fr 09:00-20:00; Sa-Su 09:00-15:00,,,7.88678,98.39279,osm,,,,,,
มาลาติ่มซำ,,Restaurant,Kata,,,,,,,7.82297,98.30297,osm,,,,,,
มิวเซียมภูเก็ต,มิวเซียมภูเก็ต,Museum,Phuket Town,,,,Tu-Su 09:00-16:30,,,7.88348,98.39075,osm,,,,,,
มีนาเทล,มีนาเทล,Hotel,Patong,,,5/53 ถนนราษฎร์อุทิศ200ปี,,,,7.90007,98.29938,osm,,,,,,
มุกดี ชิพ้ด,มุกดี ชิพ้ด,Restaurant,Rawai,,,ม.2 ถนนวิเศษ,,,,7.77565,98.32865,osm,,,,,,
มูนสโตน คาเฟ่,,Café,Cape Panwa,,,,Mo-Su 08:00-19:00,,,7.82956,98.40594,osm,,,,,,
เมืองเก่าภูเก็ต,เมืองเก่าภูเก็ต,Attraction,Phuket Town,,,,,,,7.88478,98.38922,osm,,,,,,
เมืองอาหารตลาด,,Market,Old Town,,,,,,,7.88392,98.38609,osm,,,,,,
แม่กินรีเกี้ยนทอด,,Restaurant,Paklok,0645700003,,ถนนบ่อกรวด,Mo-Sa 09:00-18:00,,,8.03012,98.34077,osm,,,,,,
แม่แสงชีฟู้ด,,Restaurant,Karon,,,,,,,7.8432,98.295,osm,,,,,,
ไม้หมอน ฟอเรสต์,,Restaurant,Phuket Town,,,,,,,7.88449,98.39438,osm,,,,,,
ยาเมืองใหม่,,Pharmacy,Airport,,,,,,,8.08824,98.34167,osm,,,,,,
เย็นเตาโฟ จี้ลี่,,Restaurant,Old Town,,,,Mo-Sa 08:00-18:30; Su off,,,7.88655,98.3859,osm,,,,,,
เยาว์เย็นตาโฟ,,Restaurant,Old Town,,,93 Sakdidejana Soi 1,"We, Sa-Mo 10:00-19:00; Tu, Th-Fr 10:00-20:00",,,7.87087,98.38325,osm,,,,,,
รถมอเตอร์ไซด์ให้เช่า,,Vehicle rental,Kata,,,118 Soi Taina,Mo-Su 09:00-20:30,,,7.82638,98.29729,osm,,,,,,
ระเบียง,,Restaurant,Kata,+66824227789,http://русскаякухняпхукет.оф,99 Pak Bang Road,Mo-Su 12:00-22:00,,,7.82576,98.29641,osm,,,,,,
ร้าน HY,,Restaurant,Phuket Town,,,,,,,7.87601,98.42963,osm,,,,,,
ร้านก๋วยเตี๋ยวภูเก็จ,,Restaurant,Cherngtalay,+66874654831,,,Su-Fr 09:30-20:30,,,8.00358,98.34566,osm,,,,,,
ร้านกองเงิน,,Restaurant,Old Town,,,,,,,7.91669,98.37219,osm,,,,,,
ร้านข้าวต้มนายดาบ,,Restaurant,Old Town,,,,,,,7.89345,98.38588,osm,,,,,,
ร้านข้าวต้มริมทาง ภูเก็ต,,Restaurant,Old Town,,,,,,,7.90216,98.37876,osm,,,,,,
ร้านข้าวต้มหน้าโรงไฟฟ้า,,Restaurant,Koh Kaew,,,,Mo-Su 05:30-10:30,,,7.9158,98.39406,osm,,,,,,
ร้านข้าวมันไก่เจ๊ตา,,Restaurant,Old Town,,,,Mo-Su 06:00-15:00,,,7.86255,98.3803,osm,,,,,,
ร้านชูชิมั้ย,,Restaurant,Old Town,,,,,,,7.90308,98.37661,osm,,,,,,
ร้านเด็กซน,,Restaurant,Old Town,,,,,,,7.9032,98.37743,osm,,,,,,
ร้านตลุง,,Restaurant,Old Town,,,,,,,7.90039,98.3806,osm,,,,,,
ร้านติ่มซำ สามกอง,,Restaurant,Old Town,,,,,,,7.90229,98.37842,osm,,,,,,
ร้านเต้าซ้อแม่บุญธรรม สาขาสามกอง,,Souvenirs & gifts,Old Town,,,,,,,7.90139,98.37773,osm,,,,,,
ร้านน้องเจ,,Restaurant,Old Town,,,,,,,7.88668,98.3824,osm,,,,,,
ร้านนายเคี้ยง,,Restaurant,Koh Kaew,,,,Mo-Su 10:00-20:30,,,7.92353,98.38321,osm,,,,,,
ร้านบะหมี่เกี๊ยว&ลอดช่องใบเตย(เส้นทำเอง),,Restaurant,Cherngtalay,,,,,,,8.00942,98.34076,osm,,,,,,
ร้านบ้านยาคุณเยาว์,,Pharmacy,Old Town,,,,,,,7.90274,98.37676,osm,,,,,,
ร้านปาท่องโก๋ โกชัย,,Café,Phuket Town,,,344 ถนนภูเก็ต,Mo-Su 18:30-05:00,,,7.87695,98.39346,osm,,,,,,
ร้านเป็ดย่างชิกกี่,,Restaurant,Old Town,,,,,,,7.89111,98.38596,osm,,,,,,
ร้านมิสเตอร์ชัย,,Restaurant,Koh Kaew,+66981608371,,,Mo-Fr 07:30-15:00,,,7.97879,98.36596,osm,,,,,,
ร้านเมธี ภูเก็ต,,Souvenirs & gifts,Phuket Town,+6676219622,,,Mo-Su 09:00-17:30,,,7.88162,98.39547,osm,,,,,,
ร้านแม่พร ซีฟู้ต,,Restaurant,Old Town,,,,,,,7.90103,98.37951,osm,,,,,,
ร้านยากินิคุสามกอง 99999,,Restaurant,Old Town,,,,,,,7.90123,98.37776,osm,,,,,,
ร้านลาภขอนแก่น,,Restaurant,Cherngtalay,+660944498901,,,Mo-Su 10:00-22:00,,,7.98511,98.3208,osm,,,,,,
ร้านลุงป้ากระเพราถาด,,Restaurant,Paklok,+66879225024,,,,,,7.98851,98.37143,osm,,,,,,
ร้านสามกองน้ำเต้าหู้ 2538,,Restaurant,Old Town,,,,,,,7.90204,98.3792,osm,,,,,,
ร้านหนมจีนพังงา สาขาสามกอง,,Restaurant,Old Town,,,,,,,7.90197,98.37732,osm,,,,,,
ร้านอัดรูป ของขวัญ ช่อดอกไม้ เบเกอรี่ | Richy Surprise Party,,Souvenirs & gifts,Koh Kaew,+66612938131,,37/263 ซอยเกาะแก้ว 6/2 เกาะแก้ว,Mo-Sa 09:00-18:00,,,7.94216,98.39925,osm,,,,,,
ร้านอาหาร ระย้า,,Restaurant,Phuket Town,,,48/1,Mo-Su 10:00-22:00,,,7.88593,98.3909,osm,,,,,,
ร้านอาหารจอร์เจียนในภูเก็ต - ทบิลิซิ,,Restaurant,Bang Tao,+66980189906,https://georgian-restaurant-phuket.com,"49/81 GreenPlaza Zone, Boat Avenue Bandon-Cherng talay road","Tu-Su 12:00-15:00, 18:00-22:00",,,7.99485,98.30431,osm,,,,,,
ร้านอาหารเจดอกบัว,,Restaurant,Old Town,,,,,,,7.90133,98.37759,osm,,,,,,
ร้านอาหารมังสวิรัติ,,Restaurant,Old Town,,,,,,,7.88371,98.38345,osm,,,,,,
ร้านอาหารร่มไทรบ้ามมาคาเล,ร้านอาหารร่มไทรบ้ามมาคาเล,Restaurant,Kamala,0887521349,,,Mo-Su 11:00-20:00,,,7.92294,98.2768,osm,,,,,,
ร้านอาหารลาวอินเตอร์,,Restaurant,Rawai,,,120/04 ถนนใสยวน,,,,7.79268,98.32355,osm,,,,,,
ร้านอิ่มเช้า,,Restaurant,Old Town,,,,,,,7.90239,98.3768,osm,,,,,,
ร้านาหารแหลมพรหมเทพภูเก็ต,,Restaurant,Nai Harn,,,,,,,7.76232,98.30628,osm,,,,,,
โรง ชา ปัตตานี,,Restaurant,Airport,,,,,,,8.10072,98.30707,osm,,,,,,
โรงแรม สิเหน่ ภูเก็ต ลักซ์ชัวรี่,,Hotel,Phuket Town,,,,,,,7.87223,98.43178,osm,,,,,,
โรงแรมกะตะธานี ภูเก็ต บีช รีสอร์ท,,Hotel,Kata,+66 76 318 350,https://www.katathani.com,,,,,7.8075,98.29955,osm,,,,,,
โรงแรมชนาลัย การ์เด้น รีสอร์ท,,Hotel,Kata,+66 76 285 211,,,,,,7.81335,98.29927,osm,,,,,,
โรงแรมป่าตอง เฮอริเทจ,โรงแรมป่าตอง เฮอริเทจ,Hotel,Patong,+66 76 335 888,https://www.thekeeresort.com/,,,,,7.88925,98.29667,osm,,,,,,
โรงแรมภูคีตา,,Hotel,Old Town,,,,,,,7.90974,98.39158,osm,,,,,,
โรงแรมรุ่งระวี ฟอเรสท์ ภูเก็ต,,Hotel,Old Town,,,,,,,7.89935,98.38421,osm,,,,,,
โรงแรมอาร์ซีบีป่าตอง,โรงแรมอาร์ซีบีป่าตอง,Hotel,Patong,+66 76 366 762,http://www.rcbpatong.com,155/8 ถนนส่วนบุคคล,24/7,,,7.89164,98.30067,osm,,,,,,
โรงอาหารสำนักงาน AOT,,Street food,Airport,,,,,,,8.10348,98.30624,osm,,,,,,
ล็อบสเตอร์สแควร์,,Restaurant,Kata,,,,Mo-Su 10:00-22:00,,,7.81385,98.29899,osm,,,,,,
ลิซ่า มาสสาจ,,Massage & spa,Bang Tao,0611857146,https://www.facebook.com/lisamassagebangtao,72/43 Soi Bangtao,Mo-Su 10:00-23:00,,,7.98623,98.29093,osm,,,,,,
ลีโอ ภูเก็ต ทัวร์,,Tours & travel,Karon,+66 89 874 5441,,,,,,7.85061,98.29384,osm,,,,,,
ลุงป้า กระเพราถาด,,Restaurant,Paklok,+66 87 922 5024,,,Th-Tu 09:00-20:30,,,7.99011,98.36059,osm,,,,,,
เล้ง โภชนา,,Restaurant,Old Town,,,,,,,7.90301,98.37681,osm,,,,,,
เลอปลาเผาภูเก็ต,,Restaurant,Paklok,,,,,,,7.98774,98.37064,osm,,,,,,
วงเวียนสุรินทร์,วงเวียนหอนาฬิกา,clock,Phuket Town,,,,,,,7.88041,98.39222,osm,,,,,,
วันจันทร์ บ้านอาหารไทย,,Restaurant,Phuket Town,076-355909,,,Mo-Su 10:00-22:00,,,7.88578,98.39069,osm,,,,,,
วินริสา เพลส,,Hotel,Nai Yang,+66949949333,https://www.facebook.com/winrisaplace99,28/13 Winrisa Place สาคู,,,,8.09712,98.30669,osm,,,,,,
เวลตี้แคร์,,Pharmacy,Kata,,,,,,,7.82496,98.29723,osm,,,,,,
ศรีพันวา,ศรีพันวา,Hotel,Cape Panwa,,,,,,,7.8033,98.40954,osm,,,,,,
สงวนพรวิว 2,,Guesthouse,Patong,,,45 ซอย พระบารมี 3 Patong,,,,7.90676,98.30692,osm,,,,,,
สเต็กลุงหยิก,,Restaurant,Old Town,,,,,,,7.90302,98.3771,osm,,,,,,
ส้มตำ ยโสธร,,Restaurant,Old Town,,,,,,,7.90357,98.37732,osm,,,,,,
สยาม,,Bar,Kata,,,,,,,7.82496,98.29733,osm,,,,,,
สวนบังแม็ก กมลา,,Café,Kamala,+66843766746,,,Mo-Fr 08:00-18:00; Sa-Su 05:00-18:00,,,7.95094,98.30923,osm,,,,,,
สวนป๋า คาเฟ่,,Café,Paklok,+66904934364,,,Tu-Su 10:00-20:00; Mo off,,,8.0431,98.40626,osm,,,,,,
สวนสาธารณะเขารัง,,Attraction,Old Town,,,,,,,7.89338,98.37997,osm,,,,,,
สวนสาธารณะเฉลิมพระเกียรติ,สวนสาธารณะเฉลิมพระเกียรติ,Attraction,Old Town,,,,,,,7.87535,98.37466,osm,,,,,,
สวีทเดวิลคาเฟ่,,Café,Old Town,66877675911,https://facebook.com/SweetDevilPhuket,,Mo-Su 12:00-00:00,,,7.87849,98.38071,osm,,,,,,
สะพานไม้หาดในทอน,,Attraction,Nai Yang,,,,,,,8.05451,98.27822,osm,,,,,,
สุกี้สไปซี่ สตาร์ สาขาสามกองภูเก็ต,,Restaurant,Old Town,,,,,,,7.90215,98.37722,osm,,,,,,
เสื่อ ผืน หมอน ใบ,,Café,Kata,+6680 992 9983,,,,,,7.82833,98.29307,osm,,,,,,
หน้าบ้านhomecafe,,Café,Koh Kaew,,,8/2 ซอยพัชนี-บางชีเหล้า,Th-Tu 09:00-19:00,,,7.91348,98.39415,osm,,,,,,
หมี่เป๊ะเถว,,Restaurant,Old Town,,,,,,,7.90186,98.37719,osm,,,,,,
ห้องประชุมดวงจิตร รคสอร์ท,,Hotel,Patong,,,,,,,7.88427,98.28847,osm,,,,,,
ห้างหุ้นส่วนจำกัด กะตะ ซัน บีช,,Hotel,Kata,,,,,,,7.81752,98.30618,osm,,,,,,
หาดกะตะ,หาดกะตะน้อย,Attraction,Kata,,,,,,,7.81939,98.29603,osm,,,,,,
หาดกะตะน้อย,หาดกะตะน้อย,Attraction,Kata,,,,,,,7.8063,98.29868,osm,,,,,,
แหลมหินซีฟู้ด,,Restaurant,Koh Kaew,,,,,,,7.93572,98.40737,osm,,,,,,
อมรพันธ์ ตี่นซ่ำ,,Restaurant,Cherngtalay,+66 99 3100594,,11,Mo-Su 06:00-13:00,,,8.00395,98.34536,osm,,,,,,
อมารี ภูเก็ต,อมารี ภูเก็ต,Hotel,Patong,,,,,,,7.88604,98.28443,osm,,,,,,
อันนา ก๋วยเตี๋ยวรสเด็ด,,Restaurant,Paklok,,,,,,,8.03033,98.40139,osm,,,,,,
อันมิวเรสซิเด้น,อันมิวเรสซิเด้น,Hotel,Old Town,0936431203,,27/5 ถนนเจ้าฟ้า,,,,7.87094,98.37638,osm,,,,,,
อ่าวปอ Potato Cheese,,Restaurant,Paklok,+66 93 586 1492,,,Fr-We 13:00-22:00,,,8.06284,98.43286,osm,,,,,,
เอพอร์ตโฮทเทล,,Hotel,Airport,,,,,,,8.10857,98.31021,osm,,,,,,
แอด ไทม์,,Nightlife,Phuket Town,,,,,,,7.88013,98.39299,osm,,,,,,
โอ๊ะโอ,,Restaurant,Kata,,,,,,,7.82164,98.29931,osm,,,,,,
ไอบิส ภูเก็ต กะตะ,,Hotel,Kata,+66 76 363 488,,,,,,7.82284,98.29911,osm,,,,,,
ฮูลาฮูล่า สเต็ก,,Restaurant,Old Town,087 574 8871,https://www.facebook.com/taninhulahula1319,ถนน วิชิตสงคราม วิชิต,,,,7.88759,98.37172,osm,,,,,,
เฮงเฮงเฮง,,Restaurant,Airport,+6676327557,,,,,,8.10022,98.30732,osm,,,,,,