id,name,category,dest,area,country,region,email,phone,website,address,lat,lng,hygiene,rating,source,channel,priority,status
f1791bc7631fea410d8f,517 Fisherman Seafood Restaurant Patong,Seafood Restaurant,phuket,Patong,TH,Asia,,,https://www.facebook.com/517fishermanseafood,"170 Rat Uthit Song Roi Pi Rd, Tambon Patong, Amphoe Kathu, Chang Wat Phuket 83150, Thailand",7.89584,98.29913,,4.6,google_places,walk-in,5,new
8000f629ac5a8b973cf7,7-Eleven สาขา ถนน 50 ปี (06162),Convenience Store,phuket,Patong,TH,Asia,,,https://www.7eleven.co.th/,"63 Pisitkoraneee Rd, Tambon Patong, Amphoe Kathu, Chang Wat Phuket 83150, Thailand",7.89795,98.31076,,4.9,google_places,walk-in,5,new
45edb25ee8b9abccaef0,7-Eleven สาขา ถนนราษฎร์อุทิศ 200 ปี (15763),Convenience Store,phuket,Patong,TH,Asia,,,https://www.7eleven.co.th/,"236 ถนนราชอุทิศ Tambon Patong, Amphoe Kathu, Chang Wat Phuket 83150, Thailand",7.90306,98.30086,,2.5,google_places,walk-in,5,new
323dd1f5a7d764dafd29,7-Eleven สาขา ถนนหมื่นเงิน (หาดไตรตรัง) (15782),Convenience Store,phuket,Patong,TH,Asia,,,https://www.7eleven.co.th/,"66/30-31 ซอยเก็บทรัพย์, ถนนทวีวงศ์, ตำบลกะทู้ อำเภอ Tambon Patong, Amphoe Kathu, Chang Wat Phuket 83150, Thailand",7.88205,98.27895,,4.2,google_places,walk-in,5,new
9c2bf0d0a67d3d1a616e,7-Eleven สาขา บ้านกะหลิม (14844),Convenience Store,phuket,Patong,TH,Asia,,,https://www.7eleven.co.th/,"W78R+R9C, Pa Tong, Kathu District, Phuket 83150, Thailand",7.91706,98.2909,,4.2,google_places,walk-in,5,new
ba5b91b5e279f95b6825,7-Eleven สาขา ป่าตองสตรีทอินน์ (02770),Convenience Store,phuket,Patong,TH,Asia,,,https://www.7eleven.co.th/,"V7PV+MQW, Pa Tong, Kathu District, Phuket 83150, Thailand",7.88674,98.29444,,4.2,google_places,walk-in,5,new
bb72ab4633947aaa8263,Aquaria Phuket,Aquarium,phuket,Old Town,TH,Asia,,,https://www.aquaria-phuket.com/,"ชั้น B1, ศูนย์การค้า เซ็นทรัล ภูเก็ต ฟรอเรสต้า ตั้งอยู่, 199 Vichitsongkram Rd, Tambon Wichit, Amphoe Mueang Phuket, Chang Wat Phuket 83000, Thailand",7.88872,98.36586,,4.3,google_places,walk-in,5,new
8afc14885a98886778c9,Body Works Thai Massage Patong 2,Massage,phuket,Patong,TH,Asia,,,https://bodyworksphuket.com/,"64 Thanon Sainamyen, Tambon Patong, Amphoe Kathu, Chang Wat Phuket 83150, Thailand",7.89634,98.303,,4.9,google_places,walk-in,5,new
d0c513a3f3c8a155d382,"Bollywood Club Patong, Phuket (Indian night club )",Night Club,phuket,Patong,TH,Asia,,,,"58 10 Soi Patong Resort Tambon Patong, Amphoe Kathu, Chang Wat Phuket 83150, Thailand",7.89283,98.29671,,4.4,google_places,walk-in,5,new
4f9b0661af88178d2741,Coconuts café,Cafe,phuket,Chalong,TH,Asia,,,,"32/19, ตำบล ฉลอง อำเภอเมืองภูเก็ต ภูเก็ต 83130, Thailand",7.82921,98.34631,,4.8,google_places,walk-in,5,new
559ba7a9ac0f4dc318e9,Dino Park Mini Golf & Restaurant,Golf Course,phuket,Kata,TH,Asia,,,https://www.dinopark.com/,"47 Karon Rd Karon Beach, Tambon Karon, Muang, Chang Wat Phuket 83100, Thailand",7.82857,98.29565,,4.4,google_places,walk-in,5,new
4eca042a57d8aec0d1a6,"Faraway Yachting Phuket, Thailand",Services,phuket,Chalong,TH,Asia,,,https://www.faraway-yachting.com/,"40, 1 Chaofa Road Tambon Chalong, Phuket, Chang Wat Phuket 83130, Thailand",7.82353,98.34516,,5,google_places,walk-in,5,new
e085aede317402d3fa3a,First Care Plus Pharmacy (ร้านขายยาเฟิร์สแคร์พลัส),Pharmacy,phuket,Patong,TH,Asia,,,,"237, 4 Rat Uthit Song Roi Pi Rd, Tambon Patong, Amphoe Kathu, Chang Wat Phuket 83150, Thailand",7.88767,98.29537,,4.5,google_places,walk-in,5,new
0fd662bf446b16eeb5eb,ISLAND DREAM TOURS PHUKET,Travel Agency,phuket,Rawai,TH,Asia,,,,"15, 39, Tambon Rawai, Amphoe Mueang Phuket, Chang Wat Phuket 83130, Thailand",7.78242,98.31607,,4.9,google_places,walk-in,5,new
024d608e665eb417be31,KANTA PHUKET,Restaurant,phuket,Old Town,TH,Asia,,,https://onebooking.co/welcome/KT/packages,"KANTA PHUKET A, 23 Phangnga Rd, Tambon Talat Yai, Amphoe Mueang Phuket, Chang Wat Phuket 83000, Thailand",7.88399,98.38867,,4.9,google_places,walk-in,5,new
2e393776ae7a70f520eb,Khao Rang Viewpoint,Tourist Attraction,phuket,Old Town,TH,Asia,,,,"145/5 Thanon Patiphat Rang Hill, Tambon Wichit, Amphoe Mueang Phuket, Chang Wat Phuket 83000, Thailand",7.89236,98.38006,,4.5,google_places,walk-in,5,new
08596c03343d80bf078c,Kidzoona,Indoor Playground,phuket,Patong,TH,Asia,,,,"Thanon Ratuthit Songroipi Rd, 187/1-4, 3 floor, 187/1-4 Rat Uthit Song Roi Pi Rd, Pa Tong, Kathu District, Phuket 83150, Thailand",7.89095,98.29995,,4.2,google_places,walk-in,5,new
9fd0b1af2189b940ca96,Mega Drugs Pharmacy ร้านยาเมก้า ดรักส์ ฟาร์มาซี 药店| صيدلية| аптека,Pharmacy,phuket,Patong,TH,Asia,,,,"171/7 Rat-U-thit, 7 songroipee Rd, ตำบลป่าตอง อำเภอกะทู้ ภูเก็ต 83150, Thailand",7.89287,98.29893,,3.8,google_places,walk-in,5,new
a5eea040cddea6a9b31c,Monkey Hill Viewpoint,Scenic Spot,phuket,Phuket Town,TH,Asia,,,,"Ratsada, Mueang Phuket District, Phuket 83000, Thailand",7.89674,98.395,,4.4,google_places,walk-in,5,new
ca1563cf23e3db87be00,NO.1 Massage,Massage,phuket,Kata,TH,Asia,,,,"48, 2 Thanon Kata Kata Beach, Tambon Karon, เมือง Chang Wat Phuket 83100, Thailand",7.81787,98.30064,,4.9,google_places,walk-in,5,new
78d9f2191d9b892bfb1e,Natcha Pharmacy Patong (ณัฐชา ฟาร์มาซี),Pharmacy,phuket,Patong,TH,Asia,,,,"2 3 Nanai Rd, Tambon Patong, Amphoe Kathu, Chang Wat Phuket 83150, Thailand",7.89515,98.30521,,5,google_places,walk-in,5,new
ac5f5c5aafed29b190b5,PARADAi Phuket,Dessert Shop,phuket,Old Town,TH,Asia,,,https://www.facebook.com/paradaiphuket?mibextid=LQQJ4d,"36 Yaowarad Rd, Tambon Talat Yai, Amphoe Mueang Phuket, Chang Wat Phuket 83000, Thailand",7.88434,98.38756,,4.6,google_places,walk-in,5,new
a50ab39c054f1a9e05f3,PSSC SURF PHUKET,Sporting Goods Store,phuket,Kata,TH,Asia,,,https://www.facebook.com/PSSCsurfphuket,"PSSC Surf Phuket 62 Thanon Taina, Tambon Karon, Amphoe Mueang Phuket, Chang Wat Phuket 83100, Thailand",7.82732,98.29882,,4.9,google_places,walk-in,5,new
046624cb49155033600c,Patong Beach Bangla Walking Street,Tourist Attraction,phuket,Patong,TH,Asia,,,,"V7VW+J48, Bangla Rd, Tambon Patong, Amphoe Kathu, Chang Wat Phuket 83150, Thailand",7.89404,98.29533,,4.3,google_places,walk-in,5,new
7e7fd2a64be09e7c2f0b,Phan-Nga Longtail Boat Tours,Business,phuket,Mai Khao,TH,Asia,,,https://vrreddygsm.wixsite.com/phang,"79XW+WW2, Kalai, Takua Thung District, Phang Nga 82130, Thailand",8.29976,98.39726,,4.9,google_places,walk-in,5,new
5b75a3e434c058274e9d,Pharmacy,Pharmacy,phuket,Cape Panwa,TH,Asia,,,,"136 ห้อง 21 Bangla Rd, Tambon Patong, Amphoe Kathu, Chang Wat Phuket 83150, Thailand",7.81125,98.38715,,3.1,osm,walk-in,5,new
e6803429a4aaa82d642c,Phuket Best Tours,Tour Agency,phuket,Kata,TH,Asia,,,https://bio.site/bestofphuket,"163 1 Koktanod Rd, Tambon Karon, Amphoe Mueang Phuket, Chang Wat Phuket 83100, Thailand",7.81595,98.30321,,4.7,google_places,walk-in,5,new
4bd42b7718887b37c8c6,Phuket On Tours,Travel Agency,phuket,Karon,TH,Asia,,,https://www.tiktok.com/@phuketontours,"Patak Soi 20 Karon Beach, Tambon Karon, Amphoe Mueang Phuket, Chang Wat Phuket 83100, Thailand",7.84747,98.29849,,5,google_places,walk-in,5,new
25e0c38d141798206fea,Phuket Wake Park,Water Park,phuket,Kathu,TH,Asia,,,https://phuketwakepark.com/,"86 Vichitsongkram Rd, Tambon Kathu, Amphoe Kathu, Chang Wat Phuket 83120, Thailand",7.92761,98.32996,,4.2,google_places,walk-in,5,new
ac9181db6114a5a0edc3,Phuket taxi service,Taxi Service,phuket,Kathu,TH,Asia,,,https://www.phukettaxiservice.com/,"104, 2 ตำบล กะทู้ อำเภอกะทู้ ภูเก็ต 83120, Thailand",7.93164,98.32357,,4.9,google_places,walk-in,5,new
99d79948090dfb927fc1,Phuketique Coffee Bar,Restaurant,phuket,Old Town,TH,Asia,,,,"2 Ranong Rd, Tambon Talat Nuea, Muang, Chang Wat Phuket 83000, Thailand",7.88335,98.38714,,4.5,google_places,walk-in,5,new
fa68045aed409683f249,R1 Muay Thai Phuket,Sports Coaching,phuket,Cherngtalay,TH,Asia,,,https://www.r1muaythaiphuket.com/home,"94 15 ม, Subdistrict, 7 Thanon Si Sunthon, Tambon Si Sunthon, Amphoe Thalang, Chang Wat Phuket 83110, Thailand",7.9708,98.33966,,5,google_places,walk-in,5,new
b7b18b0c24e54ebde8bd,Red Hot,Bar,phuket,Patong,TH,Asia,,,https://www.phuketbars.info/red_hot_club_94.php,"V7VX+57R, Pa Tong, Kathu District, Phuket 83150, Thailand",7.89298,98.29814,,4.4,google_places,walk-in,5,new
ee9b76c5b8389063799f,Saphan Hin Park,Park,phuket,Phuket Town,TH,Asia,,,,"55/108 ถนนเจ้าฟ้า Tambon Wichit, Amphoe Mueang Phuket, Chang Wat Phuket 83000, Thailand",7.86542,98.39813,,4.5,google_places,walk-in,5,new
80a06e1bbce71f204d0b,Suleman Marine,Tour Agency,phuket,Koh Kaew,TH,Asia,,,https://tantulika12.wixsite.com/travel/85,"6/27 M, 1 T, Rassada A. Muang, Amphoe Thalang, Chang Wat Phuket 83000, Thailand",7.91037,98.43219,,3.1,google_places,walk-in,5,new
69a399cdfebd8b2e19ca,"Sunny Elephant Co., Ltd. | Phuket B2B Transport",Transportation Service,phuket,Old Town,TH,Asia,,,https://sunnyelephant.co.th/,"23/155 2 วิชิต Tambon Wichit, เมือง Chang Wat Phuket 83000, Thailand",7.87113,98.36897,,5,google_places,walk-in,5,new
c59b85ddf3e249ce4d75,Sunshine Massage,Massage,phuket,Patong,TH,Asia,,,,"13 Thaweewong Rd, Tambon Patong, Amphoe Kathu, Chang Wat Phuket 83150, Thailand",7.89438,98.29539,,4.6,google_places,walk-in,5,new
9b1a6550a37238fba2fa,Travel Phuket With UF,Travel Agency,phuket,Patong,TH,Asia,,,http://travelphuketwithuf.com/,"74/47 Soi Banzaan, Tambon Patong, Amphoe Kathu, Chang Wat Phuket 83150, Thailand",7.89025,98.30249,,4.9,google_places,walk-in,5,new
e3d66dcc6eb8aff4f1b0,Two friends kitchen,Restaurant,phuket,Kata,TH,Asia,,,https://linktr.ee/twofriendskitchen,"98/127 Kata Beach, Tambon Karon, เมือง Chang Wat Phuket 83100, Thailand",7.82473,98.30048,,4.9,google_places,walk-in,5,new
ffa249464e1748267b7d,Unicorn Phuket Transfers,Airport Shuttle Service,phuket,Chalong,TH,Asia,,,https://citytourphuket.com/phuket-private-airport-transfer/,"35, 271 vichit muang, Thesaban Nakhon Phuket, Amphoe Mueang Phuket, Chang Wat Phuket 83000, Thailand",7.87045,98.35062,,4.9,google_places,walk-in,5,new
54e5f860e0bf5382f021,Yak Yai Muay Thai,dojo,phuket,Chalong,TH,Asia,,,https://linktr.ee/yakyaimuaythai,"33/83 ม.1 ซ.ศาลเจ้ากวนอู ต.ฉลอง อ.เมืองภูเก็ต, ตำบล ฉลอง Phuket, ภูเก็ต 83130, Thailand",7.84882,98.35391,,5,osm,walk-in,5,new
372c9441b009ee9ca133,&Coffee,Café,phuket,Old Town,TH,Asia,,,,,7.91726,98.37076,,,osm,walk-in,6,new
8d409f7ca26b3efeaa96,'Run' bar and restaurant,Restaurant,phuket,Kata,TH,Asia,,,,,7.81772,98.30064,,,osm,walk-in,6,new
ca3ef62bda19d8dfedee,+39,Café,phuket,Kata,TH,Asia,,,,,7.81789,98.30086,,,osm,walk-in,6,new
2fdf410eb1254cacfdc2,007 bar,Bar,phuket,Phuket Town,TH,Asia,,,,,7.88043,98.39318,,,osm,walk-in,6,new
d13fb644d1a3264f5f56,1000009 Thai Noodle Restaurant Phuket ล้าน9ก๋วยเตี๋ยว,Restaurant,phuket,Phuket Town,TH,Asia,,,,30 ถนนมนตรี,7.88268,98.39282,,,osm,walk-in,6,new
9c197b5aaaa7c3e19476,1584,Transport,phuket,Kamala,TH,Asia,,,,,7.94979,98.28518,,,osm,walk-in,6,new
aae46ff18f66b01f4347,162 cafe,Café,phuket,Chalong,TH,Asia,,,,,7.82706,98.33996,,,osm,walk-in,6,new
6d253efb7ddbe1f46249,180 Degrees Pool Bar,Bar,phuket,Kamala,TH,Asia,,,,,7.94714,98.27112,,,osm,walk-in,6,new
fb30ca542af0882aa0b4,2 Dollars Café,Café,phuket,Airport,TH,Asia,,,,,8.10863,98.30609,,,osm,walk-in,6,new
a73db55842448e1f872b,2 спальни,Guesthouse,phuket,Surin,TH,Asia,,,,,7.98183,98.28119,,,osm,walk-in,6,new
fd111b0e01f78bf706fa,21,Café,phuket,Old Town,TH,Asia,,,,,7.89052,98.38965,,,osm,walk-in,6,new
e6159a5cc2c051253e10,2Day Inn,Hotel,phuket,Phuket Town,TH,Asia,,,,,7.87491,98.38857,,,osm,walk-in,6,new
0b67c190187155a269a3,2Sis food and drink,Café,phuket,Chalong,TH,Asia,,,,,7.84138,98.34587,,,osm,walk-in,6,new
d4e2234f136959b582ec,3 Spices,Restaurant,phuket,Patong,TH,Asia,,,,,7.89728,98.2964,,,osm,walk-in,6,new
7ec95b4a9b5ae5caef58,300 THB TAXI 2 WAY NUI BEACH,Vehicle rental,phuket,Nai Harn,TH,Asia,,,,,7.79436,98.30159,,,osm,walk-in,6,new
db9ac1b3a91c19cb92af,34 Cafe,Café,phuket,Kata,TH,Asia,,,,,7.8166,98.31013,,,osm,walk-in,6,new
8706b00bb8409fb03e72,35 cafe & tea,Café,phuket,Rawai,TH,Asia,,,,,7.77564,98.32686,,,osm,walk-in,6,new
b592a36867eb7955f4c7,35ans,Bar,phuket,Phuket Town,TH,Asia,,,,,7.88341,98.39755,,,osm,walk-in,6,new
a2389414ab75c490ebdb,365 Sauna and Thai Massage,Massage & spa,phuket,Kathu,TH,Asia,,,,2/118 ถนนพระบารมี Kathu,7.90888,98.34402,,,osm,walk-in,6,new
bc84c9b4956a326cb989,37 B&B,Guesthouse,phuket,Old Town,TH,Asia,,,,,7.88488,98.38846,,,osm,walk-in,6,new
af64903bb6f45ee2e940,3ch,Café,phuket,Patong,TH,Asia,,,,,7.90077,98.30426,,,osm,walk-in,6,new
cbcadddd2f07268fa71d,5 Stars,Massage & spa,phuket,Patong,TH,Asia,,,,225 Rat-U-Thit 200 Pee Road,7.88865,98.29568,,,osm,walk-in,6,new
f09aec8f2162796afe73,502,Café,phuket,Nai Harn,TH,Asia,,,,,7.78238,98.31528,,,osm,walk-in,6,new
203e89408346e9f4af53,58 Auto Car,Vehicle rental,phuket,Koh Kaew,TH,Asia,,,,,7.96908,98.37177,,,osm,walk-in,6,new
eddb5a2567efaf57c64d,62,Bar,phuket,Kata,TH,Asia,,,,,7.82576,98.29714,,,osm,walk-in,6,new
ad49cfbfb97fd5e4ebae,6th Avenue Surin Condominium,Hotel,phuket,Surin,TH,Asia,,,https://6avenuephuket.com/,50 37 Choeng Thale,7.98016,98.28308,,,osm,walk-in,6,new
13abae3928d3202bf5e4,7Days Premium Hotel Patong Phuket,Hotel,phuket,Patong,TH,Asia,,,,31 Nanai Road Patong,7.89383,98.30535,,,osm,walk-in,6,new
27d6563a8792369f7b1a,88 Hotel Phuket,Hotel,phuket,Patong,TH,Asia,,,,,7.88905,98.30369,,,osm,walk-in,6,new
ef17f4acd3e6c96db824,89 Thai Food & Seafood,Restaurant,phuket,Patong,TH,Asia,,,,,7.89452,98.2987,,,osm,walk-in,6,new
3ff1a406a34e55c01476,89 route,Bar,phuket,Kata,TH,Asia,,,,,7.82564,98.29797,,,osm,walk-in,6,new
9bb89366fb63bcd1fd1c,9 Motel Inn,Hotel,phuket,Phuket Town,TH,Asia,,,,,7.87505,98.38865,,,osm,walk-in,6,new
1a640b1899e42dc40765,91 Residence Patong,Hotel,phuket,Patong,TH,Asia,,,,,7.90176,98.30681,,,osm,walk-in,6,new
b85deb7708115d40c4f8,99 Old Town Guesthouse,Hotel,phuket,Phuket Town,TH,Asia,,,,,7.88482,98.38999,,,osm,walk-in,6,new
6076f100debcd36f4d3e,@ Bakery,Café,phuket,Rawai,TH,Asia,,,,,7.80161,98.33493,,,osm,walk-in,6,new
20206cffdad467dc57cf,@Beach,Restaurant,phuket,Kata,TH,Asia,,,,,7.83005,98.29527,,,osm,walk-in,6,new
9e8fb1fa6d5fa4dc498c,A&B Café Kamala - Coffee and more,Café,phuket,Kamala,TH,Asia,,,,94/134 Soi Thaweewongsub / Moo 3 Kamala Beach,7.94901,98.28369,,,osm,walk-in,6,new
38580b89c2a212f14385,A.D.D. Restaurant,Restaurant,phuket,Kata,TH,Asia,,,,,7.81717,98.30115,,,osm,walk-in,6,new
d9dc5aef294e388d469b,A1 Island Guesthouse,Hotel,phuket,Patong,TH,Asia,,,,240 Sai Nam Yen Road,7.8956,98.30525,,,osm,walk-in,6,new
8ef8270578c71650b662,A2 Pool Resort Phuket,Hotel,phuket,Old Town,TH,Asia,,,,Chalermprakiat Ror 9 Ratsada,7.91555,98.36906,,,osm,walk-in,6,new
cab75bde06953b3801dd,AIM Phuket,Restaurant,phuket,Koh Kaew,TH,Asia,,,https://www.facebook.com/aimphuket/about,57/20 Thepkrasattri Kohkeaw,7.94804,98.3922,,,osm,walk-in,6,new
97c6427dd02b3d0274b5,AIMM's Café,Street food,phuket,Airport,TH,Asia,,,,,8.10498,98.30505,,,osm,walk-in,6,new
44b5f421a8acc4a2e735,AKN Vintage Curry,Restaurant,phuket,Airport,TH,Asia,,,,,8.105,98.30919,,,osm,walk-in,6,new
6f8b57850a0225b8f371,APK Resort & Spa,Hotel,phuket,Patong,TH,Asia,,,,Phang Muang Sai Kor Road,7.89336,98.30182,,,osm,walk-in,6,new
397b9fe1171c350a83ea,ASAP,Café,phuket,Cherngtalay,TH,Asia,,,,,7.98956,98.30897,,,osm,walk-in,6,new
7ba50e82177ce000a079,ASquare,Restaurant,phuket,Old Town,TH,Asia,,,,,7.88349,98.38853,,,osm,walk-in,6,new
1f8ff24a72d29c6bc7e6,AT Patong Hotel,Hotel,phuket,Patong,TH,Asia,,,,,7.89166,98.30206,,,osm,walk-in,6,new
7428bc15f6bc923e5687,ATECI smoothie and more,Café,phuket,Rawai,TH,Asia,,,,,7.77446,98.326,,,osm,walk-in,6,new
b572d25e7220e8d6b4cb,ATV / Buggy to Big Buddha,Tours & travel,phuket,Chalong,TH,Asia,,,,,7.83173,98.33402,,,osm,walk-in,6,new
bba3af8102684f00e1ec,ATV adventure,Tours & travel,phuket,Chalong,TH,Asia,,,,,7.8321,98.33177,,,osm,walk-in,6,new
1574bf809085bebc82e2,AVO Kitchen & Wine,Restaurant,phuket,Nai Harn,TH,Asia,,,,Soi Naya,7.7815,98.31167,,,osm,walk-in,6,new
c4c36f06598e578a0802,Abceylon,Bar,phuket,Patong,TH,Asia,,,,,7.89053,98.30057,,,osm,walk-in,6,new
55814422e846f8bb62dd,Absolut,Bar,phuket,Kata,TH,Asia,,,,,7.82545,98.29777,,,osm,walk-in,6,new
10e47949ba7a49f1f2e5,Absolute Bangla Suites,Hotel,phuket,Patong,TH,Asia,,,,,7.89271,98.29702,,,osm,walk-in,6,new
e315304df32278953ec1,Absolute Nakalay Boutique Resort,Hotel,phuket,Kamala,TH,Asia,,,,,7.92554,98.27469,,,osm,walk-in,6,new
8053c52db93c683da7c0,Absolute Sea Pearl Beach Resort,Hotel,phuket,Patong,TH,Asia,,,,,7.88712,98.29114,,,osm,walk-in,6,new
09ad53f213e49cf38705,Absolute Twin Sands Resort & Spa,Hotel,phuket,Patong,TH,Asia,,,,,7.88339,98.27398,,,osm,walk-in,6,new
7bdb37105b42869a16c3,Access Resort and Villa,Hotel,phuket,Karon,TH,Asia,,,,,7.84333,98.30118,,,osm,walk-in,6,new
d3d51ece471907e92b8e,Acqua,Restaurant,phuket,Patong,TH,Asia,,,,,7.91662,98.29111,,,osm,walk-in,6,new
4d023b16453500fc9781,Adam Eatery & Bar,Restaurant,phuket,Patong,TH,Asia,,,,,7.90229,98.29939,,,osm,walk-in,6,new
58930f56c3e7bcd28ed9,Adema Boutique Karon,Hotel,phuket,Karon,TH,Asia,,,,,7.83588,98.29864,,,osm,walk-in,6,new
3775c6658edb6374139d,After Beach Bar,Restaurant,phuket,Kata,TH,Asia,,,,,7.80895,98.30217,,,osm,walk-in,6,new
0853e0566ade27c0f929,Aim House,Street food,phuket,Patong,TH,Asia,,,,,7.89561,98.30398,,,osm,walk-in,6,new
82077dc9a81f566a8406,Airpark Cafe,Café,phuket,Paklok,TH,Asia,,,,,8.01726,98.40436,,,osm,walk-in,6,new
d52cd31498b6bb1b835d,Airplane tickets,Tours & travel,phuket,Phuket Town,TH,Asia,,,,,7.86959,98.393,,,osm,walk-in,6,new
09dbbf1ae93c0a69d419,Airport Beach Hotel,Hotel,phuket,Nai Yang,TH,Asia,,,,,8.0921,98.30082,,,osm,walk-in,6,new
e7f55a4ec151d69a9a78,Airport Resort,Hotel,phuket,Nai Yang,TH,Asia,,,,,8.09424,98.30768,,,osm,walk-in,6,new
79c79fa43e3dcdd2070a,Albatross,Restaurant,phuket,Bang Tao,TH,Asia,,,,,8.00316,98.2956,,,osm,walk-in,6,new
205ab54aed3912ea3d25,Aleena House,Guesthouse,phuket,Patong,TH,Asia,,,,,7.89178,98.29534,,,osm,walk-in,6,new
494f9b376da77f1114d0,Alexander Hotel Patong,Hotel,phuket,Patong,TH,Asia,,,,,7.89198,98.30184,,,osm,walk-in,6,new
35550b0e978975cdf2c9,Alfresco Phuket Hotel,Hotel,phuket,Patong,TH,Asia,,,,,7.88588,98.29822,,,osm,walk-in,6,new
837b36d6828054492b03,Ali Baba,Restaurant,phuket,Patong,TH,Asia,,,,,7.88816,98.2922,,,osm,walk-in,6,new
eb87d6cf304c31f1a3a8,Alien Taco,Restaurant,phuket,Patong,TH,Asia,,,,,7.89455,98.29705,,,osm,walk-in,6,new
223afc9ee399b1839371,Alita Boutique Massage and Spa,Beauty & spa,phuket,Chalong,TH,Asia,,,,,7.84736,98.37315,,,osm,walk-in,6,new
d779c8e37ba7c266d8e3,All Seasons Naiharn Phuket,Hotel,phuket,Nai Harn,TH,Asia,,,,,7.77868,98.30557,,,osm,walk-in,6,new
0b043b3e4d11c2b96399,All Thai,Restaurant,phuket,Chalong,TH,Asia,,,,,7.83743,98.33367,,,osm,walk-in,6,new
777eeb292d32abeb5325,All time,Restaurant,phuket,Chalong,TH,Asia,,,,,7.85174,98.34829,,,osm,walk-in,6,new
3dbd50f3afeb988f981f,Aloha Residence,Hotel,phuket,Kata,TH,Asia,,,,,7.81554,98.30502,,,osm,walk-in,6,new
e0a48e2ea688be2c4599,Alpengrill,Restaurant,phuket,Patong,TH,Asia,,,,,7.89492,98.29612,,,osm,walk-in,6,new
8b49d7cee4637e005acd,Alpina Phuket Nalina Resort & Spa,Hotel,phuket,Kata,TH,Asia,,,,,7.82104,98.3029,,,osm,walk-in,6,new
715c2e15b5d57cf1f9da,Am Surin Place,Hotel,phuket,Surin,TH,Asia,,,,,7.97983,98.28069,,,osm,walk-in,6,new
1a8f02b4c408589b2d7f,Amari Coral Beach,Hotel,phuket,Patong,TH,Asia,,,,,7.88669,98.28557,,,osm,walk-in,6,new
c9403ca078c00020fd5c,Amarin,Guesthouse,phuket,Patong,TH,Asia,,,,,7.90159,98.2991,,,osm,walk-in,6,new
aaaa3b6b50df83fa6a74,Amarin Restaurant,Restaurant,phuket,Patong,TH,Asia,,,,,7.90225,98.29928,,,osm,walk-in,6,new
decd883a6e500dfd5e91,Amazing villa,Attraction,phuket,Chalong,TH,Asia,,,,,7.83836,98.32659,,,osm,walk-in,6,new
c63ed91f9a883b07142f,Amazon,Café,phuket,Chalong,TH,Asia,,,,,7.84984,98.35221,,,osm,walk-in,6,new
7212fe4a9832f9b23b8a,Amora Beach Resort,Hotel,phuket,Bang Tao,TH,Asia,,,,,7.99157,98.29189,,,osm,walk-in,6,new
8f53f50bf34f04c5ea63,Amore,Restaurant,phuket,Phuket Town,TH,Asia,,,,,7.8836,98.39039,,,osm,walk-in,6,new
5b94875ae28e74da6e55,Amsterdam,Café,phuket,Rawai,TH,Asia,,,,,7.78549,98.3176,,,osm,walk-in,6,new
dae923e127af44234f6e,Anahita massage,Beauty & spa,phuket,Patong,TH,Asia,,,,,7.89765,98.29695,,,osm,walk-in,6,new
dc8b5a71942118962ca9,Anantara Layan Phuket Resort,Hotel,phuket,Bang Tao,TH,Asia,,,,,8.03564,98.28451,,,osm,walk-in,6,new
bfe4502ec8a7116a3940,Anantara Mai Khao Phuket Villas,Hotel,phuket,Mai Khao,TH,Asia,,,,,8.16846,98.29569,,,osm,walk-in,6,new
b1a0db7847e6264ee0d9,Anantara Vacation Club Mai Khao,Hotel,phuket,Mai Khao,TH,Asia,,,,,8.1662,98.29737,,,osm,walk-in,6,new
65788b34fa9f14d507d7,Anatolian,Restaurant,phuket,Karon,TH,Asia,,,,,7.83594,98.29868,,,osm,walk-in,6,new
2bee87916c8f743f5855,Anchalee Inn,Hotel,phuket,Patong,TH,Asia,,,,,7.88419,98.29308,,,osm,walk-in,6,new
bae1ea096c3f0777c37e,Anchor Boutique House,Hotel,phuket,Patong,TH,Asia,,,,,7.89842,98.30151,,,osm,walk-in,6,new
389b50d1c9f591e37b74,Andaman Bar (Bandara Hotel),Bar,phuket,Cape Panwa,TH,Asia,,,,,7.81151,98.38929,,,osm,walk-in,6,new
9dfde4ea697661a5b1af,Andaman Beach Suites,Hotel,phuket,Patong,TH,Asia,,,,,7.90101,98.2993,,,osm,walk-in,6,new
63a872d6e35fd53b6532,Andaman Grill,Restaurant,phuket,Mai Khao,TH,Asia,,,,,8.16535,98.29411,,,osm,walk-in,6,new
139fcca4f84fce9116a1,Andaman Seaview,Hotel,phuket,Kata,TH,Asia,,,,,7.83182,98.29602,,,osm,walk-in,6,new
7c759476059775d45694,Andaman Villa Resort,Hotel,phuket,Patong,TH,Asia,,,,,7.88228,98.3012,,,osm,walk-in,6,new
beb8467d24384ff5e7c6,Andara Signature Villas,Hotel,phuket,Kamala,TH,Asia,,,,,7.94415,98.2642,,,osm,walk-in,6,new
5e79d81729293d6f3406,Andara Spa,Beauty & spa,phuket,Kamala,TH,Asia,,,,,7.94891,98.27489,,,osm,walk-in,6,new
640cbb620bfbd2365214,Andatel Grandé Patong Phuket Hotel,Hotel,phuket,Patong,TH,Asia,,,,,7.90139,98.30064,,,osm,walk-in,6,new
914c3a6a9f595a946ec7,Anfield Cafe,Café,phuket,Old Town,TH,Asia,,,,,7.8837,98.38751,,,osm,walk-in,6,new
5100df7dd73c09ecfee0,Angsana Laguna Phuket,Hotel,phuket,Bang Tao,TH,Asia,,,https://www.angsana.com/en/thailand/laguna-phuket,,8.00555,98.29658,,,osm,walk-in,6,new
182d23207144e752d761,Angsana Laguna Wedding Chapel,Attraction,phuket,Bang Tao,TH,Asia,,,,,8.00337,98.29705,,,osm,walk-in,6,new
ca39e1194bcc522ddab1,Angsana Spa Dusit Thani Laguna Phuket,Beauty & spa,phuket,Bang Tao,TH,Asia,,,,,8.00132,98.29398,,,osm,walk-in,6,new
78d71edaeddbf29624ea,Angus O’Tool’s Irish Pub,Bar,phuket,Karon,TH,Asia,,,https://otools-phuket.com/irish-pub/,,7.84957,98.2952,,,osm,walk-in,6,new
97b4092dc270966b03ee,Ann Guesthouse,Guesthouse,phuket,Karon,TH,Asia,,,,,7.8529,98.29476,,,osm,walk-in,6,new
711d85ae4d7fb5b9613b,Anna,Restaurant,phuket,Karon,TH,Asia,,,,,7.85662,98.29116,,,osm,walk-in,6,new
5a953dca57aa2ba5d1ff,Anteka,Pharmacy,phuket,Bang Tao,TH,Asia,,,,,7.98511,98.28705,,,osm,walk-in,6,new
ff13879adb742bc14c17,Antico Siam,Massage & spa,phuket,Kata,TH,Asia,,,,,7.82497,98.30098,,,osm,walk-in,6,new
216988e46dba84f89ccf,Anut room coffee,Café,phuket,Rawai,TH,Asia,,,,,7.79297,98.32534,,,osm,walk-in,6,new
de2a9a9c8458e383a672,Any Time,Bar,phuket,Karon,TH,Asia,,,,,7.83376,98.29542,,,osm,walk-in,6,new
d0331f255145df1edad0,Anya Pharmacy,Pharmacy,phuket,Kata,TH,Asia,,,,,7.82903,98.29557,,,osm,walk-in,6,new
f83a3fd6626a296c82dc,Ao Po Grand Marina,Marina & charters,phuket,Paklok,TH,Asia,,,,,8.06906,98.44471,,,osm,walk-in,6,new
6edfd86aeadbdfc80c0f,Ao Yon Seaside,Restaurant,phuket,Cape Panwa,TH,Asia,,,,,7.81122,98.38846,,,osm,walk-in,6,new
ff497e424267df73fb59,Aon 999 Restaurant,Restaurant,phuket,Patong,TH,Asia,,,,,7.89836,98.29656,,,osm,walk-in,6,new
4c01b66cbe9b1756fa9c,Apollo Gym,dojo,phuket,Rawai,TH,Asia,,,,,7.76914,98.31379,,,osm,walk-in,6,new
c6e44167607a1f231605,Apple's Bar,Bar,phuket,Kamala,TH,Asia,,,,Kamala Main Road,7.9492,98.28503,,,osm,walk-in,6,new
4db2310809bdb126fc31,Aqualung service centre,Diving,phuket,Chalong,TH,Asia,,,,,7.82875,98.33843,,,osm,walk-in,6,new
41a44c8cd6aa498e8a36,Arawan Massage,Massage & spa,phuket,Kata,TH,Asia,,,,,7.82712,98.29884,,,osm,walk-in,6,new
7d5a0496afb5222005dd,Araya House,Hotel,phuket,Surin,TH,Asia,,,https://arayahouse.com,50/38 Srisoonthron Cherngtalay,7.97981,98.28291,,,osm,walk-in,6,new
290ef9eb279e83bb1b4c,Arch39 Phuket Beach Front,Hotel,phuket,Chalong,TH,Asia,,,,,7.82383,98.34554,,,osm,walk-in,6,new
c482666d9fc1b03a9323,Archee thai food,Restaurant,phuket,Rawai,TH,Asia,,,,,7.76954,98.31516,,,osm,walk-in,6,new
358eaa246fda4bf3f74e,Areeka Mahokkanee,Hotel,phuket,Bang Tao,TH,Asia,,,,6/50 ป่าสัก 5 Choeng Thale,8.00406,98.30861,,,osm,walk-in,6,new
e655d32f8e23adc3220a,Arinara Bangtao Beach Resort,Hotel,phuket,Bang Tao,TH,Asia,,,,,7.9874,98.28985,,,osm,walk-in,6,new
1686e31c3b9080ae492d,Arisa,Restaurant,phuket,Kata,TH,Asia,,,,,7.81577,98.30095,,,osm,walk-in,6,new
2e6580442860b4722f8c,Arita,Hotel,phuket,Patong,TH,Asia,,,,,7.88197,98.29312,,,osm,walk-in,6,new
669a2d2cb4e476cdb1e0,Ark Building,Hotel,phuket,Karon,TH,Asia,,,,,7.83609,98.30041,,,osm,walk-in,6,new
acac487c89b5c80f6134,Aroma,Restaurant,phuket,Nai Harn,TH,Asia,,,,,7.79099,98.3169,,,osm,walk-in,6,new
bf1b1ba2b4e6fdaec484,Aromdee massage,Massage & spa,phuket,Patong,TH,Asia,,,https://aromdeemassage.netlify.app/,13 Soi Rat-U-Thit 200 Pee,7.89602,98.29827,,,osm,walk-in,6,new
41bbebdf45f7df693b36,Aroon,Restaurant,phuket,Phuket Town,TH,Asia,,,,,7.88463,98.39016,,,osm,walk-in,6,new
b3010bc8b929f0ba4a41,Artspace Gallery and Music Bar,Bar,phuket,Kata,TH,Asia,,,,,7.82195,98.30226,,,osm,walk-in,6,new
f0a7458b338fde504cad,Arun Phuket Residents,Hotel,phuket,Nai Yang,TH,Asia,,,,,8.09562,98.30993,,,osm,walk-in,6,new
72ce4cfbb148d3f0e47d,Ascot Boutique Hotel,Hotel,phuket,Kata,TH,Asia,,,,,7.82316,98.30036,,,osm,walk-in,6,new
1f78575569121a58ac5e,Asia Bar,Bar,phuket,Rawai,TH,Asia,,,,,7.78883,98.33001,,,osm,walk-in,6,new
8409307039b70aea992f,Asian Essence,Restaurant,phuket,Bang Tao,TH,Asia,,,,,7.99007,98.29244,,,osm,walk-in,6,new
067453c527f3b1372345,Asian Shooting Range,Gym & fitness,phuket,Nai Yang,TH,Asia,,,,,8.06121,98.30669,,,osm,walk-in,6,new
a6ff10aa24850df39a52,Asian art souvenir shop,Souvenirs & gifts,phuket,Patong,TH,Asia,,,,,7.89753,98.29984,,,osm,walk-in,6,new
98d4d56955ad6bf2cee9,Asmut Bar,Bar,phuket,Patong,TH,Asia,,,,,7.89651,98.30052,,,osm,walk-in,6,new
fa13715594dec4498e84,Asoka,Restaurant,phuket,Nai Yang,TH,Asia,,,,,8.09504,98.31231,,,osm,walk-in,6,new
7191462a67feb5d8e179,Aspery,Hotel,phuket,Patong,TH,Asia,,,,,7.89989,98.29918,,,osm,walk-in,6,new
fd305d198286d8fd9497,At Panta Phuket,Hotel,phuket,Bang Tao,TH,Asia,,,,,8.02196,98.32867,,,osm,walk-in,6,new
aaba956f82bd1aaedd5c,AtHome Guest House,Hotel,phuket,Patong,TH,Asia,,,,,7.88119,98.29767,,,osm,walk-in,6,new
0ba745e30174f64eace6,Atom Phuket Hotel,Hotel,phuket,Nai Yang,TH,Asia,,,,,8.09515,98.30699,,,osm,walk-in,6,new
660b1c91f9335025ac10,Au Bon Pain,Street food,phuket,Patong,TH,Asia,,,,,7.89256,98.29852,,,osm,walk-in,6,new
4c2296df4ba68b29d971,Audy,Café,phuket,Surin,TH,Asia,,,,,7.97843,98.27839,,,osm,walk-in,6,new
c9151b2658e9cca996c6,Audy Restoran,Restaurant,phuket,Surin,TH,Asia,,,,,7.98136,98.28083,,,osm,walk-in,6,new
1edfa9e7222d552bd31f,Aunjai,Pharmacy,phuket,Patong,TH,Asia,,,,18 Sai Nam Yen Road,7.89558,98.30459,,,osm,walk-in,6,new
645e2ac7f2bb44eb8c49,Aurora massage,Massage & spa,phuket,Chalong,TH,Asia,,,,,7.83331,98.34712,,,osm,walk-in,6,new
d38935bbb4ac405f71ee,Aussie Bar,Bar,phuket,Patong,TH,Asia,,,,,7.89381,98.29612,,,osm,walk-in,6,new
658e007258b3a3306ece,Aussie Pub,Bar,phuket,Kamala,TH,Asia,,,,Kamala Main Road Kamala Beach,7.9488,98.28459,,,osm,walk-in,6,new
d9d3302594f4122ecc27,Ave,Bar,phuket,Nai Harn,TH,Asia,,,,,7.79107,98.31671,,,osm,walk-in,6,new
18e3c9e24c28b9cc401b,Avis,Vehicle rental,phuket,Patong,TH,Asia,,,,,7.88632,98.29446,,,osm,walk-in,6,new
d9a87ff1033e39a95172,Awa Manachon Market,Street food,phuket,Kathu,TH,Asia,,,,Prabaramee Road,7.91171,98.34239,,,osm,walk-in,6,new
4dca4845810117aa0e7f,"Awesome, cheap Thai food!",Restaurant,phuket,Patong,TH,Asia,,,,,7.88532,98.29623,,,osm,walk-in,6,new
cf52772c191c7dda71e3,Ayara Hilltops Resort and Spa,Hotel,phuket,Surin,TH,Asia,,,,,7.97034,98.27722,,,osm,walk-in,6,new
349bf2ee1026d928bf46,Ayara Kamala Resort & Villa,Hotel,phuket,Kamala,TH,Asia,,,,,7.94782,98.26268,,,osm,walk-in,6,new
2bf565bd396250048c35,Azure Phuket,Hotel,phuket,Patong,TH,Asia,,,,,7.88128,98.29361,,,osm,walk-in,6,new
2f6606f33fcfca5c9ed8,Azzurro Village Hotel,Hotel,phuket,Patong,TH,Asia,,,,,7.89633,98.29948,,,osm,walk-in,6,new
1a7fdc50b9dd2bb255ad,B-Lay Tong Phuket,Hotel,phuket,Patong,TH,Asia,,,,,7.90571,98.29769,,,osm,walk-in,6,new
abedea8dee223e8c88f8,B.H Paradise Hotel,Hotel,phuket,Patong,TH,Asia,,,,,7.8948,98.29963,,,osm,walk-in,6,new
f886c40164d4dac0de7d,B.J. Beach Pub & Restaurant,Restaurant,phuket,Kata,TH,Asia,,,,,7.83027,98.30966,,,osm,walk-in,6,new
daad41a044eb718ead68,B2 premier Phuket,Hotel,phuket,Kathu,TH,Asia,,,,,7.89752,98.3506,,,osm,walk-in,6,new
12dc930f2e19e5c4d7f1,BAAN PHUREENUT,Hotel,phuket,Patong,TH,Asia,,,,,7.88334,98.30206,,,osm,walk-in,6,new
faa71598c968165f858a,BALCONY,Restaurant,phuket,Kata,TH,Asia,,,,102/7-9,7.82425,98.2977,,,osm,walk-in,6,new
de3973ef1fe5b24769d9,BB's massage,Massage & spa,phuket,Rawai,TH,Asia,,,,,7.8017,98.33242,,,osm,walk-in,6,new
f3af87cf3577032b98ff,BBQ,Street food,phuket,Rawai,TH,Asia,,,,,7.79246,98.32304,,,osm,walk-in,6,new
93027627b85257a4ce10,BIG BUNG GER PATONG,Street food,phuket,Patong,TH,Asia,,,,,7.88273,98.29311,,,osm,walk-in,6,new
fc337519605238340c56,BJ Souvenir,Souvenirs & gifts,phuket,Kata,TH,Asia,,,,,7.82464,98.29744,,,osm,walk-in,6,new
67735fa9d76e59920419,BM guesthouse,Guesthouse,phuket,Chalong,TH,Asia,,,,,7.85251,98.34741,,,osm,walk-in,6,new
29bcb0cd8fb2ad9d2982,BRB Be Right Back bar,Bar,phuket,Chalong,TH,Asia,,,,,7.82869,98.34026,,,osm,walk-in,6,new
ee544bc2d3e1afffd443,BT,Restaurant,phuket,Kata,TH,Asia,,,,,7.82479,98.2979,,,osm,walk-in,6,new
df23dcdced00db67a8d8,BYD Boutique Hotel,Hotel,phuket,Patong,TH,Asia,,,,,7.89152,98.29657,,,osm,walk-in,6,new
bf6947bed3c8e2c0bcf3,Baan Andaman Sea Surf,Hotel,phuket,Patong,TH,Asia,,,,21 ซอยพระบารมี 3 Patong,7.90621,98.3069,,,osm,walk-in,6,new
d4e7eb30f2791e1cb3a4,Baan Arita,Guesthouse,phuket,Patong,TH,Asia,,,,,7.88965,98.29695,,,osm,walk-in,6,new
b06fd94aeb072ff29a52,Baan Bangla Mangrove Forests Museum,Museum,phuket,Paklok,TH,Asia,,,,,7.99211,98.3834,,,osm,walk-in,6,new
e12d027fea6dd66dc2b4,Baan Chaylay Karon,Guesthouse,phuket,Karon,TH,Asia,,,,6/2 ปฎัก ซอย 22 กะรน,7.84908,98.29931,,,osm,walk-in,6,new
35f72a0e5e4b4369e509,Baan Farming Homestay,Guesthouse,phuket,Chalong,TH,Asia,,,,,7.86819,98.32898,,,osm,walk-in,6,new
aa4daafafce4baac6b00,Baan Kalim,Restaurant,phuket,Patong,TH,Asia,,,,,7.90644,98.29724,,,osm,walk-in,6,new
29d40164fd1d3feab3db,Baan Kasemsuk,Guesthouse,phuket,Patong,TH,Asia,,,,10/1 Soi Nanai 2,7.88722,98.30146,,,osm,walk-in,6,new
b428ba82677846424fc1,Baan Kata Pharmacy,Pharmacy,phuket,Kata,TH,Asia,,,,,7.82767,98.30151,,,osm,walk-in,6,new
1c9f9cbca078193ffe82,Baan Kinkaew&FBL Guesthouse,Guesthouse,phuket,Patong,TH,Asia,,,,,7.88696,98.30259,,,osm,walk-in,6,new
d9d0d64b43b01133746b,Baan Klang Nam,Restaurant,phuket,Rawai,TH,Asia,,,,,7.7712,98.31868,,,osm,walk-in,6,new
bfcb61441d24989bc6e3,Baan Kway Teow - Noodle House,Restaurant,phuket,Bang Tao,TH,Asia,,,,,8.00311,98.31203,,,osm,walk-in,6,new
faef495653d8859932e7,Baan Mae Ying Bungalows & Luxury Glamping Tents,Hotel,phuket,Cherngtalay,TH,Asia,,,,,7.98704,98.34959,,,osm,walk-in,6,new
a5cd30e3bac0b85d2176,Baan Mai,Restaurant,phuket,Kamala,TH,Asia,,,,,7.96076,98.28587,,,osm,walk-in,6,new
2f7e248c43c0f8f2602f,Baan Nok Noi,Guesthouse,phuket,Rawai,TH,Asia,,,,79/20 Rawai,7.77538,98.31904,,,osm,walk-in,6,new
23a9599935daa194fe5d,Baan Norkna,Hotel,phuket,Bang Tao,TH,Asia,,,,202/104 Thalang,7.98546,98.29442,,,osm,walk-in,6,new
2ef9c85199b34e63ab06,Baan Noy Restaurant,Restaurant,phuket,Chalong,TH,Asia,,,,58/12 Moo 10 Patak Rd Chalong Phuket,7.82375,98.33772,,,osm,walk-in,6,new
d8dfbba540220f75cefd,Baan Orchid Guesthouse,Guesthouse,phuket,Patong,TH,Asia,,,,,7.90221,98.29994,,,osm,walk-in,6,new
61b9f8db0ddbdcf3c2d1,Baan Oui,Hotel,phuket,Nai Harn,TH,Asia,,,,,7.78165,98.31402,,,osm,walk-in,6,new
44600ca65e07640c70ca,Baan Phu Du Lay Cafe,Café,phuket,Kata,TH,Asia,,,,,7.82805,98.31972,,,osm,walk-in,6,new
c63c7c54125c6dbd1c3b,Baan Rim Khum,Restaurant,phuket,Kathu,TH,Asia,,,,,7.91742,98.3341,,,osm,walk-in,6,new
54d57d08cd204a74d497,Baan Sabai Phuket,Hotel,phuket,Nai Harn,TH,Asia,,,https://www.baansabaiphuket.com/,39/59-60 กะตะใสยวน Phuket,7.79135,98.31689,,,osm,walk-in,6,new
1deece522b2eb0f60461,Baan Sailom Restaurant,Restaurant,phuket,Karon,TH,Asia,,,,,7.83421,98.29582,,,osm,walk-in,6,new
d5c344721dff4a8d252f,Baan Suan Resort,Hotel,phuket,Rawai,TH,Asia,,,,,7.77006,98.31479,,,osm,walk-in,6,new
410abb1382d1862a9968,Baan Surin,Guesthouse,phuket,Surin,TH,Asia,,,,,7.97733,98.28716,,,osm,walk-in,6,new
454320fcc812fbe511c7,Baan Suwantawe,Hotel,phuket,Phuket Town,TH,Asia,,,,,7.88572,98.39261,,,osm,walk-in,6,new
edb99faa7c757c9d76da,Baan Taweesup,Hotel,phuket,Patong,TH,Asia,,,,,7.89779,98.30163,,,osm,walk-in,6,new
5bb432dd9c39770e79c6,Baan Veerakit Guesthouse & Bungalow,Hotel,phuket,Patong,TH,Asia,,,,,7.88104,98.29844,,,osm,walk-in,6,new
a7746c37947eaba30e75,Baan Wayla,Restaurant,phuket,Mai Khao,TH,Asia,,,,,8.13269,98.30743,,,osm,walk-in,6,new
19b946df4fdef48d59dd,Baan Yanui Beach Bungalow,Hotel,phuket,Nai Harn,TH,Asia,,,,,7.76797,98.30762,,,osm,walk-in,6,new
7e0c1d77880b61ea3878,Baan Yuree Resort & Spa,Hotel,phuket,Patong,TH,Asia,,,,,7.87856,98.29413,,,osm,walk-in,6,new
64cdc1c78afea486e83e,Baan suan,Hotel,phuket,Nai Yang,TH,Asia,,,,,8.05727,98.31018,,,osm,walk-in,6,new
8ba2130de7c0bc6cb325,BaanMee,Hotel,phuket,Chalong,TH,Asia,,,,,7.8247,98.34422,,,osm,walk-in,6,new
77193f5c35e3113b1584,Baantong BBQ,Restaurant,phuket,Patong,TH,Asia,,,,,7.90167,98.31008,,,osm,walk-in,6,new
915fe5aec1cae51c1914,Baba,Vehicle rental,phuket,Kamala,TH,Asia,,,,,7.94855,98.27743,,,osm,walk-in,6,new
5ab3b6b03526850acb0e,Baba Chino,Restaurant,phuket,Cape Panwa,TH,Asia,,,https://www.babaphuket.com/baba-chino-luxury-chinese-restaurant/,,7.8037,98.4096,,,osm,walk-in,6,new
5f659d05049c82bad955,Baba IKI,Restaurant,phuket,Cape Panwa,TH,Asia,,,https://www.babaphuket.com/baba-iki-the-best-japanese-restaurant/,,7.80235,98.41035,,,osm,walk-in,6,new
d070c206d6c91b289545,Baba La Casa,Hotel,phuket,Chalong,TH,Asia,,,,,7.83262,98.34433,,,osm,walk-in,6,new
d816b215ac4cc13166f2,Baba Poolclub,Restaurant,phuket,Cape Panwa,TH,Asia,,,https://www.babaphuket.com/baba-poolclub-international-cuisine/,,7.80249,98.41076,,,osm,walk-in,6,new
02aff39581a533640ef9,Baba Soul Food,Restaurant,phuket,Cape Panwa,TH,Asia,,,https://www.babaphuket.com/baba-soul-food-best-thai-cuisine/,,7.80493,98.40857,,,osm,walk-in,6,new
0e5f701a52f2e6102bf1,Baba restaurant,Restaurant,phuket,Nai Harn,TH,Asia,,,,,7.78948,98.31746,,,osm,walk-in,6,new
acc180c09935fbc2c6eb,Babushka House,Café,phuket,Rawai,TH,Asia,,,,,7.76864,98.31457,,,osm,walk-in,6,new
288c1918f17c5d18e5ee,Badsha Indian Food,Restaurant,phuket,Patong,TH,Asia,,,,,7.89423,98.3017,,,osm,walk-in,6,new
aa7399762c73a5ac5eb7,Bai Bua,Massage & spa,phuket,Kata,TH,Asia,,,,,7.8285,98.29582,,,osm,walk-in,6,new
3fb61f29b4f732519afd,Bai Toey,Restaurant,phuket,Karon,TH,Asia,,,,192/36 ถนนปฏัก,7.84325,98.29539,,,osm,walk-in,6,new
2f45f5e4a7300e8fa6c3,Baikingu Japanese Buffet Garden Restaurant,Restaurant,phuket,Old Town,TH,Asia,,,,,7.87231,98.36685,,,osm,walk-in,6,new
e2e19db79b84301ee330,Baipho Lifestyle Residence Phuket,Hotel,phuket,Patong,TH,Asia,,,,,7.88967,98.29649,,,osm,walk-in,6,new
af632ddbc00ff3eb1c7c,Baithong Lifestyle Hotel,Hotel,phuket,Patong,TH,Asia,,,,,7.89026,98.29677,,,osm,walk-in,6,new
de5baa847b636a75e858,Baitong,Restaurant,phuket,Patong,TH,Asia,,,,,7.8927,98.29474,,,osm,walk-in,6,new
7693fb79d4f7ca33f0c3,Balance Muay Thai,dojo,phuket,Bang Tao,TH,Asia,,,,202/140 Soi Bang Tao 4/2 Thalang,7.98531,98.29456,,,osm,walk-in,6,new
a82727d6eedaa79e1017,Baluchi,Restaurant,phuket,Patong,TH,Asia,,,,,7.88889,98.29266,,,osm,walk-in,6,new
1c249094ceb0202e67d7,Bamboo,Restaurant,phuket,Bang Tao,TH,Asia,,,,,7.98783,98.29716,,,osm,walk-in,6,new
4bc74a9868a3325617cb,Bamboo House,Hotel,phuket,Karon,TH,Asia,,,,492/1 Patak Rd.,7.84848,98.29584,,,osm,walk-in,6,new
719a6b8e21187585754a,Bamboo Village,Hotel,phuket,Kata,TH,Asia,,,,,7.82321,98.29891,,,osm,walk-in,6,new
e1c7094baad99fb7e03c,Bamboo bar,Bar,phuket,Kata,TH,Asia,,,,,7.82549,98.29667,,,osm,walk-in,6,new
c8433412dd7de3044532,Ban Raya Meeting Point,Tours & travel,phuket,Chalong,TH,Asia,,,,,7.82349,98.34444,,,osm,walk-in,6,new
4693af1f0854f4b29745,Ban Rim Klong,Restaurant,phuket,Bang Tao,TH,Asia,,,,,7.9843,98.28766,,,osm,walk-in,6,new
c9e5fde4426e5ae12e4c,Ban Veggie,Restaurant,phuket,Rawai,TH,Asia,,,,,7.79739,98.32736,,,osm,walk-in,6,new
3f25d0e9c922bff1314a,Ban-Thai,Restaurant,phuket,Kata,TH,Asia,,,,,7.8281,98.29606,,,osm,walk-in,6,new
a6d0a34a8dfe05ef103f,Banana,Bar,phuket,Patong,TH,Asia,,,,,7.89309,98.29489,,,osm,walk-in,6,new
279abd45971418cd1828,Bandara Phuket Beach Resort,Hotel,phuket,Cape Panwa,TH,Asia,,,,,7.81158,98.38901,,,osm,walk-in,6,new
f1ec14ec207abbf76618,Bandara Villas Phuket,Hotel,phuket,Cape Panwa,TH,Asia,,,,,7.81321,98.39104,,,osm,walk-in,6,new
8b86bea1680fb8bf56ef,Bando Boyz,Bar,phuket,Rawai,TH,Asia,,,,,7.77103,98.31915,,,osm,walk-in,6,new
4b27acd211f62f4a39b9,Bang Nun Tea,Restaurant,phuket,Cape Panwa,TH,Asia,,,,,7.81251,98.38911,,,osm,walk-in,6,new
1dc59caf2b8ed39408f8,Bang Pae Seafood,Restaurant,phuket,Paklok,TH,Asia,,,,Soi Bang Toei,8.03659,98.41531,,,osm,walk-in,6,new
eb179f1bcbe0b57c4cf3,Bang Rang Point,Café,phuket,Paklok,TH,Asia,,,,,8.04921,98.41574,,,osm,walk-in,6,new
39b75eb969a09022e699,Bang Tao Beach Restaurant,Restaurant,phuket,Bang Tao,TH,Asia,,,,,7.99633,98.29188,,,osm,walk-in,6,new
064edb770174022df601,Bang Tao Night Market,Market,phuket,Cherngtalay,TH,Asia,,,,,7.98658,98.29921,,,osm,walk-in,6,new
690a460ef0c4834e6914,Bangkok Residence Hotel,Hotel,phuket,Patong,TH,Asia,,,,,7.89234,98.30044,,,osm,walk-in,6,new
37571fc1c8c078763371,Bangla Road,Nightlife,phuket,Patong,TH,Asia,,,,,7.89397,98.29535,,,osm,walk-in,6,new
97dfc4888b04c09f686d,Bangnamkon,Restaurant,phuket,Old Town,TH,Asia,,,,,7.90299,98.37775,,,osm,walk-in,6,new
54b8c568403b57bbb5e8,Bangtao Guest House,Guesthouse,phuket,Cherngtalay,TH,Asia,,,,,7.98165,98.29435,,,osm,walk-in,6,new
fed288e166bb61f62cbc,Bangtao Shawarma,Street food,phuket,Bang Tao,TH,Asia,,,,,7.99037,98.2925,,,osm,walk-in,6,new
9987da911ebf0d62ebcd,Bangtao Tropical Residence,Hotel,phuket,Surin,TH,Asia,,,,,7.98153,98.28332,,,osm,walk-in,6,new
a4ecd8c33fb5c3419804,Bann Kru Gif Restaurant,Restaurant,phuket,Mai Khao,TH,Asia,,,,,8.13444,98.30694,,,osm,walk-in,6,new
78188c72b50175540122,Banyan Tree Phuket,Hotel,phuket,Bang Tao,TH,Asia,,,,,8.01298,98.29511,,,osm,walk-in,6,new
1ab43b047495975e06b1,Banyan Tree Spa Sanctuary,Hotel,phuket,Bang Tao,TH,Asia,,,,,8.00966,98.29397,,,osm,walk-in,6,new
f2ae3f9cae903e3490df,Banyan Villa,Hotel,phuket,Chalong,TH,Asia,,,,Phuket,7.84187,98.34742,,,osm,walk-in,6,new
943c6e143289c9cb89e3,Banyen Chalong Hill,Hotel,phuket,Chalong,TH,Asia,,,,Chalong,7.84903,98.32983,,,osm,walk-in,6,new
f607eb43647f686437cf,Banzaan Fresh Market,Market,phuket,Patong,TH,Asia,,,,,7.89117,98.30173,,,osm,walk-in,6,new
daed5c84b653c35f5834,Banzaan Fresh Market (Night),Market,phuket,Patong,TH,Asia,,,,,7.89135,98.3015,,,osm,walk-in,6,new
f4985f23593e3d9747b8,Bar Funk,Nightlife,phuket,Patong,TH,Asia,,,,,7.89387,98.29638,,,osm,walk-in,6,new
7c47d6ba31d14f975b73,Bar's Bell Café & Restaurant,Restaurant,phuket,Nai Yang,TH,Asia,,,,,8.09815,98.30703,,,osm,walk-in,6,new
f3ee06572eb1bb282284,Baramee Resortel,Hotel,phuket,Patong,TH,Asia,,,,,7.90596,98.29932,,,osm,walk-in,6,new
08286a6ce6d2c56ae64f,Barbara Bar,Bar,phuket,Patong,TH,Asia,,,,,7.89331,98.29695,,,osm,walk-in,6,new
4d74a808666976ecdc24,Barefoot Beach Shack,Restaurant,phuket,Patong,TH,Asia,,,,,7.89803,98.29604,,,osm,walk-in,6,new
7be939cc976e96644183,Basil Thai Kitchen,Restaurant,phuket,Mai Khao,TH,Asia,,,,,8.16915,98.29605,,,osm,walk-in,6,new
17d6c141692187373685,Batikseafood Airport & Room,Hotel,phuket,Airport,TH,Asia,,,,,8.10529,98.31452,,,osm,walk-in,6,new
2abef4059698dc55e33b,Baumancasa,Restaurant,phuket,Karon,TH,Asia,,,,"188, 188/3, 188/5 Karon Rd. Phuket",7.84267,98.29509,,,osm,walk-in,6,new
1f385d0cfb53347aad3e,Baumancasa Beach Resort,Hotel,phuket,Karon,TH,Asia,,,,,7.84274,98.2955,,,osm,walk-in,6,new
4d9a65d1f8a99052768f,Bay Leaf Russian Food,Restaurant,phuket,Phuket Town,TH,Asia,,,,,7.88534,98.39021,,,osm,walk-in,6,new
4bd1c83b38ca1abdac72,Be Live Residence,Hotel,phuket,Bang Tao,TH,Asia,,,,,8.02409,98.33213,,,osm,walk-in,6,new
f0f95dc0eda04fbdd8b4,Be My Guest Boutique Hotel,Guesthouse,phuket,Kata,TH,Asia,,,,,7.82429,98.29875,,,osm,walk-in,6,new
4ec99277d4700baa5031,Be wellness,Massage & spa,phuket,Kata,TH,Asia,,,,,7.82423,98.29869,,,osm,walk-in,6,new
eb04773160eb62de1b2d,Beach Bar,Bar,phuket,Surin,TH,Asia,,,,,7.98297,98.27697,,,osm,walk-in,6,new
dd3d6752d2aedf480792,Beach Cafes,Café,phuket,Kata,TH,Asia,,,,,7.82427,98.29426,,,osm,walk-in,6,new
dc7fd1b44b19e6091322,Beach House Restaurant,Restaurant,phuket,Nai Yang,TH,Asia,,,,,8.05828,98.278,,,osm,walk-in,6,new
1911b484b32bcd370eb1,Beach Pig Bar,Bar,phuket,Bang Tao,TH,Asia,,,,,7.99652,98.29196,,,osm,walk-in,6,new
e2c986f014aab30612bf,Beach Shop,Souvenirs & gifts,phuket,Cape Panwa,TH,Asia,,,,,7.80345,98.4077,,,osm,walk-in,6,new
aeeaa9b531340114569e,Beach front cafeteria,Bar,phuket,Karon,TH,Asia,,,,,7.83283,98.29527,,,osm,walk-in,6,new
75876804327790f379d1,Beachfront Phuket Hotel,Hotel,phuket,Surin,TH,Asia,,,,,7.98432,98.28285,,,osm,walk-in,6,new
77d5d6efe46a311ecbf3,Beauty Land,Beauty & spa,phuket,Old Town,TH,Asia,,,,,7.88843,98.38449,,,osm,walk-in,6,new
ed85e9ae87c350c2476f,Bedbox Guesthouse and Hostel,Guesthouse,phuket,Patong,TH,Asia,,,,"16/18 Nainai Soi 2 Road Kathu, Phuket, Patong Beach",7.88728,98.30084,,,osm,walk-in,6,new
bfa5f3381cdb10409044,Bee Massage,Massage & spa,phuket,Rawai,TH,Asia,,,,,7.80158,98.33543,,,osm,walk-in,6,new
0a573c0d8dcbec72d037,Bee Swiss,Bar,phuket,Kata,TH,Asia,,,,,7.82567,98.29818,,,osm,walk-in,6,new
25caf6a0e900067164e7,Beer House,Restaurant,phuket,Kamala,TH,Asia,,,,Rim Hat Road,7.95073,98.28113,,,osm,walk-in,6,new
c70676cca53452ab9327,Beer garden,Bar,phuket,Rawai,TH,Asia,,,,,7.79704,98.32715,,,osm,walk-in,6,new
2fe11025eaedfca43d4d,Bel Aire,Hotel,phuket,Patong,TH,Asia,,,,,7.89665,98.3011,,,osm,walk-in,6,new
2abb7e28a31aae5c2250,Bella Massage,Massage & spa,phuket,Kata,TH,Asia,,,,,7.82445,98.2993,,,osm,walk-in,6,new
7e7c4cd864de56c53d61,Bella Nara,Hotel,phuket,Nai Yang,TH,Asia,,,,,8.08891,98.29914,,,osm,walk-in,6,new
0eb6da9ac8ce2a40fd76,Bella Street Bar,Bar,phuket,Patong,TH,Asia,,,,,7.89663,98.30051,,,osm,walk-in,6,new
57931cebc8ed3b0d3015,Bella Tropicana Hotel and Guesthouse,Hotel,phuket,Patong,TH,Asia,,,,,7.88615,98.30248,,,osm,walk-in,6,new
20180809d319e735e382,Bella Vista,Restaurant,phuket,Kamala,TH,Asia,,,,,7.95586,98.28311,,,osm,walk-in,6,new
b399604dc263bbe4a2c1,Benedict Breakfast Cafe,Café,phuket,Kata,TH,Asia,,,,,7.82468,98.30006,,,osm,walk-in,6,new
78bb090c7ac17f7b4563,Benjamin Resort,Hotel,phuket,Kamala,TH,Asia,,,,83 moo 3 RImhad road Kamala / Phuket,7.95009,98.27972,,,osm,walk-in,6,new
fe4b4eececc9a510ce5e,Benny's coctail & grill,Restaurant,phuket,Surin,TH,Asia,,,,,7.98419,98.28202,,,osm,walk-in,6,new
89a21292d7e2a2505071,Bernies Bistro Bar,Restaurant,phuket,Karon,TH,Asia,,,,,7.85276,98.29453,,,osm,walk-in,6,new
56527f31d7ec7ed572d6,Best Western Bangtao Beach Resort,Hotel,phuket,Bang Tao,TH,Asia,,,,,7.98532,98.28684,,,osm,walk-in,6,new
4bf1ac4216e380c34f7c,Bevan's place Karon,Guesthouse,phuket,Karon,TH,Asia,,,,,7.84983,98.29503,,,osm,walk-in,6,new
e132884769212b5c061b,Beyond,Hotel,phuket,Patong,TH,Asia,,,,,7.89743,98.29747,,,osm,walk-in,6,new
a9e84dc0b0129cc4f9dc,Big A,Hotel,phuket,Chalong,TH,Asia,,,,,7.81641,98.33449,,,osm,walk-in,6,new
d3c86f660badb6569e3b,Big Bear Kitchen,Restaurant,phuket,Kathu,TH,Asia,,,,,7.94364,98.36335,,,osm,walk-in,6,new
a53c1b2b8649dd4ff2a9,Big Blue Cow,Restaurant,phuket,Nai Yang,TH,Asia,,,,,8.09235,98.3023,,,osm,walk-in,6,new
44c7ee90615084f8d03a,Big Burger & Grill,Street food,phuket,Airport,TH,Asia,,,,,8.10529,98.30511,,,osm,walk-in,6,new
c289fe92ae48d262ca7e,Big Stone Bar,Restaurant,phuket,Kata,TH,Asia,,,,18/11 Patak Soi 10 Phuket Karon Beach,7.82735,98.30514,,,osm,walk-in,6,new
40f3ac978dac582cf17d,Big bumps,Bar,phuket,Bang Tao,TH,Asia,,,,,7.99322,98.29098,,,osm,walk-in,6,new
d7d6d4089eead5cb5b00,Bike Rent,Vehicle rental,phuket,Karon,TH,Asia,,,,,7.84966,98.29508,,,osm,walk-in,6,new
fe1a7e083c021ffbe90e,Bike rental,Vehicle rental,phuket,Rawai,TH,Asia,,,,,7.80146,98.33355,,,osm,walk-in,6,new
9a44e166ef87fd2e42a4,Billion Café,Café,phuket,Airport,TH,Asia,,,,,8.10728,98.30633,,,osm,walk-in,6,new
7f4953a9585fca98ed72,Bistro,Restaurant,phuket,Patong,TH,Asia,,,,,7.89608,98.29606,,,osm,walk-in,6,new
44df03cd4c0cd02a447b,Bistro Bangtao Beach,Café,phuket,Bang Tao,TH,Asia,,,,,7.98611,98.28841,,,osm,walk-in,6,new
97761a8cddec26a09e99,Bistrot,Guesthouse,phuket,Kata,TH,Asia,,,,,7.81566,98.30527,,,osm,walk-in,6,new
309fc2d59674114cf0a6,Biwty Smile,Beauty & spa,phuket,Kata,TH,Asia,,,,,7.81645,98.30677,,,osm,walk-in,6,new
b32861b618e22ec50590,Biz Rent a Car,Vehicle rental,phuket,Airport,TH,Asia,,,,,8.10856,98.30851,,,osm,walk-in,6,new
e8581279f49e96d4ac59,Black & White Restaurant,Restaurant,phuket,Patong,TH,Asia,,,,,7.89769,98.30192,,,osm,walk-in,6,new
7f5326e7d3419ba3293a,Black Bull,Restaurant,phuket,Rawai,TH,Asia,,,,,7.77742,98.31916,,,osm,walk-in,6,new
8bcd7c64aa927c31de60,Black Canyon Coffee,Café,phuket,Kata,TH,Asia,,,,,7.81554,98.30032,,,osm,walk-in,6,new
1741939cef2ba2d1c0b2,Black Cat,Restaurant,phuket,Cherngtalay,TH,Asia,,,,,7.99142,98.30653,,,osm,walk-in,6,new
4494e551a115104507c8,Black Dragon Inn,Hotel,phuket,Chalong,TH,Asia,,,,Chalong,7.82278,98.33874,,,osm,walk-in,6,new
6b2b3ea4baee3d5eedc4,Black Forest,Restaurant,phuket,Karon,TH,Asia,,,,,7.84818,98.29507,,,osm,walk-in,6,new
2d20f269c21d2d3a08cc,Black Mamba Bar,Bar,phuket,Kamala,TH,Asia,,,,,7.94853,98.28386,,,osm,walk-in,6,new
3353c3c73a6436be663a,Black Pearl,Restaurant,phuket,Kata,TH,Asia,,,,,7.81618,98.30099,,,osm,walk-in,6,new
264d78aa49a850e968b6,Blow,Nightlife,phuket,Patong,TH,Asia,,,https://m.facebook.com/blowvip/,,7.89317,98.29786,,,osm,walk-in,6,new
000c4984ce281e404bfb,Blu Monkey,Hotel,phuket,Old Town,TH,Asia,,,https://www.blumonkeyhotels.com/boutiquephukettown/,,7.90016,98.38076,,,osm,walk-in,6,new
11a14d3b7c810819dab6,Blue Canyon Country Club,Hotel,phuket,Airport,TH,Asia,,,,,8.10656,98.3345,,,osm,walk-in,6,new
a3e3c500e0e5847eaad1,Blue Canyon Golf Resort,Golf,phuket,Airport,TH,Asia,,,,,8.10074,98.32393,,,osm,walk-in,6,new
82db4fec9bf5bf157b0c,Blue Dolphin Men's Massage,Massage & spa,phuket,Patong,TH,Asia,,,,,7.89508,98.29959,,,osm,walk-in,6,new
6c9f5072a0e78326d13b,Blue Horizon,Restaurant,phuket,Patong,TH,Asia,,,,Soi Patong Tower,7.89195,98.29478,,,osm,walk-in,6,new
1403298f334b3f3dbbf4,Blue Monke,Hotel,phuket,Phuket Town,TH,Asia,,,,Phang Nga Phuket,7.88394,98.39422,,,osm,walk-in,6,new
a720073940c6f5beb0fc,Blue Ocean,Restaurant,phuket,Karon,TH,Asia,,,,,7.84816,98.29582,,,osm,walk-in,6,new
b2931c6a04a9bac76fd0,Blue Ocean Resort,Hotel,phuket,Patong,TH,Asia,,,,,7.88389,98.2932,,,osm,walk-in,6,new
b26bea5a1f01745d30b3,Blue sunset,Restaurant,phuket,Nai Yang,TH,Asia,,,,,8.06157,98.27735,,,osm,walk-in,6,new
0a66514b209e8001a979,Bluewave,Restaurant,phuket,Cape Panwa,TH,Asia,,,https://m.facebook.com/Bluewavephuket/,,7.8061,98.40515,,,osm,walk-in,6,new
cd10e7d4578d12c5bc09,Boat Bar Restaurant,Bar,phuket,Kamala,TH,Asia,,,,,7.9561,98.28327,,,osm,walk-in,6,new
faec887fcbaf5772a68a,Boat Noodle,Restaurant,phuket,Koh Kaew,TH,Asia,,,,,7.93324,98.37698,,,osm,walk-in,6,new
61a6e597f2759b80b808,Bon Sai,Restaurant,phuket,Kamala,TH,Asia,,,,,7.95027,98.28174,,,osm,walk-in,6,new
3abebf325a39d7208f60,BonCafé,Café,phuket,Kamala,TH,Asia,,,,,7.94948,98.28401,,,osm,walk-in,6,new
de1119626de3bbfcc064,Bondi Aussie Bar & Grill,Bar,phuket,Patong,TH,Asia,,,,,7.89219,98.29833,,,osm,walk-in,6,new
6fcd8d97e210c126c6d3,Bonfire Bar,Bar,phuket,Kamala,TH,Asia,,,,,7.95718,98.28836,,,osm,walk-in,6,new
db75a0e995c775c7637d,Boom Boom,Bar,phuket,Kata,TH,Asia,,,,,7.81363,98.29914,,,osm,walk-in,6,new
0ee5e471159f0d4b7c7e,Boom Party Bar,Bar,phuket,Patong,TH,Asia,,,,,7.89672,98.30011,,,osm,walk-in,6,new
4beaf8c1f6d06104dc6a,Boompy bar,Bar,phuket,Rawai,TH,Asia,,,,,7.77813,98.31927,,,osm,walk-in,6,new
28a9d6be36b06067b92b,Booster Bar,Café,phuket,Paklok,TH,Asia,,,,,8.04889,98.35294,,,osm,walk-in,6,new
45e52a023731ee32f7fb,Borsalino,Restaurant,phuket,Patong,TH,Asia,,,,,7.88888,98.29274,,,osm,walk-in,6,new
74bac46cfc227e63910b,Boss,Café,phuket,Chalong,TH,Asia,,,,,7.85406,98.34486,,,osm,walk-in,6,new
4c9a0c35efc56ac31107,Bottom Caffee,Restaurant,phuket,Cape Panwa,TH,Asia,,,,,7.81498,98.39588,,,osm,walk-in,6,new
551aaa7274163d038af8,Bounty Seafood,Restaurant,phuket,Kata,TH,Asia,,,,,7.83165,98.29528,,,osm,walk-in,6,new
cd09204f0287fa47e624,Brasserie Beach Restaurant And Bar,Restaurant,phuket,Cape Panwa,TH,Asia,,,,,7.81208,98.39032,,,osm,walk-in,6,new
9b250d18211499cc0799,Bratwurst Peter,Restaurant,phuket,Patong,TH,Asia,,,,Nanai Soi 2 patong phuket,7.88715,98.30265,,,osm,walk-in,6,new
c6faa2b069441ae17a55,Brauhaus Rawai Phuket,Restaurant,phuket,Rawai,TH,Asia,,,,,7.77721,98.31915,,,osm,walk-in,6,new
c2f242cbac58f7040990,"Braun Car Rentals, Phuket",Vehicle rental,phuket,Nai Yang,TH,Asia,,,http://www.braun-rentacar.com,,8.09821,98.30673,,,osm,walk-in,6,new
a80f6bebf0506ed860cb,Bread Fusion,Restaurant,phuket,Kamala,TH,Asia,,,,96/23 ถนนหน้าหาด,7.95018,98.27963,,,osm,walk-in,6,new
c10571565126ae37a461,Break Point,Hotel,phuket,Patong,TH,Asia,,,,,7.89186,98.2951,,,osm,walk-in,6,new
3105d19a0c070309a08c,Break point Restaurant & Hotel,Restaurant,phuket,Patong,TH,Asia,,,,,7.89188,98.29505,,,osm,walk-in,6,new
08bf4677552730271885,Breakfast place,Restaurant,phuket,Phuket Town,TH,Asia,,,,,7.88336,98.39446,,,osm,walk-in,6,new
63354f90ca8557462a42,Breezotel,Hotel,phuket,Patong,TH,Asia,,,,,7.88443,98.29749,,,osm,walk-in,6,new
9493848edfcfa28c2bc4,Brook Resort & Villas,Guesthouse,phuket,Chalong,TH,Asia,,,https://brookresort.com/,,7.83836,98.34975,,,osm,walk-in,6,new
b15dd24de5cbddca2258,Brown Rice Restaurant,Restaurant,phuket,Rawai,TH,Asia,,,,,7.79253,98.32135,,,osm,walk-in,6,new
c7aa9f0fb12c5aab3abc,Bruschetta Cafe & Bistro,Bar,phuket,Cherngtalay,TH,Asia,,,,Soi Bangtao 2 Phuket,7.98646,98.29879,,,osm,walk-in,6,new
fdb2c50c88efb665b6a7,Buble milk tea,Café,phuket,Cherngtalay,TH,Asia,,,,,7.9798,98.36285,,,osm,walk-in,6,new
5d0f28fa6955c9628288,Bucha gallery and restaurant,Restaurant,phuket,Chalong,TH,Asia,,,,,7.83516,98.3483,,,osm,walk-in,6,new
aa3a7cb4580b2b481cf6,Buddhist Items & Hand-Crafted Gifts,Souvenirs & gifts,phuket,Chalong,TH,Asia,,,,,7.82486,98.34258,,,osm,walk-in,6,new
ba0d540547d2d5bb78bc,Buffalo Stakehouse,Restaurant,phuket,Karon,TH,Asia,,,,,7.84768,98.29364,,,osm,walk-in,6,new
9ccae612305b5ea8e060,Burasari Phuket,Hotel,phuket,Patong,TH,Asia,,,,18/110 Ruamchai Road,7.8879,98.29312,,,osm,walk-in,6,new
c7eeb0644c73beb2379e,Burger,Street food,phuket,Rawai,TH,Asia,,,,,7.79258,98.32163,,,osm,walk-in,6,new
26e43346fd8a550602ba,Burger House Old Town,Street food,phuket,Old Town,TH,Asia,,,,,7.88539,98.38877,,,osm,walk-in,6,new
f14eece4dd88bb3480ad,Burger King,Street food,phuket,Chalong,TH,Asia,,,,,7.86828,98.35591,,,osm,walk-in,6,new
b208d8f38d1ecc91f7bf,Burger Me,Street food,phuket,Rawai,TH,Asia,,,,,7.78744,98.31711,,,osm,walk-in,6,new
e5845a2494458d2adb60,Burger Theater,Restaurant,phuket,Kamala,TH,Asia,,,,,7.95808,98.2876,,,osm,walk-in,6,new
57ab219b2db19e5ac2d6,Burgers,Street food,phuket,Chalong,TH,Asia,,,,,7.82278,98.33841,,,osm,walk-in,6,new
1f7fc7607f62363924b9,Busa Ba,Massage & spa,phuket,Nai Yang,TH,Asia,,,,,8.09268,98.30293,,,osm,walk-in,6,new
f08408625f65cf29440e,Butcher,Restaurant,phuket,Patong,TH,Asia,,,,,7.89886,98.29979,,,osm,walk-in,6,new
1f4b6189ea41c5d4d099,Butterfly,Restaurant,phuket,Surin,TH,Asia,,,,,7.98006,98.28632,,,osm,walk-in,6,new
935face00ded1cb903f9,By The Lake Villas,Hotel,phuket,Nai Harn,TH,Asia,,,,27/61 Soi Naya Phuket,7.78465,98.30957,,,osm,walk-in,6,new
04888e752a911dae1887,By the Sea,Hotel,phuket,Cape Panwa,TH,Asia,,,,,7.81803,98.38525,,,osm,walk-in,6,new
7067f8f25148dfc19d84,Byd,Restaurant,phuket,Patong,TH,Asia,,,,,7.90075,98.2998,,,osm,walk-in,6,new
7f2cfa3422ff1ad80e53,C & Shell,Pharmacy,phuket,Mai Khao,TH,Asia,,,,,8.17204,98.29807,,,osm,walk-in,6,new
27e4835e7a252016c7db,C&M Hotel,Hotel,phuket,Patong,TH,Asia,,,,,7.894,98.29859,,,osm,walk-in,6,new
a877021de3585cd7d916,C&N Resort and Spa,Hotel,phuket,Patong,TH,Asia,,,,,7.88062,98.2943,,,osm,walk-in,6,new
f0c3d274e32c17869c8d,CAP Mansion Phuket,Hotel,phuket,Old Town,TH,Asia,,,,,7.8781,98.37132,,,osm,walk-in,6,new
1413e447e972442baad2,CHA CAFĚ,Café,phuket,Patong,TH,Asia,,,,,7.89748,98.30149,,,osm,walk-in,6,new
3fdd3b6402e0cd63090f,CHEF ICE,Café,phuket,Kata,TH,Asia,,,,Soi Nam Duem Green,7.82211,98.30402,,,osm,walk-in,6,new
34ff86018dce96491580,CY Cafe & Restaurant,Restaurant,phuket,Nai Harn,TH,Asia,,,,,7.76174,98.3064,,,osm,walk-in,6,new
af071efd0ab9cbc77a1f,Cafe,Café,phuket,Kata,TH,Asia,,,,,7.82671,98.29219,,,osm,walk-in,6,new
95f4187f9176fc6d8a32,Cafe & deli,Café,phuket,Kata,TH,Asia,,,,,7.81306,98.29865,,,osm,walk-in,6,new
b422c11483e8c7ed8b97,Cafe Amazon,Café,phuket,Rawai,TH,Asia,,,,,7.77147,98.32034,,,osm,walk-in,6,new
d5e2e3723c91d83dfb00,Cafe Check in koh yao,Café,phuket,Paklok,TH,Asia,,,,,8.04898,98.41602,,,osm,walk-in,6,new
8e4a47b7e9b824099318,Cafe Havana,Café,phuket,Kata,TH,Asia,,,,,7.80869,98.30229,,,osm,walk-in,6,new
3927d2df572af760ca76,Cafe Java,Guesthouse,phuket,Patong,TH,Asia,,,,,7.88546,98.29341,,,osm,walk-in,6,new
8dc316fb0cc179600fd8,Cafe Racer Bar Phuket,Café,phuket,Nai Yang,TH,Asia,,,,Thepkrasatree rd 249 - 14 Thalkang,8.05629,98.32447,,,osm,walk-in,6,new
17a7ae09aebe016c3e58,Cafe Soccer,Café,phuket,Old Town,TH,Asia,,,,,7.89389,98.36279,,,osm,walk-in,6,new
7c42a4495b4aace190ff,Cafe Y ate,Café,phuket,Phuket Town,TH,Asia,,,,,7.88355,98.39057,,,osm,walk-in,6,new
8765948941974ede37f8,Cafe by CoCo Pier,Café,phuket,Cape Panwa,TH,Asia,,,,,7.82304,98.40379,,,osm,walk-in,6,new
b119f1d053be9051b551,Cafe for family,Street food,phuket,Kata,TH,Asia,,,,,7.81574,98.30091,,,osm,walk-in,6,new
3b3f62f5129ea4935bf1,Cafeopera Live - Kata Beach,Restaurant,phuket,Kata,TH,Asia,,,https://www.facebook.com/pages/Cafeopera-live-Kata-Beach/269189859788067,,7.81716,98.3013,,,osm,walk-in,6,new
d527b2612ff430214db6,Cafh cafe at home,Café,phuket,Chalong,TH,Asia,,,,,7.83504,98.33213,,,osm,walk-in,6,new
c9998b54d5e646e9d7f9,Café DCUP,Café,phuket,Bang Tao,TH,Asia,,,,,8.01232,98.31645,,,osm,walk-in,6,new
e2c44bdd95800b0363fc,Café Panan,Café,phuket,Airport,TH,Asia,,,,,8.10727,98.30639,,,osm,walk-in,6,new
e7c9a972fa06b00b5b78,Café Studio,Café,phuket,Karon,TH,Asia,,,,,7.84657,98.29411,,,osm,walk-in,6,new
0b5f6e820d29ab280c59,Café de Bangtao,Restaurant,phuket,Bang Tao,TH,Asia,,,,69/117 Bangtao Beach Rd Thalang,7.98635,98.28974,,,osm,walk-in,6,new
46fe4ff442f9a280c16b,Calypso,Hotel,phuket,Patong,TH,Asia,,,,,7.88194,98.29969,,,osm,walk-in,6,new
806ade66e523e738fbff,Camp Out Cafe,Café,phuket,Koh Kaew,TH,Asia,,,,,7.92481,98.38075,,,osm,walk-in,6,new
45c074484320e477fd2b,Campus Coffee Roasters - Patong,Café,phuket,Patong,TH,Asia,,,,186 ถนนราษฎร์อุทิศ 200 ปี Patong,7.8891,98.30058,,,osm,walk-in,6,new
3c392692f344c4638c82,Campus coffee roaster,Café,phuket,Old Town,TH,Asia,,,,,7.88493,98.38735,,,osm,walk-in,6,new
ed8efe4e01c872c55c65,Can Do Bar,Bar,phuket,Kamala,TH,Asia,,,,Kamala Main Road,7.94993,98.28542,,,osm,walk-in,6,new
95ed08421171caf6dcef,Canal Resort,Hotel,phuket,Nai Yang,TH,Asia,,,,,8.09598,98.3091,,,osm,walk-in,6,new
9fc25623ac38fe9b1f46,Candy,Bar,phuket,Rawai,TH,Asia,,,,,7.78654,98.32963,,,osm,walk-in,6,new
0b1feebd9dba8ef80a7b,Canteen,Restaurant,phuket,Kathu,TH,Asia,,,,,7.89242,98.35212,,,osm,walk-in,6,new
2f8164ac9f869e95540c,Capannina,Restaurant,phuket,Kata,TH,Asia,,,http://www.capannina-phuket.com/en/restaurant.html,,7.81668,98.30115,,,osm,walk-in,6,new
502deb826e6fb15628d9,Cape Diem,Restaurant,phuket,Surin,TH,Asia,,,,,7.98469,98.2845,,,osm,walk-in,6,new
91e09a49ccf081859591,Cape Promthep restaurant,Restaurant,phuket,Nai Harn,TH,Asia,,,,,7.76432,98.3054,,,osm,walk-in,6,new
a1a8188cd85282ca5b18,Cape Sienna Phuket Hotel & Villas,Hotel,phuket,Kamala,TH,Asia,,,,,7.94966,98.27412,,,osm,walk-in,6,new
fe07d71bd9f21a0256c6,Cappadocia,Restaurant,phuket,Karon,TH,Asia,,,,,7.84424,98.30128,,,osm,walk-in,6,new
ddb143f20206f3dfa7c2,Capt Hook's,Restaurant,phuket,Chalong,TH,Asia,,,,,7.82376,98.3424,,,osm,walk-in,6,new
61254dbdc6129aefb57a,Captain Tea,Café,phuket,Phuket Town,TH,Asia,,,,,7.88317,98.39028,,,osm,walk-in,6,new
cdc0a4739c3c5059272a,Capybara Cafe,Café,phuket,Old Town,TH,Asia,,,,,7.88099,98.37104,,,osm,walk-in,6,new
f84c336ab1c1d3eba72a,Car and motobike rent,Vehicle rental,phuket,Rawai,TH,Asia,,,,,7.80165,98.33507,,,osm,walk-in,6,new
3a5951086e506cd3dac9,Car and motobike rental,Vehicle rental,phuket,Rawai,TH,Asia,,,,,7.79711,98.32719,,,osm,walk-in,6,new
93174bd0a12172e694e5,Cardio Gym,Gym & fitness,phuket,Paklok,TH,Asia,,,,,8.04842,98.35298,,,osm,walk-in,6,new
252d105d5d230df5e2b4,Carnival Magic Style,Souvenirs & gifts,phuket,Kamala,TH,Asia,,,,,7.95774,98.28748,,,osm,walk-in,6,new
085882f59544f6b5b2cf,Carpe Diem Pool Villa,Guesthouse,phuket,Kata,TH,Asia,,,,,7.81957,98.30881,,,osm,walk-in,6,new
4ddae792c813b4545ea9,Carpio Hotel,Hotel,phuket,Old Town,TH,Asia,,,,,7.90047,98.36487,,,osm,walk-in,6,new
e7077d67e84b8c6032d0,Carting,Attraction,phuket,Chalong,TH,Asia,,,,,7.82311,98.33378,,,osm,walk-in,6,new
ef3ee7ad30394ed74131,Cartoon bar,Bar,phuket,Bang Tao,TH,Asia,,,,,7.98679,98.28781,,,osm,walk-in,6,new
1510ce5b5a582985edae,Casa Bella Hotel,Hotel,phuket,Chalong,TH,Asia,,,,,7.82747,98.34027,,,osm,walk-in,6,new
14a09061b34254c6077c,Casa Boho,Restaurant,phuket,Kamala,TH,Asia,,,,,7.94608,98.27121,,,osm,walk-in,6,new
8935e8a46518dbb7b329,Casa Brazil,Hotel,phuket,Karon,TH,Asia,,,,,7.83333,98.29702,,,osm,walk-in,6,new
ac2c3de1bfe15ca912a9,Casa DeeDee (Dee Inn),Hotel,phuket,Nai Harn,TH,Asia,,,,,7.79154,98.31721,,,osm,walk-in,6,new
6d058bc85f6eaacd4108,Casa Del M,Hotel,phuket,Patong,TH,Asia,,,,,7.90489,98.30704,,,osm,walk-in,6,new
53cac5a0da049fabbaa5,Casa E Mare Hotel Phuket,Hotel,phuket,Kata,TH,Asia,,,,,7.81556,98.30468,,,osm,walk-in,6,new
8ae0c7390acbda757465,Casa Tua,Café,phuket,Patong,TH,Asia,,,,,7.8819,98.29406,,,osm,walk-in,6,new
327c33b2dbf3758d750d,Casa bella,Hotel,phuket,Chalong,TH,Asia,,,,,7.82755,98.34027,,,osm,walk-in,6,new
c5388e0d031694acf747,Casa de Coral Boutique Hotel,Hotel,phuket,Kata,TH,Asia,,,,,7.8225,98.29906,,,osm,walk-in,6,new
da1439eaba761a885d98,Cashew Nut,Restaurant,phuket,Rawai,TH,Asia,,,,,7.78993,98.32704,,,osm,walk-in,6,new
f9052f759ce5b5b311ee,Cashew store,Attraction,phuket,Chalong,TH,Asia,,,,,7.86065,98.35439,,,osm,walk-in,6,new
15b6e81011f62e33f627,Cassia Phuket,Hotel,phuket,Bang Tao,TH,Asia,,,,,8.00021,98.29634,,,osm,walk-in,6,new
8b9e616a573d2f01a193,Casuarira Pub,Bar,phuket,Bang Tao,TH,Asia,,,,,8.00105,98.29266,,,osm,walk-in,6,new
b4bc209a4d5da43d1c9c,Casuarira beach,Restaurant,phuket,Bang Tao,TH,Asia,,,,,8.00095,98.29266,,,osm,walk-in,6,new
2ee9d912cc7221bd0647,Cat Massage,Massage & spa,phuket,Patong,TH,Asia,,,,,7.89848,98.30403,,,osm,walk-in,6,new
a6ad92aee43adb3634ea,Cat Story,Hotel,phuket,Patong,TH,Asia,,,,,7.88435,98.29621,,,osm,walk-in,6,new
66ac79a3d36bc943d970,Cat fish cafe,Restaurant,phuket,Rawai,TH,Asia,,,,,7.78544,98.31722,,,osm,walk-in,6,new
b8dac453697e402be4dd,"Cel Tours Thailand Co.,Ltd.",Tours & travel,phuket,Kathu,TH,Asia,,,https://www.celtours-thailand.com/,9/129;9/130;9/131;9/132;9/133,7.92033,98.33372,,,osm,walk-in,6,new
448fc05ed48be8d726eb,Centara Blue Marine Resort & Spa,Hotel,phuket,Patong,TH,Asia,,,,,7.91094,98.29743,,,osm,walk-in,6,new
55a562902df7076ba193,Centara Kata Resort Phuket,Hotel,phuket,Kata,TH,Asia,,,,,7.82162,98.29967,,,osm,walk-in,6,new
bf26c20b9f303de26cdc,Central Villas Resort,Hotel,phuket,Karon,TH,Asia,,,,,7.85976,98.28753,,,osm,walk-in,6,new
aacd2d87d7e8b05dc394,Ceramic Café,Café,phuket,Rawai,TH,Asia,,,,,7.76785,98.31475,,,osm,walk-in,6,new
e96abd83ef8338567d65,Ceres,Restaurant,phuket,Chalong,TH,Asia,,,,,7.86009,98.34336,,,osm,walk-in,6,new
cf09226282aa4807af51,Cha Chang,Café,phuket,Paklok,TH,Asia,,,,,8.06771,98.43832,,,osm,walk-in,6,new
5720dbfb207b88105f52,Cha-phu restaurant,Restaurant,phuket,Old Town,TH,Asia,,,,96 ถนนเยาวราช,7.88606,98.38768,,,osm,walk-in,6,new
f27fb1af800df7a9d5a7,ChaTraMue,Café,phuket,Cherngtalay,TH,Asia,,,,,7.98246,98.36199,,,osm,walk-in,6,new
643bc275afd3506349de,Chaba Resort Phuket,Hotel,phuket,Bang Tao,TH,Asia,,,,,7.99427,98.30275,,,osm,walk-in,6,new
2b4a92aafb6bf5e4c195,Chain of love,Hotel,phuket,Old Town,TH,Asia,,,,,7.91226,98.36807,,,osm,walk-in,6,new
335f6568a055a80a2836,Chair Cafe,Café,phuket,Old Town,TH,Asia,,,,,7.88383,98.3873,,,osm,walk-in,6,new
3a205468d09ba370c5fe,Chaiyo Seafood,Restaurant,phuket,Chalong,TH,Asia,,,,,7.84742,98.37158,,,osm,walk-in,6,new
96009a34c0c37d18e436,Chalong Buffet,Restaurant,phuket,Chalong,TH,Asia,,,,,7.82332,98.33569,,,osm,walk-in,6,new
efb6d408363a0fa90c70,Chalong Chalet Resort & Longstay,Hotel,phuket,Chalong,TH,Asia,,,,,7.8259,98.32605,,,osm,walk-in,6,new
2fe78374573bde772757,Chalong Gym,Gym & fitness,phuket,Chalong,TH,Asia,,,,,7.83147,98.34478,,,osm,walk-in,6,new
eab5cf6b2383fc48c813,Chalong Marina,Marina & charters,phuket,Panwa,TH,Asia,,,,,7.81881,98.34956,,,osm,walk-in,6,new
950e14bc4fb01530426c,Chalong Pier Restaurant,Restaurant,phuket,Chalong,TH,Asia,,,,,7.82151,98.34475,,,osm,walk-in,6,new
5dc4d30bc8eef4e9d003,Chanalai Flora Resort,Hotel,phuket,Kata,TH,Asia,,,,,7.8155,98.30149,,,osm,walk-in,6,new
6c1b2ab6f4509f96a8eb,Chanatip Guest House,Hotel,phuket,Patong,TH,Asia,,,,4 Sainamyen,7.89631,98.29881,,,osm,walk-in,6,new
c5bbb10ec7592ea9ad01,Chandara Resort & Spa,Hotel,phuket,Paklok,TH,Asia,,,,,8.06657,98.44105,,,osm,walk-in,6,new
4e461833f968904b06a2,Chang Club Hotel,Hotel,phuket,Patong,TH,Asia,,,,,7.89225,98.30114,,,osm,walk-in,6,new
aeb23eb291b7e02722e5,Chang Noi Restaurant,Restaurant,phuket,Karon,TH,Asia,,,,,7.84798,98.29647,,,osm,walk-in,6,new
4686c0c85c579b79ff70,Chang Pub,Restaurant,phuket,Patong,TH,Asia,,,,,7.89255,98.30033,,,osm,walk-in,6,new
b13ef199c872ad749a14,Chang car and motobike rental,Vehicle rental,phuket,Rawai,TH,Asia,,,,,7.7984,98.32818,,,osm,walk-in,6,new
cbe41a6beb37ae121bc9,Change,Restaurant,phuket,Patong,TH,Asia,,,,,7.892,98.29492,,,osm,walk-in,6,new
9390954594a9f85aa936,Chanjaow Bakery,Café,phuket,Patong,TH,Asia,,,,,7.88586,98.30263,,,osm,walk-in,6,new
b00b21916fe4973c581c,Charlie's House,Guesthouse,phuket,Patong,TH,Asia,,,,,7.89473,98.29897,,,osm,walk-in,6,new
07c57b841bfe429c3ec5,Charm Restaurant,Restaurant,phuket,Surin,TH,Asia,,,,,7.97914,98.2823,,,osm,walk-in,6,new
a90dc11e3c5444adfab5,Charoen Seafood,Restaurant,phuket,Kamala,TH,Asia,,,,Rim Hat Road,7.95034,98.28085,,,osm,walk-in,6,new
8c0493307b07a7687104,Cheap Charlie's Backpacker Lodge,Hotel,phuket,Patong,TH,Asia,,,,,7.8911,98.30382,,,osm,walk-in,6,new
f65844709a88f6c426b2,Cheap Rooms Phuket,Hotel,phuket,Patong,TH,Asia,,,,,7.89387,98.29871,,,osm,walk-in,6,new
82778242441c1779e159,Chez Nous,Restaurant,phuket,Nai Harn,TH,Asia,,,,,7.78147,98.31207,,,osm,walk-in,6,new
5a659840242626bc4beb,Chians Civilian Reggae Bar,Bar,phuket,Patong,TH,Asia,,,,,7.89857,98.29767,,,osm,walk-in,6,new
a2eb2eb79fba2ec9fb52,Chic,Restaurant,phuket,Karon,TH,Asia,,,,,7.84807,98.29602,,,osm,walk-in,6,new
8d11f6fb741b3702816d,Chic Nail,Beauty & spa,phuket,Nai Yang,TH,Asia,,,,,8.09266,98.30288,,,osm,walk-in,6,new
d55d9ff5228272dbe78e,Chicken Coop,Restaurant,phuket,Rawai,TH,Asia,,,,,7.78883,98.31747,,,osm,walk-in,6,new
35ebc3d9dba31026ac4d,Chill Chill Massage,Massage & spa,phuket,Cape Panwa,TH,Asia,,,,,7.81117,98.38737,,,osm,walk-in,6,new
0e005e0dcd124bd14cc2,Chillihouse,Restaurant,phuket,Rawai,TH,Asia,,,,,7.79356,98.32547,,,osm,walk-in,6,new
639f2e2c3f7e5592f8f3,China Inn,Restaurant,phuket,Old Town,TH,Asia,,,,,7.8849,98.38791,,,osm,walk-in,6,new
1f655387b1c9601d70a3,Chinda Hotpot,Restaurant,phuket,Old Town,TH,Asia,,,,,7.90313,98.37766,,,osm,walk-in,6,new
aa5223d721d6ca734424,Chit Chat corner,Café,phuket,Bang Tao,TH,Asia,,,,,7.99091,98.30122,,,osm,walk-in,6,new
2bd0a484248e7097dd6e,Chivatara Resort,Hotel,phuket,Surin,TH,Asia,,,,,7.98401,98.28502,,,osm,walk-in,6,new
f6b81f2ecfaf2ffb3307,Chok Bunchuai Apartment,Guesthouse,phuket,Old Town,TH,Asia,,,,100/254 Srisuchat 12 Phuket,7.91477,98.37068,,,osm,walk-in,6,new
77408777a6f663c24037,Chom View Bar,Café,phuket,Kata,TH,Asia,,,,,7.80921,98.30227,,,osm,walk-in,6,new
9a29966e8ae12a355435,Chot Manee,Massage & spa,phuket,Kata,TH,Asia,,,,,7.82487,98.30068,,,osm,walk-in,6,new
136e10dd67aa77bfe5cc,Chotivala,Restaurant,phuket,Patong,TH,Asia,,,,,7.89126,98.29732,,,osm,walk-in,6,new
84ce80ce8fd220133174,Chuen Chom Café & Restaurant,Restaurant,phuket,Chalong,TH,Asia,,,,,7.85434,98.34415,,,osm,walk-in,6,new
5c628c7ee65e06e54094,Chumpon,Street food,phuket,Rawai,TH,Asia,,,,Soi Saiyuan 3,7.79488,98.32627,,,osm,walk-in,6,new
d04f9af1c1ebaa4e1afa,Chung hue Hut,Restaurant,phuket,Nai Harn,TH,Asia,,,,,7.79597,98.31799,,,osm,walk-in,6,new
81f358b826ee04759427,Cirtus hospitality patong,Hotel,phuket,Patong,TH,Asia,,,,,7.88531,98.29338,,,osm,walk-in,6,new
40012a9a101ff0debee4,Claws & Co.,Restaurant,phuket,Mai Khao,TH,Asia,,,,,8.1688,98.29643,,,osm,walk-in,6,new
20b8f3d6af2895c4b605,Clear House Resort,Hotel,phuket,Kamala,TH,Asia,,,,,7.95028,98.28654,,,osm,walk-in,6,new
e2ba46027ddcb61db367,Cloud 19 Beach Retreat,Hotel,phuket,Cape Panwa,TH,Asia,,,https://www.cloud19phuket.com/,,7.81293,98.38694,,,osm,walk-in,6,new
8b9ff5d3ad07ef544606,Cloud Nine,Bar,phuket,Kamala,TH,Asia,,,,,7.95814,98.28764,,,osm,walk-in,6,new
689ade573464a0cccda6,Club Bamboo Ananthara Villa ป่าตองพูลวิลล่า,Hotel,phuket,Patong,TH,Asia,,,,,7.87885,98.29851,,,osm,walk-in,6,new
c659127997f20bae11aa,CoCo Spa,Beauty & spa,phuket,Old Town,TH,Asia,,,,,7.87973,98.35575,,,osm,walk-in,6,new
ebd35dabf7e7dc5a8bf4,Coco Resort Patong,Hotel,phuket,Patong,TH,Asia,,,,,7.88167,98.29772,,,osm,walk-in,6,new
2a4e9886a98cec4e1d5d,Coco beach,Restaurant,phuket,Nai Yang,TH,Asia,,,,,8.08873,98.2977,,,osm,walk-in,6,new
fc9c6cb7b5c96b09e256,Coco retreat,Hotel,phuket,Chalong,TH,Asia,,,,,7.84623,98.34427,,,osm,walk-in,6,new
1c2ecbb8f318dea2b8ed,Coconut,Restaurant,phuket,Mai Khao,TH,Asia,,,,,8.17252,98.33704,,,osm,walk-in,6,new
fb3c9b7f7480efb3ec37,Coconut Cafe,Café,phuket,Phuket Town,TH,Asia,,,,,7.88553,98.39074,,,osm,walk-in,6,new
f13e3743634d948a3d1b,Coconut Seafood,Café,phuket,Kata,TH,Asia,,,,,7.81816,98.30058,,,osm,walk-in,6,new
2b62bc2b26faeb9af2b5,Coconut tree restaurant and bar,Restaurant,phuket,Nai Yang,TH,Asia,,,,,8.05793,98.27829,,,osm,walk-in,6,new
31010f42a4921c04210f,Coconut village resort,Hotel,phuket,Patong,TH,Asia,,,,,7.8846,98.29255,,,osm,walk-in,6,new
516190f9ead0d4fb177b,Coconuts and local gifts,Souvenirs & gifts,phuket,Rawai,TH,Asia,,,,,7.80164,98.33366,,,osm,walk-in,6,new
ea767b7e0f95bac7a4b7,Cocoon,Bar,phuket,Patong,TH,Asia,,,,,7.89313,98.29789,,,osm,walk-in,6,new
fd7e106d741ec16753a2,Cofee Home,Café,phuket,Rawai,TH,Asia,,,,,7.79253,98.32448,,,osm,walk-in,6,new
bcd6c3712d1e9c935f68,Coffee House,Café,phuket,Kata,TH,Asia,,,,,7.83198,98.29527,,,osm,walk-in,6,new
1ff49149c0655d13858e,Coffee Time,Café,phuket,Rawai,TH,Asia,,,,,7.7958,98.32641,,,osm,walk-in,6,new
c034c70e73f8dc9a0ec2,Coffee World,Café,phuket,Patong,TH,Asia,,,,,7.88785,98.29212,,,osm,walk-in,6,new
a88d34d78de871258aeb,Coffee and Ceramics,Café,phuket,Nai Yang,TH,Asia,,,,,8.09266,98.30127,,,osm,walk-in,6,new
48419b8a08b2b4455ed2,Coffee in Farm Restaurant,Restaurant,phuket,Kathu,TH,Asia,,,,,7.93751,98.34933,,,osm,walk-in,6,new
a3af0ed893d50302d753,Coffemania house,Café,phuket,Patong,TH,Asia,,,,,7.88604,98.29782,,,osm,walk-in,6,new
7364a984874c95d55787,Colora Hotel Phuket,Hotel,phuket,Patong,TH,Asia,,,,,7.88502,98.29572,,,osm,walk-in,6,new
89593d1cc57c5f80d030,Come Back,Restaurant,phuket,Phuket Town,TH,Asia,,,,,7.8833,98.39343,,,osm,walk-in,6,new
59a119c035b165d2438c,Coming Home,Restaurant,phuket,Rawai,TH,Asia,,,,,7.76637,98.31759,,,osm,walk-in,6,new
db03fca2c4b04b37938e,Concept cafe,Café,phuket,Kata,TH,Asia,,,,,7.81551,98.30375,,,osm,walk-in,6,new
57a18b38babe94debae9,Cookie house,Hotel,phuket,Old Town,TH,Asia,,,,,7.88584,98.38733,,,osm,walk-in,6,new
4ad14d6b66edb274d3a6,Cool Hand Lukes,Bar,phuket,Patong,TH,Asia,,,,,7.88681,98.29159,,,osm,walk-in,6,new
dceed5c3f289cdbeea09,Cool Spa,Massage & spa,phuket,Cape Panwa,TH,Asia,,,https://www.coolspaphuket.com/luxury-cool-spa-phuket/,,7.8028,98.40979,,,osm,walk-in,6,new
89336f916ad91253e707,Copla,Restaurant,phuket,Kamala,TH,Asia,,,,,7.95026,98.27977,,,osm,walk-in,6,new
15c01aeedd34c4b9bce4,Coriacea,Hotel,phuket,Airport,TH,Asia,,,,,8.12062,98.30229,,,osm,walk-in,6,new
1ff846c5276c50b35c57,Cottage Restaurant,Restaurant,phuket,Phuket Town,TH,Asia,,,,,7.87983,98.39309,,,osm,walk-in,6,new
800f9aa9bc737ebdfbd2,Cottontail cafe,Café,phuket,Mai Khao,TH,Asia,,,,,8.1361,98.30699,,,osm,walk-in,6,new
8a03f8a1381b2c841a24,Couple Café,Café,phuket,Kata,TH,Asia,,,,,7.8275,98.29902,,,osm,walk-in,6,new
5f7aa8f06cbd9dc9c6b8,Coyote,Restaurant,phuket,Patong,TH,Asia,,,,,7.89097,98.29387,,,osm,walk-in,6,new
b9baf880eff9f2fb516c,Crane Swing,Attraction,phuket,Phuket Town,TH,Asia,,,,,7.86511,98.39981,,,osm,walk-in,6,new
516a6bf1cf5373e575c9,Crape diem homestay,Guesthouse,phuket,Kata,TH,Asia,,,,,7.81675,98.3076,,,osm,walk-in,6,new
48edc6d38c6f4e830127,Crazy Hourse Bar,Bar,phuket,Patong,TH,Asia,,,,,7.89658,98.30077,,,osm,walk-in,6,new
af38cce88fe8875f5ce2,Creme cafe,Café,phuket,Rawai,TH,Asia,,,,,7.78145,98.31716,,,osm,walk-in,6,new
94e38cd948c3e5c95fa2,Crepes a day,Street food,phuket,Karon,TH,Asia,,,,,7.84605,98.29881,,,osm,walk-in,6,new
2f4da5acff7b872d4d4a,Crepes factory,Café,phuket,Rawai,TH,Asia,,,,,7.78289,98.32963,,,osm,walk-in,6,new
127b66fafdcb4532980f,Crown Anchor,Bar,phuket,Koh Kaew,TH,Asia,,,,,7.95601,98.37037,,,osm,walk-in,6,new
2d46e7b73722c2929a7d,Cruise Club,Nightlife,phuket,Patong,TH,Asia,,,,,7.89564,98.30005,,,osm,walk-in,6,new
5c98c29c2ee2d506ca1a,Crystal Beach Hotel,Hotel,phuket,Karon,TH,Asia,,,,,7.84848,98.29442,,,osm,walk-in,6,new
ff1e84d9d559660a974e,Cubar,Massage & spa,phuket,Bang Tao,TH,Asia,,,,,7.98752,98.28836,,,osm,walk-in,6,new
dfc5173960a0ed8bc114,Cuppa,Café,phuket,Koh Kaew,TH,Asia,,,,,7.9364,98.37921,,,osm,walk-in,6,new
67f64fba4fe983b5740f,Curry King Indian Restaurant,Restaurant,phuket,Patong,TH,Asia,,,,,7.90508,98.30048,,,osm,walk-in,6,new
18bcfdc9f36470334d3f,Curry Night,Restaurant,phuket,Cape Panwa,TH,Asia,,,,,7.80974,98.40217,,,osm,walk-in,6,new
44d98c9a6ab6f29293f2,Custom bike and vintage,Vehicle rental,phuket,Phuket Town,TH,Asia,,,,,7.87547,98.39363,,,osm,walk-in,6,new
0e8bc8f299730cc14d25,C‘est Bien,Restaurant,phuket,Bang Tao,TH,Asia,,,,,8.02675,98.29622,,,osm,walk-in,6,new
7c31ca76a14ea6def742,D'Oro,Café,phuket,Phuket Town,TH,Asia,,,,,7.89038,98.39067,,,osm,walk-in,6,new
1dd348a384f873cec68d,D's Corner & Guesthouse,Guesthouse,phuket,Phuket Town,TH,Asia,,,,,7.88462,98.39035,,,osm,walk-in,6,new
190b46435128179ada63,D.A Airport hotel,Guesthouse,phuket,Airport,TH,Asia,,,,,8.10562,98.31337,,,osm,walk-in,6,new
2d440644565ef907bbe7,DA No. 6 Restuarant,Restaurant,phuket,Patong,TH,Asia,,,,,7.8879,98.29975,,,osm,walk-in,6,new
4e69e8b9d52f082ec3ab,DARA,Hotel,phuket,Old Town,TH,Asia,,,,,7.88771,98.36817,,,osm,walk-in,6,new
6ed21784e65f4316c6fd,DELTA Fitness,dojo,phuket,Chalong,TH,Asia,,,https://web.facebook.com/deltachalong/,,7.81952,98.34002,,,osm,walk-in,6,new
aa2a38ab1e25c9ba06a8,DNA Social,Bar,phuket,Kata,TH,Asia,,,,Patak Rd 3 Kata,7.82488,98.30028,,,osm,walk-in,6,new
168b99962a090c8d609e,Da Mario,Restaurant,phuket,Rawai,TH,Asia,,,,,7.7835,98.31751,,,osm,walk-in,6,new
ca32cc474c0c725f7dd5,Da Puccio - Pasta & Pizza,Street food,phuket,Rawai,TH,Asia,,,,,7.77923,98.32811,,,osm,walk-in,6,new
d2db2f55fc325b8b7146,Da no1,Restaurant,phuket,Patong,TH,Asia,,,,,7.88645,98.29176,,,osm,walk-in,6,new
a64f44867fdb5ab636e5,Daeng,Restaurant,phuket,Karon,TH,Asia,,,,,7.85868,98.28958,,,osm,walk-in,6,new
2870c0495187e15d57b4,Daeng Plaza Hotel,Hotel,phuket,Phuket Town,TH,Asia,,,,Talat Yai,7.88237,98.3918,,,osm,walk-in,6,new
a8334075c5f082739047,Daisy massage,Massage & spa,phuket,Rawai,TH,Asia,,,,,7.79198,98.31961,,,osm,walk-in,6,new
70fb82ec0998fda64feb,Daneng Bird's Nest,Café,phuket,Old Town,TH,Asia,,,,,7.87178,98.38294,,,osm,walk-in,6,new
675f0684f4abadf64512,Dang,Restaurant,phuket,Karon,TH,Asia,,,,,7.84481,98.2942,,,osm,walk-in,6,new
07489f47ff1026db536f,Danny 44 Thai Kitchen,Café,phuket,Kata,TH,Asia,,,,,7.81738,98.30134,,,osm,walk-in,6,new
f228db37a034f06abc60,David Car Rent,Vehicle rental,phuket,Airport,TH,Asia,,,,,8.10784,98.30858,,,osm,walk-in,6,new
0a5b10019f915eb0482d,David Residence,Hotel,phuket,Airport,TH,Asia,,,,,8.10683,98.30869,,,osm,walk-in,6,new
a993b48f34b932b71722,Davina Beach Homes,Hotel,phuket,Cape Panwa,TH,Asia,,,,,7.81373,98.38675,,,osm,walk-in,6,new
5967f25aa5617825535e,Dazzle,Souvenirs & gifts,phuket,Airport,TH,Asia,,,,,8.10844,98.30605,,,osm,walk-in,6,new
c14fdc76f8764a94de7b,De Blue Sea Rawai Blue Bay,Hotel,phuket,Rawai,TH,Asia,,,,,7.79323,98.33079,,,osm,walk-in,6,new
a4be066527e2671cfd48,De Surin Health Spa,Beauty & spa,phuket,Cherngtalay,TH,Asia,,,,,7.99339,98.30637,,,osm,walk-in,6,new
31a02ba743e40d77ba20,Dean & Deluca,Street food,phuket,Airport,TH,Asia,,,,,8.106,98.30528,,,osm,walk-in,6,new
9fa059b6fb2a4f2f9d11,Dedee bar,Bar,phuket,Nai Harn,TH,Asia,,,,,7.79513,98.31563,,,osm,walk-in,6,new
226c836b21960af77b34,Deevana Patong Resort & Spa,Hotel,phuket,Patong,TH,Asia,,,,,7.90117,98.30325,,,osm,walk-in,6,new
9b3646da53b69035f81e,Deevana Patong Resort and Spa,Hotel,phuket,Patong,TH,Asia,,,,,7.90091,98.30238,,,osm,walk-in,6,new
00d578150e47642bf77c,Delish,Café,phuket,Rawai,TH,Asia,,,,,7.78404,98.31733,,,osm,walk-in,6,new
2f9d1aa00481969b9283,Dengs Restaurant,Restaurant,phuket,Kamala,TH,Asia,,,,,7.95566,98.28305,,,osm,walk-in,6,new
2b9a79d503ef7c306a55,Deutsche Currywurst Rawai,Restaurant,phuket,Rawai,TH,Asia,,,,,7.77568,98.32565,,,osm,walk-in,6,new
b38a72903d5b5cec35f7,Devil's Bar,Bar,phuket,Kamala,TH,Asia,,,,,7.94863,98.28295,,,osm,walk-in,6,new
20676fad7c93b4300fca,Devlaya Massage Manik,Massage & spa,phuket,Cherngtalay,TH,Asia,,,https://www.devlayamassage.com/,"63, 7 Srisoonthorn Rd, Tambon Si Sunthon, Thalang District, Phuket 83110",7.98009,98.33752,,,osm,walk-in,6,new
50d29507f83ca346c3c0,Dewa,Hotel,phuket,Nai Yang,TH,Asia,,,,,8.09297,98.30007,,,osm,walk-in,6,new
e358c3fe154cf0c49b5e,Dhara Massage & Spa,Massage & spa,phuket,Nai Yang,TH,Asia,,,,,8.09281,98.30321,,,osm,walk-in,6,new
ca86468be21065c5e7ad,Di Pantai Boutique Resort,Hotel,phuket,Patong,TH,Asia,,,,322/3 324/2 Prabaramee road Pa Tong Kathu District,7.91717,98.29134,,,osm,walk-in,6,new
ac3d2e57521bee8b8cd0,DiLite,Restaurant,phuket,Paklok,TH,Asia,,,,,8.04923,98.35301,,,osm,walk-in,6,new
f6e95a4ba3cb7b6e4636,DiVine,Restaurant,phuket,Paklok,TH,Asia,,,,,8.04933,98.35305,,,osm,walk-in,6,new
28355cc7d8e06a4f1e62,Diamond Bar,Bar,phuket,Kata,TH,Asia,,,,,7.82767,98.29899,,,osm,walk-in,6,new
dddb75369d9becb57200,Diamond Cliff Resort & Spa,Hotel,phuket,Patong,TH,Asia,,,,,7.90923,98.29772,,,osm,walk-in,6,new
c3a47f59fd93d75aa06d,Diamond Cottage Resort & Spa,Hotel,phuket,Kata,TH,Asia,,,https://whitesandbluesea.com/,6 ถนน กะรน,7.82767,98.29707,,,osm,walk-in,6,new
4d59b9828df767a6c455,Diamond Resort & Condominiums,Hotel,phuket,Bang Tao,TH,Asia,,,,,7.99233,98.29925,,,osm,walk-in,6,new
8a2844669a0f5867fff7,Dibuk Restaurant,Restaurant,phuket,Old Town,TH,Asia,,,https://www.flickr.com/photos/eustaquio/3149575530/,69 Dibuk road Phuket,7.8863,98.38663,,,osm,walk-in,6,new
57063bbbd8a619c2b8e7,Dilligaf garden,Restaurant,phuket,Rawai,TH,Asia,,,,,7.77943,98.31854,,,osm,walk-in,6,new
5adcd47818f1bd394086,Dimsum Place,Street food,phuket,Cherngtalay,TH,Asia,,,,,7.98878,98.30965,,,osm,walk-in,6,new
636b66faed03a9821b7f,Dinar Lodge,Guesthouse,phuket,Cherngtalay,TH,Asia,,,,,7.98001,98.29454,,,osm,walk-in,6,new
19b3b24c58de7d826e45,Dino Bar / Dino park,Bar,phuket,Kata,TH,Asia,,,,,7.82825,98.29565,,,osm,walk-in,6,new
bf1ede94eb5829084ae3,Dino Pharma,Pharmacy,phuket,Paklok,TH,Asia,,,,,8.03122,98.34172,,,osm,walk-in,6,new
d1c4bca5463f298a5ec8,Diva,Massage & spa,phuket,Cape Panwa,TH,Asia,,,,,7.80688,98.40838,,,osm,walk-in,6,new
aa1f790ce2d77bd21dd3,Dive supply,Diving,phuket,Chalong,TH,Asia,,,,,7.82393,98.33546,,,osm,walk-in,6,new
7640a3d87233b802c005,Diver's Sports Bar,Bar,phuket,Kamala,TH,Asia,,,,Kamala Main Road,7.94915,98.28499,,,osm,walk-in,6,new
c36cf632ca3adf54dd00,Dog Cafe: Hug me,Café,phuket,Phuket Town,TH,Asia,,,,,7.88623,98.39256,,,osm,walk-in,6,new
e82789782a31463358cf,Dolci & Delizie da Giuliano,Café,phuket,Kata,TH,Asia,,,,,7.82264,98.30327,,,osm,walk-in,6,new
3dd8b7019291555b2c83,Doll House,Souvenirs & gifts,phuket,Kamala,TH,Asia,,,,,7.95822,98.28798,,,osm,walk-in,6,new
972c76e4a429c19d3142,Dolphin,Bar,phuket,Patong,TH,Asia,,,,,7.88707,98.29146,,,osm,walk-in,6,new
67a4f16b528b8ca0d180,Dome,Café,phuket,Kata,TH,Asia,,,,,7.82603,98.30137,,,osm,walk-in,6,new
b58dc5c252cc3752c38f,Dome Center - Kata Beach,Hotel,phuket,Kata,TH,Asia,,,,,7.82376,98.29898,,,osm,walk-in,6,new
396019eadfe50ac87161,Dome Kata Resort,Hotel,phuket,Kata,TH,Asia,,,,Kata Beach,7.82606,98.30118,,,osm,walk-in,6,new
887c9b90091733443341,Dome cafe,Café,phuket,Kata,TH,Asia,,,,,7.82402,98.29874,,,osm,walk-in,6,new
26a6325ed4d9f430da12,Don Bar & Restaurant,Bar,phuket,Patong,TH,Asia,,,,Nanai Road,7.88719,98.30268,,,osm,walk-in,6,new
83342a504b07ec0aac98,Don's Bar BQ,Restaurant,phuket,Patong,TH,Asia,,,,,7.88401,98.30145,,,osm,walk-in,6,new
671ce5218fcedaf9b3b1,Don's gym,Gym & fitness,phuket,Kata,TH,Asia,,,,,7.82151,98.30152,,,osm,walk-in,6,new
4e11757aad94d4675d3e,Doo Cat Cafe,Café,phuket,Rawai,TH,Asia,,,,90/9 Ban Rawai-Ban Naihan Road,7.78438,98.31738,,,osm,walk-in,6,new
ae53fb1c4d579a5ddb47,Doppio,Café,phuket,Koh Kaew,TH,Asia,,,,,7.95968,98.38586,,,osm,walk-in,6,new
e0071df6cf2398d20599,Dragon Muai Thai,Gym & fitness,phuket,Chalong,TH,Asia,,,,,7.85393,98.34487,,,osm,walk-in,6,new
276fc48af722a24f9639,Dream Phuket Hotel & Spa,Hotel,phuket,Bang Tao,TH,Asia,,,https://dreamhotels.com/,,8.01719,98.30663,,,osm,walk-in,6,new
1f390ae08b0cd4520dc4,Dream Sea Pool Villa,Hotel,phuket,Cape Panwa,TH,Asia,,,,,7.81555,98.38626,,,osm,walk-in,6,new
ea1ed38d6f4391b32449,Dreamy Villa Kata Beach,Hotel,phuket,Kata,TH,Asia,,,,,7.81628,98.30222,,,osm,walk-in,6,new
d59f0d3cc8a560727153,Drift,Restaurant,phuket,Nai Yang,TH,Asia,,,,,8.05603,98.27844,,,osm,walk-in,6,new
a887f468461a5deafb6c,Ducati,Vehicle rental,phuket,Koh Kaew,TH,Asia,,,,,7.95904,98.38419,,,osm,walk-in,6,new
a84583bf0d6502ab944d,Dueanphen guesthouse,Hotel,phuket,Chalong,TH,Asia,,,,,7.82172,98.34184,,,osm,walk-in,6,new
ca0de504a83742fa6510,Duke's Bar & Restaurant,Restaurant,phuket,Mai Khao,TH,Asia,,,,,8.13451,98.3073,,,osm,walk-in,6,new
34fe228bac9de8b78d70,Dunkin',Street food,phuket,Rawai,TH,Asia,,,,,7.79676,98.3328,,,osm,walk-in,6,new
01442d4ba951cef2b66b,Dusit Thani Laguna Phuket,Hotel,phuket,Bang Tao,TH,Asia,,,,,8.00145,98.29387,,,osm,walk-in,6,new
044ef421355fde8511b2,Dutsadee Worabut,Hotel,phuket,Patong,TH,Asia,,,,1/6 Thanon Chalermphrakiat Rd. (Soi Eden) Patong,7.90359,98.29955,,,osm,walk-in,6,new
e976974fec74c31d7d01,EEST,Restaurant,phuket,Phuket Town,TH,Asia,,,,,7.8722,98.42934,,,osm,walk-in,6,new
c5250d7e735f82861609,EFES RESTAURANT,Café,phuket,Karon,TH,Asia,,,,,7.84824,98.29623,,,osm,walk-in,6,new
8c5e51adaf775d1a6d7a,Eat,Restaurant,phuket,Karon,TH,Asia,,,,,7.83421,98.29867,,,osm,walk-in,6,new
c82723c9f6aa5c1774ba,Eat Bar & Grill Phuket,Restaurant,phuket,Karon,TH,Asia,,,,250/1 ถนนปฏัก,7.83419,98.29867,,,osm,walk-in,6,new
bf013b76b32b9576777d,Eating station,Restaurant,phuket,Kata,TH,Asia,,,,,7.82153,98.30167,,,osm,walk-in,6,new
4385da28ae6770b5bde5,Eats And Arts,Restaurant,phuket,Surin,TH,Asia,,,,,7.97709,98.28723,,,osm,walk-in,6,new
4ff08c304c69f601d432,Eco Café,Café,phuket,Phuket Town,TH,Asia,,,,,7.88289,98.39773,,,osm,walk-in,6,new
57c818c7a213eb61c64a,Eddiez Nutrition Station,Café,phuket,Patong,TH,Asia,,,,,7.88293,98.29483,,,osm,walk-in,6,new
d1bde9005df64a17b3cd,Eden,Hotel,phuket,Patong,TH,Asia,,,https://www.edenpatong.com/,1,7.90249,98.29926,,,osm,walk-in,6,new
cd31f4c76e1a3543df56,Efe Turkish Old Town,Café,phuket,Old Town,TH,Asia,,,,,7.8849,98.38784,,,osm,walk-in,6,new
91cf5ca084e5aec153c6,Efes,Bar,phuket,Karon,TH,Asia,,,,,7.84823,98.29638,,,osm,walk-in,6,new
177013b94447259593b0,Eff & Gap Bar & Restaurant,Restaurant,phuket,Nai Yang,TH,Asia,,,,,8.06124,98.27747,,,osm,walk-in,6,new
0d99998431c514aed58a,Eightfold Restaurant,Restaurant,phuket,Kata,TH,Asia,,,https://www.tripadvisor.com/Restaurant_Review-g1210687-d1392030-Reviews-Eightfold_Restaurant-Kata_Beach_Phuket.html,,7.82105,98.30005,,,osm,walk-in,6,new
bb2483e030815c57e92b,El Gaucha,Restaurant,phuket,Karon,TH,Asia,,,,,7.84653,98.29419,,,osm,walk-in,6,new
47096ec638ee1a3f6c7e,El Gaucho,Restaurant,phuket,Cherngtalay,TH,Asia,,,,,7.99143,98.30597,,,osm,walk-in,6,new
791b1b1b36a093b09959,Elephant,Attraction,phuket,Nai Harn,TH,Asia,,,,,7.79379,98.3073,,,osm,walk-in,6,new
28271fbcab985e418576,Elephant House,Restaurant,phuket,Airport,TH,Asia,,,,,8.11604,98.30696,,,osm,walk-in,6,new
fca44602854701cfe64a,Elephant Jungle Sanctuary Phuket,Attraction,phuket,Kathu,TH,Asia,,,,2/12 kathu kathu,7.9188,98.33032,,,osm,walk-in,6,new
10ffa481f237accd7fb8,Elephant No. 9,Restaurant,phuket,Nai Harn,TH,Asia,,,,,7.78931,98.3134,,,osm,walk-in,6,new
517087140b3f51bdfc02,Elephant Village,Attraction,phuket,Nai Harn,TH,Asia,,,,,7.7931,98.30503,,,osm,walk-in,6,new
188ef9db715aa329b69c,Elephant riding,Attraction,phuket,Chalong,TH,Asia,,,,,7.82271,98.33204,,,osm,walk-in,6,new
4388d305812d48b17fda,Elephant. Feed and interact 800.,Attraction,phuket,Koh Kaew,TH,Asia,,,,,7.91087,98.43395,,,osm,walk-in,6,new
869819b17439ae363eff,Elephants In The Room,Souvenirs & gifts,phuket,Kamala,TH,Asia,,,,,7.95805,98.2878,,,osm,walk-in,6,new
8ffb8d4a7b04b66c154e,Elite Fitness,Gym & fitness,phuket,Chalong,TH,Asia,,,,,7.82979,98.34018,,,osm,walk-in,6,new
311bcd48365490ff222c,Emmys Thai Food,Restaurant,phuket,Surin,TH,Asia,,,,,7.98423,98.28563,,,osm,walk-in,6,new
a7191825f4cee951dd26,Empire Club Phuket,Nightlife,phuket,Patong,TH,Asia,,,,,7.89387,98.29751,,,osm,walk-in,6,new
4eec06de008df47d8478,Enjoy Thai Food,Restaurant,phuket,Patong,TH,Asia,,,,,7.89127,98.29757,,,osm,walk-in,6,new
8701792506f1f4f283f9,Enjoys Beach House Karon,Café,phuket,Karon,TH,Asia,,,http://enjoys-phuket.com/rus/facilities.html,294 294 Patak Road. Karon Beach Amphur muang Phuket,7.83402,98.29875,,,osm,walk-in,6,new
2ce71d412fad624bca9a,Ethnic Patong,Restaurant,phuket,Patong,TH,Asia,,,,Patong,7.89721,98.29638,,,osm,walk-in,6,new
258d3b43af8f44b4831d,European food,Restaurant,phuket,Patong,TH,Asia,,,,,7.89553,98.3043,,,osm,walk-in,6,new
d8bec8a4b05c56f421bc,Eva beach,Hotel,phuket,Rawai,TH,Asia,,,,,7.7853,98.3338,,,osm,walk-in,6,new
1f5113a618cbe7b2dbf6,Evason Phuket,Hotel,phuket,Rawai,TH,Asia,,,,,7.78004,98.33569,,,osm,walk-in,6,new
0c57e804ca2db71f9ade,Eve massage,Massage & spa,phuket,Rawai,TH,Asia,,,,,7.77468,98.32599,,,osm,walk-in,6,new
02be9e5c468a84a511ea,Eve pharmacy,Pharmacy,phuket,Karon,TH,Asia,,,,,7.84679,98.29852,,,osm,walk-in,6,new
6e34dfa02adb8f577541,Everest,Restaurant,phuket,Karon,TH,Asia,,,,,7.84808,98.29664,,,osm,walk-in,6,new
95c512e41a418ee3b388,Evim,Guesthouse,phuket,Rawai,TH,Asia,,,,,7.80063,98.33131,,,osm,walk-in,6,new
ba45cb9d58ec2eeaf01b,Expat,Hotel,phuket,Patong,TH,Asia,,,,,7.89322,98.29991,,,osm,walk-in,6,new
d521378ed1af6d4e184d,Fa Prathan,Restaurant,phuket,Old Town,TH,Asia,,,,,7.88263,98.38728,,,osm,walk-in,6,new
eb95ea3c2729b848306b,Family 2 Mansion,Hotel,phuket,Patong,TH,Asia,,,,,7.89692,98.29979,,,osm,walk-in,6,new
917baad365cb81267315,Family Beachfront Bungalow,Hotel,phuket,Cape Panwa,TH,Asia,,,,,7.81252,98.38969,,,osm,walk-in,6,new
a71bcb68bc1965f07c4e,Family Guest House,Guesthouse,phuket,Kata,TH,Asia,,,,,7.8243,98.29802,,,osm,walk-in,6,new
6bc436b62c6fea2a70a7,Family SEAFOOD,Restaurant,phuket,Kata,TH,Asia,,,,165 Soi Khoktanod,7.816,98.30281,,,osm,walk-in,6,new
ef59a8ceeda0e601cdd0,Fantastic,Guesthouse,phuket,Karon,TH,Asia,,,,,7.84944,98.29477,,,osm,walk-in,6,new
bcbd31b8d35f3609c0d6,Fastfood Fully,Street food,phuket,Airport,TH,Asia,,,,,8.10559,98.30507,,,osm,walk-in,6,new
6611cbb174f5d54df59a,Feel Sion Cafe,Café,phuket,Phuket Town,TH,Asia,,,,,7.87221,98.39421,,,osm,walk-in,6,new
23a429fab283e3667825,Find love,Bar,phuket,Kata,TH,Asia,,,,,7.82548,98.29803,,,osm,walk-in,6,new
3ce5a748f42222d0168f,Findig leather products,Souvenirs & gifts,phuket,Kata,TH,Asia,,,,,7.82022,98.2998,,,osm,walk-in,6,new
abc665b8e8806576adf7,Fino,Café,phuket,Chalong,TH,Asia,,,,,7.83208,98.33097,,,osm,walk-in,6,new
80c322560c252252ad5d,Fire Eater,Restaurant,phuket,Kamala,TH,Asia,,,,,7.95715,98.28832,,,osm,walk-in,6,new
beee33fcbdf529dc77b2,"Fire show in a Tann restaurant after sunset, view from the beach",Attraction,phuket,Kata,TH,Asia,,,,,7.83023,98.29445,,,osm,walk-in,6,new
856e0df6dc56c2547ce1,Fitness o9n 2nd Floor,Gym & fitness,phuket,Kata,TH,Asia,,,,,7.81996,98.30225,,,osm,walk-in,6,new
d3b2dc02100818574865,Five Loaves,Restaurant,phuket,Phuket Town,TH,Asia,,,,,7.88348,98.39317,,,osm,walk-in,6,new
c789a22c854ddb4ae2f5,Five Olives,Restaurant,phuket,Bang Tao,TH,Asia,,,,,7.99918,98.30668,,,osm,walk-in,6,new
cb87326b1314eceea967,Five Star,Street food,phuket,Rawai,TH,Asia,,,,,7.76962,98.31564,,,osm,walk-in,6,new
b26f0509370b266bc4bc,Flamingo Bar,Bar,phuket,Cape Panwa,TH,Asia,,,,,7.81136,98.38951,,,osm,walk-in,6,new
1e68400bd27463eecfc1,Flamingo Bar (Bandara Hotel),Bar,phuket,Cape Panwa,TH,Asia,,,https://www.phuketflamingo.com,,7.81134,98.38951,,,osm,walk-in,6,new
ea0ab7f4fc33c666b853,Flower Night,Bar,phuket,Karon,TH,Asia,,,,,7.83366,98.29584,,,osm,walk-in,6,new
ee8052e85291796f1d1e,Flying Hanuman,Attraction,phuket,Kathu,TH,Asia,,,https://flyinghanuman.com,,7.92471,98.32269,,,osm,walk-in,6,new
4f5f4eabaaaf13eb2267,Folk,Restaurant,phuket,Cherngtalay,TH,Asia,,,,,7.98304,98.35282,,,osm,walk-in,6,new
c87f8006f6ba0e4d7d02,Follow,Bar,phuket,Nai Harn,TH,Asia,,,,,7.78165,98.31423,,,osm,walk-in,6,new
7dfaf32c73a3478acc3d,Food Market,Market,phuket,Rawai,TH,Asia,,,,,7.78926,98.3297,,,osm,walk-in,6,new
f5f0feb111cc14c153bb,Fool moon club,Restaurant,phuket,Chalong,TH,Asia,,,,,7.84084,98.36288,,,osm,walk-in,6,new
4ef20b4f1b83bacc38e4,Foot Massage,Massage & spa,phuket,Old Town,TH,Asia,,,,,7.90753,98.3736,,,osm,walk-in,6,new
bc3c2f4469684a85e996,"Fora, seafood by Cappadocia",Restaurant,phuket,Karon,TH,Asia,,,,,7.84917,98.29504,,,osm,walk-in,6,new
64039bb778fc8d6295ff,Forest Patong Hotel,Hotel,phuket,Patong,TH,Asia,,,,,7.90133,98.308,,,osm,walk-in,6,new
207ff700f1de872a4ca5,Four Points by Sheraton,Hotel,phuket,Patong,TH,Asia,,,,,7.90458,98.29758,,,osm,walk-in,6,new
3fbd3c35cff017a10a19,Freedom,Restaurant,phuket,Nai Yang,TH,Asia,,,,,8.08327,98.29096,,,osm,walk-in,6,new
38a3887178a1cc450356,Freedom Bar,Bar,phuket,Bang Tao,TH,Asia,,,,,7.99457,98.29154,,,osm,walk-in,6,new
5377c356936a4d285df3,Freedom bar Rawai with Live music,Bar,phuket,Rawai,TH,Asia,,,,,7.7756,98.32651,,,osm,walk-in,6,new
ab10a945f60d9af66671,Fresca Kitchen & Deli,Restaurant,phuket,Kata,TH,Asia,,,https://www.stayphuketresort.com/best-restaurant-in-phuket-fresca/,,7.8107,98.33003,,,osm,walk-in,6,new
af1d7c27bee453efde37,Fresh food market,Market,phuket,Kata,TH,Asia,,,,,7.82531,98.30175,,,osm,walk-in,6,new
d2946a392b5d22bac015,Friday Night Market,Market,phuket,Cherngtalay,TH,Asia,,,,,7.99315,98.30547,,,osm,walk-in,6,new
4703671f69d8660f854b,Friend Pharmacy,Pharmacy,phuket,Kata,TH,Asia,,,,,7.82712,98.29664,,,osm,walk-in,6,new
a04b8716568d77033c69,Friendly Massage,Massage & spa,phuket,Kata,TH,Asia,,,,,7.82553,98.29667,,,osm,walk-in,6,new
a6a088d978366b0eb954,Friends bar,Bar,phuket,Rawai,TH,Asia,,,,,7.77957,98.31822,,,osm,walk-in,6,new
ac0637f4c4e9eac4f4a5,Fruit Market,Market,phuket,Chalong,TH,Asia,,,,,7.86267,98.34572,,,osm,walk-in,6,new
c0b4222a6315615682f3,Fruit Paradise Hotel,Hotel,phuket,Patong,TH,Asia,,,,,7.88416,98.29634,,,osm,walk-in,6,new
fb47d1443bd1172f98dc,Fruit fusion,Café,phuket,Kamala,TH,Asia,,,,,7.94989,98.27968,,,osm,walk-in,6,new
1b2c6495557701b9b6a6,Frutta Souvenir,Souvenirs & gifts,phuket,Kata,TH,Asia,,,,,7.82129,98.29931,,,osm,walk-in,6,new
3d30805cdfe4ca1171f7,Fuji Japanese Restaurant,Restaurant,phuket,Patong,TH,Asia,,,,,7.89165,98.2991,,,osm,walk-in,6,new
cc39a784524e5c0f3125,GG's Pizza,Restaurant,phuket,Karon,TH,Asia,,,,,7.84721,98.29356,,,osm,walk-in,6,new
11278a2bdd497a1c5dc6,Gaew,Restaurant,phuket,Old Town,TH,Asia,,,,,7.90212,98.37941,,,osm,walk-in,6,new
e37234fc8f3c24fe3c32,Gallery,Café,phuket,Chalong,TH,Asia,,,,,7.83281,98.34671,,,osm,walk-in,6,new
d3dc6dbf3e767cfd387b,Ganja Polyclinic & Spa,Beauty & spa,phuket,Patong,TH,Asia,,,,,7.89687,98.30469,,,osm,walk-in,6,new
39ddb801218fee9989ba,Garden Bar & JT2 Boutique,Restaurant,phuket,Bang Tao,TH,Asia,,,,,7.99286,98.29494,,,osm,walk-in,6,new
a7cb64985314dbf2cbee,Garden Phuket,Hotel,phuket,Patong,TH,Asia,,,,,7.88163,98.29333,,,osm,walk-in,6,new
155c4109aed8045175d2,Gardens,Bar,phuket,Phuket Town,TH,Asia,,,,,7.88362,98.38923,,,osm,walk-in,6,new
1742fd28f3fbfc947182,Gastone - Italian Restaurant,Restaurant,phuket,Kata,TH,Asia,,,,,7.81311,98.29867,,,osm,walk-in,6,new
29e82e8a58cea5296f48,Geisha,Restaurant,phuket,Karon,TH,Asia,,,,,7.84808,98.29652,,,osm,walk-in,6,new
bd1e72c4c985937c2507,Giant Goods,Souvenirs & gifts,phuket,Karon,TH,Asia,,,,,7.845,98.29412,,,osm,walk-in,6,new
a45696960037c684ea06,Glam Habitat Hotel,Hotel,phuket,Kamala,TH,Asia,,,,,7.95582,98.28444,,,osm,walk-in,6,new
f9d4f7f60897004a6a48,Glitter house,Hotel,phuket,Kata,TH,Asia,,,,,7.82313,98.30018,,,osm,walk-in,6,new
b0062d1495ef1bd4efa4,Go go bar,Bar,phuket,Rawai,TH,Asia,,,,,7.79218,98.32002,,,osm,walk-in,6,new
af3292d8f1ad5bb79504,GoZar,Restaurant,phuket,Rawai,TH,Asia,,,,,7.7879,98.32989,,,osm,walk-in,6,new
dd5b082eb4c77a4f1c9b,Gold Lion,Bar,phuket,Kata,TH,Asia,,,,,7.82561,98.29773,,,osm,walk-in,6,new
9834958a227392aaff90,Golden Fish,Restaurant,phuket,Bang Tao,TH,Asia,,,,,7.99613,98.29181,,,osm,walk-in,6,new
8efb46a234a01cab5064,Golden Palms Golden Palms Residence,Hotel,phuket,Patong,TH,Asia,,,,,7.88328,98.30018,,,osm,walk-in,6,new
f75a42c29061d79fa66c,Golden Touch Massage,Massage & spa,phuket,Patong,TH,Asia,,,,,7.88189,98.29369,,,osm,walk-in,6,new
57bce3a5481ce2898799,Good Health Massage,Massage & spa,phuket,Cape Panwa,TH,Asia,,,,,7.80993,98.4021,,,osm,walk-in,6,new
94b4a5235c19bc5d8ad0,Good to sea you cafe,Café,phuket,Rawai,TH,Asia,,,,,7.77311,98.3232,,,osm,walk-in,6,new
d2dbdcee0c65ae311e76,Grader,Attraction,phuket,Phuket Town,TH,Asia,,,,,7.86497,98.39997,,,osm,walk-in,6,new
cea528dcf24c6d260d02,Grand Kata VIP,Hotel,phuket,Kata,TH,Asia,,,,,7.82399,98.29957,,,osm,walk-in,6,new
c945ba1d05e4daec13e2,Grand Supicha City Hotel,Hotel,phuket,Phuket Town,TH,Asia,,,,,7.88842,98.39703,,,osm,walk-in,6,new
12346518912efd6dc20b,Greek Kitchen,Restaurant,phuket,Chalong,TH,Asia,,,,ซอยยอดเสน่ห์ 1,7.83045,98.32281,,,osm,walk-in,6,new
922b37aa8bed82895d1b,Green Chilli,Restaurant,phuket,Kathu,TH,Asia,,,,9/134,7.92021,98.33356,,,osm,walk-in,6,new
c92ed47f57564d7a3bd9,Green Home,Guesthouse,phuket,Karon,TH,Asia,,,,,7.83261,98.29661,,,osm,walk-in,6,new
324e0dfccd1cff36408a,Green Leaf,Restaurant,phuket,Bang Tao,TH,Asia,,,,,7.99536,98.29203,,,osm,walk-in,6,new
134795ac014737f44651,Green Pancake,Restaurant,phuket,Kamala,TH,Asia,,,,,7.9487,98.28444,,,osm,walk-in,6,new
64ef247a12721590a6da,Green Villa,Hotel,phuket,Nai Harn,TH,Asia,,,,,7.78703,98.30887,,,osm,walk-in,6,new
c127420ee6e249badf74,Grill Bill,Restaurant,phuket,Kamala,TH,Asia,,,,,7.9503,98.28446,,,osm,walk-in,6,new
14e6ff284eaf8623f9e4,Grillhouse,Restaurant,phuket,Patong,TH,Asia,,,,,7.90099,98.29989,,,osm,walk-in,6,new
acd01f7c32641ce740ed,Grillhütte,Hotel,phuket,Patong,TH,Asia,,,,,7.8948,98.29633,,,osm,walk-in,6,new
691d5de434eb67dd8d06,Grills Nai Harn,Restaurant,phuket,Rawai,TH,Asia,,,,,7.78559,98.31794,,,osm,walk-in,6,new
b5f109953b7d78a0e0a7,Gym,Gym & fitness,phuket,Patong,TH,Asia,,,,,7.89522,98.29732,,,osm,walk-in,6,new
745f3d458d106ad7a0e5,Gym studio,Gym & fitness,phuket,Chalong,TH,Asia,,,,,7.82272,98.33891,,,osm,walk-in,6,new
b14b2e01ee9d577746a2,Gymnasium,Gym & fitness,phuket,Kathu,TH,Asia,,,,,7.89512,98.35403,,,osm,walk-in,6,new
6877a685d0ebf6ef97ad,Ha Ha Ha restaurant,Restaurant,phuket,Nai Harn,TH,Asia,,,,,7.77722,98.30592,,,osm,walk-in,6,new
2cf2bc9ab6ae4de05c05,Halal food,Restaurant,phuket,Rawai,TH,Asia,,,,,7.79492,98.32618,,,osm,walk-in,6,new
86310d28086b188e3c3e,Halfway Inn,Restaurant,phuket,Patong,TH,Asia,,,,,7.8741,98.2885,,,osm,walk-in,6,new
ce2c22d9563eccefa551,Halle Hallo,Restaurant,phuket,Kata,TH,Asia,,,,,7.8317,98.29526,,,osm,walk-in,6,new
762b77198af0313ae208,Hanuman World,Café,phuket,Chalong,TH,Asia,,,,,7.87673,98.3511,,,osm,walk-in,6,new
b45d1df4690a4b92472d,Happy,Bar,phuket,Rawai,TH,Asia,,,,,7.78906,98.32871,,,osm,walk-in,6,new
fc0a0469bdad5407609e,Happy Cake,Café,phuket,Old Town,TH,Asia,,,,,7.87056,98.35908,,,osm,walk-in,6,new
04fcfbe8783c862d1737,Happy Jack,Restaurant,phuket,Rawai,TH,Asia,,,,,7.78195,98.31691,,,osm,walk-in,6,new
1d5de222cc46151fcd8f,Happy Mountain Airport Resort,Hotel,phuket,Airport,TH,Asia,,,,,8.09485,98.31855,,,osm,walk-in,6,new
52cb469b12be200dee8c,Happy Seafood Patong,Restaurant,phuket,Patong,TH,Asia,,,,,7.89972,98.29795,,,osm,walk-in,6,new
6bcf41fd8936efe68100,Happy Tour,Tours & travel,phuket,Cape Panwa,TH,Asia,,,,,7.80544,98.40578,,,osm,walk-in,6,new
5d52822902cd29d7f514,Happy corner bar,Bar,phuket,Kata,TH,Asia,,,,,7.81643,98.30878,,,osm,walk-in,6,new
f34b72ae04e060fcfc14,Happy cottage hotel,Hotel,phuket,Chalong,TH,Asia,,,,,7.8531,98.34602,,,osm,walk-in,6,new
54d1a8e2994ef0033aff,Happyman,Café,phuket,Kata,TH,Asia,,,,,7.81614,98.3009,,,osm,walk-in,6,new
e9d00fd83ababdbf10fc,Harlem,Café,phuket,Chalong,TH,Asia,,,,,7.8522,98.34803,,,osm,walk-in,6,new
5b5f1055fe50235f509b,Harrys Steakhouse & Pub,Restaurant,phuket,Patong,TH,Asia,,,,,7.89203,98.29458,,,osm,walk-in,6,new
17849966345130f0dd68,Haru,Restaurant,phuket,Paklok,TH,Asia,,,,,7.98643,98.36979,,,osm,walk-in,6,new
a744264822308ac42634,Hassana House,Hotel,phuket,Cherngtalay,TH,Asia,,,,,7.98262,98.29962,,,osm,walk-in,6,new
5edba9f2c9c3593524b5,Healthland Massage Patong,Massage & spa,phuket,Patong,TH,Asia,,,,,7.90064,98.29934,,,osm,walk-in,6,new
1b26c954c48c10c650f3,Helene gusethouse,Guesthouse,phuket,Kata,TH,Asia,,,,,7.81553,98.30516,,,osm,walk-in,6,new
ffb1ef01036376330ca2,Hemingway's,Restaurant,phuket,Patong,TH,Asia,,,,,7.8909,98.30193,,,osm,walk-in,6,new
0c89ef02aff6b9c7110c,Hemingways Silk Hotel,Hotel,phuket,Patong,TH,Asia,,,,,7.89223,98.30182,,,osm,walk-in,6,new
7270411edf87b20ce63d,Heritage,Souvenirs & gifts,phuket,Kamala,TH,Asia,,,,,7.95759,98.28834,,,osm,walk-in,6,new
c88f907c8feed509d6e6,Hesan Vegetarian,Restaurant,phuket,Old Town,TH,Asia,,,,,7.8836,98.38411,,,osm,walk-in,6,new
d86139e02f9dd6fc6d76,Hi GYM,Gym & fitness,phuket,Old Town,TH,Asia,,,,,7.87899,98.38086,,,osm,walk-in,6,new
5f9526528c699df01762,Hi Karon,Hotel,phuket,Karon,TH,Asia,,,,,7.83349,98.29704,,,osm,walk-in,6,new
767f5aea5bf09e02da11,Higher,Restaurant,phuket,Patong,TH,Asia,,,,70/3 bangla road roostop,7.8932,98.29779,,,osm,walk-in,6,new
0a9c090f775f1e04ca3c,Highway Curry,Restaurant,phuket,Rawai,TH,Asia,,,,,7.78405,98.31747,,,osm,walk-in,6,new
155e5d87a78a93287070,Hill House,Restaurant,phuket,Cape Panwa,TH,Asia,,,,,7.81386,98.39207,,,osm,walk-in,6,new
05c12f10a67b26840ceb,Hillmyna,Café,phuket,Cherngtalay,TH,Asia,,,,,7.98461,98.30052,,,osm,walk-in,6,new
1cce2895ef80c61b8677,Hilton Phuket Arcadia Resort & Spa,Hotel,phuket,Karon,TH,Asia,,,,,7.8384,98.29964,,,osm,walk-in,6,new
4813e98e00afa99451e8,Himmapana Villas - Terraces,Hotel,phuket,Kamala,TH,Asia,,,,69/4 Kamala Soi 8 Kamala,7.94479,98.29229,,,osm,walk-in,6,new
af32daffc277f53ec50f,Hipaphan,Hotel,phuket,Airport,TH,Asia,,,,,8.10164,98.30352,,,osm,walk-in,6,new
948ddffec414d3c83f9a,HoHiHo,Restaurant,phuket,Chalong,TH,Asia,,,,,7.81733,98.33178,,,osm,walk-in,6,new
8284d179708acf8d3498,Hockhoelee cafe,Café,phuket,Rawai,TH,Asia,,,https://www.hockhoelee.com,,7.80023,98.33548,,,osm,walk-in,6,new
c02967a39c1697c99dde,Holiday House Kata & Karon Phuket Hotel,Hotel,phuket,Kata,TH,Asia,,,,85 Thaina Road,7.82633,98.29845,,,osm,walk-in,6,new
550558002d219f2ec193,Holiday Inn Resort,Hotel,phuket,Patong,TH,Asia,,,,,7.88814,98.29389,,,osm,walk-in,6,new
184ebe006085fa2b7577,Hollywood Inn Love,Hotel,phuket,Patong,TH,Asia,,,,,7.88526,98.29723,,,osm,walk-in,6,new
bd04afb5c3f73bbfd67d,Hollywood Phuket Club,Nightlife,phuket,Patong,TH,Asia,,,,7 Soi Bangl Phuket,7.89411,98.29613,,,osm,walk-in,6,new
f20b168f44a22ed19ae0,Home 67 cafe,Café,phuket,Rawai,TH,Asia,,,,,7.79732,98.32327,,,osm,walk-in,6,new
1a29da9234d8672decfe,Home T Cafe,Café,phuket,Karon,TH,Asia,,,,,7.84697,98.29844,,,osm,walk-in,6,new
61be9bf435c433d15763,Homemade desserts,Café,phuket,Karon,TH,Asia,,,,,7.84428,98.3012,,,osm,walk-in,6,new
89f99c57a74834b22a61,Honda,Vehicle rental,phuket,Old Town,TH,Asia,,,,,7.90662,98.37766,,,osm,walk-in,6,new
6d268d94620e03d99858,Honda Big Wing Phuket,Vehicle rental,phuket,Old Town,TH,Asia,,,https://www.aphonda.co.th/hondabigbike/,,7.89731,98.38915,,,osm,walk-in,6,new
0241ab57007dd4a20c3c,Honda Service,Vehicle rental,phuket,Old Town,TH,Asia,,,,,7.89678,98.38961,,,osm,walk-in,6,new
19c4d5d24f937277f37d,Honey Bikes,Vehicle rental,phuket,Rawai,TH,Asia,,,,,7.76882,98.31471,,,osm,walk-in,6,new
9f6d2dea0bb3d91d19f7,Honey pot bar,Bar,phuket,Rawai,TH,Asia,,,,,7.77554,98.31869,,,osm,walk-in,6,new
896199f89cf6430e3332,Hong Kong Waffle,Café,phuket,Old Town,TH,Asia,,,,,7.90678,98.37328,,,osm,walk-in,6,new
edc21b0faa65c5af179d,Horange Phuket Town,Hotel,phuket,Phuket Town,TH,Asia,,,,,7.88222,98.39156,,,osm,walk-in,6,new
5dc7be556682f3dd3916,Horizon,Hotel,phuket,Patong,TH,Asia,,,https://www.agoda.com/asia/thailand/phuket/horizon_patong_beach_resort_spa.html?site_id=1410186,,7.88887,98.29335,,,osm,walk-in,6,new
0dfba600ef5c0d8c76a1,Hot Pan,Restaurant,phuket,Patong,TH,Asia,,,,,7.88913,98.3037,,,osm,walk-in,6,new
6c27f525d69cbef6137b,Hot yoga,Gym & fitness,phuket,Chalong,TH,Asia,,,,,7.85143,98.34847,,,osm,walk-in,6,new
df273439ca8934f8f857,Hotel Andakira,Hotel,phuket,Patong,TH,Asia,,,,,7.89411,98.30276,,,osm,walk-in,6,new
46b50194d2124d5e48ed,Hotel COCO Phuket Bangtao Beach,Hotel,phuket,Bang Tao,TH,Asia,,,,,7.99144,98.29823,,,osm,walk-in,6,new
d8d20291e96a626bedba,Hotel Colosseum Patong,Hotel,phuket,Patong,TH,Asia,,,,,7.88164,98.29952,,,osm,walk-in,6,new
02c3267752c04d27804b,Hotel Cruiser Island by Swiss Belhotel,Hotel,phuket,Panwa,TH,Asia,,,,,7.79462,98.37144,,,osm,walk-in,6,new
04b008cf6b65061f5d3d,Hotel De Karon,Hotel,phuket,Karon,TH,Asia,,,,,7.84971,98.29543,,,osm,walk-in,6,new
b17779908c2596f78b03,Hotel Novotel Phuket Resort,Hotel,phuket,Patong,TH,Asia,,,,,7.9076,98.29763,,,osm,walk-in,6,new
586f9d14c83c1c85723f,Hotel Sole,Hotel,phuket,Patong,TH,Asia,,,,,7.89387,98.30217,,,osm,walk-in,6,new
db8982357d75d74b2990,Hotel Veloche group,Hotel,phuket,Karon,TH,Asia,,,,,7.83592,98.30079,,,osm,walk-in,6,new
79ff7e05a8887c80a5b7,Hotelrestaurant,Restaurant,phuket,Patong,TH,Asia,,,,43/2 Rat Uthit 200 Year Road Patong,7.90072,98.30284,,,osm,walk-in,6,new
d56e1c7314ac2956be98,House Cafe,Café,phuket,Old Town,TH,Asia,,,,,7.88499,98.38753,,,osm,walk-in,6,new
0c7a313ab59035742663,House of Clove,Massage & spa,phuket,Old Town,TH,Asia,,,,,7.88499,98.38709,,,osm,walk-in,6,new
b68aa4f304a4b47563d5,Howm,Restaurant,phuket,Rawai,TH,Asia,,,,,7.80084,98.33743,,,osm,walk-in,6,new
087d09b67f2aae3964ed,Hua Sapan Noodles,Restaurant,phuket,Old Town,TH,Asia,,,,,7.86894,98.38294,,,osm,walk-in,6,new
4fb3e44cf67035bd86af,Huamoom Halal Food,Café,phuket,Old Town,TH,Asia,,,,,7.90116,98.37845,,,osm,walk-in,6,new
e01ec6a9311fcc4d9aef,Hummus Boutique,Restaurant,phuket,Koh Kaew,TH,Asia,,,,,7.95599,98.37033,,,osm,walk-in,6,new
cdd4028bb83ee440d799,Hungry Monkey Cafe,Café,phuket,Nai Harn,TH,Asia,,,,,7.79541,98.31476,,,osm,walk-in,6,new
1898fc522931a6466b5e,Hyatt Regency Phuket Resort,Hotel,phuket,Kamala,TH,Asia,,,,,7.94676,98.27115,,,osm,walk-in,6,new
b3e7510094aea09fc6b8,Hyton Leelavadee Hotel,Hotel,phuket,Patong,TH,Asia,,,,,7.88574,98.29283,,,osm,walk-in,6,new
1b79242be23f7d3a8bc4,Hôtel Smaïn,Hotel,phuket,Patong,TH,Asia,,,,,7.88138,98.29956,,,osm,walk-in,6,new
d4719a51a39d5ccb95fa,I Dee,Hotel,phuket,Patong,TH,Asia,,,,,7.88169,98.29277,,,osm,walk-in,6,new
ca55996a718ea590f00c,I Hostel,Guesthouse,phuket,Old Town,TH,Asia,,,,,7.91691,98.3712,,,osm,walk-in,6,new
e3b68e821279b3718f88,I am Simon,Bar,phuket,Kata,TH,Asia,,,,,7.82558,98.29741,,,osm,walk-in,6,new
1b2bb0dbab33d8f1e35f,I am here,Café,phuket,Kata,TH,Asia,,,,,7.82546,98.29666,,,osm,walk-in,6,new
e60a3741821a267db958,I karoon,Café,phuket,Patong,TH,Asia,,,,,7.88371,98.29665,,,osm,walk-in,6,new
11838260b920c83932fe,IL Mare Patong Place,Hotel,phuket,Patong,TH,Asia,,,,,7.88617,98.29816,,,osm,walk-in,6,new
6b55e38e93d7e0568918,Ibis,Hotel,phuket,Patong,TH,Asia,,,,,7.90195,98.29979,,,osm,walk-in,6,new
585aeb7e51d219418284,Ice,Bar,phuket,Kata,TH,Asia,,,,,7.82554,98.29706,,,osm,walk-in,6,new
4db04d3b583293ff13db,Ice Coffee 20thb,Street food,phuket,Kata,TH,Asia,,,,,7.82648,98.29823,,,osm,walk-in,6,new
1e2cfd92c06b19199dc0,Ice Cream Melody,Café,phuket,Kamala,TH,Asia,,,,,7.95021,98.27968,,,osm,walk-in,6,new
789bcb6fec30820bd893,Ice Island Tour,Tours & travel,phuket,Kata,TH,Asia,,,,,7.81352,98.29881,,,osm,walk-in,6,new
aae0ef05335f57a7b3b3,Ice cream Japan,Café,phuket,Old Town,TH,Asia,,,,,7.88439,98.3875,,,osm,walk-in,6,new
e6cacdf1512cf020efbe,Ice's Seafood,Restaurant,phuket,Kamala,TH,Asia,,,,Rim Hat Road,7.95077,98.28175,,,osm,walk-in,6,new
a1fce72b6d03eba179d9,Icon bistro & cafe,Café,phuket,Chalong,TH,Asia,,,,,7.8251,98.34061,,,osm,walk-in,6,new
d96571eda2ac0201d893,Ideo Phuket,Hotel,phuket,Nai Yang,TH,Asia,,,,,8.08658,98.29998,,,osm,walk-in,6,new
e349cd0ceac94cbc7fed,Ikihai,Restaurant,phuket,Nai Harn,TH,Asia,,,,,7.78894,98.31723,,,osm,walk-in,6,new
ab8a110da1c6a73059f9,Ikon Phuket,Hotel,phuket,Karon,TH,Asia,,,,,7.84335,98.30296,,,osm,walk-in,6,new
8e5afb593cee9729fffb,Im Chang,Restaurant,phuket,Bang Tao,TH,Asia,,,,,8.00003,98.31069,,,osm,walk-in,6,new
d379e34d6d1b2f150fd3,Impiana Resort,Hotel,phuket,Patong,TH,Asia,,,,,7.89683,98.29614,,,osm,walk-in,6,new
40f6dd770eefca35a80c,Im’s Restaurant and Guest House,Restaurant,phuket,Patong,TH,Asia,,,,,7.89959,98.30683,,,osm,walk-in,6,new
8bf99b572431a249a9ed,InterContinental Phuket Resort,Hotel,phuket,Kamala,TH,Asia,,,,,7.96294,98.2858,,,osm,walk-in,6,new
d3ff3644ec44e1e27d24,Inthanin,Café,phuket,Mai Khao,TH,Asia,,,,,8.17211,98.29838,,,osm,walk-in,6,new
e85021a9dfc8170dd619,Inzia steak,Café,phuket,Bang Tao,TH,Asia,,,,,7.9835,98.29065,,,osm,walk-in,6,new
95ac4a7de6c49fc5bdeb,Irish Bar,Bar,phuket,Patong,TH,Asia,,,,,7.89676,98.29992,,,osm,walk-in,6,new
c01a3a4f1c3511ec5b3e,Isaan Popeye Thai food,Restaurant,phuket,Kamala,TH,Asia,,,,,7.94934,98.28333,,,osm,walk-in,6,new
b5b4a4b0b2318378a045,Isdaris Apartment,Hotel,phuket,Cherngtalay,TH,Asia,,,,195/26 Thalang,7.98357,98.29491,,,osm,walk-in,6,new
810025c0045ad8b853cc,Island Campground Cafe & Bar,Bar,phuket,Cape Panwa,TH,Asia,,,,,7.83152,98.40174,,,osm,walk-in,6,new
3bdd9eed0b0a9e853cf2,Island Herb Spa,Beauty & spa,phuket,Chalong,TH,Asia,,,http://www.islandherbspa.com,,7.8621,98.34352,,,osm,walk-in,6,new
1285c7e900e7b5b95bba,Island Herbal Sauna,Beauty & spa,phuket,Chalong,TH,Asia,,,http://www.islandherbspa.com,,7.86441,98.35794,,,osm,walk-in,6,new
a00973b4fac5c4cd6017,Island Tours by Unicorn Phuket,Tour Agency,phuket,Chalong,TH,Asia,,,https://noorphukettour.com/,"35/271 moo3 Tambol vichit Amphur Muang, ตำบล วิชิต อำเภอเมืองภูเก็ต ภูเก็ต 83000, Thailand",7.87045,98.35062,,,google_places,walk-in,6,new
7d9bf8680f2e95651659,Island View,Hotel,phuket,Karon,TH,Asia,,,,,7.83448,98.29733,,,osm,walk-in,6,new
606bd4227b82d53d5730,Islander. Sport bar,Bar,phuket,Rawai,TH,Asia,,,,,7.77734,98.31917,,,osm,walk-in,6,new
603b3c86300ac59be80c,Isola,Restaurant,phuket,Koh Kaew,TH,Asia,,,,,7.96653,98.39052,,,osm,walk-in,6,new
2b4f3f573f217ef05380,Issan classic restaurant,Restaurant,phuket,Rawai,TH,Asia,,,,,7.79254,98.32433,,,osm,walk-in,6,new
7ad74521cfc4bf64e56e,Istanbul turkish restaurant,Restaurant,phuket,Kata,TH,Asia,,,,,7.81648,98.30735,,,osm,walk-in,6,new
fcca3cd623d6097eacd5,Italay,Restaurant,phuket,Surin,TH,Asia,,,,,7.98467,98.28654,,,osm,walk-in,6,new
59dc639f30f8e2030bcd,Italiano,Restaurant,phuket,Rawai,TH,Asia,,,,,7.79845,98.33495,,,osm,walk-in,6,new
24b76ae13bf3f174da02,J.J. Car Rental Center,Vehicle rental,phuket,Nai Harn,TH,Asia,,,,,7.79062,98.31702,,,osm,walk-in,6,new
889354d25d7f83b32e8f,JJ airport condotel,Hotel,phuket,Airport,TH,Asia,,,,,8.1084,98.31125,,,osm,walk-in,6,new
aee996d1c699ec583ba9,JJ massage,Massage & spa,phuket,Rawai,TH,Asia,,,,,7.77443,98.32556,,,osm,walk-in,6,new
d297db4ea19f5ed7ead0,JJW House,Hotel,phuket,Airport,TH,Asia,,,,,8.10148,98.30874,,,osm,walk-in,6,new
cbae2200776781e63c61,JK,Beauty & spa,phuket,Phuket Town,TH,Asia,,,,,7.88409,98.41045,,,osm,walk-in,6,new
eda6fe14597dd0a2b988,JR Siam Kata Resort,Hotel,phuket,Kata,TH,Asia,,,,,7.82555,98.30065,,,osm,walk-in,6,new
ede22bcf040429c5d552,JaakDin Restaurant,Restaurant,phuket,Bang Tao,TH,Asia,,,,,8.02861,98.29541,,,osm,walk-in,6,new
06e97d431174fbd80a2a,Jack Beach,Restaurant,phuket,Nai Yang,TH,Asia,,,,,8.09027,98.29811,,,osm,walk-in,6,new
f43f7890484eec59c4f0,Jai Shree Ram,Restaurant,phuket,Patong,TH,Asia,,,,,7.90186,98.30026,,,osm,walk-in,6,new
39f839c1ec81edeca572,Jam rock,Bar,phuket,Nai Harn,TH,Asia,,,,,7.79217,98.29395,,,osm,walk-in,6,new
478a7fe50564a39ea554,Jame Bar,Bar,phuket,Patong,TH,Asia,,,,,7.89778,98.30189,,,osm,walk-in,6,new
f1edc14895d8f6480869,James & Joyce,Bar,phuket,Patong,TH,Asia,,,,,7.89836,98.29688,,,osm,walk-in,6,new
1af0ef303b7b48762f12,James bar,Bar,phuket,Karon,TH,Asia,,,,,7.84924,98.29518,,,osm,walk-in,6,new
15f224f4850f30433408,James bond,Tours & travel,phuket,Phuket Town,TH,Asia,,,,,7.88288,98.39064,,,osm,walk-in,6,new
13d69b95edd5da9c0cda,Jampee restaurant,Restaurant,phuket,Patong,TH,Asia,,,,,7.88319,98.29703,,,osm,walk-in,6,new
eb3b382566e34555a6ab,Jamrat Sushi box,Café,phuket,Bang Tao,TH,Asia,,,,Tambon Thep Krasatti,8.0275,98.33243,,,osm,walk-in,6,new
d156f05c816c945ba635,Jao Jong,Restaurant,phuket,Rawai,TH,Asia,,,,,7.76945,98.31793,,,osm,walk-in,6,new
38d5472cdb365af0f719,Jao Nan,Restaurant,phuket,Rawai,TH,Asia,,,,,7.76997,98.31838,,,osm,walk-in,6,new
961d387fc5b43ce98e7d,Japanese home cooking,Restaurant,phuket,Chalong,TH,Asia,,,,,7.85315,98.32935,,,osm,walk-in,6,new
c6f20b35fa503ef104cd,Jasmine Bar,Bar,phuket,Rawai,TH,Asia,,,,,7.78893,98.33004,,,osm,walk-in,6,new
02b9d3a6056bae0ca791,Jasmine massage,Massage & spa,phuket,Patong,TH,Asia,,,,,7.91063,98.29598,,,osm,walk-in,6,new
c5834dacdd12088ae5e9,Jazz U Steakhouse,Restaurant,phuket,Kata,TH,Asia,,,,,7.82206,98.30139,,,osm,walk-in,6,new
d7de1ada330215bbb267,Jeab Bar,Bar,phuket,Patong,TH,Asia,,,,59/2 Sainamyen Rd Patong,7.89669,98.30005,,,osm,walk-in,6,new
ab561e4ec50178827554,Jeepang Mee Hoon Kraduk Moo AND Oh Ew Paelee,Restaurant,phuket,Old Town,TH,Asia,,,,,7.88584,98.38714,,,osm,walk-in,6,new
24145731f8223b3c05c6,Jeffer,Restaurant,phuket,Patong,TH,Asia,,,,,7.8904,98.30062,,,osm,walk-in,6,new
62bf6c4c1ee8823590fd,Jen Pizza,Restaurant,phuket,Rawai,TH,Asia,,,,,7.78356,98.31719,,,osm,walk-in,6,new
1aef8486cfb662a1fffd,Jen massage,Massage & spa,phuket,Rawai,TH,Asia,,,,,7.7871,98.31743,,,osm,walk-in,6,new
76f0e3239c449a89805b,Jenny Bar,Bar,phuket,Patong,TH,Asia,,,,,7.89679,98.29982,,,osm,walk-in,6,new
27cfcc8a63df65e7bd38,Jin,Café,phuket,Nai Yang,TH,Asia,,,,,8.08677,98.30038,,,osm,walk-in,6,new
1ec60a8f82972fb3b975,Jina2 Bar,Bar,phuket,Kathu,TH,Asia,,,,,7.90901,98.34795,,,osm,walk-in,6,new
ea701295f67bdff5324c,Jinta Andaman,Hotel,phuket,Kata,TH,Asia,,,,,7.82337,98.30059,,,osm,walk-in,6,new
7ce5eb57852eaa3c42be,Jinta Breakfast,Restaurant,phuket,Kata,TH,Asia,,,,,7.82334,98.30044,,,osm,walk-in,6,new
9ee95a03b2a8498392ee,Jintana,Hotel,phuket,Patong,TH,Asia,,,,,7.89572,98.29815,,,osm,walk-in,6,new
f83ae2e4862e23a7cc72,Jips Guesthouse,Guesthouse,phuket,Patong,TH,Asia,,,,,7.88759,98.30266,,,osm,walk-in,6,new
b0e03c7cd2e510c0f67f,Jiraporn (J.R.P.) Hill resort,Hotel,phuket,Patong,TH,Asia,,,,Nanai Road,7.8812,98.29982,,,osm,walk-in,6,new
3392a59a922eda496c59,John Donut,Café,phuket,Old Town,TH,Asia,,,,,7.88479,98.38797,,,osm,walk-in,6,new
1bd524d740a00e4521b7,Journeyhub,Hotel,phuket,Patong,TH,Asia,,,,,7.90185,98.30483,,,osm,walk-in,6,new
5c2a7e34d937c292370b,Judy,Hotel,phuket,Patong,TH,Asia,,,,,7.88149,98.2932,,,osm,walk-in,6,new
97aae1058e51e6532a9e,Juice me up,Café,phuket,Cherngtalay,TH,Asia,,,,,7.99276,98.30605,,,osm,walk-in,6,new
57ad173af35cf0f1800f,Jula Place,Hotel,phuket,Chalong,TH,Asia,,,,,7.82464,98.34227,,,osm,walk-in,6,new
b3a3fff518291816211b,Jum,Guesthouse,phuket,Karon,TH,Asia,,,,,7.83282,98.29677,,,osm,walk-in,6,new
5051019048e2df3b56f2,Jum Thai Food,Café,phuket,Rawai,TH,Asia,,,,,7.76961,98.3143,,,osm,walk-in,6,new
7224b662017f05a14327,Jumbo seafood,Restaurant,phuket,Rawai,TH,Asia,,,,,7.77284,98.32225,,,osm,walk-in,6,new
ecf815287d7fb0f14f17,Jurana Patong Phuket,Hotel,phuket,Patong,TH,Asia,,,,"44/1-7 Muean Ngen Road, Patong Beach, Kathu District, Phuket 83150, 泰國",7.88532,98.28214,,,osm,walk-in,6,new
178faa1051c990b01406,Jutamas,Vehicle rental,phuket,Rawai,TH,Asia,,,,,7.77976,98.31802,,,osm,walk-in,6,new
6e2fc4faa32d9b1e3771,K.B.L.,dojo,phuket,Nai Harn,TH,Asia,,,,,7.79682,98.31892,,,osm,walk-in,6,new
be82b88f3842ad4db9d8,KB restaurant 2,Restaurant,phuket,Kata,TH,Asia,,,,,7.8264,98.29666,,,osm,walk-in,6,new
952138b312e596b4c8f6,KFC,Street food,phuket,Chalong,TH,Asia,,,,,7.84027,98.3337,,,osm,walk-in,6,new
d42d4712e0bee829bebd,KLANG-YA,Pharmacy,phuket,Kamala,TH,Asia,,,,,7.95392,98.28868,,,osm,walk-in,6,new
1f43c732035afac84089,KOH Bamboo,Bar,phuket,Patong,TH,Asia,,,,,7.89333,98.29798,,,osm,walk-in,6,new
d94030061f297150623a,KTM Phuket,Vehicle rental,phuket,Phuket Town,TH,Asia,,,https://www.facebook.com/ktmphuket/,,7.88839,98.39356,,,osm,walk-in,6,new
de25a1ba42e66fec2d11,Ka Jok See,Restaurant,phuket,Old Town,TH,Asia,,,,,7.88275,98.38812,,,osm,walk-in,6,new
c1ad21175f63bba4090c,Ka Moo Boran,Restaurant,phuket,Kathu,TH,Asia,,,,,7.91062,98.3348,,,osm,walk-in,6,new
1ef9ec58553da2a626b1,Ka Ti Bar & Restaurant,Restaurant,phuket,Surin,TH,Asia,,,,,7.98501,98.28088,,,osm,walk-in,6,new
de3bce03880512904106,KaMaLa' Te,Café,phuket,Kamala,TH,Asia,,,,Rim Hat Road,7.94969,98.2805,,,osm,walk-in,6,new
e09fed7ca2eead1abb88,Kaiya,Café,phuket,Chalong,TH,Asia,,,,,7.8539,98.3451,,,osm,walk-in,6,new
fbb7437cbcc584edf311,Kalido,Restaurant,phuket,Surin,TH,Asia,,,https://www.kalidophuket.com,,7.98447,98.28338,,,osm,walk-in,6,new
291358128a2280a69395,Kalika 76,Restaurant,phuket,Kata,TH,Asia,,,,,7.82922,98.29549,,,osm,walk-in,6,new
85052858e1998a328dfa,Kamala Bakery,Restaurant,phuket,Kamala,TH,Asia,,,,,7.94678,98.28002,,,osm,walk-in,6,new
2d0b89f9842e4624a06f,Kamala Beergardeen,Bar,phuket,Kamala,TH,Asia,,,,,7.94866,98.28325,,,osm,walk-in,6,new
c7c96668d36ce28c3858,Kamala Butchery & Restaurant,Restaurant,phuket,Kamala,TH,Asia,,,,,7.94897,98.28419,,,osm,walk-in,6,new
af8659479808f6173860,Kamala Clinic,Pharmacy,phuket,Kamala,TH,Asia,,,,,7.94815,98.28318,,,osm,walk-in,6,new
a35c6a024d5cd5e1f3a8,Kamala Dreams,Restaurant,phuket,Kamala,TH,Asia,,,,Rim Hat Road,7.95071,98.28079,,,osm,walk-in,6,new
0909db3dcdd086609b5f,Kamala Night Market,Market,phuket,Kamala,TH,Asia,,,,,7.95429,98.28596,,,osm,walk-in,6,new
e05f0c76b37e08742b57,Kamala Seafood,Restaurant,phuket,Kamala,TH,Asia,,,,Rim Hat Road,7.95008,98.28076,,,osm,walk-in,6,new
4c93acd48c90c0d9a2fc,Kamala Talad Nat,Market,phuket,Kamala,TH,Asia,,,,,7.94294,98.27987,,,osm,walk-in,6,new
396778c70e690d2f5e42,Kamala Taxi Service,Transport,phuket,Kamala,TH,Asia,,,,Rim Hat Road,7.95083,98.28157,,,osm,walk-in,6,new
293235998fcb3ddab7b0,Kamala Tropical Garden,Hotel,phuket,Kamala,TH,Asia,,,,,7.94818,98.28386,,,osm,walk-in,6,new
9a4d8436de464f47232d,Kamala Tuk Tuk,Transport,phuket,Kamala,TH,Asia,,,,Rim Hat Road,7.95093,98.28182,,,osm,walk-in,6,new
8fd0fe9793ff02de1be8,Kamala Villa Hill,Hotel,phuket,Kamala,TH,Asia,,,,,7.95054,98.29818,,,osm,walk-in,6,new
6de9cf5958abb19ba921,Kamala dive service (PADI) German,Gym & fitness,phuket,Kamala,TH,Asia,,,,,7.94969,98.29704,,,osm,walk-in,6,new
ef7a3499943cd930d9a7,Kamalaburi Guesthouse,Guesthouse,phuket,Kamala,TH,Asia,,,,,7.94821,98.28171,,,osm,walk-in,6,new
d252d04bec80c5453a65,Kambo,Restaurant,phuket,Bang Tao,TH,Asia,,,,,7.98618,98.29088,,,osm,walk-in,6,new
33e992513dff1cc736b5,Kan Eand Seafood,Restaurant,phuket,Chalong,TH,Asia,,,,,7.82551,98.34622,,,osm,walk-in,6,new
82e7c2d5848e4c2b588b,Kan Eang,Restaurant,phuket,Chalong,TH,Asia,,,,44/1 Moo 5 Viset road,7.8199,98.34442,,,osm,walk-in,6,new
d1b4b88de6b6421b0d6b,Kanchana Food Court,Restaurant,phuket,Patong,TH,Asia,,,,,7.88642,98.30236,,,osm,walk-in,6,new
fed03503142773af8979,Kanchana Garden Place,Hotel,phuket,Patong,TH,Asia,,,,,7.8863,98.30234,,,osm,walk-in,6,new
a3748f451668ed1373b1,"Kanchanalai Co., Ltd.",Hotel,phuket,Kata,TH,Asia,,,,,7.81685,98.30627,,,osm,walk-in,6,new
bcb9e5bb30785a948a06,Kaokhad,Restaurant,phuket,Cape Panwa,TH,Asia,,,,,7.81206,98.38894,,,osm,walk-in,6,new
96db8b8299d632ccf27e,Kaphrao Khai Yoem - Saku,Restaurant,phuket,Nai Yang,TH,Asia,,,,,8.09242,98.30162,,,osm,walk-in,6,new
02ac0a259c91362075ef,Kapi Sushi Box,Restaurant,phuket,Patong,TH,Asia,,,,,7.88482,98.29804,,,osm,walk-in,6,new
8703ac5bd3c31c7a8d54,Kappa Pharma,Pharmacy,phuket,Patong,TH,Asia,,,,,7.88915,98.29277,,,osm,walk-in,6,new
9b1d37282943db460fcb,Karlsson's,Restaurant,phuket,Patong,TH,Asia,,,,,7.89157,98.29538,,,osm,walk-in,6,new
dfac3ab7af6c20f28003,Karon Bazaar,Market,phuket,Karon,TH,Asia,,,,,7.84488,98.29413,,,osm,walk-in,6,new
72a0b32f36409ab91dc3,Karon Beach Resort & Spa,Hotel,phuket,Kata,TH,Asia,,,,,7.82944,98.29481,,,osm,walk-in,6,new
e6060a9ad8fe1ee35e20,Karon Cliff,Hotel,phuket,Karon,TH,Asia,,,,,7.86044,98.28862,,,osm,walk-in,6,new
1967ca49155fdff9b777,Karon Guesthouse,Guesthouse,phuket,Karon,TH,Asia,,,,,7.84857,98.29636,,,osm,walk-in,6,new
b0ae5b3bb4d2d21cfa01,Karon Night Market,Market,phuket,Karon,TH,Asia,,,,,7.84319,98.2945,,,osm,walk-in,6,new
e56ed8acf14e6610d348,Karon Park View,Hotel,phuket,Karon,TH,Asia,,,,,7.84624,98.29908,,,osm,walk-in,6,new
f4f908451a04e781e2fe,Karon Sea Breeze,Hotel,phuket,Karon,TH,Asia,,,,,7.84864,98.29466,,,osm,walk-in,6,new
619a59332e5d14b51f41,Karon Sea Breeze Beach,Hotel,phuket,Karon,TH,Asia,,,,,7.84867,98.29407,,,osm,walk-in,6,new
4122af334a03ba37d1b2,Karon Temple,Guesthouse,phuket,Karon,TH,Asia,,,,"37/17 soi patak 22, Patak Road",7.8482,98.29814,,,osm,walk-in,6,new
bc59467d102184fc8ee4,Karon Temple Market,Market,phuket,Karon,TH,Asia,,,,,7.84802,98.29781,,,osm,walk-in,6,new
6f432891052856569d83,Karon Village,Hotel,phuket,Karon,TH,Asia,,,,,7.83906,98.30046,,,osm,walk-in,6,new
a34f79ddeaafda02282f,Karon Whale Resort,Hotel,phuket,Karon,TH,Asia,,,,,7.84934,98.29419,,,osm,walk-in,6,new
3931a3d85da90c74c8c9,Kata Bai D Inn,Guesthouse,phuket,Kata,TH,Asia,,,,,7.81598,98.30198,,,osm,walk-in,6,new
2528453f958d41decc9a,Kata Blue Sea Resort,Hotel,phuket,Kata,TH,Asia,,,,,7.82382,98.30071,,,osm,walk-in,6,new
0e4c5bf6c328fa787d7b,Kata Country House,Hotel,phuket,Kata,TH,Asia,,,,,7.82063,98.29972,,,osm,walk-in,6,new
e7bb95702aaeac8e6ed1,Kata Delight,Hotel,phuket,Kata,TH,Asia,,,,,7.8135,98.29713,,,osm,walk-in,6,new
eb76d57a2e75b7a433e8,Kata Forte Resort,Hotel,phuket,Kata,TH,Asia,,,,,7.82151,98.30126,,,osm,walk-in,6,new
9591d3d98a34ce933184,Kata Garden Resort,Hotel,phuket,Kata,TH,Asia,,,,,7.82815,98.29628,,,osm,walk-in,6,new
1596624eccda3db68b73,Kata Green Beach,Restaurant,phuket,Kata,TH,Asia,,,,,7.82487,98.29728,,,osm,walk-in,6,new
36069e4532aff493335e,Kata Green Beach Hotel,Hotel,phuket,Kata,TH,Asia,,,,,7.82495,98.29753,,,osm,walk-in,6,new
152f392baacba4c0d437,Kata Hill Sea View,Hotel,phuket,Kata,TH,Asia,,,,,7.81456,98.3007,,,osm,walk-in,6,new
6b93458736b527c59bbc,Kata Karon Community Massage Group,Massage & spa,phuket,Kata,TH,Asia,,,,,7.83176,98.29572,,,osm,walk-in,6,new
4c87a619ec710e890a8c,Kata Lucky villa,Hotel,phuket,Kata,TH,Asia,,,,,7.81701,98.30421,,,osm,walk-in,6,new
02cd1c20ac6d19872197,Kata Mama Seafood,Restaurant,phuket,Kata,TH,Asia,,,,,7.81325,98.2983,,,osm,walk-in,6,new
a42dc6e41c7ad70a2e69,Kata Noi Massage,Beauty & spa,phuket,Kata,TH,Asia,,,,,7.80639,98.3,,,osm,walk-in,6,new
aae5c3b4bcc4372a166a,Kata On Sea Bungalow,Hotel,phuket,Kata,TH,Asia,,,,96 Soi Taina,7.8274,98.29807,,,osm,walk-in,6,new
dc06b698e8226b39b60c,Kata Open Market,Market,phuket,Kata,TH,Asia,,,,,7.825,98.29985,,,osm,walk-in,6,new
704a6d81a841217c2760,Kata Palace Phuket,Hotel,phuket,Kata,TH,Asia,,,,,7.81828,98.30111,,,osm,walk-in,6,new
cd5c7ef03c104e2cdab5,Kata Palm Resort & Spa,Hotel,phuket,Kata,TH,Asia,,,,,7.81898,98.301,,,osm,walk-in,6,new
e4c6315b4e889c2adaaf,Kata Pharmacy & minimart,Pharmacy,phuket,Kata,TH,Asia,,,,,7.82699,98.2987,,,osm,walk-in,6,new
eb42d71c29419bbe5624,Kata Place,Hotel,phuket,Kata,TH,Asia,,,,,7.81746,98.30846,,,osm,walk-in,6,new
a82a5f5c9eb84cb340dd,Kata Plaza,Guesthouse,phuket,Kata,TH,Asia,,,,,7.81586,98.30105,,,osm,walk-in,6,new
f0da892bfeb3e2ea4443,Kata Pool Villa,Hotel,phuket,Kata,TH,Asia,,,,,7.81848,98.31025,,,osm,walk-in,6,new
3e240dff6d6e8e2a733e,Kata Sea Breeze Resort,Hotel,phuket,Kata,TH,Asia,,,,,7.81993,98.3006,,,osm,walk-in,6,new
a937b5bc3afd23e25cba,Kata Silver Sun,Hotel,phuket,Kata,TH,Asia,,,,,7.81966,98.30034,,,osm,walk-in,6,new
e23b20ba6c94d4c1a1eb,Kata Tranquil Villa,Hotel,phuket,Kata,TH,Asia,,,,15/1 Patak Soi 12 Tambon Karon,7.83132,98.30133,,,osm,walk-in,6,new
a737f188969531bf7635,Kata View,Guesthouse,phuket,Kata,TH,Asia,,,,,7.81541,98.30397,,,osm,walk-in,6,new
6adf7f138e6a0a2f5ed0,Kata View Point Resort,Hotel,phuket,Kata,TH,Asia,,,,,7.8162,98.30344,,,osm,walk-in,6,new
e8a9a9fbac8d1c7b54b9,Kata Villa,Restaurant,phuket,Kata,TH,Asia,,,https://www.katavilla.com/,,7.8299,98.29521,,,osm,walk-in,6,new
a1062ba7e34938458ae6,Kata Walking Street Night Market,Market,phuket,Kata,TH,Asia,,,,,7.82464,98.29825,,,osm,walk-in,6,new
cf42739eaf10bdb31502,Kata hillside hotel,Hotel,phuket,Kata,TH,Asia,,,,,7.81565,98.30572,,,osm,walk-in,6,new
5a4495ae46d5f68db6cc,Katanoi Club Hotel,Hotel,phuket,Kata,TH,Asia,,,,,7.8048,98.29999,,,osm,walk-in,6,new
d35afc3cbb7ec27dac17,Katatani Phuket,Hotel,phuket,Kata,TH,Asia,,,https://www.katathani.com,,7.80436,98.29995,,,osm,walk-in,6,new
b776838a72c31301dbea,Katherine Massage,Massage & spa,phuket,Phuket Town,TH,Asia,,,,,7.87471,98.38905,,,osm,walk-in,6,new
ab4549b674becb920288,Kawasaki Big Bikes Phuket,Vehicle rental,phuket,Phuket Town,TH,Asia,,,https://www.kawasaki.co.th/,,7.88704,98.39319,,,osm,walk-in,6,new
270975b1e4634d71d9dd,Kazoku,Restaurant,phuket,Phuket Town,TH,Asia,,,,,7.88319,98.3897,,,osm,walk-in,6,new
08df972d756db9f2fee3,Keang lay,Restaurant,phuket,Cape Panwa,TH,Asia,,,,,7.80621,98.40469,,,osm,walk-in,6,new
640fba44c3d8c34c2d77,Kebab Lagmanych restaurant,Restaurant,phuket,Rawai,TH,Asia,,,,,7.78529,98.31767,,,osm,walk-in,6,new
b88caa7e7a2197d4346a,Kee Sky Lounge,Restaurant,phuket,Patong,TH,Asia,,,,,7.89508,98.29731,,,osm,walk-in,6,new
385971d7a4a11bc08b16,Keh Muay Thai,dojo,phuket,Rawai,TH,Asia,,,,,7.78198,98.32939,,,osm,walk-in,6,new
34201854197ce3572b46,Kelly's Hotel and Residence,Hotel,phuket,Patong,TH,Asia,,,,47/1 Nanai Road,7.89331,98.30438,,,osm,walk-in,6,new
83d8ad74270f0199f4a4,Ken's Inn,Hotel,phuket,Patong,TH,Asia,,,,,7.90206,98.30056,,,osm,walk-in,6,new
9bbd3958e0dd720effb2,Khan Baba Restaurant,Restaurant,phuket,Kata,TH,Asia,,,,,7.82413,98.29837,,,osm,walk-in,6,new
6f6d207cc9a392238df0,Khao Oat airport,Hotel,phuket,Airport,TH,Asia,,,https://khaooatairport.top/,,8.10665,98.30863,,,osm,walk-in,6,new
1f319aa0a54488b8087f,Khao Tom Sam Pee Nong,Restaurant,phuket,Kata,TH,Asia,,,,,7.83082,98.30072,,,osm,walk-in,6,new
87f4dc26095ea4a3cf9c,Khem Tui,Restaurant,phuket,Kata,TH,Asia,,,,Patak Road Soi 6,7.81977,98.30762,,,osm,walk-in,6,new
a4873c7f4aa20659bb80,Khiang Kao Forest & Cafe,Restaurant,phuket,Kathu,TH,Asia,,,,,7.89621,98.32163,,,osm,walk-in,6,new
640b45e9ee718f464396,Kho Kee Bar,Bar,phuket,Kamala,TH,Asia,,,,93/67 Rim Hat Road,7.95014,98.28083,,,osm,walk-in,6,new
dc5e1ae356119876efac,Khwanta Sea Food,Restaurant,phuket,Nai Yang,TH,Asia,,,,,8.05608,98.2784,,,osm,walk-in,6,new
894d3683d3aefca675b0,Kiaw Food Shack,Restaurant,phuket,Nai Yang,TH,Asia,,,,,8.08306,98.29027,,,osm,walk-in,6,new
006fcbd9a312600df8f2,Kim White Yoga,Gym & fitness,phuket,Rawai,TH,Asia,,,,,7.79985,98.32914,,,osm,walk-in,6,new
2110cbe0a5ae76d24481,Kim's Massage & Spa,Massage & spa,phuket,Phuket Town,TH,Asia,,,,,7.88371,98.39189,,,osm,walk-in,6,new
04c6cfb279b1640ecc14,Kim's Massage and Spa,Massage & spa,phuket,Patong,TH,Asia,,,https://www.kimsmassagespa.com/,,7.8909,98.29416,,,osm,walk-in,6,new
29eb1df4463365544530,Kim's massage,Massage & spa,phuket,Rawai,TH,Asia,,,,,7.77304,98.32307,,,osm,walk-in,6,new
2fa4add60d3491d00042,Kin sushi,Restaurant,phuket,Airport,TH,Asia,,,,,8.10101,98.3062,,,osm,walk-in,6,new
7fd334093c8f4b031a80,King Kong Seafood,Restaurant,phuket,Patong,TH,Asia,,,,,7.89781,98.30008,,,osm,walk-in,6,new
98bc56f2384906aeac50,Kinkeaw,Hotel,phuket,Patong,TH,Asia,,,,124/3 Nanai Road,7.88692,98.30248,,,osm,walk-in,6,new
1691d2ada044466cca89,Kinkhao kinnam,Restaurant,phuket,Phuket Town,TH,Asia,,,,,7.88196,98.39141,,,osm,walk-in,6,new
9eaf3c08137436b39e03,Kitchen美食,Restaurant,phuket,Patong,TH,Asia,,,,,7.89317,98.29853,,,osm,walk-in,6,new
369d3877edeb434dddb3,Kitti duck noodle,Restaurant,phuket,Chalong,TH,Asia,,,,,7.83008,98.34426,,,osm,walk-in,6,new
c98edd65ac262fd87491,Koh Kaew Market,Market,phuket,Koh Kaew,TH,Asia,,,,,7.95774,98.3747,,,osm,walk-in,6,new
6b64aee5ed9fb43b7aa5,Koko hut,Café,phuket,Chalong,TH,Asia,,,,,7.85294,98.34658,,,osm,walk-in,6,new
6057be46f07901916d8a,Kokosnuss Kamala,Bar,phuket,Kamala,TH,Asia,,,,73/120 Pa Jak,7.94901,98.28152,,,osm,walk-in,6,new
d35a3ef298cfa7bb7e2f,Kokotel,Hotel,phuket,Nai Yang,TH,Asia,,,,,8.0922,98.30036,,,osm,walk-in,6,new
eb582eb8dc59ec3fb723,Kong Cafe Seaview,Café,phuket,Nai Harn,TH,Asia,,,,,7.78941,98.29878,,,osm,walk-in,6,new
a9c9d63d4451a56c1a3c,Kor Kuai Food And Drink,Restaurant,phuket,Patong,TH,Asia,,,,,7.88714,98.30213,,,osm,walk-in,6,new
ec58291d5a9006991aaf,Krachay,Massage & spa,phuket,Karon,TH,Asia,,,,,7.84329,98.29453,,,osm,walk-in,6,new
cd211dbca60781b49bfd,Krata Thong,Café,phuket,Phuket Town,TH,Asia,,,,184 Phuket Road,7.88215,98.39109,,,osm,walk-in,6,new
003162a9dad6d094d7a1,Kremser'l,Restaurant,phuket,Patong,TH,Asia,,,,,7.89984,98.3015,,,osm,walk-in,6,new
e4df28d250d98f1be9af,Krua Charifa,Restaurant,phuket,Phuket Town,TH,Asia,,,,113 Tilok Utis 2 Road,7.87803,98.39559,,,osm,walk-in,6,new
692388a78758d7b949f4,Krua Chom View,Restaurant,phuket,Patong,TH,Asia,,,,,7.89099,98.30835,,,osm,walk-in,6,new
d9f769ef6ec71193da8d,Krua Roi Rod,Restaurant,phuket,Nai Harn,TH,Asia,,,,,7.76742,98.30674,,,osm,walk-in,6,new
2aae6c28b8d6751f93e7,Kubo Beach Club,Bar,phuket,Patong,TH,Asia,,,,,7.89507,98.29537,,,osm,walk-in,6,new
ab8eb0098a3f68aac768,Kvass,Bar,phuket,Surin,TH,Asia,,,,,7.98016,98.28329,,,osm,walk-in,6,new
b6dfcfffdbf2aaa2ccf5,Kwality,Restaurant,phuket,Patong,TH,Asia,,,,,7.89167,98.29411,,,osm,walk-in,6,new
8f117fd5deee63759e1c,Kwong Shop Seafood Restaurant,Restaurant,phuket,Kata,TH,Asia,,,,,7.8268,98.29853,,,osm,walk-in,6,new
5933300f4913b6ecb8b7,Kygna - modern kitchen,Restaurant,phuket,Rawai,TH,Asia,,,,,7.77702,98.31936,,,osm,walk-in,6,new
624b7b792c03fade205b,L&P,Guesthouse,phuket,Kata,TH,Asia,,,,,7.81571,98.30537,,,osm,walk-in,6,new
b7e0e61409c373ac59bf,L'Orchidée Residences,Hotel,phuket,Patong,TH,Asia,,,,,7.90825,98.29977,,,osm,walk-in,6,new
510d0de7a12c15439d91,LJ Travel,Tours & travel,phuket,Kata,TH,Asia,,,,,7.82556,98.29678,,,osm,walk-in,6,new
002efe27d16d26f48c9e,LUX beach,Café,phuket,Bang Tao,TH,Asia,,,,,7.98808,98.28894,,,osm,walk-in,6,new
5d098af701025b5c80b7,La Bella,Restaurant,phuket,Patong,TH,Asia,,,,,7.89827,98.30346,,,osm,walk-in,6,new
6633fc7de4657a000ce2,La Dolche Vita,Massage & spa,phuket,Patong,TH,Asia,,,,,7.88178,98.29375,,,osm,walk-in,6,new
8e6fabd4fd08118fc0fa,La Flora Resort Patong,Hotel,phuket,Patong,TH,Asia,,,,,7.89556,98.29549,,,osm,walk-in,6,new
5d82febc7632a86106a3,La Green Hotel and Residence,Hotel,phuket,Bang Tao,TH,Asia,,,,,8.02859,98.29612,,,osm,walk-in,6,new
26da0335094d2fd60cdd,La Massage,Massage & spa,phuket,Rawai,TH,Asia,,,,,7.8015,98.3354,,,osm,walk-in,6,new
c93f476c4d9dad5c29bd,La Moon Cafe,Café,phuket,Kamala,TH,Asia,,,,,7.95385,98.28806,,,osm,walk-in,6,new
43f66623a192a9ab80e7,La Piccola Kata,Hotel,phuket,Kata,TH,Asia,,,,,7.82385,98.30038,,,osm,walk-in,6,new
5af337dba76a364f1740,La Piccola Patong,Guesthouse,phuket,Patong,TH,Asia,,,,,7.88491,98.29701,,,osm,walk-in,6,new
9311445fd0f92de3a542,La Sala,Restaurant,phuket,Mai Khao,TH,Asia,,,,,8.1692,98.29523,,,osm,walk-in,6,new
55f93fa51bbcdb0d7904,La Salada,Restaurant,phuket,Rawai,TH,Asia,,,,,7.78208,98.31685,,,osm,walk-in,6,new
cc5f5b7b364fc85537aa,La calle,Café,phuket,Rawai,TH,Asia,,,,,7.7927,98.32528,,,osm,walk-in,6,new
01b49a08204033ad3a4f,Lady bar,Bar,phuket,Karon,TH,Asia,,,,,7.83446,98.29816,,,osm,walk-in,6,new
dc03601e0e7db9b007a0,Lae Lay Siutes Hotel Karon,Hotel,phuket,Kata,TH,Asia,,,,,7.83014,98.30204,,,osm,walk-in,6,new
8f78e536f069d4e20e42,Lae Lay Suites,Hotel,phuket,Kata,TH,Asia,,,,,7.82954,98.30133,,,osm,walk-in,6,new
d3e38d3835196489ba2d,Laem Ka Seafood,Restaurant,phuket,Rawai,TH,Asia,,,,,7.78313,98.33676,,,osm,walk-in,6,new
c467210d2ebc7fc79eef,Laem Sai Bungalow,Hotel,phuket,Kata,TH,Asia,,,,,7.82741,98.29327,,,osm,walk-in,6,new
c35ce2fee3131281a5e6,Laghetto Italian restaurant pizzeria,Restaurant,phuket,Kathu,TH,Asia,,,,,7.9161,98.32781,,,osm,walk-in,6,new
32d22942fd7e65d6b698,Laguna Bar 1,Bar,phuket,Rawai,TH,Asia,,,,,7.77962,98.32922,,,osm,walk-in,6,new
3a8f8731d3d5059c0b2e,Laguna Bar 2,Bar,phuket,Rawai,TH,Asia,,,,,7.77999,98.32947,,,osm,walk-in,6,new
ce5eb22e07576ef3df9d,Laguna Disco,Nightlife,phuket,Rawai,TH,Asia,,,,,7.7796,98.32962,,,osm,walk-in,6,new
b98c5892c3421e5c98b0,Laguna Golf Phuket,Golf,phuket,Bang Tao,TH,Asia,,,,,8.00789,98.30077,,,osm,walk-in,6,new
4b303f5a1d47dd7587c6,Laguna Holiday Club Hotel,Hotel,phuket,Bang Tao,TH,Asia,,,,,8.00309,98.29887,,,osm,walk-in,6,new
10bc7b64d85870e41a8f,Laguna Wellness,Gym & fitness,phuket,Bang Tao,TH,Asia,,,,,8.00181,98.29623,,,osm,walk-in,6,new
d1007d5df76898cd94f3,Lainapa Restaurant & Sunset Lounge,Restaurant,phuket,Cape Panwa,TH,Asia,,,,,7.81265,98.38653,,,osm,walk-in,6,new
2a310ffa55f199e63a63,Lakeside,Bar,phuket,Nai Harn,TH,Asia,,,,,7.78198,98.31025,,,osm,walk-in,6,new
5b5e2f965d43d39e2118,Lamai,Restaurant,phuket,Kata,TH,Asia,,,,,7.83175,98.29526,,,osm,walk-in,6,new
c0dc93b1aef3123da2b2,Lamai Guesthouse,Hotel,phuket,Kathu,TH,Asia,,,,,7.89838,98.34645,,,osm,walk-in,6,new
ec8eb5cc4ada1a656da8,Lamai Hotel โรงแรมละไม,Hotel,phuket,Patong,TH,Asia,,,,,7.89019,98.29642,,,osm,walk-in,6,new
e822e5c916ab8676b6ad,Lamai Restaurant,Restaurant,phuket,Patong,TH,Asia,,,,,7.89883,98.3051,,,osm,walk-in,6,new
11ad94427efb0ff0aaa9,Lana,Restaurant,phuket,Kata,TH,Asia,,,,,7.82219,98.29896,,,osm,walk-in,6,new
913afdafb7f8b8d6b554,Lana Live Music,Bar,phuket,Kata,TH,Asia,,,,,7.81734,98.30081,,,osm,walk-in,6,new
6ca792a77697af845d89,Langstan suites,Guesthouse,phuket,Rawai,TH,Asia,,,,,7.78419,98.31759,,,osm,walk-in,6,new
02973c4be81395433e85,Larva bar,Bar,phuket,Rawai,TH,Asia,,,,,7.78861,98.32992,,,osm,walk-in,6,new
4bdbc6194d0caf25e7f0,Laser Thai,Beauty & spa,phuket,Chalong,TH,Asia,,,,,7.83466,98.34823,,,osm,walk-in,6,new
b2d105ff2032d5af854d,Latte cafe,Café,phuket,Chalong,TH,Asia,,,,,7.85141,98.34929,,,osm,walk-in,6,new
0a80a531a65d46066329,Lau Kau Bar,Bar,phuket,Patong,TH,Asia,,,,,7.89677,98.30036,,,osm,walk-in,6,new
5a0e3aef7e0f8f9624e4,Lavazza,Café,phuket,Chalong,TH,Asia,,,,,7.824,98.33872,,,osm,walk-in,6,new
2c05ff89b9315dc40910,Lavender Hotel Phuket,Hotel,phuket,Patong,TH,Asia,,,,,7.88542,98.2972,,,osm,walk-in,6,new
ddb87eb233b937dde59d,Laya Resort Phuket Island,Hotel,phuket,Bang Tao,TH,Asia,,,,,8.02958,98.29408,,,osm,walk-in,6,new
daad97873d4416ae340b,Layalina,Hotel,phuket,Kamala,TH,Asia,,,,,7.95065,98.28094,,,osm,walk-in,6,new
fb39a3e8d48d26364020,Layan Natural Food & Restaurant,Restaurant,phuket,Bang Tao,TH,Asia,,,,,8.02821,98.29035,,,osm,walk-in,6,new
bab588db909676f1518b,Layan Residences by Anantara,Hotel,phuket,Bang Tao,TH,Asia,,,,,8.03719,98.28379,,,osm,walk-in,6,new
bd338f503d99182118b7,Layan beach Restaurant,Restaurant,phuket,Bang Tao,TH,Asia,,,,,8.02793,98.2894,,,osm,walk-in,6,new
073e3c4227fd998e2307,Le Bayon,Bar,phuket,Karon,TH,Asia,,,,,7.8342,98.29656,,,osm,walk-in,6,new
a645cc532b3f70685686,Le Celtique,Restaurant,phuket,Nai Harn,TH,Asia,,,,,7.79923,98.31939,,,osm,walk-in,6,new
4a8e899113c3baf73c81,Le Desir Resortel Chalong Bay Phuket,Hotel,phuket,Chalong,TH,Asia,,,,Chalong,7.82247,98.34053,,,osm,walk-in,6,new
3d9a4283b837e25ad91f,Le Meridien Phuket Beach Resort,Hotel,phuket,Karon,TH,Asia,,,,,7.86625,98.2832,,,osm,walk-in,6,new
d55cec09513c6f433f61,Le Residence,Hotel,phuket,Phuket Town,TH,Asia,,,,,7.87494,98.38824,,,osm,walk-in,6,new
64fa296982865f309a01,Le Resort & Villa,Hotel,phuket,Nai Harn,TH,Asia,,,https://leresort.com,,7.79351,98.31557,,,osm,walk-in,6,new
4317087a0ad7e6a1b9c6,Le T,Restaurant,phuket,Patong,TH,Asia,,,,,7.88316,98.29408,,,osm,walk-in,6,new
c79cb968145f66051754,Le Thalassa kata,Hotel,phuket,Kata,TH,Asia,,,,98/61 ถนนปฏัก,7.8234,98.3012,,,osm,walk-in,6,new
f8dc1334a98ed13cb9f5,Le Tong Beach,Hotel,phuket,Patong,TH,Asia,,,,,7.90678,98.29796,,,osm,walk-in,6,new
8752fab830a3ada9b349,Leap.,Café,phuket,Airport,TH,Asia,,,,,8.09983,98.3072,,,osm,walk-in,6,new
07200347f52c4b775683,Lebanese Cuisine,Restaurant,phuket,Patong,TH,Asia,,,,,7.89265,98.30061,,,osm,walk-in,6,new
594a1df076f35e710da2,Lee Lee bar,Bar,phuket,Rawai,TH,Asia,,,,,7.78085,98.31722,,,osm,walk-in,6,new
2ff1b628ded730ff2218,Leelawadee Massage,Massage & spa,phuket,Nai Yang,TH,Asia,,,,,8.06293,98.27826,,,osm,walk-in,6,new
7b12d4e2cf396229a291,Lek's,Bar,phuket,Kata,TH,Asia,,,,,7.82563,98.29788,,,osm,walk-in,6,new
78a8c1c3de22a8a47be2,Lemon House,Hotel,phuket,Patong,TH,Asia,,,https://www.lemonhouse.com/,,7.88668,98.30358,,,osm,walk-in,6,new
044aa7e0546794fcdf21,Leo Más Ristorante,Restaurant,phuket,Patong,TH,Asia,,,,,7.89104,98.29425,,,osm,walk-in,6,new
cb3347270ac039553a96,Let's roll,Café,phuket,Kata,TH,Asia,,,,,7.82561,98.29668,,,osm,walk-in,6,new
2202f6f296b0e807d6ea,Lila hous,Guesthouse,phuket,Karon,TH,Asia,,,,,7.8331,98.29868,,,osm,walk-in,6,new
588e4ae9f3080f475dcc,Lilly massage,Massage & spa,phuket,Rawai,TH,Asia,,,,,7.79734,98.32733,,,osm,walk-in,6,new
5b0e02d0b6f70cef934a,Lily house cafe,Café,phuket,Rawai,TH,Asia,,,,,7.76544,98.31206,,,osm,walk-in,6,new
863bdcbc7bd595cd1f9b,Lin Da Xian,Restaurant,phuket,Old Town,TH,Asia,,,,,7.90674,98.37092,,,osm,walk-in,6,new
01ac376262a00fd96c8b,Lion muay thai,Gym & fitness,phuket,Nai Harn,TH,Asia,,,,,7.79518,98.31868,,,osm,walk-in,6,new
aed20581839eb320d608,Little Box,Café,phuket,Cherngtalay,TH,Asia,,,,,7.9826,98.29906,,,osm,walk-in,6,new
edcbaea507e9763fdbe0,Little Myanmar Restaurant,Street food,phuket,Kata,TH,Asia,,,,,7.82766,98.30167,,,osm,walk-in,6,new
f0d1b9237c2ba55d4b2f,Little Nyonya Hotel,Hotel,phuket,Old Town,TH,Asia,,,,,7.87894,98.36432,,,osm,walk-in,6,new
7a682c83513e4ad14331,Little Persian,Restaurant,phuket,Nai Harn,TH,Asia,,,,,7.79232,98.31614,,,osm,walk-in,6,new
39ac0f05e20c84ba02f6,Little Phuket,Restaurant,phuket,Old Town,TH,Asia,,,,,7.88321,98.38852,,,osm,walk-in,6,new
6b9ae73f6fa8e600085c,Little Roma,Restaurant,phuket,Cherngtalay,TH,Asia,,,,,7.99157,98.30597,,,osm,walk-in,6,new
13ab9163aee11234f9d7,Little Thai,Café,phuket,Kamala,TH,Asia,,,,,7.95382,98.28814,,,osm,walk-in,6,new
d2fd0c948263ed315379,Little food stall,Bar,phuket,Nai Harn,TH,Asia,,,,,7.7697,98.30645,,,osm,walk-in,6,new
7f4e96ae2e2221bff1d0,Live Cafe,Café,phuket,Old Town,TH,Asia,,,,,7.87237,98.36954,,,osm,walk-in,6,new
3d38919f103c134180f6,Lobster,Restaurant,phuket,Nai Harn,TH,Asia,,,,,7.77566,98.30684,,,osm,walk-in,6,new
b63b10361d495777d135,Local Hotel,Hotel,phuket,Patong,TH,Asia,,,,,7.89426,98.29818,,,osm,walk-in,6,new
3ba2c666dad8f0385132,Local Thai,Café,phuket,Patong,TH,Asia,,,,"9 Phangmuang Sai Gor Road Pa Tong,",7.89853,98.30353,,,osm,walk-in,6,new
a1f895630897365fca4d,Loch Palm Golf Club,Golf,phuket,Kathu,TH,Asia,,,,,7.92241,98.34782,,,osm,walk-in,6,new
0cf11064224f2791b457,Lofty Villa,Guesthouse,phuket,Patong,TH,Asia,,,,26/11 Sai Nam Yen Road,7.89621,98.30432,,,osm,walk-in,6,new
9afe5a73b12ddc7f709e,Long Terrace,Restaurant,phuket,Karon,TH,Asia,,,,,7.83718,98.29519,,,osm,walk-in,6,new
26de75ceb9c247e946b3,Lorange,Restaurant,phuket,Rawai,TH,Asia,,,,,7.7719,98.32112,,,osm,walk-in,6,new
f62433c0608d1ee50aee,Los Pollos Hermanos,Restaurant,phuket,Patong,TH,Asia,,,,,7.88248,98.29446,,,osm,walk-in,6,new
3370e026032786df18cf,Lotus Bleu,Hotel,phuket,Rawai,TH,Asia,,,,,7.79995,98.32771,,,osm,walk-in,6,new
0ee6eabc5e780a0303fe,Lotus Gardens,Hotel,phuket,Bang Tao,TH,Asia,,,,,8.0298,98.29526,,,osm,walk-in,6,new
409434ddc41e0dae5de6,Lotus Massage,Massage & spa,phuket,Cape Panwa,TH,Asia,,,,,7.8129,98.38949,,,osm,walk-in,6,new
b69522b78d2be2305adf,Lotus Residence,Hotel,phuket,Patong,TH,Asia,,,,ซอย พระบารมี 3 Patong,7.9067,98.30685,,,osm,walk-in,6,new
3cbf9e69679541748ba7,Louis,Pharmacy,phuket,Patong,TH,Asia,,,,74/57 Nanai Road,7.88964,98.3038,,,osm,walk-in,6,new
3bd2a672cbd08d5dff66,Love Rain,Restaurant,phuket,Kamala,TH,Asia,,,,,7.95072,98.28164,,,osm,walk-in,6,new
e1241df6069629f25d58,Love Rawai Cafe,Café,phuket,Rawai,TH,Asia,,,,,7.77504,98.3224,,,osm,walk-in,6,new
638a5330ef5330e7fb45,Love2eat,Restaurant,phuket,Phuket Town,TH,Asia,,,,,7.88412,98.39798,,,osm,walk-in,6,new
efecea1aa8d3f4f8a25e,Luck Bar,Bar,phuket,Patong,TH,Asia,,,,,7.89668,98.30021,,,osm,walk-in,6,new
7df2132dd08929ad2dc2,Lucky,Massage & spa,phuket,Bang Tao,TH,Asia,,,,,7.99546,98.29156,,,osm,walk-in,6,new
88af4f0d7768a0c33e9c,Lucky Jack,Bar,phuket,Kata,TH,Asia,,,,,7.82559,98.29758,,,osm,walk-in,6,new
fc7cdec48063065b4fb2,Lucky Patong Hotel,Hotel,phuket,Patong,TH,Asia,,,,,7.88488,98.30286,,,osm,walk-in,6,new
eb55b5e047b6f7f5d075,Lumpoo,Restaurant,phuket,Kamala,TH,Asia,,,,,7.9469,98.27967,,,osm,walk-in,6,new
5707129f7ce3d512a016,Lustige,Bar,phuket,Kata,TH,Asia,,,,,7.82768,98.29915,,,osm,walk-in,6,new
58e0fb12ace8682629c6,Luuma Pizza,Restaurant,phuket,Rawai,TH,Asia,,,,,7.77664,98.31927,,,osm,walk-in,6,new
45099723cbc5c6001a3d,Lya Lincen skincare,Beauty & spa,phuket,Old Town,TH,Asia,,,,,7.89297,98.35545,,,osm,walk-in,6,new
fad9a235fd3b06a0820c,Lyara Thai Massage,Massage & spa,phuket,Phuket Town,TH,Asia,,,,,7.87466,98.38843,,,osm,walk-in,6,new
0b941cf6a349e6e7d449,Lynn's,Bar,phuket,Rawai,TH,Asia,,,,,7.77713,98.31917,,,osm,walk-in,6,new
188b55b632b7eca63fba,M&G,Beauty & spa,phuket,Rawai,TH,Asia,,,,,7.79272,98.32442,,,osm,walk-in,6,new
80d351210c3be7f34dba,M&N Snooker * Pool,Bar,phuket,Patong,TH,Asia,,,,,7.89221,98.29453,,,osm,walk-in,6,new
879d8b5109d80fed3a33,M-BAR,Bar,phuket,Nai Yang,TH,Asia,,,https://www.pullmanphuketarcadia.com/dine-imbibe/m-bar/,22/2 Moo 4 Saku,8.06485,98.27644,,,osm,walk-in,6,new
b84f51b54e01e2da24a6,M-Narina,Hotel,phuket,Patong,TH,Asia,,,,,7.88179,98.29323,,,osm,walk-in,6,new
4412f32e8293516416ee,MIX Lounge,Restaurant,phuket,Phuket Town,TH,Asia,,,,,7.87245,98.42924,,,osm,walk-in,6,new
0a16cd568ef9a7d58836,MODO Pizza,Restaurant,phuket,Old Town,TH,Asia,,,,,7.88585,98.38721,,,osm,walk-in,6,new
d14ee113eb6e17e83a57,MS Cafe,Café,phuket,Old Town,TH,Asia,,,,,7.91314,98.38724,,,osm,walk-in,6,new
565dc2af0f5eb90ab544,MVC,Hotel,phuket,Patong,TH,Asia,,,,,7.897,98.30134,,,osm,walk-in,6,new
ff92b4094df041d0f1e1,Macha Massage,Massage & spa,phuket,Cape Panwa,TH,Asia,,,,,7.81214,98.38902,,,osm,walk-in,6,new
9e58b8430b97cce355ef,Machida Shoten,Restaurant,phuket,Patong,TH,Asia,,,,,7.89344,98.29502,,,osm,walk-in,6,new
f853231c30fde781cf00,Mad Monkey Bar,Bar,phuket,Patong,TH,Asia,,,,,7.89642,98.30075,,,osm,walk-in,6,new
6362b32da250dc7b1e84,Madagascar,Bar,phuket,Nai Yang,TH,Asia,,,,,8.0562,98.27835,,,osm,walk-in,6,new
2ee9dd0563bc069bb408,Madras Cafe,Restaurant,phuket,Patong,TH,Asia,,,,,7.8927,98.29806,,,osm,walk-in,6,new
888c1d67df561c0f9313,Mae khlong seafood & thai,Restaurant,phuket,Rawai,TH,Asia,,,,,7.77429,98.32518,,,osm,walk-in,6,new
a050b0c217c9cfc3ec02,MaeRuean,Restaurant,phuket,Kata,TH,Asia,,,,,7.81579,98.30064,,,osm,walk-in,6,new
491d954b8b5a8790e7ff,Maelarn Restaurant,Restaurant,phuket,Patong,TH,Asia,,,,,7.88564,98.29725,,,osm,walk-in,6,new
a1c95d6457c75771f506,Maemanee,Restaurant,phuket,Patong,TH,Asia,,,,,7.89021,98.29334,,,osm,walk-in,6,new
32283acc5c128e127735,Magic Masala,Restaurant,phuket,Kata,TH,Asia,,,,,7.8243,98.29881,,,osm,walk-in,6,new
b03fc806d2778e75e6ae,Magic Spoon,Restaurant,phuket,Koh Kaew,TH,Asia,,,,65/25 ถนนเทพกระษัตรี,7.9591,98.38325,,,osm,walk-in,6,new
47d3914e56dfb75d8092,Magyar Utazási Iroda,Tours & travel,phuket,Karon,TH,Asia,,,,,7.84437,98.30032,,,osm,walk-in,6,new
123a3d96d0f3c26c375d,Maha Cheeva Thai Massage,Massage & spa,phuket,Old Town,TH,Asia,,,,,7.87268,98.36668,,,osm,walk-in,6,new
9737465fb5dc31852ee2,Mai Karon,dojo,phuket,Karon,TH,Asia,,,https://maikaron.com,,7.8425,98.29541,,,osm,walk-in,6,new
db4df8b8f907f0925b85,Maikhao Palm Beach Resort,Hotel,phuket,Mai Khao,TH,Asia,,,,,8.12875,98.30101,,,osm,walk-in,6,new
23589e71bbc0aeb7c6bd,Maikhao hotel,Hotel,phuket,Mai Khao,TH,Asia,,,,,8.13524,98.30641,,,osm,walk-in,6,new
998130f586917cf4f17a,Malaiwana Resort & Villas,Hotel,phuket,Nai Yang,TH,Asia,,,,,8.05399,98.27908,,,osm,walk-in,6,new
8b0786d6164da2b33d91,Malakor kitchen,Restaurant,phuket,Rawai,TH,Asia,,,,,7.78074,98.31725,,,osm,walk-in,6,new
e3602c42d0f28b195ab8,Malee Blue Hotel,Hotel,phuket,Patong,TH,Asia,,,,,7.91338,98.29495,,,osm,walk-in,6,new
94aae636366883aef6c6,Malila restaurant & bar,Restaurant,phuket,Kata,TH,Asia,,,,,7.81734,98.30089,,,osm,walk-in,6,new
4e3242526a7c8a3581cf,Malin Patong,Hotel,phuket,Patong,TH,Asia,,,,,7.8814,98.2925,,,osm,walk-in,6,new
cf960ef9f7911638b07e,Malin Plaza,Market,phuket,Patong,TH,Asia,,,,,7.88222,98.29268,,,osm,walk-in,6,new
d1d93ccb79979fe31aaf,Mama Bar,Bar,phuket,Surin,TH,Asia,,,,Soi Ao BangTao,7.98433,98.2867,,,osm,walk-in,6,new
32d3e2ed90d1312e2184,Mama Indigo,Restaurant,phuket,Kata,TH,Asia,,,,,7.82311,98.29849,,,osm,walk-in,6,new
4399262b6cebfb4d9c7c,Mama Mia,Restaurant,phuket,Patong,TH,Asia,,,,,7.88471,98.2932,,,osm,walk-in,6,new
1f409275bbbe26cc2af4,Mama Tuk,Café,phuket,Kata,TH,Asia,,,,ถนนปฏัก,7.82427,98.30163,,,osm,walk-in,6,new
a12c684f6894eb787a70,Mama restaurant,Restaurant,phuket,Mai Khao,TH,Asia,,,,,8.13433,98.30718,,,osm,walk-in,6,new
1eb64a575f1901e40e51,Mama's And Papa's,Restaurant,phuket,Mai Khao,TH,Asia,,,,,8.17262,98.337,,,osm,walk-in,6,new
2eff78570ddcab81c3b4,Mamma Mia Rooms,Hotel,phuket,Kata,TH,Asia,,,,,7.82476,98.29773,,,osm,walk-in,6,new
b64b2f896ca25e6ba3b0,Manage Schveneer Shop,Souvenirs & gifts,phuket,Kamala,TH,Asia,,,,,7.95759,98.28816,,,osm,walk-in,6,new
5a6d8aa2338303f2f6ec,Mando,Restaurant,phuket,Rawai,TH,Asia,,,,,7.7724,98.32174,,,osm,walk-in,6,new
8c73ef231945c046262b,Manee Mukda Massage,Massage & spa,phuket,Nai Harn,TH,Asia,,,,,7.79604,98.31641,,,osm,walk-in,6,new
c036c3f084364f87c877,Mangglom deep fried icecream,Café,phuket,Old Town,TH,Asia,,,,10 กระบี่ ตำบลตลาดเหนือ,7.88496,98.38723,,,osm,walk-in,6,new
2cdd4dfca831d9b4c7d7,Mangmoon-Bar,Bar,phuket,Patong,TH,Asia,,,,,7.89677,98.30891,,,osm,walk-in,6,new
55007e111cef7741df05,Mango Saloon,Restaurant,phuket,Nai Yang,TH,Asia,,,,,8.09729,98.30622,,,osm,walk-in,6,new
48103dc64b6136db7105,Mango bar,Bar,phuket,Kata,TH,Asia,,,,,7.82097,98.29958,,,osm,walk-in,6,new
d6123b0037c8a24a75c0,Manta,Beauty & spa,phuket,Kata,TH,Asia,,,,,7.82657,98.29659,,,osm,walk-in,6,new
c860830bc06a4b38d2ab,Maphrao Resotr,Hotel,phuket,Kamala,TH,Asia,,,,,7.95508,98.28302,,,osm,walk-in,6,new
204419fb227699161383,Marco Polo in Sorento,Restaurant,phuket,Patong,TH,Asia,,,,104/4-6 Soi Post office,7.89166,98.29449,,,osm,walk-in,6,new
217219e10531e25c180a,Mareeya Guesthouse,Hotel,phuket,Cherngtalay,TH,Asia,,,,311,7.98344,98.29905,,,osm,walk-in,6,new
96d5dfe35beaa4601921,Marina Phuket Resort,Hotel,phuket,Kata,TH,Asia,,,,,7.82883,98.29501,,,osm,walk-in,6,new
015f287086090db9a545,Marina cafe,Restaurant,phuket,Nai Yang,TH,Asia,,,,,8.09825,98.3069,,,osm,walk-in,6,new
991cea70f7a9ec2dd4ce,Marine Lily Residence,Guesthouse,phuket,Rawai,TH,Asia,,,,"4/12 Soi Hua Phru, Moo 1,",7.78287,98.31946,,,osm,walk-in,6,new
51f1e0af494142d32ce6,Mario Swiss,Restaurant,phuket,Rawai,TH,Asia,,,,,7.77788,98.32553,,,osm,walk-in,6,new
c1c5d14b6444a7ee00bc,Market,Market,phuket,Cherngtalay,TH,Asia,,,,,7.98962,98.30668,,,osm,walk-in,6,new
5c5a4916990ed25fb90b,"Market mo, wed",Market,phuket,Nai Yang,TH,Asia,,,,,8.08809,98.30467,,,osm,walk-in,6,new
042fd330b2b0a5b89c20,Markinny Mate Restaurant,Restaurant,phuket,Phuket Town,TH,Asia,,,,,7.88419,98.39077,,,osm,walk-in,6,new
2f97c6c5a7fe430b0a2f,Marriott's Mai Khao Beach - Phuket,Hotel,phuket,Mai Khao,TH,Asia,,,,,8.17045,98.29611,,,osm,walk-in,6,new
2408bf122d7f848763a7,Marriott's Phuket Beach Club,Hotel,phuket,Mai Khao,TH,Asia,,,,,8.16626,98.29469,,,osm,walk-in,6,new
df04c38c0ae29975fd6f,Maru,Restaurant,phuket,Patong,TH,Asia,,,,,7.89857,98.29978,,,osm,walk-in,6,new
1b333b22ba4aa1eb670d,Masala,Restaurant,phuket,Patong,TH,Asia,,,,,7.89794,98.30163,,,osm,walk-in,6,new
2f27b7d395b7643214c2,Masquerade Ball,Café,phuket,Kamala,TH,Asia,,,,,7.95749,98.28823,,,osm,walk-in,6,new
9218d13300b8c52b6c94,Massage,Beauty & spa,phuket,Kata,TH,Asia,,,,,7.82633,98.29772,,,osm,walk-in,6,new
f6fac2c518dc6333fd0c,Massage Monta,Massage & spa,phuket,Airport,TH,Asia,,,,,8.10105,98.30626,,,osm,walk-in,6,new
723b1013dd1c0c6424fb,Mata,Café,phuket,Old Town,TH,Asia,,,,,7.88491,98.38782,,,osm,walk-in,6,new
4d92369305f8277b69ff,Max Café,Street food,phuket,Patong,TH,Asia,,,,,7.88072,98.29835,,,osm,walk-in,6,new
e64ce6449310f7602b86,May's,Restaurant,phuket,Patong,TH,Asia,,,,,7.90053,98.30215,,,osm,walk-in,6,new
f7bbe2ef1420848d5733,Maya hotel,Hotel,phuket,Airport,TH,Asia,,,,,8.10131,98.3048,,,osm,walk-in,6,new
044f495b8759cc0c20fb,Maynara,Restaurant,phuket,Kata,TH,Asia,,,,Ket Kwan Road,7.82112,98.29998,,,osm,walk-in,6,new
4d401e7613f7a4cd8912,McDonald's,Street food,phuket,Airport,TH,Asia,,,,,8.10553,98.30537,,,osm,walk-in,6,new
a92f03065e1ac0d692f4,McFly's bar & restaurant,Bar,phuket,Rawai,TH,Asia,,,,,7.77412,98.32497,,,osm,walk-in,6,new
f5526cd8e1dd5fddf2f7,Meat the Fish,Restaurant,phuket,Patong,TH,Asia,,,,,7.89735,98.29643,,,osm,walk-in,6,new
fa86ec15d6404f54dd2f,Medi Express,Pharmacy,phuket,Nai Yang,TH,Asia,,,,,8.08666,98.30076,,,osm,walk-in,6,new
563f3f1c7ec4319c66b7,Mee Ton Poh,Restaurant,phuket,Phuket Town,TH,Asia,,,,,7.88001,98.39209,,,osm,walk-in,6,new
99a67f37a905a3029fa0,Meeting Bar,Bar,phuket,Patong,TH,Asia,,,,,7.89672,98.30038,,,osm,walk-in,6,new
209b7ae7ea7ab585b8ab,Meeting Point,Bar,phuket,Old Town,TH,Asia,,,,,7.8852,98.38533,,,osm,walk-in,6,new
dceee50968cd7177b7ae,Mei Zhou Hotel,Hotel,phuket,Phuket Town,TH,Asia,,,,,7.88661,98.39428,,,osm,walk-in,6,new
8cdb9bc02649a66488e4,Mellow space,Restaurant,phuket,Karon,TH,Asia,,,,,7.83462,98.2988,,,osm,walk-in,6,new
6254789f003843f5273e,Memorial boat,Attraction,phuket,Karon,TH,Asia,,,,,7.85219,98.29258,,,osm,walk-in,6,new
b4ee78f58d0c4b696e00,Memory 2,Hotel,phuket,Patong,TH,Asia,,,,,7.88498,98.29603,,,osm,walk-in,6,new
c5c3814808d0c090c11d,Memory Boutique Patong,Hotel,phuket,Patong,TH,Asia,,,,,7.88491,98.29592,,,osm,walk-in,6,new
1cd2991bce87029fe9bd,Meow Massage,Massage & spa,phuket,Bang Tao,TH,Asia,,,,,7.98582,98.28876,,,osm,walk-in,6,new
e2a7e323ee5622a00665,Message Damon,Massage & spa,phuket,Kata,TH,Asia,,,,,7.82041,98.29971,,,osm,walk-in,6,new
595f3e338c42dcca6270,Metadee Resort Phuket,Hotel,phuket,Kata,TH,Asia,,,,,7.81896,98.30409,,,osm,walk-in,6,new
148a9c235ea3a367ba0e,Mexicana,Restaurant,phuket,Mai Khao,TH,Asia,,,,,8.16912,98.29596,,,osm,walk-in,6,new
48be93230f076850095b,Micky Monkey Beach,Bar,phuket,Mai Khao,TH,Asia,,,,,8.15468,98.29629,,,osm,walk-in,6,new
aa16ea18af9eb6b4e747,Midnight Pharmacy,Pharmacy,phuket,Nai Yang,TH,Asia,,,,,8.09907,98.30674,,,osm,walk-in,6,new
d6cbfc5da7e69052f5d8,Midtown Phuket Night Market Walking Street (หลาดมิดทาวน์),Market,phuket,Phuket Town,TH,Asia,,,,,7.88296,98.38914,,,osm,walk-in,6,new
644a223c1fdef46f30b1,Might Food Market,Market,phuket,Paklok,TH,Asia,,,,,7.98221,98.3642,,,osm,walk-in,6,new
669dc9eda32fd9eb5542,Millenium Resort Patong 5*,Guesthouse,phuket,Patong,TH,Asia,,,,,7.89058,98.29908,,,osm,walk-in,6,new
aad57227c3d3ec53cdd5,Million Chili Cafe,Café,phuket,Kata,TH,Asia,,,,,7.83124,98.31755,,,osm,walk-in,6,new
07ca730508e228d07b72,Mine Café,Café,phuket,Cherngtalay,TH,Asia,,,,,7.98655,98.30162,,,osm,walk-in,6,new
4aa5c7b02e44da5e158d,Mini Coffee,Café,phuket,Kata,TH,Asia,,,,,7.82037,98.29969,,,osm,walk-in,6,new
cd3f0635f13eb006489c,Mira Massage,Massage & spa,phuket,Karon,TH,Asia,,,,,7.85099,98.2948,,,osm,walk-in,6,new
ab03e6c7a37e04c473b8,Mirage Patong Phuket Hotel,Hotel,phuket,Patong,TH,Asia,,,,,7.89226,98.30159,,,osm,walk-in,6,new
7b484ba246131a2a755e,"Mirage cafe, bar & restaurant",Restaurant,phuket,Rawai,TH,Asia,,,,,7.77201,98.31843,,,osm,walk-in,6,new
52a599ecde1248dae67c,Mission Cafe,Café,phuket,Old Town,TH,Asia,,,,,7.90672,98.392,,,osm,walk-in,6,new
04d2138678c350d7555a,Mission Hills Phuket Golf Club Resort & Spa,Golf,phuket,Paklok,TH,Asia,,,,,8.08779,98.37681,,,osm,walk-in,6,new
834267368a8e43b4e6e8,Mission Restaurant,Restaurant,phuket,Old Town,TH,Asia,,,,,7.90679,98.39063,,,osm,walk-in,6,new
0c102a4fee74af3a5d32,Mizu,Restaurant,phuket,Kamala,TH,Asia,,,,,7.94707,98.27115,,,osm,walk-in,6,new
fe4d9bffd497ed74366b,Mochic Nanai,Hotel,phuket,Patong,TH,Asia,,,,,7.88242,98.30048,,,osm,walk-in,6,new
feccf4b695a4f2a0838c,Mojo,Restaurant,phuket,Patong,TH,Asia,,,,,7.89301,98.29845,,,osm,walk-in,6,new
be82d440160779a246e7,Mom Kitchen & Library,Restaurant,phuket,Phuket Town,TH,Asia,,,,28 ถนนพังงา,7.8836,98.38894,,,osm,walk-in,6,new
e836f4fd94a1b2e7625c,Mom Kitchen and library,Restaurant,phuket,Phuket Town,TH,Asia,,,,"28 Phang-Nga Road, Amphur Muang, Phuket",7.88359,98.38898,,,osm,walk-in,6,new
66e19693953d4729a363,Mom Tri's Kitchen,Restaurant,phuket,Kata,TH,Asia,,,,,7.80992,98.29718,,,osm,walk-in,6,new
6c32c98f92246d29eaed,Moma's tea,Café,phuket,Nai Yang,TH,Asia,,,,,8.09746,98.30662,,,osm,walk-in,6,new
51b3f2a0b63b66ee0e48,Mone’ studio,Beauty & spa,phuket,Phuket Town,TH,Asia,,,,,7.88362,98.38981,,,osm,walk-in,6,new
dfeb7d273012b632321d,Monkey Diva,Restaurant,phuket,Kamala,TH,Asia,,,,Kamala Main Road,7.95,98.28548,,,osm,walk-in,6,new
38569aeee9c996cb2e9f,Monkey Thaifood,Café,phuket,Kata,TH,Asia,,,,ถนนปฏัก,7.82568,98.30157,,,osm,walk-in,6,new
bff0e1a12a7d17b68adb,Monkey feed point,Attraction,phuket,Phuket Town,TH,Asia,,,,,7.90146,98.41634,,,osm,walk-in,6,new
ced4be8c65929be15078,Monkeys,Attraction,phuket,Phuket Town,TH,Asia,,,,,7.88582,98.42084,,,osm,walk-in,6,new
22e20976c9905f06ecac,Monro Massage,Massage & spa,phuket,Phuket Town,TH,Asia,,,,,7.87508,98.38895,,,osm,walk-in,6,new
5bd38db79b1eb3e9ebe5,Moo Restaurant,Restaurant,phuket,Rawai,TH,Asia,,,,,7.77935,98.32877,,,osm,walk-in,6,new
ae20a86e2db43570d6e3,Mook Anda Hotel,Hotel,phuket,Phuket Town,TH,Asia,,,,,7.87546,98.38894,,,osm,walk-in,6,new
6710763ae49b0aab6a06,Mook Andaman Massage,Massage & spa,phuket,Cape Panwa,TH,Asia,,,,,7.80582,98.40591,,,osm,walk-in,6,new
3f2035599a433c5ceadb,Mook Massage,Massage & spa,phuket,Kata,TH,Asia,,,,,7.82274,98.29869,,,osm,walk-in,6,new
2feb30d018c91daee2a8,Mookda Spa,Massage & spa,phuket,Kathu,TH,Asia,,,,,7.90754,98.33707,,,osm,walk-in,6,new
42ca2fa37af69336576c,Moom min bar - local ****,Restaurant,phuket,Rawai,TH,Asia,,,,,7.76869,98.31767,,,osm,walk-in,6,new
a57042cdd3aa714b0219,Moon Light bar,Bar,phuket,Rawai,TH,Asia,,,,,7.77358,98.32387,,,osm,walk-in,6,new
988bccbd3a0b400a019c,Mother India,Restaurant,phuket,Patong,TH,Asia,,,,,7.90531,98.30042,,,osm,walk-in,6,new
77258e2e0861756bc132,Motobike and car rental,Vehicle rental,phuket,Chalong,TH,Asia,,,,,7.86359,98.33611,,,osm,walk-in,6,new
55e3d4e32c60b87e1e8e,Motobike for Rent,Vehicle rental,phuket,Kata,TH,Asia,,,,,7.82092,98.29953,,,osm,walk-in,6,new
8ec5f1f3eb4ac7d7c2bd,Motobike rental,Vehicle rental,phuket,Rawai,TH,Asia,,,,,7.79967,98.3286,,,osm,walk-in,6,new
7e27c49e0ff5780a77df,Motorbike rent,Vehicle rental,phuket,Bang Tao,TH,Asia,,,,,7.98558,98.28773,,,osm,walk-in,6,new
24c5cddfa760fa4fc822,Motus Cultura,Gym & fitness,phuket,Nai Harn,TH,Asia,,,,Soi Samakki 2 Rawai,7.79591,98.31561,,,osm,walk-in,6,new
23cc5c5ba0ae838d99ac,Moty Shake Bar,Bar,phuket,Old Town,TH,Asia,,,,,7.88107,98.3657,,,osm,walk-in,6,new
d27b08455c39cfba33ba,Moulin Rouge,Bar,phuket,Patong,TH,Asia,,,,,7.89334,98.29787,,,osm,walk-in,6,new
ba3b708d7bb011c961f6,Mountain Breeze,Restaurant,phuket,Kata,TH,Asia,,,,,7.83166,98.31732,,,osm,walk-in,6,new
53bf7eee23da35bab338,Mountain View,Bar,phuket,Patong,TH,Asia,,,,,7.88503,98.30708,,,osm,walk-in,6,new
eec07aa55266b0ae657e,Mousse restaurant and bakery,Restaurant,phuket,Koh Kaew,TH,Asia,,,,,7.95425,98.38318,,,osm,walk-in,6,new
4290fd1f78732a3650b0,Mr Coffee,Café,phuket,Karon,TH,Asia,,,https://m.facebook.com/profile.php?id=914835365279738,,7.84493,98.29898,,,osm,walk-in,6,new
4476f460cb36b32652dc,Mr. Jakob,Bar,phuket,Nai Yang,TH,Asia,,,,,8.05866,98.2782,,,osm,walk-in,6,new
2c21d4807368512278f1,Mr. Köbi,Café,phuket,Nai Yang,TH,Asia,,,,"37QW+8V8, Sakhu, Thalang District, Phuket",8.08828,98.29719,,,osm,walk-in,6,new
6b529e16dbb854f11de8,Mr. Po,Restaurant,phuket,Patong,TH,Asia,,,,,7.90184,98.29683,,,osm,walk-in,6,new
8b6d99a27db9bc790457,Mr.Waffle,Café,phuket,Phuket Town,TH,Asia,,,,,7.88304,98.39063,,,osm,walk-in,6,new
402cf980fda2b60c63e2,Muan Jai Cafe and Restaurant,Restaurant,phuket,Paklok,TH,Asia,,,,,8.03148,98.34958,,,osm,walk-in,6,new
af48096537a8143dbeb2,Muang Mai,Massage & spa,phuket,Airport,TH,Asia,,,,,8.08808,98.34199,,,osm,walk-in,6,new
fede48932c80b1bed05b,Must Sea Hotel,Hotel,phuket,Kata,TH,Asia,,,,,7.82509,98.29716,,,osm,walk-in,6,new
d876b8b50bf9263b3356,Mustache,Restaurant,phuket,Kata,TH,Asia,,,,,7.82122,98.30063,,,osm,walk-in,6,new
26a7ed0ca3201f2ff614,My Beach Resort,Hotel,phuket,Cape Panwa,TH,Asia,,,,,7.81595,98.38611,,,osm,walk-in,6,new
6e748d5d5812cd23f983,My Hotel,Hotel,phuket,Patong,TH,Asia,,,,,7.89637,98.2985,,,osm,walk-in,6,new
830b2f383f7e497c5c13,My bar,Bar,phuket,Kata,TH,Asia,,,,,7.82562,98.29781,,,osm,walk-in,6,new
e3af0b30b2e20b97b963,My pizza pizza Thailand,Street food,phuket,Patong,TH,Asia,,,,,7.90349,98.3052,,,osm,walk-in,6,new
cd610afb3a392f9ef6a5,Mystic Bar,Bar,phuket,Patong,TH,Asia,,,,,7.8966,98.30068,,,osm,walk-in,6,new
d515290107eca9ff6d86,Mövenpick Resort Bangtao Beach,Hotel,phuket,Bang Tao,TH,Asia,,,,,8.00876,98.29329,,,osm,walk-in,6,new
c063a8dab05d80312f7c,N.Y.2 Minimart,Souvenirs & gifts,phuket,Nai Yang,TH,Asia,,,,,8.0925,98.30238,,,osm,walk-in,6,new
d0b323b80eb6f6130d33,NASA Mansion,Hotel,phuket,Old Town,TH,Asia,,,,,7.87854,98.3708,,,osm,walk-in,6,new
02621a8651aaac49ed18,NIKU guesthouse,Guesthouse,phuket,Patong,TH,Asia,,,,143/26-27 Rat-U-Thit Riad Phuket,7.89442,98.2998,,,osm,walk-in,6,new
518ad1a32078a6658bb1,NNY Club,Nightlife,phuket,Bang Tao,TH,Asia,,,,124 Thawewong Rd Patong,7.99207,98.29179,,,osm,walk-in,6,new
b08222cae848786dd2c2,NOI.thaifood,Café,phuket,Cape Panwa,TH,Asia,,,,,7.82495,98.40059,,,osm,walk-in,6,new
0bda3d9712cff1f31a8c,NY Beach Club,Bar,phuket,Nai Yang,TH,Asia,,,,,8.09224,98.29924,,,osm,walk-in,6,new
ec28cbeb59348d9d0004,Naat,Restaurant,phuket,Rawai,TH,Asia,,,,,7.76918,98.31773,,,osm,walk-in,6,new
d4bb529d672d821a85f9,Nac3 Café,Café,phuket,Phuket Town,TH,Asia,,,https://www.facebook.com/Nac3cafe,ถนนเทพศรีสินธุ์ ตำบลวิชิต,7.86928,98.39097,,,osm,walk-in,6,new
91313dac01c0be1704a9,Nai Harn Bamboo House,Bar,phuket,Rawai,TH,Asia,,,,,7.78746,98.31705,,,osm,walk-in,6,new
617809913ac76c3d1ee2,Nai Harn Beer Garden,Restaurant,phuket,Rawai,TH,Asia,,,,,7.77652,98.31936,,,osm,walk-in,6,new
80948e889dedd0b9ddf2,Nai Harn Gym,Gym & fitness,phuket,Nai Harn,TH,Asia,,,,,7.78883,98.31665,,,osm,walk-in,6,new
0e8d2c6f0ac85f24b428,Nai Harn Villa,Hotel,phuket,Nai Harn,TH,Asia,,,,,7.78092,98.31388,,,osm,walk-in,6,new
10a048bef2a664c4107c,Nai Thon Massage,Massage & spa,phuket,Nai Yang,TH,Asia,,,,,8.05872,98.27819,,,osm,walk-in,6,new
0b5dd16cd9e62afea344,Nai Yang Beach Resort,Hotel,phuket,Nai Yang,TH,Asia,,,https://www.naiyangbeachresort.com,65/23-24 Nai Yang Beach Road Thalang,8.08809,98.29802,,,osm,walk-in,6,new
bcf460aaaf1322187505,Nai Yang Center Restaurant,Restaurant,phuket,Nai Yang,TH,Asia,,,,,8.09341,98.30328,,,osm,walk-in,6,new
1b3b6a7cd82051c415f4,Naiharn Residence,Hotel,phuket,Nai Harn,TH,Asia,,,,,7.78184,98.31441,,,osm,walk-in,6,new
8429f093254604e8fc75,Nail Box,Beauty & spa,phuket,Koh Kaew,TH,Asia,,,,,7.93627,98.37888,,,osm,walk-in,6,new
87e82afd2a421cecaada,Nail Market,Beauty & spa,phuket,Koh Kaew,TH,Asia,,,,,7.93627,98.37891,,,osm,walk-in,6,new
6254b7e97993305f05a9,Nail Yang Park Resort,Hotel,phuket,Nai Yang,TH,Asia,,,,,8.09402,98.29931,,,osm,walk-in,6,new
afd93b09d40c83aaf7c6,Nailline Rawai,Beauty & spa,phuket,Rawai,TH,Asia,,,,,7.77082,98.31928,,,osm,walk-in,6,new
acd5e15737980dd77aa4,Nails and spa,Beauty & spa,phuket,Nai Harn,TH,Asia,,,,,7.79159,98.31752,,,osm,walk-in,6,new
6f954911136114098a74,Naithon Beach Club,Restaurant,phuket,Nai Yang,TH,Asia,,,,,8.05639,98.27847,,,osm,walk-in,6,new
a8cef614b132e02a7cdd,Naithon Beach Mansion,Hotel,phuket,Nai Yang,TH,Asia,,,,,8.06292,98.2782,,,osm,walk-in,6,new
7cd3bc8c7d55535021e4,Naithon Beach Resort,Hotel,phuket,Nai Yang,TH,Asia,,,,,8.05747,98.27835,,,osm,walk-in,6,new
5e37a856c4dd5a916e4d,Naithon Beach Resort Restaurant,Restaurant,phuket,Nai Yang,TH,Asia,,,,,8.05742,98.27836,,,osm,walk-in,6,new
f6cd9da4837e7cff2f6c,Naithon Beach Villa,Hotel,phuket,Nai Yang,TH,Asia,,,,,8.05685,98.27842,,,osm,walk-in,6,new
3539c0454632c6bc2fc7,Naithon Massage - spot 1,Massage & spa,phuket,Nai Yang,TH,Asia,,,,,8.06176,98.27731,,,osm,walk-in,6,new
c64351c0c030ac640fc1,Naithon Massage - spot 2,Massage & spa,phuket,Nai Yang,TH,Asia,,,,,8.06081,98.27761,,,osm,walk-in,6,new
098b727cb8135c32a11a,Naithon Seaview Hotel,Hotel,phuket,Nai Yang,TH,Asia,,,,,8.06043,98.27788,,,osm,walk-in,6,new
1628d135f2a8fa243161,Naithonburi Beach Resort,Hotel,phuket,Nai Yang,TH,Asia,,,,,8.06084,98.27921,,,osm,walk-in,6,new
5a7ff9102638d2eae3d7,Naiya Beach Bungalow Reception,Hotel,phuket,Nai Harn,TH,Asia,,,,,7.76568,98.30647,,,osm,walk-in,6,new
90cdf810d8d5b8d16f20,Naiyang,Restaurant,phuket,Nai Yang,TH,Asia,,,,"48 Thep Krasat Tri-Nai Yang Rd, Tambon Sa Khu, Amphoe Thalang, Chang Wat Phuket",8.09458,98.30549,,,osm,walk-in,6,new
a2aaa090cd66179c6f18,Naiyang Cottage,Guesthouse,phuket,Nai Yang,TH,Asia,,,,,8.08907,98.30538,,,osm,walk-in,6,new
aae8a17fbed61d82b6b5,Naiyang Place - Phuket Airport,Hotel,phuket,Airport,TH,Asia,,,,,8.09935,98.31493,,,osm,walk-in,6,new
824a62d81491121854c2,Naiyang beach hotel,Hotel,phuket,Nai Yang,TH,Asia,,,,,8.09229,98.30219,,,osm,walk-in,6,new
abeb84b81711fe911453,Naiyang national Park,Attraction,phuket,Nai Yang,TH,Asia,,,,,8.10236,98.30015,,,osm,walk-in,6,new
16d08f5313b7f316d35d,Nak-Kerd Seaview cafe,Café,phuket,Kata,TH,Asia,,,,,7.83252,98.31111,,,osm,walk-in,6,new
496d0bfba833d24d13ef,Naka Street food,Market,phuket,Old Town,TH,Asia,,,,วิรัตน์หงหยก,7.88045,98.36627,,,osm,walk-in,6,new
54a362a50a58ef9ce2f4,Nakalay Resort Kamala,Hotel,phuket,Kamala,TH,Asia,,,,,7.94599,98.26897,,,osm,walk-in,6,new
58896521513dadbc42b6,Namu,Café,phuket,Old Town,TH,Asia,,,,,7.8837,98.38185,,,osm,walk-in,6,new
2c0d4a178adcbd6a247e,Nan happy bar,Bar,phuket,Kata,TH,Asia,,,,,7.82546,98.29815,,,osm,walk-in,6,new
97df1264c29be3709bc0,Nan's massage,Massage & spa,phuket,Rawai,TH,Asia,,,,,7.77356,98.32374,,,osm,walk-in,6,new
caef8dcc47e725ed2ab8,Nana healthy cafe,Café,phuket,Koh Kaew,TH,Asia,,,,,7.95453,98.38356,,,osm,walk-in,6,new
6b0be35a0c19696641ce,Nana's rooftop restaurant,Restaurant,phuket,Kamala,TH,Asia,,,,,7.94888,98.28398,,,osm,walk-in,6,new
5dc4e21d9c2562107547,Nap House Phuket,Hotel,phuket,Old Town,TH,Asia,,,,,7.88994,98.3873,,,osm,walk-in,6,new
70c1e17c7db11a67cb13,Nap Pathong,Hotel,phuket,Patong,TH,Asia,,,,,7.90035,98.29887,,,osm,walk-in,6,new
16bc1137a8b9b780e1b3,Nara Massage & Spa Phuket,Beauty & spa,phuket,Chalong,TH,Asia,,,,,7.82304,98.33782,,,osm,walk-in,6,new
0ebb42f5d9991487eee9,Nara restaurant,Restaurant,phuket,Koh Kaew,TH,Asia,,,,,7.95595,98.38548,,,osm,walk-in,6,new
28d8fd113efc9959c1ea,Narcha's,Restaurant,phuket,Rawai,TH,Asia,,,,,7.77733,98.31944,,,osm,walk-in,6,new
b23384a5c5a2ca175e68,Natachar and Wandee,Massage & spa,phuket,Patong,TH,Asia,,,,,7.88594,98.29745,,,osm,walk-in,6,new
c86f713fdef8ee5381ed,Natalie Resort,Hotel,phuket,Kata,TH,Asia,,,,,7.8163,98.30268,,,osm,walk-in,6,new
aadb3fe6e380656f0157,Natalie's Internet Cafe,Café,phuket,Kata,TH,Asia,,,,,7.81736,98.30083,,,osm,walk-in,6,new
868d251d9c96a8326521,Nate 4 Подводная лодка,Restaurant,phuket,Chalong,TH,Asia,,,,,7.84147,98.35197,,,osm,walk-in,6,new
22fab0e88a5dd7ebc77d,National park bugalows,Guesthouse,phuket,Nai Yang,TH,Asia,,,,,8.09659,98.29896,,,osm,walk-in,6,new
f0af7eb01f5e8ad329cd,Natural Efe Macrobiotic World,Restaurant,phuket,Nai Harn,TH,Asia,,,,,7.78163,98.31391,,,osm,walk-in,6,new
b5981d5e07f174e77088,Natural Mystic Patong Residence,Hotel,phuket,Patong,TH,Asia,,,,,7.88236,98.3006,,,osm,walk-in,6,new
2a54ceb51bc371c8313a,Natural restaurant,Restaurant,phuket,Old Town,TH,Asia,,,,,7.88125,98.3843,,,osm,walk-in,6,new
9db9f344d2a84b2ddd54,Naughty Girls,Bar,phuket,Kamala,TH,Asia,,,,,7.94915,98.28329,,,osm,walk-in,6,new
b99b22fc24edf9b24b90,Naughty Nuri's,Restaurant,phuket,Patong,TH,Asia,,,,,7.8983,98.29974,,,osm,walk-in,6,new
c39ef486a276b4a7805a,Navaii,Restaurant,phuket,Karon,TH,Asia,,,,566/3 ปฎัก ซอย 24,7.85433,98.29249,,,osm,walk-in,6,new
fa1fdae7fb638eb64c73,Ned's bar & restaurant,Restaurant,phuket,Patong,TH,Asia,,,,,7.89015,98.30378,,,osm,walk-in,6,new
f16dfa8da1cc6175b0b5,Negroni,Restaurant,phuket,Rawai,TH,Asia,,,,,7.78866,98.32963,,,osm,walk-in,6,new
aba0d39f3a3bc0545b0c,Nest Resort,Hotel,phuket,Patong,TH,Asia,,,,,7.88298,98.29961,,,osm,walk-in,6,new
f7d9eebcca91d44eca7c,Netrty Tour,Tours & travel,phuket,Bang Tao,TH,Asia,,,,,7.98618,98.28822,,,osm,walk-in,6,new
d40c8ca96723affe7726,New Angel Massage,Massage & spa,phuket,Phuket Town,TH,Asia,,,,,7.87518,98.38893,,,osm,walk-in,6,new
30b52571d547468b1da0,New International House,Guesthouse,phuket,Patong,TH,Asia,,,,,7.89463,98.29945,,,osm,walk-in,6,new
48eaa2ba15766b8013ba,New Life Phuket Design,Hotel,phuket,Patong,TH,Asia,,,,,7.88428,98.2963,,,osm,walk-in,6,new
eeb78aced43c9a792c15,New Square Patong,Hotel,phuket,Patong,TH,Asia,,,,11/99 Phang-Muang Sai Kor Road Phuket,7.88897,98.29936,,,osm,walk-in,6,new
d827f6a15535806f616a,New York Burger Co.,Street food,phuket,Kata,TH,Asia,,,,,7.82407,98.29887,,,osm,walk-in,6,new
c84dd52250ec5787e8fa,Newly Opened - Blu Monkey Hub and Hotel Bangtao,Hotel,phuket,Bang Tao,TH,Asia,,,,,7.99648,98.30433,,,osm,walk-in,6,new
6e1c85f83828053b7acf,Ni Yang Night Market,Market,phuket,Nai Yang,TH,Asia,,,,,8.09435,98.30299,,,osm,walk-in,6,new
37e5167f8e08a49eabfe,NiKy’s speakeasy 2.0,Bar,phuket,Cherngtalay,TH,Asia,,,,Soi Bangtao 2 Phuket,7.98633,98.2991,,,osm,walk-in,6,new
f74723909c3f9ef73521,Nibbana Space,Gym & fitness,phuket,Nai Harn,TH,Asia,,,,,7.78164,98.31394,,,osm,walk-in,6,new
668c578cb7f09223082b,Nice Coffee,Café,phuket,Paklok,TH,Asia,,,,,7.99149,98.37756,,,osm,walk-in,6,new
b13c7cfe0050629ee1bd,Nicky's restaurant,Restaurant,phuket,Nai Harn,TH,Asia,,,,,7.78914,98.31727,,,osm,walk-in,6,new
73c0085e514ee6a38fcb,Night Market,Market,phuket,Chalong,TH,Asia,,,,,7.81731,98.33911,,,osm,walk-in,6,new
4f9a5e999fcd836049db,Night Market (Touristic),Market,phuket,Bang Tao,TH,Asia,,,,,7.99418,98.30518,,,osm,walk-in,6,new
7cdcada1bb39504f75f0,Nigi Express,Restaurant,phuket,Phuket Town,TH,Asia,,,,,7.88616,98.39281,,,osm,walk-in,6,new
16e451bfad8f84e59b4d,Nikita's restaurant,Restaurant,phuket,Rawai,TH,Asia,,,,,7.77457,98.32615,,,osm,walk-in,6,new
ea29d9d9220e907aab3c,Nin Massage,Massage & spa,phuket,Karon,TH,Asia,,,,,7.84946,98.29494,,,osm,walk-in,6,new
d20ab6676d833de60e00,Nina,Restaurant,phuket,Nai Yang,TH,Asia,,,,,8.0887,98.29833,,,osm,walk-in,6,new
283dafb8260b2bd561e1,Nipa Resort,Hotel,phuket,Patong,TH,Asia,,,,,7.89569,98.30227,,,osm,walk-in,6,new
9701571b2933b64113a5,Nirvana Hotel,Hotel,phuket,Patong,TH,Asia,,,,241/17-18 soi Patong Whisky,7.88491,98.29366,,,osm,walk-in,6,new
674a9818f0f791621456,No 6,Restaurant,phuket,Patong,TH,Asia,,,,,7.90835,98.3072,,,osm,walk-in,6,new
84bfd024498abd53ac23,No name,Restaurant,phuket,Surin,TH,Asia,,,,,7.97806,98.27849,,,osm,walk-in,6,new
5295a855c480a1c2e387,No. 1 Restaurant,Restaurant,phuket,Patong,TH,Asia,,,,,7.89997,98.30154,,,osm,walk-in,6,new
936a19e14f4814299673,Noi’s,Restaurant,phuket,Kata,TH,Asia,,,,,7.8284,98.31778,,,osm,walk-in,6,new
15fe781b1701845fa88c,Nok & Jo's,Restaurant,phuket,Surin,TH,Asia,,,,,7.98389,98.28533,,,osm,walk-in,6,new
69fd0945d8051ec4e6ea,Nok's house,Attraction,phuket,Kathu,TH,Asia,,,,,7.91099,98.33614,,,osm,walk-in,6,new
73bef7229220eef90292,Nong Bow Family,Restaurant,phuket,Karon,TH,Asia,,,,,7.85124,98.2926,,,osm,walk-in,6,new
21f82dbaf546cac58d62,Nong Harn,Restaurant,phuket,Karon,TH,Asia,,,,,7.85164,98.29254,,,osm,walk-in,6,new
bf54faf75e14dbe0a9dc,NongJam,Restaurant,phuket,Patong,TH,Asia,,,,,7.8983,98.29601,,,osm,walk-in,6,new
6b53f82bb5bab7c4ec9e,Nonnee hotel,Hotel,phuket,Kata,TH,Asia,,,,,7.81803,98.30997,,,osm,walk-in,6,new
d83750578b5e5d3d6fcc,Noodle House Phuket,Café,phuket,Old Town,TH,Asia,,,,,7.87852,98.38074,,,osm,walk-in,6,new
a977346057f771d1b3b9,Nook Dee Kata Beach Resort,Hotel,phuket,Kata,TH,Asia,,,,126/9 Koktanod Road,7.81174,98.30142,,,osm,walk-in,6,new
a24293f3bd1827dada0c,Novotel,Hotel,phuket,Phuket Town,TH,Asia,,,,,7.87904,98.39508,,,osm,walk-in,6,new
2ae1f61b174de1f64dfb,Novotel Hotel & Resort Phuket Surin,Hotel,phuket,Surin,TH,Asia,,,,,7.97835,98.28175,,,osm,walk-in,6,new
8aabb35a3ab6ae973d77,Novotel Phokeethra,Hotel,phuket,Phuket Town,TH,Asia,,,,,7.87842,98.39447,,,osm,walk-in,6,new
28948e5e2e8bf083a3f7,Novotel Phuket Kamala Beach,Hotel,phuket,Kamala,TH,Asia,,,,,7.96375,98.28452,,,osm,walk-in,6,new
94dfbbbb62599389c363,Noy Pochana ,Restaurant,phuket,Phuket Town,TH,Asia,,,,21,7.88475,98.39301,,,osm,walk-in,6,new
d7688447d561ae07aaa0,Nuatone Cafe,Café,phuket,Cherngtalay,TH,Asia,,,,,7.97394,98.2953,,,osm,walk-in,6,new
bedc1a82d7b8facf6ff8,Nui,Bar,phuket,Kata,TH,Asia,,,,,7.82558,98.29747,,,osm,walk-in,6,new
4d7f94db682532eb061b,Number 1,Bar,phuket,Bang Tao,TH,Asia,,,,,7.9952,98.29152,,,osm,walk-in,6,new
a0259e6e8fa674012001,Number 6,Restaurant,phuket,Patong,TH,Asia,,,,,7.8939,98.29843,,,osm,walk-in,6,new
6462c0f395b9eadc0050,Number6 Red Chair,Café,phuket,Patong,TH,Asia,,,,,7.89591,98.30364,,,osm,walk-in,6,new
37a147978900342b07da,O-Oh Farm Suan Luang,Restaurant,phuket,Old Town,TH,Asia,,,,,7.88014,98.37943,,,osm,walk-in,6,new
b34344a563b95a52a565,O.N.S. Bar,Bar,phuket,Kamala,TH,Asia,,,,,7.94898,98.28349,,,osm,walk-in,6,new
f70753fa354774cfe4f9,OATTO BAR,Bar,phuket,Kata,TH,Asia,,,,,7.82447,98.29969,,,osm,walk-in,6,new
445c70cec8046690df84,OCEAN PATIO (KN COFFEE SEAFOOD),Restaurant,phuket,Patong,TH,Asia,,,,,7.88773,98.27138,,,osm,walk-in,6,new
38e5dcdf87507dce50c9,ON Hotel Phuket & Louis' Kitchen,Hotel,phuket,Karon,TH,Asia,,,,,7.84857,98.29425,,,osm,walk-in,6,new
77367da2f4e9c59ded88,OYO 1154 Naiyang House,Hotel,phuket,Nai Yang,TH,Asia,,,,,8.09324,98.30541,,,osm,walk-in,6,new
1f9369176fb05ea7a47d,OYU bistro,Café,phuket,Patong,TH,Asia,,,,,7.89284,98.29768,,,osm,walk-in,6,new
6d44697d4d9979dda11e,Obstladen,Market,phuket,Karon,TH,Asia,,,,,7.84931,98.29359,,,osm,walk-in,6,new
65c0e6fbdc62ec6f2c5e,Ocean & Ole,Hotel,phuket,Patong,TH,Asia,,,,184/21 Phang Muang Sai Kor Road Patong Beach Phuket,7.89212,98.30175,,,osm,walk-in,6,new
49c8541c0ef768d6bc35,Ocean Pie Phuket,Hotel,phuket,Nai Harn,TH,Asia,,,,,7.76821,98.30898,,,osm,walk-in,6,new
7b37922e14b671df70a7,Oceanstone 3,Hotel,phuket,Bang Tao,TH,Asia,,,,,7.99669,98.29938,,,osm,walk-in,6,new
f1b5715b5e4bd6ccc46c,Ocha Dee,Restaurant,phuket,Chalong,TH,Asia,,,,,7.85239,98.34765,,,osm,walk-in,6,new
180b9d1ac214bd6c928a,Odysseus,Restaurant,phuket,Kata,TH,Asia,,,,,7.82125,98.29953,,,osm,walk-in,6,new
51083f439526563eed2e,Oh-la-la,Restaurant,phuket,Kamala,TH,Asia,,,,97/5 Kamala Main Road Kamala Beach,7.9497,98.28544,,,osm,walk-in,6,new
7f9a496e4ceebd767d9e,Oily massage,Massage & spa,phuket,Rawai,TH,Asia,,,,,7.80145,98.33316,,,osm,walk-in,6,new
6a5793437ff9ca3a5361,Oiy,Restaurant,phuket,Kamala,TH,Asia,,,,"75/2 Na Hat Road, Kamala, Kathu District, Phuket",7.94961,98.28018,,,osm,walk-in,6,new
e3f00f7c340f9d230022,Ok Thai Massage,Massage & spa,phuket,Phuket Town,TH,Asia,,,,,7.87429,98.38914,,,osm,walk-in,6,new
c9fc043287d6c3afbcfe,Old Lighthouse,Museum,phuket,Nai Harn,TH,Asia,,,,,7.76198,98.30563,,,osm,walk-in,6,new
7bb670ce7c51d89c753a,Old Siam,Restaurant,phuket,Karon,TH,Asia,,,,,7.83503,98.29524,,,osm,walk-in,6,new
48cf3a6f11bac9b67843,Oldtown Station,Café,phuket,Phuket Town,TH,Asia,,,,,7.88179,98.39129,,,osm,walk-in,6,new
43daf144bb9fcddb019e,Ole bar,Bar,phuket,Rawai,TH,Asia,,,,,7.78341,98.31714,,,osm,walk-in,6,new
ba650ede3adf0d6f8633,Olive,Pharmacy,phuket,Karon,TH,Asia,,,,,7.83369,98.29531,,,osm,walk-in,6,new
2eb447dcda3f87d7691a,On Hill Residence,Hotel,phuket,Patong,TH,Asia,,,,,7.88225,98.30072,,,osm,walk-in,6,new
60f1160b8687c8cba53f,On Hill Residence Patong Phuket,Hotel,phuket,Patong,TH,Asia,,,https://www.booking.com/hotel/th/patong-bay-view-resort.ru.html?aid=304142;label=gen173nr-1FCA4oggJCAlhYSCFiBW5vcmVmaN0BiAECmAEhuAEJyAER2AEB6AEB-AEGkgIBeagCAw;sid=d0656c2f2faa5c38cdcbeef5a697e037,227/3 50 Pee Road,7.88053,98.3002,,,osm,walk-in,6,new
7124b1fcf2d5ff722648,On the Beach Restaurant,Restaurant,phuket,Patong,TH,Asia,,,,,7.8975,98.2962,,,osm,walk-in,6,new
1046c491c9e0dbf1315f,Ona Active,Gym & fitness,phuket,Chalong,TH,Asia,,,https://onaactive.com,,7.85757,98.33968,,,osm,walk-in,6,new
807b2c40fed5ca538527,One Family Massage and SPA,Massage & spa,phuket,Cape Panwa,TH,Asia,,,,,7.80509,98.40627,,,osm,walk-in,6,new
e6fbcbb1a24078858b68,One loft,Hotel,phuket,Kata,TH,Asia,,,,,7.82677,98.29656,,,osm,walk-in,6,new
a5f23bad2a0325f805a8,One more,Restaurant,phuket,Nai Harn,TH,Asia,,,,,7.76819,98.3069,,,osm,walk-in,6,new
f378077f3686a4f31c9c,Ongsa House,Guesthouse,phuket,Cherngtalay,TH,Asia,,,,,7.99141,98.30769,,,osm,walk-in,6,new
c2f9fb97df76e1de8962,Opal Villa,Hotel,phuket,Nai Harn,TH,Asia,,,,,7.78503,98.30725,,,osm,walk-in,6,new
93e9cab025bbeb71e6bb,Open market,Market,phuket,Old Town,TH,Asia,,,,,7.86171,98.36821,,,osm,walk-in,6,new
cb7760120ae1d63ccaf8,Opus One,Restaurant,phuket,Surin,TH,Asia,,,,,7.97629,98.28437,,,osm,walk-in,6,new
7480dfab25b41907f731,Orange Restaurant,Restaurant,phuket,Patong,TH,Asia,,,,10/1 Soi Rat-U-Thit 200 Pee,7.89628,98.29823,,,osm,walk-in,6,new
39177cf1686ea75e8e4d,Orchid Bar,Bar,phuket,Kamala,TH,Asia,,,,Rim Hat Road,7.94974,98.27987,,,osm,walk-in,6,new
94f41e7785271b2f0b57,Orchid Resortel,Hotel,phuket,Patong,TH,Asia,,,,,7.89285,98.29992,,,osm,walk-in,6,new
8077ee044870122dead4,Orchid Restaurant,Restaurant,phuket,Kata,TH,Asia,,,,,7.81513,98.30038,,,osm,walk-in,6,new
6dad7881a64a3d983ace,Oscar Bar,Bar,phuket,Patong,TH,Asia,,,,,7.89322,98.2983,,,osm,walk-in,6,new
ccef112c7c9cfdf674b1,Otto,Restaurant,phuket,Rawai,TH,Asia,,,,,7.77892,98.32869,,,osm,walk-in,6,new
c8fcd274b66311b85714,Outrigger Laguna Phuket Beach Resort,Hotel,phuket,Bang Tao,TH,Asia,,,,,7.99722,98.29406,,,osm,walk-in,6,new
d17c986864db7263da87,Overgrown Cocktail Bar,Bar,phuket,Bang Tao,TH,Asia,,,,,8.02876,98.29564,,,osm,walk-in,6,new
ebd3f35a10a548729a81,Oyster restaurant,Restaurant,phuket,Patong,TH,Asia,,,,,7.89498,98.30196,,,osm,walk-in,6,new
b439d17744252d111b8d,P.K.Residence,Guesthouse,phuket,Old Town,TH,Asia,,,,,7.88801,98.37604,,,osm,walk-in,6,new
4cb2d8ff3cbb674fba2b,P.S 2 Resort,Hotel,phuket,Patong,TH,Asia,,,,,7.90308,98.30115,,,osm,walk-in,6,new
a1a1ee963a426e934783,P.S Hotel & Restaurant,Hotel,phuket,Patong,TH,Asia,,,https://www.pshotel.com/,,7.89372,98.29874,,,osm,walk-in,6,new
ab4d31058f3cf3b0002a,P2You,Bar,phuket,Kata,TH,Asia,,,,,7.82791,98.29976,,,osm,walk-in,6,new
4c1ab2358f4c976b823e,PIT Thai Food,Restaurant,phuket,Bang Tao,TH,Asia,,,,,7.98709,98.28797,,,osm,walk-in,6,new
c8ff9bf8760682788369,PJ Check-in Mansion,Hotel,phuket,Patong,TH,Asia,,,,,7.89326,98.30257,,,osm,walk-in,6,new
f108df7d12a3b212c54b,PKL Residence,Hotel,phuket,Patong,TH,Asia,,,,,7.88599,98.2976,,,osm,walk-in,6,new
dff58481705024e76532,PKT Sexy Nights Exclusive Club,Nightlife,phuket,Phuket Town,TH,Asia,,,,,7.87881,98.39644,,,osm,walk-in,6,new
72667da1a2ca9fca55a5,PL House,Hotel,phuket,Patong,TH,Asia,,,,,7.88995,98.29663,,,osm,walk-in,6,new
f7b54f982225e4a64bc3,PLOY,Restaurant,phuket,Patong,TH,Asia,,,,27/6 Sai Nam Yen Road,7.89603,98.30328,,,osm,walk-in,6,new
566ca5cb7510aab603d6,PSU Lodge,Hotel,phuket,Kathu,TH,Asia,,,,,7.89391,98.35185,,,osm,walk-in,6,new
04d4a71b95ca97372407,Pa Lai Seafood Restaurant ,Restaurant,phuket,Chalong,TH,Asia,,,,,7.83854,98.36458,,,osm,walk-in,6,new
27bf58d6543334d14dd8,Pacific Club Resort,Hotel,phuket,Karon,TH,Asia,,,,,7.85707,98.29583,,,osm,walk-in,6,new
f9b0154f72fa487691c4,Pacific Inn,Hotel,phuket,Phuket Town,TH,Asia,,,,,7.87747,98.39307,,,osm,walk-in,6,new
6819dd63d8b86632140c,Packey,Restaurant,phuket,Bang Tao,TH,Asia,,,,,7.99449,98.2914,,,osm,walk-in,6,new
eec1f816096c1d92d052,Pai Kao Haab,Restaurant,phuket,Kamala,TH,Asia,,,,,7.9486,98.28392,,,osm,walk-in,6,new
e1d143edd6bf64440058,Palm Building,Hotel,phuket,Karon,TH,Asia,,,,346 Patak Road Karon,7.83628,98.29956,,,osm,walk-in,6,new
d6380c2d89d124c87beb,Palm Garden Resort,Hotel,phuket,Chalong,TH,Asia,,,,,7.81858,98.34123,,,osm,walk-in,6,new
6221753c1fbf4016e1d6,Palm Oasis Boutique Hotel,Hotel,phuket,Nai Harn,TH,Asia,,,,22/65 Naya Rawai,7.78744,98.31647,,,osm,walk-in,6,new
8d0125388f8879515c50,Palm Patong Resort,Hotel,phuket,Patong,TH,Asia,,,,,7.88102,98.29291,,,osm,walk-in,6,new
8150c8d0e16556982bb1,Pan Asian,Street food,phuket,Rawai,TH,Asia,,,,,7.77128,98.31975,,,osm,walk-in,6,new
1abeb2adcba1707f6032,Pan Pizza,Street food,phuket,Kata,TH,Asia,,,,,7.82086,98.30563,,,osm,walk-in,6,new
9512505043b5aef0dcb2,Panachi restaurant,Restaurant,phuket,Bang Tao,TH,Asia,,,,,8.02215,98.30681,,,osm,walk-in,6,new
6d13c926bc65b86be727,Panda Hill,Restaurant,phuket,Nai Harn,TH,Asia,,,,,7.76237,98.30904,,,osm,walk-in,6,new
114621019b268280843c,Panwa Green,Guesthouse,phuket,Cape Panwa,TH,Asia,,,,Panwa Green ถนนศักดิ์ดีจนะ,7.84111,98.38339,,,osm,walk-in,6,new
d881a758d8ceb57c73a5,Panwa Healthcare Pharmacy,Pharmacy,phuket,Cape Panwa,TH,Asia,,,,,7.81003,98.40205,,,osm,walk-in,6,new
5ed7d2389915a3f066b6,Panwa House,Restaurant,phuket,Cape Panwa,TH,Asia,,,https://capepanwa.com/panwahouse/,,7.8058,98.41011,,,osm,walk-in,6,new
6344cc31a352198b358d,Panwa Pharmacy,Pharmacy,phuket,Cape Panwa,TH,Asia,,,,,7.80552,98.40579,,,osm,walk-in,6,new
627b570bbed38e139307,Panwa Seaview Bistro,Restaurant,phuket,Cape Panwa,TH,Asia,,,,,7.8066,98.40769,,,osm,walk-in,6,new
ddb27f8cd49c5d5b4720,Papaya,Restaurant,phuket,Patong,TH,Asia,,,,,7.89259,98.29469,,,osm,walk-in,6,new
d1180fccac812acadcdf,Papaya Restaurant,Restaurant,phuket,Karon,TH,Asia,,,,,7.84921,98.29486,,,osm,walk-in,6,new
c402752f72dd6acde848,Par Phuket Hotel,Hotel,phuket,Kathu,TH,Asia,,,,,7.89821,98.34568,,,osm,walk-in,6,new
2499685fbb30cbcdfa4a,Paradise,Restaurant,phuket,Karon,TH,Asia,,,,,7.83407,98.29642,,,osm,walk-in,6,new
b685fd60ac670f914267,Paradise Beach,Restaurant,phuket,Patong,TH,Asia,,,,,7.89073,98.26527,,,osm,walk-in,6,new
add75c700e61c17c0bea,Paradise Beach Resortel,Hotel,phuket,Patong,TH,Asia,,,,,7.9016,98.305,,,osm,walk-in,6,new
03d4292697783c61e467,Paradise Inn,Guesthouse,phuket,Karon,TH,Asia,,,,,7.84902,98.29464,,,osm,walk-in,6,new
39836e9c6e2a46104a5d,Paradise Inn Phuket,Hotel,phuket,Karon,TH,Asia,,,,,7.84884,98.29446,,,osm,walk-in,6,new
71b72b58102eb6aaf509,Paradise pool,Café,phuket,Chalong,TH,Asia,,,,,7.84618,98.34389,,,osm,walk-in,6,new
70663077ca5507b061c4,Paradox Resort Phuket,Hotel,phuket,Karon,TH,Asia,,,,,7.84583,98.2969,,,osm,walk-in,6,new
0f578a582af2c255e2ed,Paresa Resort Phuket,Hotel,phuket,Kamala,TH,Asia,,,,,7.93324,98.26199,,,osm,walk-in,6,new
7975e5759e88046f87b0,Parinya Pharmacist,Pharmacy,phuket,Old Town,TH,Asia,,,,,7.89424,98.38794,,,osm,walk-in,6,new
fe67b3ada279a267c50b,Paris bakery & deli,Café,phuket,Nai Harn,TH,Asia,,,,,7.79157,98.31742,,,osm,walk-in,6,new
b7843bd780f3ab4af1fc,Parrot,Bar,phuket,Patong,TH,Asia,,,,,7.89415,98.29844,,,osm,walk-in,6,new
152f2b1058415aa5f547,Parrot Bar 2,Bar,phuket,Patong,TH,Asia,,,,,7.89675,98.30031,,,osm,walk-in,6,new
7ddb67f68cb7834b9e88,Pasha,Restaurant,phuket,Karon,TH,Asia,,,https://pashaphuket.com,,7.84281,98.29466,,,osm,walk-in,6,new
0f3953a1a9abaa1d4cb7,Pat's Cocktails Cafe,Bar,phuket,Rawai,TH,Asia,,,,,7.77515,98.32658,,,osm,walk-in,6,new
11c131adfede9fc59be6,Patak Pharmacy,Pharmacy,phuket,Kata,TH,Asia,,,,,7.82689,98.30168,,,osm,walk-in,6,new
e5ff42a80158bf73d7f8,Patama Massage,Massage & spa,phuket,Nai Yang,TH,Asia,,,,,8.0902,98.29851,,,osm,walk-in,6,new
439944d3fa931286fe8d,Patong Beach,Attraction,phuket,Patong,TH,Asia,,,,,7.89389,98.29496,,,osm,walk-in,6,new
c000e8214e1e8e3ef25b,Patong Beach Hotel,Hotel,phuket,Patong,TH,Asia,,,,,7.89236,98.29571,,,osm,walk-in,6,new
79816b792a1924127fc2,Patong Boyz Town,Bar,phuket,Patong,TH,Asia,,,,,7.89571,98.29968,,,osm,walk-in,6,new
44f43afb9dc66c820906,Patong City Hometel,Hotel,phuket,Patong,TH,Asia,,,,,7.89808,98.30188,,,osm,walk-in,6,new
96635ee2cab256eb424c,Patong Grand Condotel ป่าตองแกรนด์คอนโดเทล,Hotel,phuket,Patong,TH,Asia,,,,,7.90005,98.30229,,,osm,walk-in,6,new
e456e858de5c71fe7969,Patong Grand Villa,Hotel,phuket,Patong,TH,Asia,,,,,7.8754,98.28893,,,osm,walk-in,6,new
930b6a38b8f0f8a9dc4e,Patong Health Care,Pharmacy,phuket,Patong,TH,Asia,,,,,7.89699,98.30009,,,osm,walk-in,6,new
86d187eb1f4dc01b9381,Patong Hemingway's Hotel,Hotel,phuket,Patong,TH,Asia,,,,,7.89308,98.30032,,,osm,walk-in,6,new
61fb95d1e61a8259d293,Patong Hills,Hotel,phuket,Patong,TH,Asia,,,,,7.87951,98.2944,,,osm,walk-in,6,new
7a9ecf1250da983494cc,Patong Inn,Hotel,phuket,Patong,TH,Asia,,,,,7.89334,98.2951,,,osm,walk-in,6,new
5c98a772083164b1fb34,Patong Lodge Hotel,Hotel,phuket,Patong,TH,Asia,,,,,7.9102,98.29667,,,osm,walk-in,6,new
c0fe7d64bf61085049a7,Patong Max Value Hotel,Hotel,phuket,Patong,TH,Asia,,,,,7.89838,98.30187,,,osm,walk-in,6,new
c24b4d405d72791a207a,Patong Merlin Hotel,Hotel,phuket,Patong,TH,Asia,,,,44 Thaveewong Road,7.88712,98.29255,,,osm,walk-in,6,new
36f01ef71d4814bf0d28,Patong Palace Hotel,Hotel,phuket,Patong,TH,Asia,,,,,7.90173,98.3008,,,osm,walk-in,6,new
9000f14a22d7194e4bcc,Patong Palm Guest House,Guesthouse,phuket,Patong,TH,Asia,,,,,7.90033,98.30102,,,osm,walk-in,6,new
897cb426976c8bd2489d,Patong Paragon Resort & SPA,Hotel,phuket,Patong,TH,Asia,,,,,7.9065,98.2978,,,osm,walk-in,6,new
17bf629d4c344871f553,Patong Pearl,Restaurant,phuket,Patong,TH,Asia,,,,13 Sawatdirak Patong,7.89744,98.29905,,,osm,walk-in,6,new
8c773ed761af493f0281,Patong Resort,Hotel,phuket,Patong,TH,Asia,,,,,7.89116,98.29631,,,osm,walk-in,6,new
815ad79122c43af3582c,Patong Signature Boutique Hotel,Hotel,phuket,Patong,TH,Asia,,,,,7.88586,98.28902,,,osm,walk-in,6,new
17683d0a55954aa2da54,Patong Sub Inn,Hotel,phuket,Patong,TH,Asia,,,,,7.89666,98.29994,,,osm,walk-in,6,new
cf1f9b935f39c4b6b2c2,Patong Swiss Hotel Beach Front,Hotel,phuket,Patong,TH,Asia,,,,,7.88604,98.28983,,,osm,walk-in,6,new
036733f9b347e9966c15,Patong Tattoo Bar 2,Bar,phuket,Patong,TH,Asia,,,,,7.89684,98.3,,,osm,walk-in,6,new
08be66e6805a9bb96453,Patong Villas,Hotel,phuket,Patong,TH,Asia,,,,,7.89516,98.29676,,,osm,walk-in,6,new
e702f1140f24de091c58,Patong cottage,Hotel,phuket,Patong,TH,Asia,,,,,7.88123,98.30011,,,osm,walk-in,6,new
f5c3e94b4af1b88d6e97,Patrada,Massage & spa,phuket,Nai Yang,TH,Asia,,,,,8.08683,98.30006,,,osm,walk-in,6,new
7ad6c0fdbd75a31f3752,Patty,Massage & spa,phuket,Kamala,TH,Asia,,,,,7.94966,98.28052,,,osm,walk-in,6,new
18c27512b92ced0a3a72,Paulaner,Restaurant,phuket,Patong,TH,Asia,,,,,7.88934,98.29475,,,osm,walk-in,6,new
81bae8d4c30baf59ba75,Paya Massage,Massage & spa,phuket,Cape Panwa,TH,Asia,,,,,7.80683,98.40818,,,osm,walk-in,6,new
60880ad0b6e5ba05868a,Pea 88,Vehicle rental,phuket,Airport,TH,Asia,,,,,8.10644,98.30856,,,osm,walk-in,6,new
c90920fca86498ebb8e7,Peach Restaurant,Restaurant,phuket,Kata,TH,Asia,,,,,7.82634,98.29664,,,osm,walk-in,6,new
c91b9229a237fa521fb7,Pearl Hotel Phuket,Hotel,phuket,Phuket Town,TH,Asia,,,,ถนนมนตรี Talat Yai,7.88206,98.3922,,,osm,walk-in,6,new
627da672479f8a340570,Pearl of Naithon,Hotel,phuket,Nai Yang,TH,Asia,,,https://pearlofnaithon.com/,,8.06152,98.27834,,,osm,walk-in,6,new
fd40384469fdc8fbdded,Pearls,Bar,phuket,Kata,TH,Asia,,,,,7.82557,98.29717,,,osm,walk-in,6,new
2dab981c3bc631c74fcc,Pelmenya,Restaurant,phuket,Nai Harn,TH,Asia,,,,,7.7878,98.31699,,,osm,walk-in,6,new
57a4156150ed19af80a4,Pen Villa,Guesthouse,phuket,Surin,TH,Asia,,,,,7.978,98.28413,,,osm,walk-in,6,new
f2c43740f027d1cf4a23,Perennial resort,Hotel,phuket,Airport,TH,Asia,,,,,8.10172,98.30305,,,osm,walk-in,6,new
7d8bbd71f2478ab733f1,Peter Pan,Hotel,phuket,Patong,TH,Asia,,,peterpanresortphuket.com,,7.88499,98.29958,,,osm,walk-in,6,new
9481e7ac7a2aec23fae7,Peter's Bar and Restaurant,Restaurant,phuket,Nai Yang,TH,Asia,,,,,8.06198,98.27727,,,osm,walk-in,6,new
4b0e9a5902461141655e,Pgs,Hotel,phuket,Patong,TH,Asia,,,,,7.89893,98.30172,,,osm,walk-in,6,new
8f86c71a062851540d1b,Pha Mah Ree,Restaurant,phuket,Kata,TH,Asia,,,,Patak Road,7.81958,98.3089,,,osm,walk-in,6,new
ecef1432e0762de83e33,Phadee,Massage & spa,phuket,Karon,TH,Asia,,,,,7.84766,98.29354,,,osm,walk-in,6,new
58e2c26523598a577258,Phagamast massage,Massage & spa,phuket,Rawai,TH,Asia,,,,,7.77448,98.32571,,,osm,walk-in,6,new
3e4e5a424bd5b0544ce4,Philatelic museum,Museum,phuket,Phuket Town,TH,Asia,,,,,7.88403,98.39255,,,osm,walk-in,6,new
9c32dee89fad86ac64d0,Phlani blossom massage,Massage & spa,phuket,Rawai,TH,Asia,,,,,7.77515,98.32592,,,osm,walk-in,6,new
54d291e622e6d306ea7a,Phoenix Grand Hotel,Hotel,phuket,Patong,TH,Asia,,,,,7.89185,98.30233,,,osm,walk-in,6,new
f3de8e3a2350fa27ae59,Phu NaNa Boutique Hotel,Hotel,phuket,Rawai,TH,Asia,,,,,7.78918,98.32903,,,osm,walk-in,6,new
1f1a6b1f8a08bd54763e,Phuket Airport Inn,Hotel,phuket,Nai Yang,TH,Asia,,,,,8.09875,98.30628,,,osm,walk-in,6,new
edd3cc55a49535220812,Phuket Big Buddha,Attraction,phuket,Kata,TH,Asia,,,,,7.82768,98.31324,,,osm,walk-in,6,new
015715772381d19dbb6a,Phuket Blue Hostel,Hotel,phuket,Phuket Town,TH,Asia,,,,,7.88347,98.39187,,,osm,walk-in,6,new
f5b876f0a6bb739693d2,Phuket Botanic Garden,Attraction,phuket,Chalong,TH,Asia,,,,,7.84776,98.34576,,,osm,walk-in,6,new
9e3ab4c216c9e7f70cad,Phuket Cannabis Farm,Café,phuket,Paklok,TH,Asia,,,,Pa Klok Phuket,7.99797,98.38891,,,osm,walk-in,6,new
fb7472d4151d649b6580,Phuket Coffee Park,Café,phuket,Chalong,TH,Asia,,,,,7.86344,98.34403,,,osm,walk-in,6,new
3747ba1315d93fc11dd3,Phuket Cooking Academy,Restaurant,phuket,Cherngtalay,TH,Asia,,,https://www.phuket-cooking-academy.com/,"9/9 Moo 5, T. Srisoonthorn, A. Talang Phuket, Amphoe Thalang, Chang Wat Phuket 83110, Thailand",7.98667,98.34914,,,osm,walk-in,6,new
78fe52cb613a1f0bc59d,Phuket Graceland,Hotel,phuket,Patong,TH,Asia,,,,,7.90301,98.29789,,,osm,walk-in,6,new
0f9b2e097a15f557871c,Phuket Hot Tours,Tours & travel,phuket,Karon,TH,Asia,,,,,7.84857,98.29361,,,osm,walk-in,6,new
b2bd0feab5b0a145564e,Phuket Hotel Chee Wa,Hotel,phuket,Phuket Town,TH,Asia,,,,,7.86972,98.39212,,,osm,walk-in,6,new
02972fe045fbe7d21dad,Phuket Indian Restaurant,Restaurant,phuket,Patong,TH,Asia,,,,141/4 Soi Royal Paradise,7.89485,98.29923,,,osm,walk-in,6,new
700c2490a64101cec448,Phuket Island View,Hotel,phuket,Karon,TH,Asia,,,,,7.83271,98.29569,,,osm,walk-in,6,new
7139403b2ed09456b1cd,Phuket Kush,Café,phuket,Chalong,TH,Asia,,,,,7.85118,98.34909,,,osm,walk-in,6,new
ee77b1aa451a7d51f9bd,Phuket Lotus Lodge,Guesthouse,phuket,Nai Yang,TH,Asia,,,http://www.lotuslodge.de/,,8.07723,98.30136,,,osm,walk-in,6,new
2dc701dc065e031602ce,Phuket Marathon,Attraction,phuket,Bang Tao,TH,Asia,,,,,7.99837,98.29828,,,osm,walk-in,6,new
46ea6620fd43a7068a8b,"Phuket Marriott Resort & Spa, Merlin Beach",Hotel,phuket,Patong,TH,Asia,,,,99 Muen-Ngoen Road,7.88349,98.27245,,,osm,walk-in,6,new
2b4368919e4c7ef7fff1,"Phuket Marriott Resort and Spa, Nai Yang Beach",Hotel,phuket,Nai Yang,TH,Asia,,,,,8.08182,98.28855,,,osm,walk-in,6,new
b82af232eab804f0d233,Phuket Muay Thai House,Hotel,phuket,Chalong,TH,Asia,,,,,7.8536,98.34565,,,osm,walk-in,6,new
117b455d146e8c663089,Phuket Myfriend Tour,Tours & travel,phuket,Karon,TH,Asia,,,,,7.85269,98.29466,,,osm,walk-in,6,new
bb27020d338ba2605c2d,Phuket Naithon Resort,Hotel,phuket,Nai Yang,TH,Asia,,,,,8.05937,98.27808,,,osm,walk-in,6,new
0be6b6dd715d62ef9d61,Phuket Noodles,Restaurant,phuket,Paklok,TH,Asia,,,,,7.98325,98.36662,,,osm,walk-in,6,new
a7387f922f32f0c9e663,Phuket Orchid Farm,Attraction,phuket,Chalong,TH,Asia,,,,,7.8187,98.33439,,,osm,walk-in,6,new
753f32fdccfc89883be0,Phuket Outdoor Arena,Gym & fitness,phuket,Old Town,TH,Asia,,,,,7.89207,98.36572,,,osm,walk-in,6,new
166148a81aa967f6cef7,Phuket Palace,Hotel,phuket,Patong,TH,Asia,,,,,7.88039,98.29269,,,osm,walk-in,6,new
00c01909a9f47ce9a583,Phuket Paradise Hotel,Hotel,phuket,Patong,TH,Asia,,,,,7.88523,98.29625,,,osm,walk-in,6,new
f3b117293c7c1b1cc67d,Phuket Property Show,Guesthouse,phuket,Old Town,TH,Asia,,,https://www.phuketpropertyshow.com/,,7.91065,98.36746,,,osm,walk-in,6,new
16ddc211e8e021462ec5,Phuket Racha Guesthouse,Guesthouse,phuket,Kata,TH,Asia,,,,,7.82353,98.30096,,,osm,walk-in,6,new
773b3b759ff9096fcb2a,Phuket Sea Resort,Hotel,phuket,Rawai,TH,Asia,,,,,7.77513,98.32512,,,osm,walk-in,6,new
1bc93c18b51ca982d14e,Phuket Snake Show,Attraction,phuket,Chalong,TH,Asia,,,,,7.86236,98.34517,,,osm,walk-in,6,new
6d31cfce7b0a70cae9bc,Phuket Spa,Beauty & spa,phuket,Chalong,TH,Asia,,,,,7.85054,98.35089,,,osm,walk-in,6,new
f819b53da04e1bcd302c,Phuket Sports and Tennis Club,Gym & fitness,phuket,Kata,TH,Asia,,,http://www.phuketsport.com,"4/20 soi sports Soi Suksan 2 Viset Rd., Rawai",7.81265,98.3285,,,osm,walk-in,6,new
5e39e5255e375c0bf04f,Phuket Thai Hua School,Museum,phuket,Old Town,TH,Asia,,,,ถนนเยาวราช,7.8856,98.38687,,,osm,walk-in,6,new
9ab29b02dd31e1bb0cf2,Phuket Thalang Go-Kart and ATV,Gym & fitness,phuket,Airport,TH,Asia,,,https://phuket-shootingrange.com/thalang-shootingrange/,137 หมู่ 6,8.07967,98.35583,,,osm,walk-in,6,new
6d36a02d5dc0f2bfdbaf,Phuket Top Team MMA and Muay Thai Training Camp,dojo,phuket,Chalong,TH,Asia,,,,45 / 31 M.1 Soi Tadied Chalong,7.85104,98.34982,,,osm,walk-in,6,new
f8fc4a551cbac3057b46,Phuket Trickeye Museum,Museum,phuket,Phuket Town,TH,Asia,,,http://www.phukettrickeyemuseum.com/,130/1 Phang Nga Road,7.88338,98.39261,,,osm,walk-in,6,new
a7d32660d8365dcd6637,"Phuket Villas, Property, Real Estate, Kata Rock",Hotel,phuket,Kata,TH,Asia,,,,,7.81315,98.29636,,,osm,walk-in,6,new
34a1f4de95fa3c2a205d,Phuket Yacht Club,Restaurant,phuket,Chalong,TH,Asia,,,https://phuketyachtclub.com/,,7.82725,98.34815,,,osm,walk-in,6,new
b5ea17babcc81ff71436,Phuket airport bread and breakfast,Hotel,phuket,Airport,TH,Asia,,,,,8.09939,98.31269,,,osm,walk-in,6,new
a1d5102568257ba992d5,Phuket airport hotel,Hotel,phuket,Airport,TH,Asia,,,,,8.10101,98.3066,,,osm,walk-in,6,new
bfadd3a487242cd1f481,Phuket fish market,Restaurant,phuket,Chalong,TH,Asia,,,,,7.84,98.36677,,,osm,walk-in,6,new
06746101038917745e25,Phuket lobster house,Restaurant,phuket,Chalong,TH,Asia,,,,,7.83832,98.36415,,,osm,walk-in,6,new
347172a48d7ad92f9579,Phuket paradise,Hotel,phuket,Koh Kaew,TH,Asia,,,,,7.95619,98.38582,,,osm,walk-in,6,new
df8456b61d487995a854,Phuket rifle shooting association,Gym & fitness,phuket,Chalong,TH,Asia,,,,,7.8219,98.33301,,,osm,walk-in,6,new
30fed3ba0cfb9a7012f2,Phuketique,Café,phuket,Old Town,TH,Asia,,,,,7.88345,98.38721,,,osm,walk-in,6,new
83eb7661a72160c952de,Phulin resort,Hotel,phuket,Karon,TH,Asia,,,,,7.84676,98.29976,,,osm,walk-in,6,new
9664388dec1612b18037,Phunara Residence,Hotel,phuket,Patong,TH,Asia,,,,,7.88642,98.29874,,,osm,walk-in,6,new
aaed338108665f567519,Phuthai Phuket Souvenir Market,Souvenirs & gifts,phuket,Chalong,TH,Asia,,,,,7.85127,98.34892,,,osm,walk-in,6,new
de2df2522a3f9611c38d,Phuthai Souvenir Market,Attraction,phuket,Chalong,TH,Asia,,,,,7.86198,98.34565,,,osm,walk-in,6,new
b4dbf2f885eea0940335,PiNK,Restaurant,phuket,Kata,TH,Asia,,,,,7.82571,98.29694,,,osm,walk-in,6,new
75b0f694df1999e31a38,Piano Residence,Hotel,phuket,Phuket Town,TH,Asia,,,,,7.87519,98.38837,,,osm,walk-in,6,new
211f1a7be86617bc179d,Piin Piin,Café,phuket,Kathu,TH,Asia,,,,,7.88129,98.32965,,,osm,walk-in,6,new
afa910c92d2537c533d9,Pimnara Spa,Massage & spa,phuket,Patong,TH,Asia,,,,,7.89416,98.29722,,,osm,walk-in,6,new
455c1e93e54db64ad893,Pimwilai,Restaurant,phuket,Kata,TH,Asia,,,,,7.82557,98.29734,,,osm,walk-in,6,new
215323139d4301371ffa,Pine Building,Hotel,phuket,Karon,TH,Asia,,,,,7.83582,98.29956,,,osm,walk-in,6,new
1d008328310d318f2e84,Pineapple guesthouse,Hotel,phuket,Karon,TH,Asia,,,,,7.83537,98.29829,,,osm,walk-in,6,new
fbbdb69b6c301bd92339,Pink Exotic,Bar,phuket,Chalong,TH,Asia,,,,,7.84775,98.35175,,,osm,walk-in,6,new
9aebe71767750b17fdad,Pink Mansion Phuket,Hotel,phuket,Old Town,TH,Asia,,,,Hongyokutis Rd Talat Yai,7.90046,98.38008,,,osm,walk-in,6,new
5f4dd1cc8263bf4198de,Pink Paradise,Bar,phuket,Patong,TH,Asia,,,,,7.89362,98.29666,,,osm,walk-in,6,new
d7db0c139a97476dc05e,Pinnochio,Restaurant,phuket,Nai Yang,TH,Asia,,,,,8.05842,98.27823,,,osm,walk-in,6,new
b40e60c0d8bfeb6af051,Pint Factory,Restaurant,phuket,Phuket Town,TH,Asia,,,,,7.88626,98.39212,,,osm,walk-in,6,new
fdcdcb7545f626e0cfc6,Piraya,Hotel,phuket,Mai Khao,TH,Asia,,,,,8.14772,98.30048,,,osm,walk-in,6,new
09f2dd7c07fb0cfbd9cf,Pit Stop,Restaurant,phuket,Kata,TH,Asia,,,,,7.82315,98.30033,,,osm,walk-in,6,new
35e904f8862f6eb0d28e,Pit Stop Guest House,Hotel,phuket,Kata,TH,Asia,,,,,7.82315,98.30029,,,osm,walk-in,6,new
64d5d83a13bc400200a1,Pithi Pharma,Pharmacy,phuket,Kata,TH,Asia,,,,90/6 ถนนโคกโตนด กะรน,7.81553,98.30473,,,osm,walk-in,6,new
f1bf3755da270df44bb6,Pizza,Restaurant,phuket,Kata,TH,Asia,,,,,7.82431,98.2977,,,osm,walk-in,6,new
9847b6bd9ca7af2c5b46,Pizza & More,Restaurant,phuket,Patong,TH,Asia,,,,,7.89638,98.2995,,,osm,walk-in,6,new
2e156e2b1f3811b66aec,Pizza Balconi,Restaurant,phuket,Kata,TH,Asia,,,https://www.pizzabalconihalalphuket.com,,7.81582,98.3009,,,osm,walk-in,6,new
803601172145125234b5,Pizza Company,Restaurant,phuket,Mai Khao,TH,Asia,,,,,8.16905,98.29646,,,osm,walk-in,6,new
e94db7fa23ff91853bb7,Pizza Hut,Street food,phuket,Cherngtalay,TH,Asia,,,,,7.99256,98.30604,,,osm,walk-in,6,new
326f2164adcb2cf31f49,Pizza Pasta,Restaurant,phuket,Rawai,TH,Asia,,,,,7.76933,98.31816,,,osm,walk-in,6,new
c512edf52ed3de753a6f,Pizza lover,Restaurant,phuket,Kata,TH,Asia,,,,,7.82483,98.29766,,,osm,walk-in,6,new
824f840ac397096d118f,Pizzaphuket,Street food,phuket,Kata,TH,Asia,,,,,7.82895,98.30143,,,osm,walk-in,6,new
50f9bf681163618e0d65,Pizzaro,Restaurant,phuket,Patong,TH,Asia,,,,,7.89282,98.29481,,,osm,walk-in,6,new
32d70c76f6de16c9fa7e,Pizzeria,Restaurant,phuket,Chalong,TH,Asia,,,,,7.82199,98.34148,,,osm,walk-in,6,new
ec3aa268c9c404a78b27,Pizzeria da Moreno,Restaurant,phuket,Patong,TH,Asia,,,,,7.88644,98.3025,,,osm,walk-in,6,new
1ec4a32f11e5143dbafc,Plein Poa Night Market,Market,phuket,Phuket Town,TH,Asia,,,,,7.88006,98.38987,,,osm,walk-in,6,new
5e7a1aa477d3dc699162,Poached,Restaurant,phuket,Rawai,TH,Asia,,,,,7.77248,98.32213,,,osm,walk-in,6,new
5ad786cc05310c0d15e3,Poached Breakfast Cafe,Café,phuket,Chalong,TH,Asia,,,,,7.85892,98.34198,,,osm,walk-in,6,new
8022e5ef5cdf67618226,Polita,Restaurant,phuket,Nai Harn,TH,Asia,,,,,7.78193,98.31453,,,osm,walk-in,6,new
a93f0324d8c282277eea,Pomodoro Pizza Restaurant,Restaurant,phuket,Kata,TH,Asia,,,,,7.81668,98.3102,,,osm,walk-in,6,new
133a32448a0fc3c52aa0,Pong,Massage & spa,phuket,Bang Tao,TH,Asia,,,,,7.99125,98.29049,,,osm,walk-in,6,new
50f0cf7392b24536f5be,Pong Service,Vehicle rental,phuket,Chalong,TH,Asia,,,,,7.83959,98.34914,,,osm,walk-in,6,new
cd7f9c17bb4247f46612,Pooh and Friends,Restaurant,phuket,Surin,TH,Asia,,,,61/3 Soi Huatiea Thalang,7.98081,98.28604,,,osm,walk-in,6,new
04def74e52b307b72891,Pool Bar,Restaurant,phuket,Patong,TH,Asia,,,,43/2 Rat Uthit 200 Year Road,7.90139,98.30325,,,osm,walk-in,6,new
bc8bbc2ec11e2558085e,Pool Bar BVR,Bar,phuket,Kata,TH,Asia,,,https://www.phuket-boomerang.com/,Patak road Soi 10 Kata,7.82902,98.30249,,,osm,walk-in,6,new
32053de6272f92d5e714,Poolrada Boutique Cafe,Café,phuket,Bang Tao,TH,Asia,,,,,8.02642,98.32873,,,osm,walk-in,6,new
4b2fc6203d156a792988,Poolrada Boutique Hotel,Hotel,phuket,Bang Tao,TH,Asia,,,,,8.02647,98.32851,,,osm,walk-in,6,new
a8c8e0c1847a6b86466b,Popular Mansion,Hotel,phuket,Old Town,TH,Asia,,,,Ratsada,7.91544,98.37125,,,osm,walk-in,6,new
f9aca888d50744b80191,Porch restaraunt,Restaurant,phuket,Chalong,TH,Asia,,,,,7.82555,98.32718,,,osm,walk-in,6,new
d2d625f0c56b749a9463,Porky's gym,Gym & fitness,phuket,Karon,TH,Asia,,,,,7.84326,98.30218,,,osm,walk-in,6,new
c6ca06a9c2c377df0d83,Port of call,Restaurant,phuket,Paklok,TH,Asia,,,,,8.0691,98.44199,,,osm,walk-in,6,new
c2bc5987ddaa803f12a6,Porterhouse Beach Hotel Patong,Hotel,phuket,Patong,TH,Asia,,,https://porterhousebeachhotel.top/,,7.90703,98.29816,,,osm,walk-in,6,new
4a1b784e55fc96119c30,Porto de Phuket,Attraction,phuket,Cherngtalay,TH,Asia,,,,,7.99159,98.30538,,,osm,walk-in,6,new
d0c94889b4b30e26fbf6,Poseidon,Restaurant,phuket,Airport,TH,Asia,,,,,8.12017,98.30858,,,osm,walk-in,6,new
b7d0c71927676dcf915e,Power Inn,Hotel,phuket,Patong,TH,Asia,,,,,7.88776,98.29982,,,osm,walk-in,6,new
0d5a964a42a105d6dbc5,Praew Mansion,Guesthouse,phuket,Kamala,TH,Asia,,,,,7.94843,98.28373,,,osm,walk-in,6,new
a8cb90384b0765f7fd22,Pranee mansion airport,Guesthouse,phuket,Airport,TH,Asia,,,,,8.10009,98.30696,,,osm,walk-in,6,new
6ef59853cb362b08e3b1,Prego by the Beach,Restaurant,phuket,Phuket Town,TH,Asia,,,,,7.87329,98.42804,,,osm,walk-in,6,new
5d48eab59b32a2286a97,Priew Wan Guest House,Guesthouse,phuket,Patong,TH,Asia,,,,,7.89962,98.30127,,,osm,walk-in,6,new
0280fb67f5c60a6e6e71,Princess Seaview,Hotel,phuket,Karon,TH,Asia,,,,,7.83968,98.30101,,,osm,walk-in,6,new
9dc298913b60107ca088,Pro Andaman Place,Guesthouse,phuket,Karon,TH,Asia,,,,526/13-14 ถนนปฏัก Karon,7.8494,98.2949,,,osm,walk-in,6,new
579397325acad1680fdb,Proud Phuket hotel,Hotel,phuket,Nai Yang,TH,Asia,,,,,8.09333,98.30281,,,osm,walk-in,6,new
e341fc69984fbe1030ba,Pu Cha Mas,Guesthouse,phuket,Karon,TH,Asia,,,,,7.84555,98.29912,,,osm,walk-in,6,new
49ae21e1f24c7e2e6a4f,Puerta Del Sol Rooms,Hotel,phuket,Patong,TH,Asia,,,,,7.89664,98.29962,,,osm,walk-in,6,new
e55eaed8be78c1275315,Pullman Phuket Arcadia Naithon Beach,Hotel,phuket,Nai Yang,TH,Asia,,,,,8.06343,98.27647,,,osm,walk-in,6,new
4c83d3bfa34cdcd60015,Pumeria,Hotel,phuket,Bang Tao,TH,Asia,,,https://www.theresidenceresort.com,,7.98779,98.29653,,,osm,walk-in,6,new
cdfc60d1a6414f13ef21,Punrak cafe,Café,phuket,Phuket Town,TH,Asia,,,,,7.86972,98.39386,,,osm,walk-in,6,new
501364b4d645bcbed2d4,Pupa,Café,phuket,Patong,TH,Asia,,,,,7.8997,98.3005,,,osm,walk-in,6,new
d90992e3f1aa736f2070,Pure Hotel Residence,Hotel,phuket,Old Town,TH,Asia,,,,,7.8783,98.38181,,,osm,walk-in,6,new
2db9b1a3caacfd379ef1,Pure prep,Restaurant,phuket,Chalong,TH,Asia,,,,,7.85326,98.34578,,,osm,walk-in,6,new
95a11f2ce244ca777daa,Purple cafe,Café,phuket,Rawai,TH,Asia,,,,,7.78125,98.31731,,,osm,walk-in,6,new
da8f89f11a213ec3e3c7,ROBU salad and burger,Street food,phuket,Kata,TH,Asia,,,,,7.82303,98.2985,,,osm,walk-in,6,new
aae0e0ca5151966ffc56,ROTI@BYPASS,Restaurant,phuket,Koh Kaew,TH,Asia,,,,,7.93322,98.37701,,,osm,walk-in,6,new
5e61e62ba59a50a78c97,RX,Pharmacy,phuket,Patong,TH,Asia,,,,,7.88998,98.2961,,,osm,walk-in,6,new
87a31727936691271407,Raggae bar,Bar,phuket,Kata,TH,Asia,,,,,7.82544,98.29796,,,osm,walk-in,6,new
259f4c363e7c68605839,Rain Tree Spa,Massage & spa,phuket,Phuket Town,TH,Asia,,,,,7.88709,98.39375,,,osm,walk-in,6,new
9508de457907c8127a9d,Ramaburin Resorts,Hotel,phuket,Patong,TH,Asia,,,,,7.88384,98.2929,,,osm,walk-in,6,new
036999966c99cf46af09,Ramada Plaza,Hotel,phuket,Chalong,TH,Asia,,,,,7.86995,98.35715,,,osm,walk-in,6,new
2710b7a51dc318f2b43c,Ramada by Wyndham Phuket Southsea,Hotel,phuket,Karon,TH,Asia,,,,,7.84694,98.29379,,,osm,walk-in,6,new
21a3b321e35a63756389,Ranghill Residence Phuket Town,Hotel,phuket,Old Town,TH,Asia,,,,Talat Nuea,7.88861,98.37923,,,osm,walk-in,6,new
339cdd58dea070e55d97,Rasta bar,Bar,phuket,Kata,TH,Asia,,,,,7.82545,98.29808,,,osm,walk-in,6,new
8e0a8663e6b0fb9014aa,Ratana Hill Patong,Hotel,phuket,Patong,TH,Asia,,,,,7.89644,98.31152,,,osm,walk-in,6,new
fb624b6be7d58557786f,Ratana Hotel,Hotel,phuket,Old Town,TH,Asia,,,,,7.86024,98.38076,,,osm,walk-in,6,new
f09298a366a97c0558c6,Ratana Hotel Chalong,Hotel,phuket,Chalong,TH,Asia,,,,,7.81964,98.33968,,,osm,walk-in,6,new
3475d94b6a66c1cc51ac,Ratana Platinum Resort,Hotel,phuket,Kamala,TH,Asia,,,http://www.ratanaplatinum.com,"73/65 กมลา, Kamala, Kathu District, Phuket",7.94805,98.28127,,,osm,walk-in,6,new
8e97a707b21ef57bcca8,Ratcheeneeporn,Restaurant,phuket,Cherngtalay,TH,Asia,,,,,7.98241,98.29887,,,osm,walk-in,6,new
202cd221eed6b7600f29,Ratri Hotel Old Town Phuket,Hotel,phuket,Old Town,TH,Asia,,,,,7.88658,98.383,,,osm,walk-in,6,new
1462d8a6e355d38429db,Rattana Beach Hotel,Hotel,phuket,Karon,TH,Asia,,,rattanabeach.com,,7.84867,98.29527,,,osm,walk-in,6,new
09f3297ca48e5161698b,Rattanalee,Restaurant,phuket,Cape Panwa,TH,Asia,,,,,7.80948,98.40234,,,osm,walk-in,6,new
af686fd2880fa406e6e7,Rawai Boutique Resort,Hotel,phuket,Rawai,TH,Asia,,,,,7.77701,98.32389,,,osm,walk-in,6,new
6891f5076f1f681f0b09,Rawai Indian Restaurant,Restaurant,phuket,Rawai,TH,Asia,,,,,7.77448,98.32556,,,osm,walk-in,6,new
18a3989d254d8fecbdf1,Rawai Palm Beach Resort reception,Hotel,phuket,Rawai,TH,Asia,,,,,7.77098,98.31795,,,osm,walk-in,6,new
adf3c20ed3b8b6a7326c,Rawai seafood restaurant,Restaurant,phuket,Rawai,TH,Asia,,,,,7.77561,98.32847,,,osm,walk-in,6,new
483810b9f9611f1f1104,Rayaan's,Restaurant,phuket,Patong,TH,Asia,,,,,7.88926,98.2941,,,osm,walk-in,6,new
b10c7dcdff364057a06a,Reach,Restaurant,phuket,Phuket Town,TH,Asia,,,,,7.88369,98.39197,,,osm,walk-in,6,new
701a1f2799f1f2cf854d,Reach hotel,Hotel,phuket,Phuket Town,TH,Asia,,,,,7.87645,98.39269,,,osm,walk-in,6,new
5936b05b853d03817fc9,Reb's Bar,Bar,phuket,Surin,TH,Asia,,,,,7.98431,98.28579,,,osm,walk-in,6,new
36b3d5d682262242ab7a,Recenta Phuket SuanLuang,Hotel,phuket,Old Town,TH,Asia,,,,60/79-80 หมู่ 2 Wichit,7.8715,98.36638,,,osm,walk-in,6,new
2cc5f3a1a6c2fd2d352e,Red Hot Club,Bar,phuket,Patong,TH,Asia,,,,,7.89306,98.29818,,,osm,walk-in,6,new
640d8c08f956876bc956,Red Lobster,Café,phuket,Karon,TH,Asia,,,,,7.84465,98.29421,,,osm,walk-in,6,new
6782aa33d73d2cfd99d5,Red Onion,Restaurant,phuket,Kata,TH,Asia,,,,23-25-27 Thaina Road Kata Beach,7.82762,98.29929,,,osm,walk-in,6,new
188578b939c6f78a10c4,Red Planet Patong,Hotel,phuket,Patong,TH,Asia,,,https://www.redplanethotels.com/en/search/patong-phuket,,7.90129,98.30028,,,osm,walk-in,6,new
d4cdc51f6b916f7f4f14,Red Snapper Restaurant,Restaurant,phuket,Kata,TH,Asia,,,,,7.82356,98.30148,,,osm,walk-in,6,new
48718c6ddead8665cbbb,Reef snorkeling,Attraction,phuket,Bang Tao,TH,Asia,,,,,8.04139,98.27515,,,osm,walk-in,6,new
fda3c0c869d9a51b9243,Reef snorkelling,Attraction,phuket,Nai Harn,TH,Asia,,,,,7.76651,98.30543,,,osm,walk-in,6,new
0736ab11d6bcaa2fba28,Regency Club,Restaurant,phuket,Kamala,TH,Asia,,,,,7.94593,98.27145,,,osm,walk-in,6,new
179bf9d391f9b52285a4,Reggae Bar,Bar,phuket,Bang Tao,TH,Asia,,,,,7.99532,98.29322,,,osm,walk-in,6,new
9695160ba33b9a92068d,Rek Phop at first sight Café,Café,phuket,Mai Khao,TH,Asia,,,,,8.17633,98.29868,,,osm,walk-in,6,new
3893d2710c1801acd7ea,Relax Guesthouse,Guesthouse,phuket,Patong,TH,Asia,,,,,7.89457,98.29972,,,osm,walk-in,6,new
85f08529223aee8ca4c4,Relax Residence,Hotel,phuket,Bang Tao,TH,Asia,,,,Thep Krasattri,8.03112,98.32379,,,osm,walk-in,6,new
62b26c823b199cfde70e,Republic Phuket Stadium,dojo,phuket,Chalong,TH,Asia,,,,,7.85918,98.34058,,,osm,walk-in,6,new
4dae2bac6ea220d92909,Rest@Patong,Restaurant,phuket,Patong,TH,Asia,,,,,7.89183,98.29447,,,osm,walk-in,6,new
2587584e65252ad8cea9,Restaurant & Bar „The Cove“,Restaurant,phuket,Cape Panwa,TH,Asia,,,,,7.81434,98.39597,,,osm,walk-in,6,new
98bb756afd19e8ab8827,Return Bar,Bar,phuket,Nai Harn,TH,Asia,,,,,7.79482,98.31562,,,osm,walk-in,6,new
e6fcb673c66155853fd3,Rich,Restaurant,phuket,Kata,TH,Asia,,,,,7.82535,98.29707,,,osm,walk-in,6,new
547cf877946c2e62d816,Rico's Bungalows,Hotel,phuket,Kata,TH,Asia,,,,,7.81747,98.30083,,,osm,walk-in,6,new
ca8fb7e07f14f8d39673,Rico's Hotel,Hotel,phuket,Patong,TH,Asia,,,,,7.8929,98.29687,,,osm,walk-in,6,new
9f3b929298cf039bcb96,Right Coffee,Café,phuket,Patong,TH,Asia,,,,,7.89025,98.29409,,,osm,walk-in,6,new
9dc15990a42b5f8cb6e0,Rim Khuen Cafe,Café,phuket,Kathu,TH,Asia,,,,,7.88323,98.33483,,,osm,walk-in,6,new
7a96a068ad7c42b9e7d0,Rimlay,Restaurant,phuket,Karon,TH,Asia,,,,,7.8511,98.29421,,,osm,walk-in,6,new
ed46418e8694976196a0,Rimlay restaurant,Restaurant,phuket,Rawai,TH,Asia,,,,,7.77489,98.32638,,,osm,walk-in,6,new
ae66a71ad415418e4133,Rise & Grind,Restaurant,phuket,Phuket Town,TH,Asia,,,,,7.8831,98.39069,,,osm,walk-in,6,new
bd991e28549430169248,Ritsurin Hotel,Hotel,phuket,Old Town,TH,Asia,,,,,7.88913,98.38584,,,osm,walk-in,6,new
a2ddad81ae53d5165f0f,River kwai herbs,Pharmacy,phuket,Mai Khao,TH,Asia,,,,,8.21956,98.29806,,,osm,walk-in,6,new
1fb7fce0254152cd70b0,Riverside,Restaurant,phuket,Surin,TH,Asia,,,,,7.98343,98.28115,,,osm,walk-in,6,new
7aaca354e3f94de471df,Riverside Market,Souvenirs & gifts,phuket,Kamala,TH,Asia,,,,,7.95831,98.28866,,,osm,walk-in,6,new
8614ea4ce3c731fc9aea,Road Stop,Bar,phuket,Nai Harn,TH,Asia,,,,,7.79171,98.3171,,,osm,walk-in,6,new
f8a87c6be4a712a383f8,Roadhouse Grill,Café,phuket,Karon,TH,Asia,,,https://www.facebook.com/RoadhouseGrillKaron/,,7.84475,98.29911,,,osm,walk-in,6,new
76c3457dac82b5061a68,Robin House,Restaurant,phuket,Karon,TH,Asia,,,,,7.83395,98.29807,,,osm,walk-in,6,new
aa4a6b1f3c367cc46c4d,Rock Hard,Bar,phuket,Patong,TH,Asia,,,,,7.89326,98.29818,,,osm,walk-in,6,new
18af609db1df79ed8257,Rock Pharmacy,Pharmacy,phuket,Cherngtalay,TH,Asia,,,,,8.0054,98.34399,,,osm,walk-in,6,new
792ce1a9bbfbb583740f,Rock riders,Bar,phuket,Rawai,TH,Asia,,,,,7.78897,98.32892,,,osm,walk-in,6,new
49420e4d5f0c94935722,Roma Ristorante & Pizzeria Da Mauro,Restaurant,phuket,Patong,TH,Asia,,,,,7.89224,98.29458,,,osm,walk-in,6,new
b6cb8e2c630b0f55123a,Romantica Resort,Hotel,phuket,Kata,TH,Asia,,,,,7.81937,98.3003,,,osm,walk-in,6,new
cb2484e39ba2e9072207,RongBay Steak,Restaurant,phuket,Patong,TH,Asia,,,,,7.88466,98.30296,,,osm,walk-in,6,new
d56560475b7d3dbb9ec9,Rooftop,Restaurant,phuket,Patong,TH,Asia,,,,,7.89318,98.29769,,,osm,walk-in,6,new
255cd638382972279b68,Room Hotel @ Phuket Airport,Hotel,phuket,Airport,TH,Asia,,,,,8.10537,98.30862,,,osm,walk-in,6,new
d93a16ed22fcc82207fa,Ros,Restaurant,phuket,Patong,TH,Asia,,,,,7.89778,98.29989,,,osm,walk-in,6,new
459ac1e14cad7f941a7c,Rossy Bar & Restaurant,Bar,phuket,Nai Harn,TH,Asia,,,,,7.79549,98.31561,,,osm,walk-in,6,new
733082ba3a5ed9b0bd71,Roti Samkong,Café,phuket,Old Town,TH,Asia,,,,,7.90334,98.37689,,,osm,walk-in,6,new
33d6cbe0457869f20a36,Roxane Café & Restaurant,Restaurant,phuket,Patong,TH,Asia,,,,,7.8916,98.29407,,,osm,walk-in,6,new
60406a5800b5bbd0e2aa,Roxanne bar,Bar,phuket,Rawai,TH,Asia,,,,,7.77538,98.31846,,,osm,walk-in,6,new
ace186e3310dd95e94a8,Roy Sud Soi Sud Thang,Restaurant,phuket,Paklok,TH,Asia,,,,72/3 Pa Klok Phuket,8.01528,98.39294,,,osm,walk-in,6,new
63bb3f9de97141549dcb,Royal Beach Residence,Restaurant,phuket,Patong,TH,Asia,,,,,7.88929,98.29394,,,osm,walk-in,6,new
eeccc3382bd8f104d4b7,Royal Crown Hotel & Palm Spa Resort,Hotel,phuket,Patong,TH,Asia,,,,31 Nanai Road Patong,7.89369,98.30575,,,osm,walk-in,6,new
6fa2178e5012b4877124,Royal Enfield,Vehicle rental,phuket,Koh Kaew,TH,Asia,,,,,7.95895,98.38427,,,osm,walk-in,6,new
f83dcb0380b25f3b142a,Royal India Restaurant,Restaurant,phuket,Kamala,TH,Asia,,,,,7.95049,98.2805,,,osm,walk-in,6,new
4ca584a74ae9104c9636,Royal Palm Beach,Hotel,phuket,Patong,TH,Asia,,,,,7.89038,98.29361,,,osm,walk-in,6,new
8281fb47333375c94b87,Royal Paradise Hotel,Hotel,phuket,Patong,TH,Asia,,,,,7.89507,98.30016,,,osm,walk-in,6,new
f9970552190c3a7c80c3,Royal Phuket Marina,Marina & charters,phuket,Koh Kaew,TH,Asia,,,https://www.royalphuketmarina.com,,7.9668,98.39156,,,osm,walk-in,6,new
cebe92e9845337f52f4a,Royal Thai,Hotel,phuket,Patong,TH,Asia,,,,,7.88704,98.29102,,,osm,walk-in,6,new
8321193e9895059d9427,Royal indian restaurant,Restaurant,phuket,Kata,TH,Asia,,,,,7.81587,98.30157,,,osm,walk-in,6,new
c2a848da315a5538b77e,Ruam Thep Inn,Hotel,phuket,Kata,TH,Asia,,,,,7.83014,98.29495,,,osm,walk-in,6,new
45ac47fd61e6506ba9ea,Ruen Thong,Restaurant,phuket,Patong,TH,Asia,,,,,7.90759,98.29778,,,osm,walk-in,6,new
638366cd7f6521da7184,Rum Chapel,Restaurant,phuket,Paklok,TH,Asia,,,,,8.05692,98.45807,,,osm,walk-in,6,new
2adb50ead92d84dcfc21,Rungnapha,Restaurant,phuket,Kamala,TH,Asia,,,,Rim Hat Road,7.94978,98.28066,,,osm,walk-in,6,new
89d0bfb0be5f99d17e4b,Runway Café and Bar,Restaurant,phuket,Nai Yang,TH,Asia,,,,168 สาคู,8.09486,98.30543,,,osm,walk-in,6,new
dec3faebcd14dcc33e36,Russell Sunset Bar,Bar,phuket,Cape Panwa,TH,Asia,,,,31/28 Soi Aonui,7.80559,98.40582,,,osm,walk-in,6,new
ba6ba93bf009074ad187,Rustic Eatery Bar,Bar,phuket,Patong,TH,Asia,,,,,7.8863,98.29,,,osm,walk-in,6,new
49ec0cb6bf19c73f3bb3,Rustic Eatery and Bar,Restaurant,phuket,Patong,TH,Asia,,,,,7.88609,98.29003,,,osm,walk-in,6,new
0aae81e2dd3d1a153042,Ruxxa Design Hotel,Hotel,phuket,Karon,TH,Asia,,,,,7.84822,98.2939,,,osm,walk-in,6,new
c0fcb983fb5467de4ba1,Rym,Café,phuket,Old Town,TH,Asia,,,,,7.88494,98.38731,,,osm,walk-in,6,new
9e34c282e4dbb9cff2d7,SAM Restaurant,Restaurant,phuket,Rawai,TH,Asia,,,,,7.76866,98.31744,,,osm,walk-in,6,new
b27e5ee7705a0a4f7c03,SB Plaza,Market,phuket,Patong,TH,Asia,,,,,7.89157,98.29831,,,osm,walk-in,6,new
aed69206ef878a22c931,SEK COFFEE,Café,phuket,Cherngtalay,TH,Asia,,,,,7.99447,98.30703,,,osm,walk-in,6,new
712f130b2a19ce6f3301,SF Pizza,Street food,phuket,Paklok,TH,Asia,,,,,7.99045,98.3741,,,osm,walk-in,6,new
e3401c5656501398a899,SIXT,Vehicle rental,phuket,Airport,TH,Asia,,,,,8.10845,98.30855,,,osm,walk-in,6,new
b529ad29204a5b6b7db2,SK-11 Gym,Gym & fitness,phuket,Kata,TH,Asia,,,,,7.82468,98.30059,,,osm,walk-in,6,new
134af2e0185cd40cd8d2,SL Massage,Massage & spa,phuket,Nai Yang,TH,Asia,,,,,8.05649,98.27845,,,osm,walk-in,6,new
2fb109a70f50135ab828,SM Resort,Hotel,phuket,Patong,TH,Asia,,,,,7.87839,98.29122,,,osm,walk-in,6,new
ea1dcd1982ac6406c147,SP House Phuket,Hotel,phuket,Kata,TH,Asia,,,sphousephuket.com,"27 ถนนประชานุเคราะห์ T.Karon, A.Muang, Phuket",7.82766,98.29561,,,osm,walk-in,6,new
370e1f8990a67b2f0246,STAY Wellbeing & Lifestyle Resort,Hotel,phuket,Kata,TH,Asia,,,https://www.stayphuketresort.com/,56/80 ซอยสุขสันต์ 2 Rawai,7.81062,98.33017,,,osm,walk-in,6,new
27bb4e8754dc86c72ede,Sabai,Massage & spa,phuket,Nai Yang,TH,Asia,,,,,8.09702,98.30607,,,osm,walk-in,6,new
88439ad6be2426bd05c8,Sabai Beach,Restaurant,phuket,Patong,TH,Asia,,,,,7.89578,98.31094,,,osm,walk-in,6,new
33f11c80482466d5703e,Sabai Beach Restaurant,Restaurant,phuket,Patong,TH,Asia,,,,,7.8976,98.2959,,,osm,walk-in,6,new
4ecf3a5dbdef1f670b7b,Sabai Corner sea view restaurant & bar,Restaurant,phuket,Nai Harn,TH,Asia,,,,,7.79138,98.29246,,,osm,walk-in,6,new
9fe350e7cedef2773012,Sabai Resort,Hotel,phuket,Bang Tao,TH,Asia,,,,,8.0027,98.30788,,,osm,walk-in,6,new
0068d5b39ea83a07a6aa,Sabai jah Massage,Beauty & spa,phuket,Patong,TH,Asia,,,,,7.89631,98.29671,,,osm,walk-in,6,new
a8c13589fbb95dc591fc,Sabai massage,Massage & spa,phuket,Rawai,TH,Asia,,,,,7.77283,98.32271,,,osm,walk-in,6,new
0898b70ea366ca1afb92,Sabai nails & more,Beauty & spa,phuket,Rawai,TH,Asia,,,,,7.77279,98.32265,,,osm,walk-in,6,new
ff4ecb762c42bd4cc440,Sabi Restaurant,Restaurant,phuket,Bang Tao,TH,Asia,,,,,8.01858,98.31132,,,osm,walk-in,6,new
fc69f341edf3dc253206,Sabri,Massage & spa,phuket,Patong,TH,Asia,,,,,7.89789,98.30179,,,osm,walk-in,6,new
f1837f707de63df2297f,Sacramonte cafe,Café,phuket,Karon,TH,Asia,,,,,7.84659,98.29844,,,osm,walk-in,6,new
e3a9514a977338b9fa1a,Safari Beach Hotel,Hotel,phuket,Patong,TH,Asia,,,,,7.89449,98.29566,,,osm,walk-in,6,new
d284d367d8345fdc521d,Sai Rougn Residence สายรุ้งเรสสิเด้นท์,Hotel,phuket,Patong,TH,Asia,,,,,7.87883,98.29445,,,osm,walk-in,6,new
cc7b222e5ab9a2fe58a5,Sak Massage,Massage & spa,phuket,Bang Tao,TH,Asia,,,,,8.02527,98.33374,,,osm,walk-in,6,new
1af0c375016685c74b59,Sakura food and drink,Café,phuket,Chalong,TH,Asia,,,,,7.85286,98.34693,,,osm,walk-in,6,new
7256d416b33c69809811,Sala Bua,Restaurant,phuket,Karon,TH,Asia,,,,,7.83481,98.29848,,,osm,walk-in,6,new
e3e7924862c312ad1a5b,Salad Diary,Restaurant,phuket,Rawai,TH,Asia,,,http://thetitlephuket.wix.com/thetitlephuket,,7.77204,98.32105,,,osm,walk-in,6,new
e949adb243243302c26c,Salalloy Seafood,Restaurant,phuket,Rawai,TH,Asia,,,,,7.77454,98.32566,,,osm,walk-in,6,new
2db6e10c35050925e3ef,Salaloy seafood,Restaurant,phuket,Rawai,TH,Asia,,,,,7.77451,98.32576,,,osm,walk-in,6,new
39036634041e96e2ade7,Salathai Resort,Hotel,phuket,Patong,TH,Asia,,,,,7.8971,98.29768,,,osm,walk-in,6,new
a6f30385edf729402444,Saloma,Massage & spa,phuket,Patong,TH,Asia,,,,,7.89448,98.2951,,,osm,walk-in,6,new
b5c25d09162fa58c0413,Salt & Pepper,Restaurant,phuket,Kamala,TH,Asia,,,,Rim Hat Road,7.95024,98.28046,,,osm,walk-in,6,new
1ed6b72d1a57de3692dc,Sam Chor,Restaurant,phuket,Patong,TH,Asia,,,,,7.89628,98.30282,,,osm,walk-in,6,new
2663fe3a78c89cfa2c85,Sam Pee Nong Restaurant & Hat Yai Fried Chicken,Restaurant,phuket,Patong,TH,Asia,,,https://maps.app.goo.gl/TjVeRXfFDefgJEDZA,32/3 Prachanukhro Rd Patong,7.88277,98.29479,,,osm,walk-in,6,new
840587b4c4e9509fafb1,Sam's Steaks & Grill,Restaurant,phuket,Patong,TH,Asia,,,,,7.88868,98.29255,,,osm,walk-in,6,new
d841a60f18ab210feede,Sanam Ging Merit base (vegan),Street food,phuket,Nai Yang,TH,Asia,,,,,8.09422,98.30542,,,osm,walk-in,6,new
ce35a98953890967b79d,Sand Bar,Bar,phuket,Old Town,TH,Asia,,,,,7.90231,98.36262,,,osm,walk-in,6,new
4ffebe8ace04c57a642b,Sandwich box,Café,phuket,Karon,TH,Asia,,,,,7.83408,98.29618,,,osm,walk-in,6,new
6e2124d8bcc172524204,Sandy House,Guesthouse,phuket,Koh Kaew,TH,Asia,,,,,7.91922,98.3969,,,osm,walk-in,6,new
6e96329ce54ce5574332,Sanook Restaurant,Restaurant,phuket,Bang Tao,TH,Asia,,,,,8.02873,98.29563,,,osm,walk-in,6,new
e2f20818a6663ed02b98,Sanset garden heuse,Café,phuket,Nai Harn,TH,Asia,,,,,7.76248,98.30631,,,osm,walk-in,6,new
efbc6642e3eae2afa3c7,Santiphap,Hotel,phuket,Chalong,TH,Asia,,,,,7.84985,98.35626,,,osm,walk-in,6,new
38b4370ce70d53419242,Sanuk Bungalows,Hotel,phuket,Rawai,TH,Asia,,,,,7.77727,98.31851,,,osm,walk-in,6,new
b8ee38cd2a56c62e6cd2,Sarita Mansion,Hotel,phuket,Phuket Town,TH,Asia,,,,,7.87433,98.38863,,,osm,walk-in,6,new
324d1b9621368da461b9,Sati,Massage & spa,phuket,Surin,TH,Asia,,,,,7.97956,98.28007,,,osm,walk-in,6,new
d12482e5c034bae887b5,Save Drug,Pharmacy,phuket,Patong,TH,Asia,,,,,7.89022,98.30086,,,osm,walk-in,6,new
3f3a2f4fdcc158c8c39a,Savoey,Restaurant,phuket,Patong,TH,Asia,,,,,7.89426,98.29554,,,osm,walk-in,6,new
1cf1dfc1ee162fbef0ec,Sawasdee Village Resort,Hotel,phuket,Kata,TH,Asia,,,,,7.82143,98.30085,,,osm,walk-in,6,new
fa84efd2693d02487c8b,Scuba Market Thailand,Diving,phuket,Kata,TH,Asia,,,,,7.82014,98.30627,,,osm,walk-in,6,new
76f93e9795510baa0ca7,Sea Almond,Restaurant,phuket,Nai Yang,TH,Asia,,,,,8.08908,98.29742,,,osm,walk-in,6,new
e1fe1c316fa36934e587,Sea Beach Inn,Hotel,phuket,Karon,TH,Asia,,,https://www.seabeachinn.com,,7.84801,98.29351,,,osm,walk-in,6,new
8141d38152e79bfc4709,Sea Breeze Bungalows,Hotel,phuket,Kata,TH,Asia,,,,,7.81424,98.30022,,,osm,walk-in,6,new
7251e12330a835890286,Sea Breeze Inn,Guesthouse,phuket,Karon,TH,Asia,,,,,7.84979,98.29516,,,osm,walk-in,6,new
1b0aa65b1e9c982b0d15,Sea Calm Cafe & Bistro,Café,phuket,Airport,TH,Asia,,,,,8.10183,98.30297,,,osm,walk-in,6,new
b957bac198c8983ed2ab,Sea Front Home,Hotel,phuket,Patong,TH,Asia,,,,,7.90201,98.30096,,,osm,walk-in,6,new
4d4386f3dbe549c1da8f,Sea Hotel,Guesthouse,phuket,Kamala,TH,Asia,,,,,7.94713,98.29864,,,osm,walk-in,6,new
d1971b7a5115bc30e9d8,Sea Pearl Villas & Spa Resort,Hotel,phuket,Patong,TH,Asia,,,,,7.90485,98.31352,,,osm,walk-in,6,new
7a27ffe412fc2385d77b,Sea Shell Bar,Bar,phuket,Kata,TH,Asia,,,,,7.81997,98.30212,,,osm,walk-in,6,new
e348760ce967ebae8102,Sea Star Bar,Bar,phuket,Kata,TH,Asia,,,,,7.82005,98.30079,,,osm,walk-in,6,new
b60464734880acb920af,Sea View,Bar,phuket,Patong,TH,Asia,,,,,7.88727,98.29135,,,osm,walk-in,6,new
065d3b216add3b11bd40,Sea oak,Café,phuket,Nai Harn,TH,Asia,,,,,7.77726,98.30577,,,osm,walk-in,6,new
14a2e9b03b27d0d81116,Sea-U,Restaurant,phuket,Airport,TH,Asia,,,,,8.10102,98.30638,,,osm,walk-in,6,new
f7d78c43d8cb98cd1229,Seafood Phutawan,Restaurant,phuket,Nai Yang,TH,Asia,,,,,8.06303,98.27808,,,osm,walk-in,6,new
684fa1d2976cdaef9c2a,Seafood Station,Restaurant,phuket,Chalong,TH,Asia,,,,,7.86548,98.34835,,,osm,walk-in,6,new
a7c9b7e785ff71fa68e1,Seafood swing,Restaurant,phuket,Kata,TH,Asia,,,,,7.81574,98.30593,,,osm,walk-in,6,new
5fb3fca9b222e4c21511,Sealay Sea Space,Restaurant,phuket,Phuket Town,TH,Asia,,,,,7.87614,98.42959,,,osm,walk-in,6,new
f6860eadff6c7602b832,Seashell museum,Museum,phuket,Rawai,TH,Asia,,,,,7.78291,98.32851,,,osm,walk-in,6,new
b9352570ab3c780ddcce,Seaside,Restaurant,phuket,Kata,TH,Asia,,,,,7.80536,98.29968,,,osm,walk-in,6,new
54f0e86f879b301ab995,Seaside Terrace,Restaurant,phuket,Patong,TH,Asia,,,,,7.88762,98.29177,,,osm,walk-in,6,new
c71c9302ce98528ae8ee,Seasonal Tastes,Restaurant,phuket,Phuket Town,TH,Asia,,,,,7.87223,98.42942,,,osm,walk-in,6,new
ab3bcb05e7ed50d2c9d6,Seaview Bar,Bar,phuket,Nai Yang,TH,Asia,,,,,8.06039,98.27785,,,osm,walk-in,6,new
58409b653318b3c630da,Seaview Patong Hotel ซีวิวป่าตอง โฮเต็ล,Hotel,phuket,Patong,TH,Asia,,,,,7.88549,98.28826,,,osm,walk-in,6,new
43741c61c6ce0273c2a8,Seaview Residence(ซีวิวเรสซิเดนส์),Hotel,phuket,Kata,TH,Asia,,,,,7.80988,98.29962,,,osm,walk-in,6,new
6112ff2ff78cac33e3b9,Secret Cliff,Restaurant,phuket,Karon,TH,Asia,,,,,7.86048,98.28453,,,osm,walk-in,6,new
6c09df1710cfc6681f12,Secret Cliff Resort,Hotel,phuket,Karon,TH,Asia,,,,,7.86095,98.28424,,,osm,walk-in,6,new
1e2df195f256b36e03ce,Secret Cliff reception,Hotel,phuket,Karon,TH,Asia,,,,,7.86065,98.28412,,,osm,walk-in,6,new
4c5d75eae2e4cb93a010,Seduction Nightclub,Nightlife,phuket,Patong,TH,Asia,,,,70/3 Bangla Road,7.89319,98.29799,,,osm,walk-in,6,new
a7a59fe0045860ab8e33,Seeka Boutique Resort,Hotel,phuket,Patong,TH,Asia,,,,,7.88103,98.29797,,,osm,walk-in,6,new
4ca1057c0e10227b85c6,Selina Serenity Rawai Pukhet,Hotel,phuket,Rawai,TH,Asia,,,https://www.selina.com/thailand/phuket/,,7.80113,98.33669,,,osm,walk-in,6,new
6e2ac2fe778336604190,Sense of Yanui,Hotel,phuket,Nai Harn,TH,Asia,,,,,7.768,98.30816,,,osm,walk-in,6,new
90a73f4b20153bba56b0,Serenity Residence Lakeview,Hotel,phuket,Kathu,TH,Asia,,,,,7.91582,98.32838,,,osm,walk-in,6,new
16ba34426da0f17a76b7,Seven Seas Hotel Отель,Hotel,phuket,Patong,TH,Asia,,,,,7.90708,98.29838,,,osm,walk-in,6,new
4f1b1ef8b578e94b1ab3,Shabu Kong&Grill Kong,Restaurant,phuket,Old Town,TH,Asia,,,,2/1 หมู่ 4 วิรัตน์หงษ์หยก Phuket,7.88153,98.36466,,,osm,walk-in,6,new
04de7f027d1022c62821,Shakers,Restaurant,phuket,Rawai,TH,Asia,,,,,7.78248,98.31642,,,osm,walk-in,6,new
31d47952d6ba22720cb6,Shameena,Restaurant,phuket,Nai Yang,TH,Asia,,,,,8.05922,98.27812,,,osm,walk-in,6,new
67d20c4795ea017d078f,Shanaya Beach Resort & Spa,Hotel,phuket,Patong,TH,Asia,,,,,7.89831,98.29713,,,osm,walk-in,6,new
8eee528bbe164b904829,Sharks bites,Restaurant,phuket,Rawai,TH,Asia,,,,,7.79245,98.32387,,,osm,walk-in,6,new
e03bbf5564ecb6d543f4,Shaverma Gang,Street food,phuket,Rawai,TH,Asia,,,,,7.78237,98.31673,,,osm,walk-in,6,new
4360542af55099094494,Shelter,Café,phuket,Old Town,TH,Asia,,,,,7.88858,98.3701,,,osm,walk-in,6,new
68fbc4e58877da83584d,Shine Spa,Hotel,phuket,Cape Panwa,TH,Asia,,,,,7.81324,98.38937,,,osm,walk-in,6,new
263798b295ca7d975273,Shipwreck,Bar,phuket,Patong,TH,Asia,,,,,7.89383,98.29571,,,osm,walk-in,6,new
c5491bc61d57f38ea930,Shiro,Restaurant,phuket,Chalong,TH,Asia,,,,,7.83088,98.34117,,,osm,walk-in,6,new
b57185172136fba98f46,Shishka Lounge,Bar,phuket,Chalong,TH,Asia,,,,,7.82432,98.33741,,,osm,walk-in,6,new
867e57258dffba72d722,Shopping Paradise,Market,phuket,Patong,TH,Asia,,,,,7.8869,98.29554,,,osm,walk-in,6,new
06bc2de1c271269afa13,Shukuji Japanese Restaurant,Restaurant,phuket,Old Town,TH,Asia,,,,23/13 ถนนประชาอุทิศ1 รัษฎา,7.90883,98.37033,,,osm,walk-in,6,new
6a4e3c9915aad8d539e9,Shun Sushi,Restaurant,phuket,Old Town,TH,Asia,,,,,7.90026,98.3679,,,osm,walk-in,6,new
b8be2458738e40a7a684,Siam Ladana,Souvenirs & gifts,phuket,Kamala,TH,Asia,,,,75/23 Rim Hat Road,7.95025,98.28071,,,osm,walk-in,6,new
4aa32adba0b6e5d9e871,Siam Niramit,Vehicle rental,phuket,Karon,TH,Asia,,,,,7.84871,98.29399,,,osm,walk-in,6,new
eeede200b46e994d6d68,Siam Noodles,Café,phuket,Old Town,TH,Asia,,,,,7.88507,98.38744,,,osm,walk-in,6,new
b2684c65a9a4c6f884b8,Siam Palm Residence,Hotel,phuket,Patong,TH,Asia,,,,,7.90058,98.2998,,,osm,walk-in,6,new
7113c6526fc02a2a7385,Siam Villas Phuket,Hotel,phuket,Chalong,TH,Asia,,,,,7.85395,98.34501,,,osm,walk-in,6,new
750e2d02fc47d372623d,Siamese massage,Massage & spa,phuket,Karon,TH,Asia,,,,ถนนปฏัก,7.84519,98.29882,,,osm,walk-in,6,new
809c3f25c7d5ddd198e6,Sienna Rocks Cafe,Café,phuket,Kamala,TH,Asia,,,,,7.95003,98.27467,,,osm,walk-in,6,new
cbcfe485bc9a74a6e110,Silmie,Restaurant,phuket,Bang Tao,TH,Asia,,,,,7.98668,98.28776,,,osm,walk-in,6,new
bea7554755b2fd74bb1c,Silver Resortel,Hotel,phuket,Patong,TH,Asia,,,,,7.89775,98.29739,,,osm,walk-in,6,new
0e8f68d2e4abe781ada3,Sino Café,Café,phuket,Old Town,TH,Asia,,,https://www.thedometennisclub.com/courts,,7.88711,98.36061,,,osm,walk-in,6,new
2e519b9be9cde868e077,Sino House,Hotel,phuket,Phuket Town,TH,Asia,,,,,7.88667,98.39361,,,osm,walk-in,6,new
b8d6a107ee049605a93e,Sinthavee Hotel,Hotel,phuket,Phuket Town,TH,Asia,,,,,7.88358,98.38985,,,osm,walk-in,6,new
76226fccd6db54a8ddb1,Sira Boutique Residence,Hotel,phuket,Patong,TH,Asia,,,,41/20 Phrabaramee Phuket,7.90171,98.30731,,,osm,walk-in,6,new
89eb53676531d9ff75c6,Siray Resort Bar,Bar,phuket,Phuket Town,TH,Asia,,,,,7.87529,98.42466,,,osm,walk-in,6,new
528eba41d795baef6c2b,Sirikul Mansion,Hotel,phuket,Airport,TH,Asia,,,,,8.10361,98.30861,,,osm,walk-in,6,new
40f65f8c1bec8b654f3a,Sixory Coffee,Café,phuket,Old Town,TH,Asia,,,,,7.88539,98.3876,,,osm,walk-in,6,new
675824e6dd4887d7845f,Sixteenth Naiyang Beach,Hotel,phuket,Airport,TH,Asia,,,,,8.10082,98.30609,,,osm,walk-in,6,new
1ba5956637652b3877b9,Ska Bar,Bar,phuket,Kata,TH,Asia,,,,,7.81383,98.29828,,,osm,walk-in,6,new
4f2976b23d0cebad5d54,Sky,Bar,phuket,Karon,TH,Asia,,,,,7.8446,98.29552,,,osm,walk-in,6,new
ca7c854df0941d10c6d1,Sky Herb & Souvenir,Souvenirs & gifts,phuket,Nai Yang,TH,Asia,,,,,8.09277,98.30312,,,osm,walk-in,6,new
1e52f124243d408c263d,Sky house,Guesthouse,phuket,Karon,TH,Asia,,,,,7.84825,98.29527,,,osm,walk-in,6,new
94d805278d7aa8ff1d39,Skyline adventure,Attraction,phuket,Nai Harn,TH,Asia,,,,,7.79247,98.30492,,,osm,walk-in,6,new
b684e4aa9ac697ceb099,Skywalk,Café,phuket,Airport,TH,Asia,,,,,8.11159,98.32161,,,osm,walk-in,6,new
cbca698b21db4d140904,Slippery,Nightlife,phuket,Patong,TH,Asia,,,,,7.89429,98.29684,,,osm,walk-in,6,new
aa693358d63857c802e2,Small Shells,Hotel,phuket,Patong,TH,Asia,,,,78/4 Nanai Soi 8 Patong Beach,7.88439,98.29606,,,osm,walk-in,6,new
43adfef7d33da93e22f5,Small Thai,Restaurant,phuket,Kata,TH,Asia,,,,ถนนโคกโตนด,7.81597,98.30344,,,osm,walk-in,6,new
9d017432c458838aefdf,Small view point,Café,phuket,Kata,TH,Asia,,,,,7.80233,98.30583,,,osm,walk-in,6,new
d03e11c833707e1d3d19,Smart Tailor,Tailor,phuket,Nai Yang,TH,Asia,,,,,8.08667,98.30069,,,osm,walk-in,6,new
6094e60188cef65b509b,Smigos,Restaurant,phuket,Bang Tao,TH,Asia,,,,,8.0078,98.29248,,,osm,walk-in,6,new
5f74a0992eddfa94053b,Smile House,Guesthouse,phuket,Karon,TH,Asia,,,,,7.83293,98.29674,,,osm,walk-in,6,new
4c86ec1dc0b43f693fca,Smile House Kata,Hotel,phuket,Kata,TH,Asia,,,,,7.82314,98.30025,,,osm,walk-in,6,new
bcea5e00fcd0b5f56933,Smith's gym,Gym & fitness,phuket,Kata,TH,Asia,,,,,7.81935,98.30821,,,osm,walk-in,6,new
c2f0571fa901534f3651,Smoke Bar,Bar,phuket,Patong,TH,Asia,,,,,7.89648,98.30067,,,osm,walk-in,6,new
74d0ae999c469df3b521,Snug Airportel,Hotel,phuket,Airport,TH,Asia,,,,,8.0995,98.30606,,,osm,walk-in,6,new
b381916ef7863c54fbba,Sofia,Café,phuket,Karon,TH,Asia,,,,,7.83415,98.2976,,,osm,walk-in,6,new
5fe19d9f777f8d425084,Soi Dog Foundation,animal_shelter,phuket,Mai Khao,TH,Asia,,,https://www.soidog.org,,8.12829,98.3131,,,osm,walk-in,6,new
dd126af3b0ed98e67552,Soitan BBQ,Café,phuket,Patong,TH,Asia,,,,,7.885,98.29539,,,osm,walk-in,6,new
ca0a7f1f00261b76cfe2,Solo Pasta,Restaurant,phuket,Rawai,TH,Asia,,,,,7.78513,98.31746,,,osm,walk-in,6,new
6b1e6a3a1986aec07d5a,Som,Restaurant,phuket,Patong,TH,Asia,,,,,7.91204,98.29473,,,osm,walk-in,6,new
9a94d6aa9cee38bbe8fb,Som Tam Kit,Restaurant,phuket,Kata,TH,Asia,,,,Kata-Sai Yuan Road,7.81073,98.30183,,,osm,walk-in,6,new
badbf473966bc4ccf3ba,Som Tam Toh Kwen,Restaurant,phuket,Rawai,TH,Asia,,,,,7.7889,98.32909,,,osm,walk-in,6,new
369e5227ceab8e02cb31,SomSak Cafe,Café,phuket,Phuket Town,TH,Asia,,,,,7.88603,98.39247,,,osm,walk-in,6,new
e8a740e4147e4f39525f,Somtam Natakor,Restaurant,phuket,Paklok,TH,Asia,,,,,8.05924,98.40998,,,osm,walk-in,6,new
ffe1d4543af27ebefc44,Somtam Restaurant Halal,Restaurant,phuket,Cherngtalay,TH,Asia,,,,,7.97996,98.29449,,,osm,walk-in,6,new
1f31eac6a431220768f1,Som’s Kitchen,Restaurant,phuket,Kamala,TH,Asia,,,,,7.95166,98.28428,,,osm,walk-in,6,new
365d461f765a32871f42,Sondrio,Restaurant,phuket,Kamala,TH,Asia,,,,,7.94608,98.28039,,,osm,walk-in,6,new
03b64c1b86cc3deb7314,Song Pee Nang,Restaurant,phuket,Patong,TH,Asia,,,,,7.88909,98.29452,,,osm,walk-in,6,new
f69fcff361e9ae17daee,Song Pee Nong,Restaurant,phuket,Patong,TH,Asia,,,,,7.89097,98.29715,,,osm,walk-in,6,new
fd952670e118126b95f3,Sook jai thai,Restaurant,phuket,Cape Panwa,TH,Asia,,,,,7.81306,98.38978,,,osm,walk-in,6,new
725f57adceeca7d8508d,Sottovento restaurant,Restaurant,phuket,Rawai,TH,Asia,,,,,7.78224,98.31643,,,osm,walk-in,6,new
bc7dd1f0dcc0f1c92a1e,South Siam Guesthouse,Guesthouse,phuket,Kata,TH,Asia,,,,"25 Ketkwan Road Kata Beach, Tambon Karon",7.82146,98.30189,,,osm,walk-in,6,new
bd384bb1ae0d0b40e02e,Southern Curry,Restaurant,phuket,Koh Kaew,TH,Asia,,,,,7.9353,98.38168,,,osm,walk-in,6,new
5d300692556656207b60,Southside,Café,phuket,Rawai,TH,Asia,,,,,7.77288,98.32277,,,osm,walk-in,6,new
9d1fd1f016a195d4928c,Souvenir Shop,Souvenirs & gifts,phuket,Kata,TH,Asia,,,,,7.82005,98.30058,,,osm,walk-in,6,new
f986dc6dcaf01818d21e,Spa,Beauty & spa,phuket,Paklok,TH,Asia,,,,,8.05644,98.45857,,,osm,walk-in,6,new
e5f3459372a978e5d6a8,Spa and beauty shop,Beauty & spa,phuket,Chalong,TH,Asia,,,,,7.85416,98.34466,,,osm,walk-in,6,new
8d4dc7da20c67ade2e9c,Speed bar & restaurant,Bar,phuket,Rawai,TH,Asia,,,,,7.77577,98.31886,,,osm,walk-in,6,new
165d55095400209f7808,Spice House,Restaurant,phuket,Kata,TH,Asia,,,,,7.82443,98.2976,,,osm,walk-in,6,new
f80ec51ca693152cd062,Spicy Wing Restaurant & Bar,Restaurant,phuket,Airport,TH,Asia,,,,,8.10105,98.30818,,,osm,walk-in,6,new
9b70786a3553fa3d54b5,"Splash Beach Resort, Maikhao Phuket",Hotel,phuket,Airport,TH,Asia,,,,,8.11591,98.30587,,,osm,walk-in,6,new
31a83f1f49bc800a1d7f,Splash Jungle Water Park,Water park,phuket,Airport,TH,Asia,,,https://splashjunglewaterpark.com/,65 Moo 4 Mai khao Soi 4 Thalang,8.11731,98.30648,,,osm,walk-in,6,new
e39a91b32b5a5133f7d5,Stammtisch,Restaurant,phuket,Rawai,TH,Asia,,,,,7.78457,98.31739,,,osm,walk-in,6,new
a884aceadcdf27b4de8e,Star Hotel Patong,Hotel,phuket,Patong,TH,Asia,,,,,7.88061,98.29331,,,osm,walk-in,6,new
2cd03fb5a70b24f10cae,Star's Fashion,Tailor,phuket,Cape Panwa,TH,Asia,,,,,7.80565,98.40584,,,osm,walk-in,6,new
2bad18560889a6c2f1f7,Starfish Bar & Restaurant,Bar,phuket,Patong,TH,Asia,,,,,7.89655,98.30039,,,osm,walk-in,6,new
fa4a97f3b4553a0379fe,Stat Fit Eight,dojo,phuket,Kata,TH,Asia,,,,,7.80861,98.32933,,,osm,walk-in,6,new
dbd6cac82009f2236012,Stay Wabi Sabi,Restaurant,phuket,Koh Kaew,TH,Asia,,,,,7.95605,98.37074,,,osm,walk-in,6,new
b8198ae3c06783f9cc85,Steak 69,Restaurant,phuket,Karon,TH,Asia,,,,,7.84127,98.30237,,,osm,walk-in,6,new
38a99b3c8d3937e8208a,Steak Tonight 2,Restaurant,phuket,Old Town,TH,Asia,,,,,7.89339,98.38589,,,osm,walk-in,6,new
7f6044ae8f90555f240c,Steak tonight,Café,phuket,Cherngtalay,TH,Asia,,,,,7.98002,98.29504,,,osm,walk-in,6,new
f261ee9efdfc8a37c0b1,Steak tonight 3,Café,phuket,Kathu,TH,Asia,,,,,7.89954,98.34676,,,osm,walk-in,6,new
352308d1f9f100f519ed,Steakhouse Rico's Pizzeria,Restaurant,phuket,Bang Tao,TH,Asia,,,,69/115 Bangtao Beach Rd Thalang,7.98635,98.2894,,,osm,walk-in,6,new
45e38cdd41a184240703,Stek House (Halal),Restaurant,phuket,Kamala,TH,Asia,,,,W7WM+MQP Khok Yang Road,7.94647,98.28459,,,osm,walk-in,6,new
3b16e37aa196354bed39,Sthani Mi Send,Restaurant,phuket,Nai Harn,TH,Asia,,,,,7.79558,98.31511,,,osm,walk-in,6,new
0685ef04120ce3bf7ae5,Stoned crab,Bar,phuket,Rawai,TH,Asia,,,,,7.79249,98.32372,,,osm,walk-in,6,new
407448b8d595b981d317,Street Food Restaurant,Restaurant,phuket,Old Town,TH,Asia,,,,,7.88487,98.38909,,,osm,walk-in,6,new
1b24b8fd9720efd708cc,Street food,Street food,phuket,Rawai,TH,Asia,,,,,7.79599,98.32652,,,osm,walk-in,6,new
2469b645f6d570b31006,Street food cafe,Café,phuket,Rawai,TH,Asia,,,,,7.80148,98.33362,,,osm,walk-in,6,new
2e2859eb1984dc7552a6,Streetfood delux mit lecker Spießchen,Street food,phuket,Karon,TH,Asia,,,,,7.83445,98.29853,,,osm,walk-in,6,new
478aa709c77a3c7127ee,Strength Gym,Gym & fitness,phuket,Paklok,TH,Asia,,,,,8.04833,98.35325,,,osm,walk-in,6,new
72e2746380963bb77cc4,Suay,Restaurant,phuket,Cherngtalay,TH,Asia,,,,,7.99137,98.30578,,,osm,walk-in,6,new
0f84a2b16a2515d4cf1d,Subway,Street food,phuket,Airport,TH,Asia,,,,,8.10589,98.30525,,,osm,walk-in,6,new
949ee2053268b898d1eb,Sudarat,Hotel,phuket,Patong,TH,Asia,,,,,7.88701,98.30247,,,osm,walk-in,6,new
23daf8a4c219a4576b77,Sugar & Spice Restaurant at Dome Resort,Restaurant,phuket,Kata,TH,Asia,,,,,7.82395,98.29863,,,osm,walk-in,6,new
e11f07029425da2368e6,Sugar Cane,Restaurant,phuket,Bang Tao,TH,Asia,,,,,7.98971,98.29223,,,osm,walk-in,6,new
aa012a7a04baca32946e,Sugar Marina,Hotel,phuket,Nai Yang,TH,Asia,,,,,8.09817,98.30729,,,osm,walk-in,6,new
834d762a1ea7d3c89f0b,Sugar Marina Lagoon,Hotel,phuket,Nai Yang,TH,Asia,,,,,8.07524,98.29816,,,osm,walk-in,6,new
45b04953526a9c874acb,Sugar Marina Resort,Hotel,phuket,Kata,TH,Asia,,,,,7.81626,98.30141,,,osm,walk-in,6,new
ccbbd2343f1bb666da97,Sugar Marina Resort - Art,Hotel,phuket,Karon,TH,Asia,,,,,7.84894,98.29404,,,osm,walk-in,6,new
4397a05b77fe311d0ed3,Sugar Marina Surf,Hotel,phuket,Kata,TH,Asia,,,,,7.82444,98.29902,,,osm,walk-in,6,new
9546fb5513954a55655a,Sugar Palm Grand Hillside Reception,Hotel,phuket,Kata,TH,Asia,,,,,7.8148,98.30101,,,osm,walk-in,6,new
a8e34c72be2dbf3d1785,Sugar Palm resort,Hotel,phuket,Kata,TH,Asia,,,,,7.81657,98.30174,,,osm,walk-in,6,new
e7c5851b6ddbb01ae1ae,Sukcheewa Residence Phuket,Hotel,phuket,Patong,TH,Asia,,,,,7.87976,98.29256,,,osm,walk-in,6,new
2b9603d0812e3f532bec,Sukcheewa restaurant,Restaurant,phuket,Patong,TH,Asia,,,,,7.87967,98.29264,,,osm,walk-in,6,new
c48b222de5aa7a93ddb2,Suki Palm,Guesthouse,phuket,Chalong,TH,Asia,,,,,7.82489,98.34358,,,osm,walk-in,6,new
92835269c7c8cdd4e514,Sukko Spa,Beauty & spa,phuket,Chalong,TH,Asia,,,,,7.86439,98.3452,,,osm,walk-in,6,new
9057ec2a2c788f8c09fa,Sun Tree Bar,Bar,phuket,Patong,TH,Asia,,,,,7.89662,98.30059,,,osm,walk-in,6,new
54de029233f0bb6a86cb,Sunday,Massage & spa,phuket,Kathu,TH,Asia,,,,7/15,7.92002,98.33332,,,osm,walk-in,6,new
20d5b3789c1b3a60a84b,Sunee Bar & Restaurant,Bar,phuket,Patong,TH,Asia,,,,,7.89663,98.30025,,,osm,walk-in,6,new
5ab89fef9f72c5b46544,Sunflower massage,Massage & spa,phuket,Rawai,TH,Asia,,,,,7.77159,98.31841,,,osm,walk-in,6,new
6d9d4ac8c4cb54176031,Sunny Breakfast Café,Café,phuket,Karon,TH,Asia,,,,,7.83423,98.29871,,,osm,walk-in,6,new
e85226f7c74b4e376410,Sunprime Kamala Beach,Hotel,phuket,Kamala,TH,Asia,,,,,7.95245,98.28456,,,osm,walk-in,6,new
720dc7e9049e7f841f11,Sunrise Bar,Bar,phuket,Patong,TH,Asia,,,,,7.89678,98.30025,,,osm,walk-in,6,new
56182d232f5f3747fa4d,Sunrise Serenity,Hotel,phuket,Karon,TH,Asia,,,,6/2 ปฎัก ซอย 22,7.84909,98.29903,,,osm,walk-in,6,new
ec5dc17fa394029a66b5,Sunset Bar,Bar,phuket,Patong,TH,Asia,,,,,7.88754,98.29168,,,osm,walk-in,6,new
8f1e626c62d5721b6c60,Sunset Restaurant,Restaurant,phuket,Patong,TH,Asia,,,,,7.90385,98.29745,,,osm,walk-in,6,new
81e2f152255a643618cd,Sunshine Home,Hotel,phuket,Patong,TH,Asia,,,,,7.89748,98.29731,,,osm,walk-in,6,new
3223a224cc2c8bc8c4df,Sunsuri Sunset Market,Market,phuket,Nai Harn,TH,Asia,,,,,7.77941,98.30885,,,osm,walk-in,6,new
3390f60845246d700ac6,Sunwing Kamala Beach,Hotel,phuket,Kamala,TH,Asia,,,,,7.95196,98.2844,,,osm,walk-in,6,new
508cac674dec97064d24,Sunwing Resort & Spa,Hotel,phuket,Bang Tao,TH,Asia,,,,,7.99023,98.29178,,,osm,walk-in,6,new
b4607e012d39e4602aaf,Supalai Resort & Spa,Hotel,phuket,Paklok,TH,Asia,,,,,8.08387,98.43386,,,osm,walk-in,6,new
8c5751ab3f7f6a5ee09b,Supattra Village สุพัตรา วิลเลจ,Hotel,phuket,Patong,TH,Asia,,,,,7.88018,98.29965,,,osm,walk-in,6,new
8543538395118ca06c76,Super Cheap Pharmacy Naka,Pharmacy,phuket,Old Town,TH,Asia,,,,,7.88073,98.36742,,,osm,walk-in,6,new
148e6b5c06cfe3d2974d,Surf Inn,Hotel,phuket,Patong,TH,Asia,,,,ซอยพระบารมี 3 Patong,7.90643,98.30689,,,osm,walk-in,6,new
6ba36055a977f6752b6f,Surfing,training,phuket,Kata,TH,Asia,,,https://www.surfhousephuket.com,,7.81666,98.29967,,,osm,walk-in,6,new
256b263f1e27e729a476,Surin Bay Inn,Hotel,phuket,Surin,TH,Asia,,,,,7.97622,98.28036,,,osm,walk-in,6,new
0fa722959623376e50d2,Surin Chill House,Café,phuket,Surin,TH,Asia,,,,Soi Bangtao 4/1,7.97928,98.28012,,,osm,walk-in,6,new
f1cc4f82c664b569aed4,Surin Park,Hotel,phuket,Surin,TH,Asia,,,,,7.98154,98.28047,,,osm,walk-in,6,new
b21577519ba6a8d56b3b,Sushi Box,Restaurant,phuket,Patong,TH,Asia,,,,,7.89377,98.29841,,,osm,walk-in,6,new
9c9f75977c3cdace7c89,Sutin,Bar,phuket,Karon,TH,Asia,,,,,7.8483,98.29514,,,osm,walk-in,6,new
6c9e6d3ca9648e323e75,Suzuki Big Bike,Vehicle rental,phuket,Phuket Town,TH,Asia,,,https://www.thaisuzuki.co.th/bigbike/,,7.87594,98.38964,,,osm,walk-in,6,new
31d34806b28544c8c79c,Suzy Wong,Nightlife,phuket,Patong,TH,Asia,,,,,7.8944,98.29717,,,osm,walk-in,6,new
41615cee320a8474c6f8,Suzy Wong Harem,Nightlife,phuket,Patong,TH,Asia,,,,,7.8942,98.29678,,,osm,walk-in,6,new
575924c9cf63e5b551cd,Swagen Bar Cocktail,Bar,phuket,Kata,TH,Asia,,,,,7.81992,98.29986,,,osm,walk-in,6,new
ac39c5209c1234e36757,Swe,Café,phuket,Karon,TH,Asia,,,,,7.8531,98.29483,,,osm,walk-in,6,new
201e34f166e67416ee5e,Sweet Dreams,Hotel,phuket,Patong,TH,Asia,,,,,7.87976,98.29206,,,osm,walk-in,6,new
9e69a84cc9898168e1cd,Sweet Lemongrass Massage,Massage & spa,phuket,Patong,TH,Asia,,,,162/5 Nanaisoi 8,7.88132,98.29813,,,osm,walk-in,6,new
1a6e9be93dd3fc8e5a1c,Sweetie Bar,Bar,phuket,Patong,TH,Asia,,,,,7.89358,98.29648,,,osm,walk-in,6,new
01d267c19c4dd7a0482d,Swiss Villas Panoramic,Hotel,phuket,Patong,TH,Asia,,,,,7.90542,98.30163,,,osm,walk-in,6,new
2cecc5744473fae89ec4,T-Terrace Guesthouse,Hotel,phuket,Patong,TH,Asia,,,,,7.88966,98.29617,,,osm,walk-in,6,new
1b6f5d28262e9fc35bc3,T-Villa Phuket,Hotel,phuket,Nai Yang,TH,Asia,,,,,8.09235,98.30696,,,osm,walk-in,6,new
dc3f840628d6a55b5b8b,T-din Cafe,Café,phuket,Old Town,TH,Asia,,,,,7.90136,98.3778,,,osm,walk-in,6,new
dcda2269ef616d913d59,TA-LAY,Café,phuket,Kata,TH,Asia,,,,,7.8247,98.30028,,,osm,walk-in,6,new
a86d88ba57a7c87b7e76,TK Shop,Souvenirs & gifts,phuket,Kamala,TH,Asia,,,,Rim Hat Road,7.94973,98.27995,,,osm,walk-in,6,new
78309f33b67e3ec962e4,TU,Bar,phuket,Cape Panwa,TH,Asia,,,https://www.babaphuket.com/tu-best-rooftop-bar-in-phuket/,,7.80469,98.40801,,,osm,walk-in,6,new
6e552353264499a051ec,Taboo nails,Beauty & spa,phuket,Chalong,TH,Asia,,,,,7.82311,98.3328,,,osm,walk-in,6,new
07844d464509ae67f33f,Tailor Shop,Tailor,phuket,Kata,TH,Asia,,,,,7.82006,98.30048,,,osm,walk-in,6,new
84f534ceed0f38637646,Takiap Thong,Restaurant,phuket,Old Town,TH,Asia,,,,,7.85901,98.37851,,,osm,walk-in,6,new
21fa7ab3ed330b5988a0,Talad,Restaurant,phuket,Mai Khao,TH,Asia,,,,,8.16857,98.29636,,,osm,walk-in,6,new
a7834cbd61200c4a84e1,Tan Restaurant & Massage,Café,phuket,Bang Tao,TH,Asia,,,,,8.02849,98.28913,,,osm,walk-in,6,new
fca1658a92763ec216c8,Tanamas House,Hotel,phuket,Nai Yang,TH,Asia,,,,,8.09185,98.30637,,,osm,walk-in,6,new
495aabc28e210b0f1162,Tara Cafe,Café,phuket,Rawai,TH,Asia,,,,"90/28 Moo 6, Wiset Rd",7.76963,98.316,,,osm,walk-in,6,new
b7528277413d3150711e,Tara Patong Beach Resort,Hotel,phuket,Patong,TH,Asia,,,,,7.8971,98.29803,,,osm,walk-in,6,new
0ee7f4f990eb1bdd7a93,Tarn Tara Spa,Beauty & spa,phuket,Chalong,TH,Asia,,,,,7.8487,98.33797,,,osm,walk-in,6,new
f185ca9fe20eb4bcc3c3,Tarzan Sea Side Cafe,Café,phuket,Cape Panwa,TH,Asia,,,,,7.81824,98.3872,,,osm,walk-in,6,new
6749781c8e9e4d743a5b,Taste Yamu,Restaurant,phuket,Paklok,TH,Asia,,,,,7.98895,98.41886,,,osm,walk-in,6,new
5b13aa6e4192eda8cb88,Tasty fried food,Restaurant,phuket,Kata,TH,Asia,,,,,7.82491,98.29999,,,osm,walk-in,6,new
650a2e92f8fd55b83e66,Tatonka,Restaurant,phuket,Bang Tao,TH,Asia,,,,,7.99476,98.30594,,,osm,walk-in,6,new
c54b5bc1f288f696e89c,Taxi 1584,Transport,phuket,Kamala,TH,Asia,,,,Rim Hat Road,7.95106,98.28208,,,osm,walk-in,6,new
83687d728b52cb53a1a8,Taxi And Motorbike Rent,Transport,phuket,Cape Panwa,TH,Asia,,,,,7.81268,98.38904,,,osm,walk-in,6,new
163e7e1ceb0133f80a45,Taxi Service,Transport,phuket,Cape Panwa,TH,Asia,,,,,7.81195,98.38889,,,osm,walk-in,6,new
fc20df0de57a37f808a5,Tea Tree Phuket,Hotel,phuket,Rawai,TH,Asia,,,,,7.78193,98.33016,,,osm,walk-in,6,new
cc1d32637df6edde16b0,Teerak Bar,Bar,phuket,Patong,TH,Asia,,,,,7.8968,98.30018,,,osm,walk-in,6,new
e649139ddfd57d0813d5,Temple shop,Souvenirs & gifts,phuket,Rawai,TH,Asia,,,,,7.77956,98.32687,,,osm,walk-in,6,new
4787d465bd520788a782,Tempo Restaurant - lounge - KTV,Restaurant,phuket,Chalong,TH,Asia,,,,,7.82744,98.34406,,,osm,walk-in,6,new
160704d229f2c5f213d6,Terrazzo,Restaurant,phuket,Patong,TH,Asia,,,,,7.88846,98.29241,,,osm,walk-in,6,new
2ae12bc243e013494ffc,Texas Chicken,Street food,phuket,Karon,TH,Asia,,,,,7.84229,98.30316,,,osm,walk-in,6,new
d54271b81c962dc4e1da,Texts Chicken,Restaurant,phuket,Nai Yang,TH,Asia,,,,,8.09478,98.30801,,,osm,walk-in,6,new
f47aea5d9da29286636f,Thai Classic House,Hotel,phuket,Patong,TH,Asia,,,,,7.89882,98.30197,,,osm,walk-in,6,new
77dcd5db56dda252310f,Thai Food,Street food,phuket,Rawai,TH,Asia,,,,,7.79896,98.32825,,,osm,walk-in,6,new
7428f39ab13aec79a517,Thai Friend House,Hotel,phuket,Patong,TH,Asia,,,,,7.89752,98.29707,,,osm,walk-in,6,new
cd08a99a904168814e6c,Thai Ho Mei,Restaurant,phuket,Old Town,TH,Asia,,,,"4/61, 11 Wirat Hong Yok Rd, Wichit Phuket",7.88152,98.3658,,,osm,walk-in,6,new
1c503e638adb7407a4e5,Thai Kitchen,Café,phuket,Kata,TH,Asia,,,,,7.82753,98.2995,,,osm,walk-in,6,new
e061c91dcd2ad4d371ba,Thai Palace Resort,Hotel,phuket,Rawai,TH,Asia,,,,6 ถนนวิเศษ,7.77499,98.32598,,,osm,walk-in,6,new
f8a01e80eff8d41605ff,Thai Sabai,Café,phuket,Rawai,TH,Asia,,,,,7.78156,98.3171,,,osm,walk-in,6,new
a7b4bf740e4b3e8c164d,Thai Smile Massage,Massage & spa,phuket,Karon,TH,Asia,,,,,7.83437,98.29845,,,osm,walk-in,6,new
ba5007f576ab6ac9410a,Thai Street Food,Restaurant,phuket,Airport,TH,Asia,,,,,8.10577,98.30542,,,osm,walk-in,6,new
536d29d1166fb8faace0,Thai Thai,Street food,phuket,Airport,TH,Asia,,,,,8.10568,98.3054,,,osm,walk-in,6,new
ec744a67a84b8f5dedca,Thai Thai Restaurant,Restaurant,phuket,Kata,TH,Asia,,,,,7.82239,98.30238,,,osm,walk-in,6,new
89567165412b339ba0c0,Thai Thai cafe and kitchen,Restaurant,phuket,Cape Panwa,TH,Asia,,,,,7.81104,98.38858,,,osm,walk-in,6,new
4eb1bcc74fbbced343cc,Thai gallery and coffee bar,Restaurant,phuket,Kata,TH,Asia,,,,,7.83132,98.31018,,,osm,walk-in,6,new
7c01354a797820c6270a,Thai smile 2,Restaurant,phuket,Patong,TH,Asia,,,,,7.90024,98.30208,,,osm,walk-in,6,new
addd4edbc895b0067300,Thai style,Restaurant,phuket,Kata,TH,Asia,,,,,7.82444,98.29788,,,osm,walk-in,6,new
4c19b3581667d8653571,"Thai, European food",Restaurant,phuket,Kata,TH,Asia,,,,,7.8242,98.29857,,,osm,walk-in,6,new
52fa5d7b5e39a79ea535,ThaiCamp fitness,Gym & fitness,phuket,Rawai,TH,Asia,,,,,7.77296,98.32279,,,osm,walk-in,6,new
38149e6f061f8b6ef825,ThaiRent a car,Vehicle rental,phuket,Nai Yang,TH,Asia,,,,,8.095,98.31157,,,osm,walk-in,6,new
01bb073bc8f862d87c09,Thalang Residence,Guesthouse,phuket,Bang Tao,TH,Asia,,,,,8.02685,98.33137,,,osm,walk-in,6,new
01a32afa72d8e2133ad8,Thamasorn Pharmacy,Pharmacy,phuket,Chalong,TH,Asia,,,,,7.8348,98.3482,,,osm,walk-in,6,new
fe7da8c612fe2ac9df7f,Thangtoh,Restaurant,phuket,Chalong,TH,Asia,,,,,7.83449,98.33761,,,osm,walk-in,6,new
22e4433946d87f114c58,Thank you,Restaurant,phuket,Kamala,TH,Asia,,,,Kamala Main Road,7.94996,98.28545,,,osm,walk-in,6,new
50d1e3351c1e1892f0d7,Thanthip Beach Resort,Hotel,phuket,Patong,TH,Asia,,,,,7.90177,98.30013,,,osm,walk-in,6,new
350d3c270e6f17fb7b96,Thantip Villa Hotel,Hotel,phuket,Patong,TH,Asia,,,,,7.90187,98.2991,,,osm,walk-in,6,new
dd4d9b72965c9acd9d79,Thanyapura Sports Hotel,Hotel,phuket,Paklok,TH,Asia,,,,,8.04919,98.35459,,,osm,walk-in,6,new
8ec5be957e2f4caf304d,Thanyapura Sports and Leisure Club,Gym & fitness,phuket,Paklok,TH,Asia,,,,,8.04853,98.35378,,,osm,walk-in,6,new
357afcad992baf5e842b,Thara Patong Beach Resort & Spa,Hotel,phuket,Patong,TH,Asia,,,,,7.89681,98.29665,,,osm,walk-in,6,new
b66be51db82c831040df,Thavorn,Hotel,phuket,Phuket Town,TH,Asia,,,,,7.88292,98.39001,,,osm,walk-in,6,new
a7c70e167a0714187713,Thavorn Beach Resort,Hotel,phuket,Karon,TH,Asia,,,,,7.83595,98.29846,,,osm,walk-in,6,new
27acdc7b09c188691e5b,Thavorn Beach Village and Spa,Hotel,phuket,Kamala,TH,Asia,,,,,7.92646,98.27243,,,osm,walk-in,6,new
e697be2a2e64c78dd6cb,Thavorn Phuket Museum,Museum,phuket,Phuket Town,TH,Asia,,,,,7.88292,98.39025,,,osm,walk-in,6,new
a47201010d0395ffa5db,Thawisaman Market,Market,phuket,Old Town,TH,Asia,,,,Ratsada,7.91516,98.37178,,,osm,walk-in,6,new
292159be2c8758817a5f,The 5th Element Coffee,Café,phuket,Old Town,TH,Asia,,,,,7.88643,98.38547,,,osm,walk-in,6,new
d05698b66478db17a151,The 9th Floor,Restaurant,phuket,Patong,TH,Asia,,,,,7.89972,98.30146,,,osm,walk-in,6,new
62ca5ca6326dd02af4a3,The Amara Royal Spa,Beauty & spa,phuket,Old Town,TH,Asia,,,,,7.87855,98.37266,,,osm,walk-in,6,new
9449592bee049d0a060d,The Angel of Naithon,Hotel,phuket,Nai Yang,TH,Asia,,,,,8.05897,98.27815,,,osm,walk-in,6,new
490642154a90650ba572,The Aspasia Phuket,Hotel,phuket,Kata,TH,Asia,,,,,7.82628,98.29353,,,osm,walk-in,6,new
d2082c22b2cca0c7d1f2,The Ban Chang Restaurant Phuket,Restaurant,phuket,Cherngtalay,TH,Asia,,,,,7.97642,98.32621,,,osm,walk-in,6,new
4782ad851de0037b5f07,The Barrel Wine Beer & Bistro bar,Restaurant,phuket,Phuket Town,TH,Asia,,,,,7.87997,98.39685,,,osm,walk-in,6,new
207af6fb388f3c5a6faa,The Bay,Hotel,phuket,Patong,TH,Asia,,,,,7.89494,98.29556,,,osm,walk-in,6,new
f10a945471498b4ab531,The Beach,Restaurant,phuket,Kata,TH,Asia,,,,,7.82452,98.29985,,,osm,walk-in,6,new
362e874fa140741e3d84,The Beach Bar & Grill,Restaurant,phuket,Bang Tao,TH,Asia,,,,,7.98734,98.28818,,,osm,walk-in,6,new
5a3199a407886ea45b81,The Beach Heights Resort,Hotel,phuket,Kata,TH,Asia,,,,,7.82419,98.30004,,,osm,walk-in,6,new
5cc8a5ec03e476b18dec,The Beach Seafood,Restaurant,phuket,Patong,TH,Asia,,,,,7.888,98.29217,,,osm,walk-in,6,new
655b1dc6eacaac0df355,The Beachfront Hotel Phuket,Hotel,phuket,Rawai,TH,Asia,,,,,7.80275,98.3362,,,osm,walk-in,6,new
2942020c1c8ee8684722,The Bell Airport Phuket Hotel,Hotel,phuket,Nai Yang,TH,Asia,,,,Tha lang,8.08819,98.30602,,,osm,walk-in,6,new
2d9966ce58c5fc35c16e,The Best House,Hotel,phuket,Karon,TH,Asia,,,,,7.83794,98.29938,,,osm,walk-in,6,new
2294ba7f3de0636e5ce3,The Big Smile,Bar,phuket,Kata,TH,Asia,,,,,7.82541,98.29758,,,osm,walk-in,6,new
1299fc85fc797f483b6c,The Bird Cage,Hotel,phuket,Patong,TH,Asia,,,,6/1-3 Sainamyen,7.89635,98.29871,,,osm,walk-in,6,new
7aba8175d2698de82848,The Black Horse,Bar,phuket,Patong,TH,Asia,,,,,7.89359,98.29636,,,osm,walk-in,6,new
5e8f4e6450dfc218b94a,The Blanket Hotel,Hotel,phuket,Phuket Town,TH,Asia,,,,,7.88108,98.39215,,,osm,walk-in,6,new
db1b02040ea97cb748eb,The Blue Coral,Bar,phuket,Patong,TH,Asia,,,,,7.88696,98.29153,,,osm,walk-in,6,new
4ab86b7ae852535730d1,The Bluez Eco,Hotel,phuket,Kata,TH,Asia,,,,,7.82498,98.30086,,,osm,walk-in,6,new
501cb9f79f401ab0bd92,The Bowl Phuket,Restaurant,phuket,Bang Tao,TH,Asia,,,,,7.99442,98.30503,,,osm,walk-in,6,new
5a189efb16094df4274f,The Breakfast Hut,Restaurant,phuket,Rawai,TH,Asia,,,,,7.78686,98.31738,,,osm,walk-in,6,new
9d559451a6575a281211,The Bridge,Café,phuket,Mai Khao,TH,Asia,,,,,8.19883,98.2967,,,osm,walk-in,6,new
ee192be8cd9cd6b4ea47,The Brother's Residence,Hotel,phuket,Patong,TH,Asia,,,,,7.88037,98.29307,,,osm,walk-in,6,new
6f9d700b476c777bc11d,The Bua,Restaurant,phuket,Kamala,TH,Asia,,,,,7.94892,98.27692,,,osm,walk-in,6,new
5ece57221d2d722a76aa,The Cape,Hotel,phuket,Cape Panwa,TH,Asia,,,,,7.80685,98.408,,,osm,walk-in,6,new
ae75e9374000315f7f52,The Charm Hotel,Hotel,phuket,Kata,TH,Asia,,,,,7.82326,98.30096,,,osm,walk-in,6,new
a6e65aad3d2597a2cd98,The Charm Resort Phuket,Hotel,phuket,Patong,TH,Asia,,,,,7.9046,98.29808,,,osm,walk-in,6,new
69161937c9cbf594c202,The Chava Resort,Hotel,phuket,Surin,TH,Asia,,,,,7.97837,98.28029,,,osm,walk-in,6,new
e082805b141aaafabc67,The Circle Coffee Boutique,Café,phuket,Phuket Town,TH,Asia,,,,,7.88021,98.39236,,,osm,walk-in,6,new
5cf5612aae9585056a48,The Coconut Nanai Resort,Hotel,phuket,Patong,TH,Asia,,,,,7.8857,98.30211,,,osm,walk-in,6,new
e4afa8306b8295a9972e,The Coffe Club,Café,phuket,Patong,TH,Asia,,,,,7.89437,98.29865,,,osm,walk-in,6,new
410041aa892b26a933f9,The Coffee Club,Café,phuket,Old Town,TH,Asia,,,,,7.88886,98.38638,,,osm,walk-in,6,new
eb7523befa3487a36297,The Coffee Club - Jungceylon,Café,phuket,Patong,TH,Asia,,,,,7.89272,98.29847,,,osm,walk-in,6,new
f754cf1cc5bd9bb63e1f,The Coffee Club Jungceylon Patong,Café,phuket,Patong,TH,Asia,,,,193 Rat Uthit 200 Pi Road,7.89142,98.29917,,,osm,walk-in,6,new
58cae285a9be1f9cfeac,The Coffee House @ Grapevine,Café,phuket,Bang Tao,TH,Asia,,,,,8.00765,98.31495,,,osm,walk-in,6,new
9611e308f0c1bffc56b8,The Color Kata,Hotel,phuket,Kata,TH,Asia,,,,,7.82124,98.30074,,,osm,walk-in,6,new
93f4874c762c4abe10a6,The Cook,Restaurant,phuket,Phuket Town,TH,Asia,,,,101 Phang Nga,7.88372,98.39005,,,osm,walk-in,6,new
7ce800eea0b6549b2ba6,The Coral Executive Lounge,Restaurant,phuket,Airport,TH,Asia,,,,,8.10825,98.30605,,,osm,walk-in,6,new
8b5998ad4b8da5c77499,The Corner,Restaurant,phuket,Chalong,TH,Asia,,,,,7.82324,98.34525,,,osm,walk-in,6,new
725eb80ef348e43b1e0d,The Corner Hut,Restaurant,phuket,Rawai,TH,Asia,,,,,7.78265,98.3168,,,osm,walk-in,6,new
670b406e9bafbc01573d,The Cove,Hotel,phuket,Cape Panwa,TH,Asia,,,,,7.81454,98.39591,,,osm,walk-in,6,new
be0ffb369dbb26342cd0,"The Crystal Beach Hotel, Patong",Hotel,phuket,Patong,TH,Asia,,,,,7.88895,98.2951,,,osm,walk-in,6,new
98fcc594ae52b623872b,The Deck,Restaurant,phuket,Mai Khao,TH,Asia,,,https://www.pyhmarina.com/,,8.16894,98.33898,,,osm,walk-in,6,new
a188b7e2817f48a0e4d4,The Deck Patong Phuket,Hotel,phuket,Patong,TH,Asia,,,,81 Ratutit 200 Pee Road Patong,7.90273,98.30256,,,osm,walk-in,6,new
4ea0c26f56c2f6e3caa0,The Dogs,Bar,phuket,Kata,TH,Asia,,,,,7.82795,98.29991,,,osm,walk-in,6,new
6f89926ef9205711e42e,The Dome BBQ,Café,phuket,Patong,TH,Asia,,,,,7.89422,98.302,,,osm,walk-in,6,new
6548ee8c4b5c591ee386,The Dome Tennis Club,Gym & fitness,phuket,Old Town,TH,Asia,,,https://www.thedometennisclub.com,,7.88679,98.36087,,,osm,walk-in,6,new
d654f98906bb8526a70d,The Elegant Patong,Hotel,phuket,Patong,TH,Asia,,,,,7.89904,98.30201,,,osm,walk-in,6,new
a8a298400ee871054dcb,The Family Restaurant,Restaurant,phuket,Kata,TH,Asia,,,,107 Khoktanod Road,7.81638,98.30697,,,osm,walk-in,6,new
aa2c7b0d76565214b4de,The Flavour Restaurant,Restaurant,phuket,Surin,TH,Asia,,,,,7.97859,98.28702,,,osm,walk-in,6,new
b2b053fdc3c2aec44f71,The Front Hotel,Hotel,phuket,Patong,TH,Asia,,,,,7.88628,98.29,,,osm,walk-in,6,new
8f01b9a80ad28b345262,The Gallery Hotel,Hotel,phuket,Nai Harn,TH,Asia,,,,,7.78209,98.31123,,,osm,walk-in,6,new
599511f2ac2b066f7ef9,The Garage,Bar,phuket,Karon,TH,Asia,,,,,7.84851,98.29463,,,osm,walk-in,6,new
f3337514bb66c73efc93,The Goat Bar,Bar,phuket,Surin,TH,Asia,,,,Soi Ao BangTao,7.98425,98.28684,,,osm,walk-in,6,new
23fb2e0854702152ae62,The Good View,Restaurant,phuket,Nai Yang,TH,Asia,,,,,8.08902,98.2974,,,osm,walk-in,6,new
bc5096f00da14efce0b8,The Grapevine,Restaurant,phuket,Bang Tao,TH,Asia,,,,,8.00772,98.31507,,,osm,walk-in,6,new
423fc672e163984140a3,The Greek Tavern,Café,phuket,Kamala,TH,Asia,,,,,7.95367,98.28865,,,osm,walk-in,6,new
1aa1eead17f6901056c1,The Guest House,Guesthouse,phuket,Patong,TH,Asia,,,,14 ซอยนาใน 2 Patong,7.88715,98.301,,,osm,walk-in,6,new
7d16696605e48b4f3fb9,The Guest House Apartment,Guesthouse,phuket,Patong,TH,Asia,,,,32/2 ซอยนาใน 2 Patong,7.88588,98.29985,,,osm,walk-in,6,new
988cb79762d643b4b6b7,The Hardstand,Restaurant,phuket,Koh Kaew,TH,Asia,,,,20/83,7.96106,98.38628,,,osm,walk-in,6,new
a194354abcbf51c02d53,The Hourglass,Bar,phuket,Patong,TH,Asia,,,,,7.90809,98.29743,,,osm,walk-in,6,new
edebaad66b9e18a80b76,The Inn,Hotel,phuket,Patong,TH,Asia,,,,,7.89085,98.30857,,,osm,walk-in,6,new
24534c485f6d05c84570,The Kee Resort & Spa,Hotel,phuket,Patong,TH,Asia,,,,,7.89503,98.29743,,,osm,walk-in,6,new
52c6e6ed7005e5136a8f,The Lantern Resorts Patong,Hotel,phuket,Patong,TH,Asia,,,,,7.89221,98.30022,,,osm,walk-in,6,new
b2d9eaaf7cc5fe3beeca,The Lighthouse,Hotel,phuket,Chalong,TH,Asia,,,,,7.82301,98.34515,,,osm,walk-in,6,new
d54e5d65e74c12a2b35a,The Little Mermaid,Restaurant,phuket,Patong,TH,Asia,,,,,7.8956,98.30523,,,osm,walk-in,6,new
92ad2bd7ef35f12eb7be,The Little Mermaid Resort,Hotel,phuket,Kata,TH,Asia,,,,,7.82644,98.29701,,,osm,walk-in,6,new
78feda28c059d1bf3d95,The Little Moon Residence,Hotel,phuket,Patong,TH,Asia,,,,20/1-4 Siriraj Road Patong,7.87853,98.29087,,,osm,walk-in,6,new
d7d5b803546c87fe37cc,The Marina,Hotel,phuket,Patong,TH,Asia,,,,,7.89949,98.30374,,,osm,walk-in,6,new
a250eb88d1dcea651bb1,The Marina Kamala,Hotel,phuket,Kamala,TH,Asia,,,,,7.96063,98.2862,,,osm,walk-in,6,new
d8d7341db84338d4abf2,The Miners Phuket Old Town,Bar,phuket,Old Town,TH,Asia,,,,,7.88371,98.38753,,,osm,walk-in,6,new
226d1faf6cc1b46d43e7,The Minotel,Hotel,phuket,Patong,TH,Asia,,,,,7.89743,98.29928,,,osm,walk-in,6,new
815b720f72a80d1aed6d,The Nai Harn,Hotel,phuket,Nai Harn,TH,Asia,,,https://www.thenaiharn.com/,,7.77856,98.3026,,,osm,walk-in,6,new
d32bc78a6376437343b0,The Naka Island Resort & Spa,Hotel,phuket,Paklok,TH,Asia,,,,,8.05781,98.45845,,,osm,walk-in,6,new
e450dc8bcd91ee90b7a6,The Naka Palm,Restaurant,phuket,Paklok,TH,Asia,,,,,8.0516,98.46302,,,osm,walk-in,6,new
8f30ec54f0937629296b,The Nature,Hotel,phuket,Patong,TH,Asia,,,,,7.91528,98.29299,,,osm,walk-in,6,new
2f4f8f21823e0b75afd4,The Nature Spa Academy,Hotel,phuket,Old Town,TH,Asia,,,,,7.87056,98.36737,,,osm,walk-in,6,new
d12943ef12cf60c0b778,The Neighbors Kitchen & Bar,Café,phuket,Phuket Town,TH,Asia,,,,,7.88373,98.38992,,,osm,walk-in,6,new
0fa3158a075b2797fa95,The O'Leng Cafe,Café,phuket,Phuket Town,TH,Asia,,,,,7.88419,98.39296,,,osm,walk-in,6,new
b975346cb07a2ac113bd,The Oasis Spa,Hotel,phuket,Kata,TH,Asia,,,,,7.81933,98.31526,,,osm,walk-in,6,new
91db14af699e8de93731,The Old Fisherman,Bar,phuket,Patong,TH,Asia,,,,,7.90751,98.29721,,,osm,walk-in,6,new
d39606434463280cd4d2,The Old Phuket,Hotel,phuket,Karon,TH,Asia,,,https://www.theoldphuket.com/,,7.84406,98.29592,,,osm,walk-in,6,new
a0f333f55ee00cfd86ec,The One Cozy Vacation Residence,Hotel,phuket,Chalong,TH,Asia,,,,,7.85707,98.34183,,,osm,walk-in,6,new
e743a325a3551ac9e2d9,The Orchid House,Restaurant,phuket,Kata,TH,Asia,,,,,7.82378,98.30017,,,osm,walk-in,6,new
e52b8b1b3214c6d75a14,The Orchid House Kata,Hotel,phuket,Kata,TH,Asia,,,,,7.8238,98.30026,,,osm,walk-in,6,new
43b2c24c13b466f07406,The Pad Thai Shop,Restaurant,phuket,Kata,TH,Asia,,,,,7.83155,98.30007,,,osm,walk-in,6,new
8a1850f68bde77b99eeb,The Palm,Restaurant,phuket,Patong,TH,Asia,,,,,7.88956,98.29297,,,osm,walk-in,6,new
da5840de5cadc39d75d0,The Panwa Café,Restaurant,phuket,Cape Panwa,TH,Asia,,,,,7.80958,98.40224,,,osm,walk-in,6,new
3607366a10a825a24885,The Panwa Guesthouse,Guesthouse,phuket,Cape Panwa,TH,Asia,,,,,7.8096,98.40218,,,osm,walk-in,6,new
e76cb5d4d795da4b112d,The Pavilions Hotel,Hotel,phuket,Bang Tao,TH,Asia,,,https://www.pavilionshotels.com/residences/phuket,,8.02367,98.30278,,,osm,walk-in,6,new
16271075da5615897313,The Phuket Pirates bar & snacks,Bar,phuket,Rawai,TH,Asia,,,,,7.76805,98.31682,,,osm,walk-in,6,new
3b52b14e893be605d1f8,The Pizza Co.,Restaurant,phuket,Nai Yang,TH,Asia,,,,,8.09432,98.30853,,,osm,walk-in,6,new
af6193afee06005aa4d1,The Pol,Restaurant,phuket,Rawai,TH,Asia,,,,,7.78548,98.31743,,,osm,walk-in,6,new
acd29266a937406c1449,The Pool House Kitchen,Restaurant,phuket,Kamala,TH,Asia,,,,,7.94736,98.27143,,,osm,walk-in,6,new
96917e1dbe772b8041f2,The Port,Bar,phuket,Patong,TH,Asia,,,,,7.89088,98.2937,,,osm,walk-in,6,new
f3e9d890bf4d6b29c7bb,The Residence Kalim Bay,Hotel,phuket,Patong,TH,Asia,,,,,7.91136,98.29573,,,osm,walk-in,6,new
c5a28de8578e5846b6ee,The Residence Resort and Spa Retreat,Hotel,phuket,Bang Tao,TH,Asia,,,,,7.9893,98.29794,,,osm,walk-in,6,new
712d46e9346c160a6e97,The River Cafe,Café,phuket,Paklok,TH,Asia,,,,,7.99338,98.38259,,,osm,walk-in,6,new
b728120d1cd7896c361d,The Royal Palm,Hotel,phuket,Patong,TH,Asia,,,,,7.8895,98.29308,,,osm,walk-in,6,new
d4e506fb3eb7853328ea,The Royal Paradise Hotel & Spa,Hotel,phuket,Patong,TH,Asia,,,,,7.89521,98.29904,,,osm,walk-in,6,new
f7f8176c95b25d19b848,The Royal Phuket Yacht Club,Hotel,phuket,Nai Harn,TH,Asia,,,,,7.77856,98.30263,,,osm,walk-in,6,new
8ed39c282d454809f935,The Seat Coffee,Café,phuket,Old Town,TH,Asia,,,,,7.8922,98.38743,,,osm,walk-in,6,new
6b7de9e89fef76262bbc,The Silk Hill Hotel,Hotel,phuket,Patong,TH,Asia,,,,,7.88302,98.30058,,,osm,walk-in,6,new
bb4a523de0c8694e7c40,The Slate,Hotel,phuket,Nai Yang,TH,Asia,,,https://www.theslatephuket.com/,,8.0863,98.29783,,,osm,walk-in,6,new
4b16b5651570a4437712,The Smile Inn,Guesthouse,phuket,Patong,TH,Asia,,,,,7.89166,98.29505,,,osm,walk-in,6,new
51f19b469f1b976eac3b,The Star,Bar,phuket,Patong,TH,Asia,,,,,7.89395,98.29573,,,osm,walk-in,6,new
6b6855a1042bbb67a464,The Star House,Hotel,phuket,Patong,TH,Asia,,,,,7.88086,98.29351,,,osm,walk-in,6,new
72146304b263a15427cf,The Station,Hotel,phuket,Patong,TH,Asia,,,,,7.90177,98.30982,,,osm,walk-in,6,new
bbd53593c9636f37b193,The Swedish bakery,Café,phuket,Kamala,TH,Asia,,,,,7.95375,98.28918,,,osm,walk-in,6,new
c4403418bdc255a4e0ee,The Sweet Restaurant,Restaurant,phuket,Patong,TH,Asia,,,,,7.89169,98.29499,,,osm,walk-in,6,new
558dd6832e2935220197,The Syrniki,Café,phuket,Nai Harn,TH,Asia,,,https://www.instagram.com/syrniki.phuket/,39/65 Soi Saiyuan,7.7896,98.31741,,,osm,walk-in,6,new
273ac86f4249bd0f5cc8,The Tavern,Café,phuket,Kata,TH,Asia,,,,,7.81721,98.30167,,,osm,walk-in,6,new
7a5a69e5882080a2b505,The Tavern Sports Bar,Bar,phuket,Kata,TH,Asia,,,,,7.81725,98.30178,,,osm,walk-in,6,new
d1901a08993fbf2d8923,The Three by APK,Hotel,phuket,Patong,TH,Asia,,,,,7.89823,98.30333,,,osm,walk-in,6,new
fedf6fe9a1b7f5e61343,The Throphy Wife bar,Bar,phuket,Nai Harn,TH,Asia,,,,,7.79501,98.31559,,,osm,walk-in,6,new
57eae646470937e28721,The Title,Restaurant,phuket,Rawai,TH,Asia,,,,,7.77203,98.32112,,,osm,walk-in,6,new
b0de11aa7e0998235dc0,The Tube Bar & Restaurant,Restaurant,phuket,Kata,TH,Asia,,,,,7.81558,98.30333,,,osm,walk-in,6,new
711f9e19eeb1f76e9c21,The Venue,Bar,phuket,Kata,TH,Asia,,,,,7.82571,98.29739,,,osm,walk-in,6,new
ae3ac5c83ef99a9c7e19,The Villa,Restaurant,phuket,Patong,TH,Asia,,,,Nanai Road,7.88618,98.30245,,,osm,walk-in,6,new
ba50a6a2385ccf441c92,The Village Coconut Island,Hotel,phuket,Koh Kaew,TH,Asia,,,,,7.94103,98.42303,,,osm,walk-in,6,new
98bc4f63d701d4c1f183,The Viridian Resort,Hotel,phuket,Patong,TH,Asia,,,https://www.viridianphuket.com/,,7.89052,98.29591,,,osm,walk-in,6,new
ec3a137ada77fd2efe73,The Vista,Restaurant,phuket,Patong,TH,Asia,,,,,7.89509,98.29877,,,osm,walk-in,6,new
b72264f9c2ac4fe18d8c,The Yama,Hotel,phuket,Kata,TH,Asia,,,,,7.8203,98.30978,,,osm,walk-in,6,new
5cc663093da6dce274a9,The Yim Siam Hotel,Hotel,phuket,Patong,TH,Asia,,,,,7.8853,98.29634,,,osm,walk-in,6,new
78b866780fcfe535a909,The best tailor,Tailor,phuket,Bang Tao,TH,Asia,,,,,7.98997,98.2922,,,osm,walk-in,6,new
0af1335bc02bd7105931,The green gourmet,Restaurant,phuket,Patong,TH,Asia,,,,,7.88537,98.29609,,,osm,walk-in,6,new
63680f127b77d002e063,The height massage,Massage & spa,phuket,Rawai,TH,Asia,,,,,7.7757,98.31882,,,osm,walk-in,6,new
5480f2b79a595107ca30,The old Phuket Coffee,Café,phuket,Old Town,TH,Asia,,,,,7.88481,98.38755,,,osm,walk-in,6,new
be7fdd926169f7733357,The ship inn bar,Bar,phuket,Cape Panwa,TH,Asia,,,,,7.81417,98.39627,,,osm,walk-in,6,new
f0f5839ab62d10a81dc6,The sis kata,Hotel,phuket,Kata,TH,Asia,,,,Мыанг пху кет,7.81249,98.29997,,,osm,walk-in,6,new
6294f55f91649787d645,Thongyiam,Massage & spa,phuket,Patong,TH,Asia,,,,52,7.89634,98.30327,,,osm,walk-in,6,new
e51387e0b98e81f7ffdf,Tien Seng,Restaurant,phuket,Nai Yang,TH,Asia,,,,,8.05659,98.27843,,,osm,walk-in,6,new
159c459abfca25303fde,Tiffany Restaurant and Coffee Shop,Restaurant,phuket,Rawai,TH,Asia,,,,,7.79176,98.33038,,,osm,walk-in,6,new
44b934f102ff1c3afa03,Tiger,Massage & spa,phuket,Nai Harn,TH,Asia,,,,,7.77755,98.30558,,,osm,walk-in,6,new
b6b174b5ac3744c51ae3,Tiger Club,Nightlife,phuket,Patong,TH,Asia,,,,,7.893,98.29739,,,osm,walk-in,6,new
3648d120589d70141a84,Tiger Inn,Restaurant,phuket,Patong,TH,Asia,,,,,7.89622,98.29923,,,osm,walk-in,6,new
09d134b8909395249d31,Tiger Muai Thai,dojo,phuket,Chalong,TH,Asia,,,,,7.85623,98.34316,,,osm,walk-in,6,new
b4652993dd111dbe5187,Tiger Muay Thai cafe,Café,phuket,Nai Harn,TH,Asia,,,,,7.79171,98.31729,,,osm,walk-in,6,new
17d5beb521c2edcda4d5,Tiger beach club,Nightlife,phuket,Chalong,TH,Asia,,,,,7.84242,98.36523,,,osm,walk-in,6,new
655a80dc9410896d4d7a,Tiger restaurant,Restaurant,phuket,Patong,TH,Asia,,,,,7.89109,98.30116,,,osm,walk-in,6,new
aafb910e89d1d131cb81,Tigger bar,Restaurant,phuket,Kata,TH,Asia,,,,,7.81089,98.30181,,,osm,walk-in,6,new
4ca294e57e8a55cbbc0c,Tik's Bar,Bar,phuket,Kata,TH,Asia,,,,,7.82876,98.3015,,,osm,walk-in,6,new
f23489094439b6f68bba,Time Bomb,Restaurant,phuket,Kamala,TH,Asia,,,,,7.95001,98.28515,,,osm,walk-in,6,new
e8ab08a17c5746b12288,Tin Tin,Tours & travel,phuket,Chalong,TH,Asia,,,,,7.82251,98.34054,,,osm,walk-in,6,new
0b8d0833c67e44be76a5,Tinidee Hotel,Hotel,phuket,Kathu,TH,Asia,,,,,7.92682,98.34021,,,osm,walk-in,6,new
632058421964717c0e2e,Tipnapa,Massage & spa,phuket,Surin,TH,Asia,,,,,7.97989,98.28013,,,osm,walk-in,6,new
d8eb24e9be38b9e17308,Toast Egg,Street food,phuket,Cherngtalay,TH,Asia,,,,,7.97865,98.36172,,,osm,walk-in,6,new
2335b617ee8d58226a24,Today Steak,Café,phuket,Old Town,TH,Asia,,,,,7.90082,98.37964,,,osm,walk-in,6,new
4373460350384e6e7e13,Tom N Toms,Café,phuket,Phuket Town,TH,Asia,,,,,7.88628,98.39196,,,osm,walk-in,6,new
8667f19ec9aa8523870c,Tom Yam Kung,Restaurant,phuket,Karon,TH,Asia,,,,,7.84721,98.29424,,,osm,walk-in,6,new
4481fc9a9e8f331f0f4f,TonOAK,Restaurant,phuket,Koh Kaew,TH,Asia,,,,,7.93513,98.40349,,,osm,walk-in,6,new
18bffaa962c0ba0db08c,Tonkoon Massage,Massage & spa,phuket,Kata,TH,Asia,,,,,7.82618,98.29703,,,osm,walk-in,6,new
2c58ad87c7ddcd6d7236,Tonsai,Restaurant,phuket,Paklok,TH,Asia,,,,,8.05735,98.45825,,,osm,walk-in,6,new
b17734a545a4296ddf33,Tony 99,Restaurant,phuket,Patong,TH,Asia,,,,,7.89921,98.29696,,,osm,walk-in,6,new
37204cd63d121ffaff29,Tony restaurant,Restaurant,phuket,Chalong,TH,Asia,,,,,7.85254,98.34788,,,osm,walk-in,6,new
42bfd5f8a2e57f83f2aa,Tookky's kitchen,Café,phuket,Rawai,TH,Asia,,,,,7.78567,98.31737,,,osm,walk-in,6,new
ca3defb1427b99d7e455,Top Beef Barbecue Buffet Restaurant,Café,phuket,Kathu,TH,Asia,,,,ถนนพระบารมี,7.90828,98.33047,,,osm,walk-in,6,new
664abac2b40f899d10a4,Top Inn Garden,Hotel,phuket,Paklok,TH,Asia,,,,,7.99354,98.37572,,,osm,walk-in,6,new
58031538cc6a4e374651,Tori Japanese buffet,Restaurant,phuket,Old Town,TH,Asia,,,,,7.89375,98.36611,,,osm,walk-in,6,new
46959bab1f822ed6b44a,Totem Cafe | Homemade Desserts Nai Harn,Café,phuket,Nai Harn,TH,Asia,,,,,7.79148,98.31694,,,osm,walk-in,6,new
001a20dd4d15f11dd1b9,Tour De Phuket Hotel,Hotel,phuket,Cherngtalay,TH,Asia,,,,8/9 Si Sunthon Si Sunthon,7.97923,98.35739,,,osm,walk-in,6,new
6642fa07df26a175a341,Traditional Ashtanga Yoga Shala,Gym & fitness,phuket,Chalong,TH,Asia,,,https://taysp.com,,7.8411,98.34114,,,osm,walk-in,6,new
22fc1533418aa659e323,Trattoria Restaurant,Restaurant,phuket,Rawai,TH,Asia,,,,,7.78888,98.32972,,,osm,walk-in,6,new
faab239840da74f82879,Travelodge,Hotel,phuket,Old Town,TH,Asia,,,,,7.88976,98.36313,,,osm,walk-in,6,new
eaab3d35b1975a17fbec,Tree o'clock,Café,phuket,Cherngtalay,TH,Asia,,,,,7.99735,98.32753,,,osm,walk-in,6,new
e9868d885bb5be2ac81a,Treville Phuket,Hotel,phuket,Nai Yang,TH,Asia,,,,,8.04921,98.27758,,,osm,walk-in,6,new
103d654fe0dc8aabb64f,Trisara,Hotel,phuket,Bang Tao,TH,Asia,,,,,8.03501,98.2773,,,osm,walk-in,6,new
bf577ccf137c78cb61bb,Trop,Café,phuket,Old Town,TH,Asia,,,,,7.90226,98.3785,,,osm,walk-in,6,new
8a1fb7fa55386e9347d7,Tropica Boungalow,Hotel,phuket,Patong,TH,Asia,,,,,7.89348,98.29566,,,osm,walk-in,6,new
365007f5a08dbbe7f882,Tropica Restaurant,Restaurant,phuket,Patong,TH,Asia,,,,,7.89382,98.29532,,,osm,walk-in,6,new
43670725e7c0b92aaa31,Tropical Beach Restaurant,Restaurant,phuket,Old Town,TH,Asia,,,,,7.90165,98.36195,,,osm,walk-in,6,new
733b707e629b7e9c67a7,True Time Tour,Tours & travel,phuket,Kata,TH,Asia,,,,53,7.82991,98.29498,,,osm,walk-in,6,new
ee566c9d6551a7cbc24b,Tsunami,Restaurant,phuket,Old Town,TH,Asia,,,,Ratsada,7.91451,98.37077,,,osm,walk-in,6,new
9b17c32ae5b2a5a02132,Tuana my friend house resort 3*,Hotel,phuket,Karon,TH,Asia,,,,,7.84103,98.30205,,,osm,walk-in,6,new
ab10a299a7b3443ffd20,Tukta,Restaurant,phuket,Surin,TH,Asia,,,,,7.9726,98.27894,,,osm,walk-in,6,new
b1bb33ba42ab77a480ed,Tuktuks to Airplane View,Transport,phuket,Mai Khao,TH,Asia,,,,,8.12615,98.30135,,,osm,walk-in,6,new
4490075275729f350428,Tuna Casa Hotel,Hotel,phuket,Kata,TH,Asia,,,,,7.81796,98.30276,,,osm,walk-in,6,new
31f033164d4020c665a4,Tune Hotel - Patong,Hotel,phuket,Patong,TH,Asia,,,,,7.90129,98.29997,,,osm,walk-in,6,new
430230d21e63ed698c93,Tung Tong Big Chicken,Restaurant,phuket,Kathu,TH,Asia,,,,,7.89998,98.34956,,,osm,walk-in,6,new
7849b41ed9a71bac664b,Turkish Kebab Bangla,Street food,phuket,Patong,TH,Asia,,,,,7.89408,98.29538,,,osm,walk-in,6,new
3e9a0273ea064d40f6c5,Turtle Bay,Hotel,phuket,Cape Panwa,TH,Asia,,,,,7.81304,98.39823,,,osm,walk-in,6,new
f29aec71795c923ff9de,Tuscany Guesthouse,Hotel,phuket,Kata,TH,Asia,,,,,7.81508,98.30007,,,osm,walk-in,6,new
0f01d4b375e1e4bd4ba8,Twin Inn,Hotel,phuket,Phuket Town,TH,Asia,,,,,7.87446,98.3891,,,osm,walk-in,6,new
e45a1416e04772a87a31,Twinpalms Phuket,Hotel,phuket,Surin,TH,Asia,,,,,7.9776,98.28106,,,osm,walk-in,6,new
41460cfa670f6a52fc7f,Two Chefs Kata Beach,Restaurant,phuket,Kata,TH,Asia,,,,,7.81396,98.29938,,,osm,walk-in,6,new
3994bab350f2b1a63903,Two Villas Holiday OXYGEN VILLA BANGTAO BEACH,Hotel,phuket,Bang Tao,TH,Asia,,,,,7.98538,98.29547,,,osm,walk-in,6,new
d3e7128c2d60940157ff,U-Too Irish Bar,Bar,phuket,Patong,TH,Asia,,,,,7.89682,98.30009,,,osm,walk-in,6,new
2e49792695f2f35d1692,UWC Thailand Gymnasium,Gym & fitness,phuket,Paklok,TH,Asia,,,,,8.04962,98.35279,,,osm,walk-in,6,new
37cb7013a02a14298af0,Uchkuduk,Restaurant,phuket,Karon,TH,Asia,,,,,7.84887,98.29472,,,osm,walk-in,6,new
d7aa265f71b254f464c6,Uncle John's Bar,Bar,phuket,Cape Panwa,TH,Asia,,,,,7.80688,98.40824,,,osm,walk-in,6,new
d0e3e193668840d9f7c9,Uncle Nan's,Restaurant,phuket,Cape Panwa,TH,Asia,,,,,7.80532,98.40615,,,osm,walk-in,6,new
de9642bbbd14f95f49e8,Unit 27,Gym & fitness,phuket,Chalong,TH,Asia,,,,,7.85322,98.34628,,,osm,walk-in,6,new
321ad367eb4d48b83c40,Unit 27 CrossFit,Gym & fitness,phuket,Chalong,TH,Asia,,,,,7.8544,98.34384,,,osm,walk-in,6,new
8596e59ae44a9787f144,Unit 33,Café,phuket,Kata,TH,Asia,,,,,7.82142,98.30168,,,osm,walk-in,6,new
b04069413071a301ef53,Unni’s Bangtao,Restaurant,phuket,Cherngtalay,TH,Asia,,,,100/38-40 Soi Luang Pramern,7.98553,98.30303,,,osm,walk-in,6,new
d99eb2c26173cfa71c6a,Unotel,Hotel,phuket,Karon,TH,Asia,,,,,7.84853,98.2949,,,osm,walk-in,6,new
f877b43667af863de1d4,Unotel Karon Beach,Hotel,phuket,Karon,TH,Asia,,,,,7.8484,98.29508,,,osm,walk-in,6,new
0e361b55d0e093ff33a9,Up 2 you,Café,phuket,Patong,TH,Asia,,,,,7.89982,98.29931,,,osm,walk-in,6,new
ad8c5ecafd4aa4ad233f,Up Seafood,Restaurant,phuket,Karon,TH,Asia,,,,,7.84846,98.29484,,,osm,walk-in,6,new
0c9902a1d2d23623b9b6,V-Like guest house,Guesthouse,phuket,Chalong,TH,Asia,,,,,7.82799,98.34398,,,osm,walk-in,6,new
2ae68defdee3269a8ceb,VILLA GINBORN,Hotel,phuket,Kata,TH,Asia,,,villaginborn.wixsite.com,,7.81812,98.31292,,,osm,walk-in,6,new
fea7f2c10f7f57a3752e,VK yoga,Gym & fitness,phuket,Chalong,TH,Asia,,,,,7.84109,98.36237,,,osm,walk-in,6,new
09e18d13866d7e7b6d2b,Valhalla bar,Bar,phuket,Rawai,TH,Asia,,,,,7.78657,98.32941,,,osm,walk-in,6,new
cdbfcdc4d315b4c16e44,Vanida Massage,Massage & spa,phuket,Kata,TH,Asia,,,,,7.83149,98.29875,,,osm,walk-in,6,new
6587d3080a6f6304ec94,Vanilla Sky Bar & Gastro Pub,Bar,phuket,Kamala,TH,Asia,,,,"18/40 at the rooftop Cape Sienna Hotel Layi-Nakalay Rd., Kamala, Kathu Phuket",7.94945,98.27373,,,osm,walk-in,6,new
52599b000906e34a94a3,Vayo Massage and Beauty Salon,Massage & spa,phuket,Patong,TH,Asia,,,,,7.89171,98.29484,,,osm,walk-in,6,new
1ad310cab5ca137c257b,Vegan Phuket,Restaurant,phuket,Old Town,TH,Asia,,,,,7.85921,98.38128,,,osm,walk-in,6,new
d3a9d747f0eda23076eb,Veggie house,Café,phuket,Chalong,TH,Asia,,,,,7.83305,98.34644,,,osm,walk-in,6,new
dd1d16ee31d1d006ebdb,Vela,Massage & spa,phuket,Karon,TH,Asia,,,,,7.83301,98.2953,,,osm,walk-in,6,new
750eee85bbcfff3590f4,Velvet Pool Bar,Bar,phuket,Patong,TH,Asia,,,,Rat Uthit 200 Year Road,7.8991,98.3012,,,osm,walk-in,6,new
b4df7e863e705f523ddd,Vera Pizza,Restaurant,phuket,Nai Harn,TH,Asia,,,,,7.78238,98.31547,,,osm,walk-in,6,new
cfd742cd0c146f8f5793,Vespa Phuket Drago Andaman,Vehicle rental,phuket,Old Town,TH,Asia,,,,,7.88085,98.36796,,,osm,walk-in,6,new
8b14872f3a4a0f51df13,Victoria,Guesthouse,phuket,Patong,TH,Asia,,,,,7.89177,98.29542,,,osm,walk-in,6,new
8dfcdc89d276aa7eb112,Vida Nova,Restaurant,phuket,Rawai,TH,Asia,,,,,7.77118,98.3197,,,osm,walk-in,6,new
0d1217016cfbac21e227,Vietnam street food,Restaurant,phuket,Rawai,TH,Asia,,,,,7.79657,98.32705,,,osm,walk-in,6,new
24be9efc981954aa268c,View cafe,Café,phuket,Chalong,TH,Asia,,,,,7.8702,98.32991,,,osm,walk-in,6,new
fcb25f6999cf91d94c21,Viking,Restaurant,phuket,Kata,TH,Asia,,,,,7.82407,98.30226,,,osm,walk-in,6,new
c7702205433dd416a5f2,Viking Restaurant,Restaurant,phuket,Kata,TH,Asia,,,,,7.82387,98.29834,,,osm,walk-in,6,new
f14741184d8ed5611152,Viking bar,Bar,phuket,Rawai,TH,Asia,,,,,7.77439,98.3254,,,osm,walk-in,6,new
7eabfbe25cfe3d500d36,Viktoria Kata pool and bar,Bar,phuket,Kata,TH,Asia,,,,,7.82542,98.29769,,,osm,walk-in,6,new
5b04129d14d5c49d7a17,"Villa Amanzi, G2 Katamanda Villas",Hotel,phuket,Kata,TH,Asia,,,,,7.81028,98.29854,,,osm,walk-in,6,new
5064877c1a097759b347,Villa Atchara Phuket Thailand.,Hotel,phuket,Patong,TH,Asia,,,,,7.90667,98.29865,,,osm,walk-in,6,new
82a923ed897cea2247a3,Villa Baan Thap Thim VIPA SEAVIEW VILLA Puket,Hotel,phuket,Patong,TH,Asia,,,,21 ถนนหมื่นเงิน,7.88475,98.28219,,,osm,walk-in,6,new
ccfa20d2051d29a6c3fb,Villa La Difference,Hotel,phuket,Surin,TH,Asia,,,,,7.97326,98.28105,,,osm,walk-in,6,new
05ea77f1b208f6f48833,Villa Patong Resort,Hotel,phuket,Patong,TH,Asia,,,,,7.89761,98.30169,,,osm,walk-in,6,new
b40923345fc8bbea1938,Villa Rose Guesthouse,Guesthouse,phuket,Patong,TH,Asia,,,,,7.8785,98.29174,,,osm,walk-in,6,new
7f75cde65554bb945801,Villa Sonata,Hotel,phuket,Chalong,TH,Asia,,,https://www.villasonataphuket.com,,7.86507,98.33138,,,osm,walk-in,6,new
94031d755e3b472084f2,Villas Paradiso,Hotel,phuket,Nai Yang,TH,Asia,,,,,8.05373,98.27952,,,osm,walk-in,6,new
51d63f7451f209436ecd,Villoft Zen Living,Hotel,phuket,Bang Tao,TH,Asia,,,,,8.0169,98.30462,,,osm,walk-in,6,new
bacd0e7f9477f650214d,Vimaan Massage,Massage & spa,phuket,Patong,TH,Asia,,,,,7.89474,98.29626,,,osm,walk-in,6,new
12c16784f2aa4e471c9b,Vinegret Cafe,Café,phuket,Old Town,TH,Asia,,,,,7.89277,98.35552,,,osm,walk-in,6,new
72067b9778bfcc0d85b1,Viset Tourist Fruit Market (expensive!),Market,phuket,Rawai,TH,Asia,,,,,7.79557,98.33269,,,osm,walk-in,6,new
1e8018f2bf4860f023cf,Vivace Hotel,Hotel,phuket,Kamala,TH,Asia,,,,,7.94935,98.28076,,,osm,walk-in,6,new
d94626a048069010a8a9,VkusEst',Café,phuket,Chalong,TH,Asia,,,,,7.82927,98.34054,,,osm,walk-in,6,new
6f88322317a1a7796e29,Volkswagen Bar,Bar,phuket,Patong,TH,Asia,,,,,7.89665,98.30042,,,osm,walk-in,6,new
a706c20cdea3f3c63a0e,VseSvoi,Café,phuket,Mai Khao,TH,Asia,,,,,8.13455,98.30717,,,osm,walk-in,6,new
96e34615a1fd3a54845b,Waffle,Café,phuket,Chalong,TH,Asia,,,,,7.84497,98.34035,,,osm,walk-in,6,new
03d74fc234bd5ac9d3f7,Wai Thai Patong,Restaurant,phuket,Patong,TH,Asia,,,,,7.89836,98.29623,,,osm,walk-in,6,new
7f3f6a108391a898501e,Waka waka cafe,Café,phuket,Chalong,TH,Asia,,,,,7.84798,98.33409,,,osm,walk-in,6,new
d1ad3baba3edfd3108ea,Wake up club,Nightlife,phuket,Patong,TH,Asia,,,,,7.89787,98.30132,,,osm,walk-in,6,new
0982ae699178eddec517,Walking Street,Attraction,phuket,Mai Khao,TH,Asia,,,,,8.20673,98.29943,,,osm,walk-in,6,new
deda0dfbc4760e72ace9,Wan's Corner,Restaurant,phuket,Chalong,TH,Asia,,,https://www.facebook.com/wanscorner.phuket,58/29 Moo 10 Chalong,7.82306,98.33761,,,osm,walk-in,6,new
1e70d538f48abaa1529f,Wandee Apartment,Guesthouse,phuket,Koh Kaew,TH,Asia,,,,,7.91643,98.39193,,,osm,walk-in,6,new
e0c40f14377f716ff684,Wanla,Restaurant,phuket,Surin,TH,Asia,,,,,7.98097,98.28669,,,osm,walk-in,6,new
d88078db1573e58842fc,Wanna sea Food … **** local,Restaurant,phuket,Karon,TH,Asia,,,,,7.84807,98.29568,,,osm,walk-in,6,new
cab099d1f459a5b90eb2,Wanta massage,Massage & spa,phuket,Rawai,TH,Asia,,,,,7.76953,98.31511,,,osm,walk-in,6,new
ccad67d6daa2e68ad0da,Waree,Massage & spa,phuket,Nai Yang,TH,Asia,,,,,8.05986,98.27801,,,osm,walk-in,6,new
c4b1afdecaec9a8c4e8e,Wat Chalong,place_of_worship,phuket,Chalong,TH,Asia,,,,,7.84625,98.3371,,,osm,walk-in,6,new
c8ab17337b4cd786c7d4,Water Lily Spa,Massage & spa,phuket,Rawai,TH,Asia,,,,,7.78104,98.3294,,,osm,walk-in,6,new
db1a87bf32cd8ef898f2,Water forest Chulang,Attraction,phuket,Paklok,TH,Asia,,,,,8.02101,98.41015,,,osm,walk-in,6,new
af4369eed9b85b3bb5c4,Waterfall,Restaurant,phuket,Nai Harn,TH,Asia,,,,,7.76763,98.30873,,,osm,walk-in,6,new
bff332e0f3735d62fce0,Waterfront Suites Phuket by Centara,Hotel,phuket,Karon,TH,Asia,,,,,7.84765,98.29495,,,osm,walk-in,6,new
130dc3bea8bac772e9ca,Way Thai,Restaurant,phuket,Patong,TH,Asia,,,,,7.89848,98.29611,,,osm,walk-in,6,new
efb46c43195e59c86cae,Wayla Villa,Guesthouse,phuket,Mai Khao,TH,Asia,,,,,8.13264,98.30765,,,osm,walk-in,6,new
ab83a013e986f510a47b,WeCafe,Café,phuket,Rawai,TH,Asia,,,,,7.77077,98.31949,,,osm,walk-in,6,new
425eb0e36aa5e3cbac12,Wee Hero Bar,Bar,phuket,Karon,TH,Asia,,,,,7.83426,98.29814,,,osm,walk-in,6,new
d1a945cf49b4b5fb2d46,Weerawan,Massage & spa,phuket,Karon,TH,Asia,,,,,7.8336,98.29547,,,osm,walk-in,6,new
43f83119b11ed60b81ab,Wekata Luxury,Hotel,phuket,Kata,TH,Asia,,,,,7.8241,98.29982,,,osm,walk-in,6,new
744224044688d8ac69a5,White Beach Bistro,Bar,phuket,Patong,TH,Asia,,,,,7.89321,98.29495,,,osm,walk-in,6,new
75ea6b33da3efdaff8c7,White Box,Restaurant,phuket,Patong,TH,Asia,,,,,7.91519,98.29239,,,osm,walk-in,6,new
6e24bb27ce8c8fbbad30,White Elephant,Bar,phuket,Chalong,TH,Asia,,,,,7.82215,98.34489,,,osm,walk-in,6,new
a3eeca9549e604181e59,White Elephant bar,Bar,phuket,Rawai,TH,Asia,,,,,7.77107,98.31918,,,osm,walk-in,6,new
52062c9f71cb70ac1200,White Rabbit,Bar,phuket,Chalong,TH,Asia,,,,,7.83957,98.36752,,,osm,walk-in,6,new
ca7dd7303b6019733589,White Room,Nightlife,phuket,Patong,TH,Asia,,,,,7.89395,98.29617,,,osm,walk-in,6,new
ffe7fd7b606bf0b2e73f,White Sand Resortel,Hotel,phuket,Patong,TH,Asia,,,,,7.8978,98.297,,,osm,walk-in,6,new
9ed7651395f8a0a33c2a,White Sun,Bar,phuket,Kamala,TH,Asia,,,,Rim Hat Road,7.94967,98.28042,,,osm,walk-in,6,new
c2c6b22593b352438316,White hart BBQ buffet Rawai,Restaurant,phuket,Rawai,TH,Asia,,,,,7.79549,98.33289,,,osm,walk-in,6,new
5bef9cd896bb489770b2,Why Not Bar,Bar,phuket,Rawai,TH,Asia,,,,,7.77442,98.32545,,,osm,walk-in,6,new
73630612713586a851e0,Wine Connection,Restaurant,phuket,Nai Harn,TH,Asia,,,,,7.78883,98.3172,,,osm,walk-in,6,new
058f7d6b0cbb773c10b6,Wit Pharmacy,Pharmacy,phuket,Kata,TH,Asia,,,,,7.82635,98.29681,,,osm,walk-in,6,new
e3c4542829b4c6348cd6,Wiwan Restaurant,Restaurant,phuket,Nai Yang,TH,Asia,,,,,8.05942,98.27807,,,osm,walk-in,6,new
0df876726c006272babd,Wonglee House,Hotel,phuket,Nai Yang,TH,Asia,,,,,8.08932,98.30396,,,osm,walk-in,6,new
1879f9be6ba5bbc7c222,Woo organic and healthy,Restaurant,phuket,Cherngtalay,TH,Asia,,,,,7.99336,98.31008,,,osm,walk-in,6,new
8f15751d293ddc3661f7,Wooden House,Attraction,phuket,Bang Tao,TH,Asia,,,,,8.02861,98.32877,,,osm,walk-in,6,new
fe8288a031d0f9ccbe0d,Woodstock,Café,phuket,Rawai,TH,Asia,,,,,7.78464,98.3176,,,osm,walk-in,6,new
d8e281319034e0d33830,Woody's Thai Massage,Massage & spa,phuket,Nai Yang,TH,Asia,,,,,8.0577,98.2783,,,osm,walk-in,6,new
e59210e040c92059a1a4,Woraburi Phuket Resort & SPA,Hotel,phuket,Karon,TH,Asia,,,,,7.84395,98.29515,,,osm,walk-in,6,new
39060daa0617d91c03c3,Workout Club,Gym & fitness,phuket,Old Town,TH,Asia,,,https://www.workoutclubthailand.com,,7.88187,98.38681,,,osm,walk-in,6,new
1983fc0d51a74f8e6d2b,World Wide Pharmacy,Pharmacy,phuket,Kata,TH,Asia,,,,,7.82419,98.29771,,,osm,walk-in,6,new
60e2ae3fafdbc9979c80,Wyndham,Hotel,phuket,Patong,TH,Asia,,,,,7.89416,98.29866,,,osm,walk-in,6,new
c43ca7bafa0c456dc648,Wyndham La Vita Phuket,Hotel,phuket,Rawai,TH,Asia,,,,,7.77391,98.31698,,,osm,walk-in,6,new
3f4c1535380486ed9470,Wyndham Royal Lee,Hotel,phuket,Nai Yang,TH,Asia,,,,,8.09652,98.30454,,,osm,walk-in,6,new
55f33d1d3bf9e68682b3,Wynn house,Guesthouse,phuket,Kata,TH,Asia,,,,,7.83217,98.29896,,,osm,walk-in,6,new
8967f1ba8ec5f5281822,X10 Suites,Hotel,phuket,Cape Panwa,TH,Asia,,,,,7.81423,98.38662,,,osm,walk-in,6,new
00377b65a276620b193c,Xorin,Restaurant,phuket,Phuket Town,TH,Asia,,,,,7.88557,98.39073,,,osm,walk-in,6,new
3e12a34b7efe82e4fa89,YK Patong,Hotel,phuket,Patong,TH,Asia,,,,,7.88098,98.29342,,,osm,walk-in,6,new
62321e833e1d875cc871,Yacht Haven Marina,Marina & charters,phuket,Mai Khao,TH,Asia,,,,,8.17089,98.34036,,,osm,walk-in,6,new
5dcc4477a754830deb30,Yam Thai,Restaurant,phuket,Patong,TH,Asia,,,,,7.88935,98.29368,,,osm,walk-in,6,new
f1f46df74eafda5c5d41,Yang Noey Phuket,Restaurant,phuket,Old Town,TH,Asia,,,,,7.90695,98.37111,,,osm,walk-in,6,new
0f0b913519bb1606bc45,Yanui Palm Bungalow,Hotel,phuket,Nai Harn,TH,Asia,,,,,7.76909,98.30847,,,osm,walk-in,6,new
43708dbd3bd08b82edbb,Yanui Restaurant,Restaurant,phuket,Nai Harn,TH,Asia,,,,,7.7673,98.30645,,,osm,walk-in,6,new
9af0e60192c217a92926,Yanui Seaview,Hotel,phuket,Nai Harn,TH,Asia,,,,,7.76822,98.30697,,,osm,walk-in,6,new
3a978774ef36ba396f68,Yaya's bar,Bar,phuket,Rawai,TH,Asia,,,,,7.77477,98.31824,,,osm,walk-in,6,new
9a1e3c5a8022f065da15,Yayoi,Café,phuket,Patong,TH,Asia,,,,,7.89072,98.30076,,,osm,walk-in,6,new
48bf964574737b7cb9a3,Yenjai,Restaurant,phuket,Mai Khao,TH,Asia,,,,,8.14059,98.30652,,,osm,walk-in,6,new
4a1a80b5244e26a2f7d5,Yes Brewery,Bar,phuket,Phuket Town,TH,Asia,,,https://www.yesbrewery.com,,7.88427,98.39078,,,osm,walk-in,6,new
a5afdea943e40ce68aa1,Yga Phuket on the beach,Gym & fitness,phuket,Bang Tao,TH,Asia,,,https://yga.se/thailand,,7.9891,98.28922,,,osm,walk-in,6,new
fd5f71c8677874401a29,Yikky restaurant,Café,phuket,Rawai,TH,Asia,,,,,7.79015,98.32654,,,osm,walk-in,6,new
9cf3678dcfedec0fab56,Yin Bar,Bar,phuket,Patong,TH,Asia,,,,,7.89665,98.30014,,,osm,walk-in,6,new
2ec4e74ff029b5b386ee,Yin Bar 2,Bar,phuket,Patong,TH,Asia,,,,,7.89658,98.30029,,,osm,walk-in,6,new
5d0321d1091ce3d36145,Ying,Restaurant,phuket,Karon,TH,Asia,,,,,7.85141,98.29258,,,osm,walk-in,6,new
f7fa7d23b97441b18474,Yinyang,Café,phuket,Old Town,TH,Asia,,,,,7.90151,98.37744,,,osm,walk-in,6,new
32e1dcd886c86f3e180a,Yoga Republic,Gym & fitness,phuket,Cherngtalay,TH,Asia,,,,,7.98672,98.3186,,,osm,walk-in,6,new
8a653b8e43fceacb5809,Yoga Shala Rawai Phuket,Gym & fitness,phuket,Rawai,TH,Asia,,,,,7.76894,98.3147,,,osm,walk-in,6,new
e9b2421597acfe7e18c6,Yoga connection,Gym & fitness,phuket,Rawai,TH,Asia,,,,,7.79682,98.32702,,,osm,walk-in,6,new
8a27ad1518e5fa9f1aae,Yoi,Restaurant,phuket,Patong,TH,Asia,,,,,7.89875,98.2998,,,osm,walk-in,6,new
45fa9ec60b225b3b9c49,Yoko Zuna,Restaurant,phuket,Rawai,TH,Asia,,,,,7.7768,98.3193,,,osm,walk-in,6,new
79b2a7ca92b544842857,Young voss,Tailor,phuket,Rawai,TH,Asia,,,,,7.79255,98.32424,,,osm,walk-in,6,new
cb2a84e17d5d12441e9b,Your place Karon Phuket,Guesthouse,phuket,Karon,TH,Asia,,,,,7.84935,98.29489,,,osm,walk-in,6,new
538867134703e02b5b5d,Yoy Pochana,Restaurant,phuket,Old Town,TH,Asia,,,,33 Thannon Krabi,7.88487,98.38702,,,osm,walk-in,6,new
542788a1f2059db05df7,Yum Yum,Restaurant,phuket,Mai Khao,TH,Asia,,,,"7 1 Mai Khao, Thalang District",8.13518,98.31135,,,osm,walk-in,6,new
88184010e6ddbad57844,Yum Yum On The Beach,Restaurant,phuket,Mai Khao,TH,Asia,,,,,8.13133,98.30034,,,osm,walk-in,6,new
29122c172607a894f7d8,Yuma,Restaurant,phuket,Karon,TH,Asia,,,,,7.83361,98.29531,,,osm,walk-in,6,new
75c91843559cd8257c6c,Yummy,Restaurant,phuket,Kathu,TH,Asia,,,,,7.89952,98.34652,,,osm,walk-in,6,new
1291899cf77aa3432870,Yunnan,Restaurant,phuket,Phuket Town,TH,Asia,,,,,7.88472,98.39105,,,osm,walk-in,6,new
ab3d424bc637f2b3053c,Z Bar,Bar,phuket,Kata,TH,Asia,,,,,7.81989,98.3015,,,osm,walk-in,6,new
2f89ad6f7836aedd9ffe,Z Bar Sala,Bar,phuket,Paklok,TH,Asia,,,,,8.06034,98.45769,,,osm,walk-in,6,new
b046c7c23dbe2b12210e,ZEN Premium Prachanukroh Patong Beach,Hotel,phuket,Patong,TH,Asia,,,,,7.88402,98.29262,,,osm,walk-in,6,new
0408536a04f9c6346095,Zab Isaan Restaurant,Restaurant,phuket,Nai Yang,TH,Asia,,,,,8.09165,98.30512,,,osm,walk-in,6,new
18c86b13fd7f5cc61953,Zag Club,Nightlife,phuket,Patong,TH,Asia,,,,,7.89598,98.29974,,,osm,walk-in,6,new
d972ad90f3b79384e19b,Zasa City,Bar,phuket,Patong,TH,Asia,,,,,7.89776,98.29717,,,osm,walk-in,6,new
3fe52ecc54e9c101cbef,Zen eat,Restaurant,phuket,Rawai,TH,Asia,,,,,7.79271,98.32097,,,osm,walk-in,6,new
34e87e6efbb2629e2765,Zenn Pharmacy,Pharmacy,phuket,Chalong,TH,Asia,,,,,7.85179,98.35451,,,osm,walk-in,6,new
076a2b45d05046279b40,Zenseana,Hotel,phuket,Patong,TH,Asia,,,,,7.90506,98.30032,,,osm,walk-in,6,new
2db51e20a89ecd17aeba,Zero to nine,Restaurant,phuket,Phuket Town,TH,Asia,,,,,7.88114,98.39915,,,osm,walk-in,6,new
f9c92e2445e378ee025e,Zeta pharmacy,Pharmacy,phuket,Patong,TH,Asia,,,,,7.89054,98.29638,,,osm,walk-in,6,new
1f058555008816a67728,Zigma Espresso,Café,phuket,Chalong,TH,Asia,,,,,7.83802,98.34976,,,osm,walk-in,6,new
9f0ae8ea64577c7c46a5,Zimplex Mixology Laboratory,Bar,phuket,Phuket Town,TH,Asia,,,,48 ถนนพังงา Phuket,7.8827,98.3982,,,osm,walk-in,6,new
7d8ff9a8797e89eace28,Zooco,Restaurant,phuket,Koh Kaew,TH,Asia,,,,,7.93429,98.43761,,,osm,walk-in,6,new
174e5c4ce389a7fba393,Zorbing Rollerball,Attraction,phuket,Patong,TH,Asia,,,,,7.9164,98.29703,,,osm,walk-in,6,new
9b4568e205a3bc5d26fc,Zugar,Bar,phuket,Kata,TH,Asia,,,,,7.81792,98.30119,,,osm,walk-in,6,new
631ec7cbdc63d94b955f,Zugar bar Shisha,Bar,phuket,Kata,TH,Asia,,,,,7.8174,98.30161,,,osm,walk-in,6,new
946b0825a00c508667c3,Zurich Café,Café,phuket,Airport,TH,Asia,,,,,8.1078,98.30588,,,osm,walk-in,6,new
cd6116b2bb2d66a0fbef,a.dessert.moments,Café,phuket,Old Town,TH,Asia,,,,,7.8848,98.38783,,,osm,walk-in,6,new
5724d243659b1ed59ef0,anchor inn,Restaurant,phuket,Chalong,TH,Asia,,,,,7.82206,98.34136,,,osm,walk-in,6,new
6c4a386b16d27de994d5,atelier,Restaurant,phuket,Cherngtalay,TH,Asia,,,,,7.97532,98.33959,,,osm,walk-in,6,new
4c985ef15060e30a16ea,beHOME,Hotel,phuket,Nai Yang,TH,Asia,,,,140 ซอยในยาง 16/1,8.1002,98.30427,,,osm,walk-in,6,new
1d67693ce42023a3c3b1,beer bar,Bar,phuket,Chalong,TH,Asia,,,,,7.82027,98.34415,,,osm,walk-in,6,new
ad2f2ba420b2dcfe49b1,big bee,Souvenirs & gifts,phuket,Chalong,TH,Asia,,,,,7.86316,98.34871,,,osm,walk-in,6,new
05df5e06264b2f3422a0,blue light residence,Hotel,phuket,Patong,TH,Asia,,,,,7.88457,98.302,,,osm,walk-in,6,new
3ba8b5a97b5d185324d2,coconutbar,Bar,phuket,Chalong,TH,Asia,,,,,7.82183,98.34167,,,osm,walk-in,6,new
9fb94b5985f3c0d891cd,deliCafe,Café,phuket,Cherngtalay,TH,Asia,,,,,7.98198,98.3617,,,osm,walk-in,6,new
73d658e1d40de8e3f154,divana Anda Spa (Phuket),Massage & spa,phuket,Bang Tao,TH,Asia,,,,5 Lagoon road Cherngtalay,7.99639,98.30271,,,osm,walk-in,6,new
fc12969cb029426ee54e,eDrive Rental,Vehicle rental,phuket,Surin,TH,Asia,,,,Soi Huatiea,7.98171,98.28555,,,osm,walk-in,6,new
7348d9ca5dcf68b03ea5,enricohostelpatong.com,Guesthouse,phuket,Patong,TH,Asia,,,https://enricohostelpatong.com,85 85 Rat-U-Thit Song Roi Pee Road,7.89954,98.30021,,,osm,walk-in,6,new
ef9220e8645646a55999,ganen,Restaurant,phuket,Chalong,TH,Asia,,,,,7.82018,98.34435,,,osm,walk-in,6,new
03437c35ed7e4d8c6c5c,golf house,Hotel,phuket,Airport,TH,Asia,,,,,8.10109,98.30977,,,osm,walk-in,6,new
88aeb7c2a38fecb895b5,grand seafood,Restaurant,phuket,Kata,TH,Asia,,,,,7.82636,98.29711,,,osm,walk-in,6,new
be813d734210912871a9,jira house,Hotel,phuket,Old Town,TH,Asia,,,,,7.91589,98.37444,,,osm,walk-in,6,new
0777450e4e7edda0754c,kais restaurant,Bar,phuket,Karon,TH,Asia,,,,,7.85677,98.29265,,,osm,walk-in,6,new
283ea2532b4eadbf6e60,kata Bar.B.Q Restaurant,Restaurant,phuket,Kata,TH,Asia,,,,,7.81367,98.2985,,,osm,walk-in,6,new
8e4428ecede34cfc386c,könyvesbolt,Souvenirs & gifts,phuket,Phuket Town,TH,Asia,,,,,7.88259,98.39088,,,osm,walk-in,6,new
84d587031f551d6b324e,l มา ดู บัว ภูเก็ต,Café,phuket,Bang Tao,TH,Asia,,,,,8.02193,98.32861,,,osm,walk-in,6,new
5bc2fc6b226ace4683e0,my Grill,Restaurant,phuket,Paklok,TH,Asia,,,,,8.05759,98.45827,,,osm,walk-in,6,new
7745c1e8796fcc4caed2,nahm SPA,Beauty & spa,phuket,Kamala,TH,Asia,,,,,7.94693,98.27132,,,osm,walk-in,6,new
90e9c46beabb3e7e7514,nail room@bypass,Beauty & spa,phuket,Koh Kaew,TH,Asia,,,,,7.93329,98.37686,,,osm,walk-in,6,new
39e890a12b8e30780851,naiyang park restaurant,Restaurant,phuket,Nai Yang,TH,Asia,,,,,8.09361,98.29927,,,osm,walk-in,6,new
f9f6587b9f31017a6d24,nice,Beauty & spa,phuket,Cherngtalay,TH,Asia,,,,,7.98663,98.30156,,,osm,walk-in,6,new
0d72df657700bcbd534b,noodle shop,Restaurant,phuket,Nai Yang,TH,Asia,,,,,8.08593,98.30258,,,osm,walk-in,6,new
6e27e044be367910221c,number one massage and nails,Massage & spa,phuket,Patong,TH,Asia,,,,,7.88801,98.29592,,,osm,walk-in,6,new
a2c32bb199c87757a056,papazula,Bar,phuket,Phuket Town,TH,Asia,,,,,7.88398,98.39095,,,osm,walk-in,6,new
20f78eb8f81af593dc71,pen siri house,Guesthouse,phuket,Nai Yang,TH,Asia,,,,,8.08681,98.29978,,,osm,walk-in,6,new
d5305867c31269c72fb9,phu thai massage spa,Massage & spa,phuket,Nai Yang,TH,Asia,,,,,8.06894,98.34318,,,osm,walk-in,6,new
e8bc4511ce0e1edf8693,pkt car rental,Vehicle rental,phuket,Airport,TH,Asia,,,,,8.09968,98.30683,,,osm,walk-in,6,new
8e4e9a3a905660782aa8,raya massage,Massage & spa,phuket,Rawai,TH,Asia,,,,,7.79185,98.31834,,,osm,walk-in,6,new
fc1e343d625b0e0c8a1e,rent bikes,Vehicle rental,phuket,Mai Khao,TH,Asia,,,,,8.12776,98.30103,,,osm,walk-in,6,new
974708de7c2a49ff541f,ribs,Café,phuket,Chalong,TH,Asia,,,,,7.843,98.35106,,,osm,walk-in,6,new
1e98e32110116714375a,ruanbubpha3 massage and beauty,Massage & spa,phuket,Airport,TH,Asia,,,,,8.10013,98.30726,,,osm,walk-in,6,new
37d42203d1c055764e1d,seafood,Restaurant,phuket,Rawai,TH,Asia,,,,,7.77423,98.32564,,,osm,walk-in,6,new
33d22a458a7bf53c4b5c,seaview cottage hotel,Guesthouse,phuket,Cape Panwa,TH,Asia,,,,,7.81573,98.3992,,,osm,walk-in,6,new
af68e4f24ac9b5ac46d3,shine bar and pizza,Bar,phuket,Patong,TH,Asia,,,,,7.8841,98.2822,,,osm,walk-in,6,new
9dae6f23bc83e44d9aaa,simmy bar&restaurante,Restaurant,phuket,Bang Tao,TH,Asia,,,,Soi Bangtao 4/1,7.99511,98.30484,,,osm,walk-in,6,new
49e96a3a9145e1af9318,smo.ko house cafe,Café,phuket,Kathu,TH,Asia,,,,,7.93202,98.32321,,,osm,walk-in,6,new
ae95c17d51df92a59af0,thaï noodle Hallal ,Restaurant,phuket,Old Town,TH,Asia,,,,,7.88164,98.36419,,,osm,walk-in,6,new
0ad6a08b710b20f44745,the coffee garden,Café,phuket,Kathu,TH,Asia,,,,ถนนพระบารมี กระทู้,7.90875,98.34563,,,osm,walk-in,6,new
3b7c55740daab14ea6d9,the green man,Nightlife,phuket,Chalong,TH,Asia,,,,"82/15 moo 4, patak road, rawai 83130",7.82405,98.3313,,,osm,walk-in,6,new
77f5a5d6a5557b7b9e3c,the moon thaifood,Café,phuket,Old Town,TH,Asia,,,,,7.88585,98.38763,,,osm,walk-in,6,new
ea044855bc7b617416b8,twenty-four seven,Guesthouse,phuket,Rawai,TH,Asia,,,,,7.77745,98.32816,,,osm,walk-in,6,new
c410fdf314c2f78f1c17,vSteaks,Restaurant,phuket,Karon,TH,Asia,,,,,7.84612,98.29897,,,osm,walk-in,6,new
201fead8f8b67d772aa1,xxx,Café,phuket,Phuket Town,TH,Asia,,,,,7.87027,98.39551,,,osm,walk-in,6,new
6fd6f3b750c81a60d223,За 150,Massage & spa,phuket,Patong,TH,Asia,,,,,7.89775,98.30178,,,osm,walk-in,6,new
2a3c7a8e34825a2eb4fc,Макашечная 1,Café,phuket,Patong,TH,Asia,,,,,7.89075,98.30128,,,osm,walk-in,6,new
ce39f8adbe1bfade20d2,กงสี ทีบาร์ สาขา สนามบินภูเก็ต,Café,phuket,Nai Yang,TH,Asia,,,,28/13 สาคู,8.09714,98.3065,,,osm,walk-in,6,new
b72f0bad6565f597566c,กระเพาะสมพรปาก,Restaurant,phuket,Paklok,TH,Asia,,,,,8.0123,98.35112,,,osm,walk-in,6,new
cddbfde7f66b810184a4,กหลิม รีสอร์ท,Hotel,phuket,Patong,TH,Asia,,,,,7.91223,98.29587,,,osm,walk-in,6,new
f74b7842c9539c25d128,กะตะวิวพอยท์ รีสอร์ท,Hotel,phuket,Kata,TH,Asia,,,,,7.81633,98.30344,,,osm,walk-in,6,new
d464c4c7e18b4834c447,กันเอง2,Restaurant,phuket,Chalong,TH,Asia,,,,,7.82507,98.34633,,,osm,walk-in,6,new
21c0f8df27cf09695835,กุ้งแดง,Restaurant,phuket,Karon,TH,Asia,,,,ถนนปฏัก,7.8472,98.29823,,,osm,walk-in,6,new
d5cece7e150a9a9d28d2,กูช่าย ตระกูลโล่,Restaurant,phuket,Old Town,TH,Asia,,,,,7.87191,98.38482,,,osm,walk-in,6,new
a615ea9ca1de33c4f3db,ก้องกาแฟ,Café,phuket,Chalong,TH,Asia,,,,เจ้าฟ้าตะวันตก,7.83757,98.33602,,,osm,walk-in,6,new
cd721ba34483aac8f803,ก๋วยเตี๋ยวต้มยำไข่ยางมะตูม,Restaurant,phuket,Old Town,TH,Asia,,,,,7.9036,98.37743,,,osm,walk-in,6,new
9fafa5a464e8fddcb420,ก๋วยเตี๋ยวนายต่อ บอกต่อ,Restaurant,phuket,Bang Tao,TH,Asia,,,,,8.02691,98.33014,,,osm,walk-in,6,new
3a4111b658731e3da1d4,ก๋วยเตี๋ยวเรือลอยลำ,Restaurant,phuket,Old Town,TH,Asia,,,,,7.90205,98.37745,,,osm,walk-in,6,new
33e99032fa0b3fa8a2d9,ขนมจีนป้ามัย,Restaurant,phuket,Old Town,TH,Asia,,,,,7.88655,98.3854,,,osm,walk-in,6,new
b180704e480d993f0d51,ขนมจีนสะพานหิน,Restaurant,phuket,Phuket Town,TH,Asia,,,,,7.86802,98.39618,,,osm,walk-in,6,new
a4b90632e3a8131871d1,ข้าวมันไก่ตอน เจ้มุก,Restaurant,phuket,Cherngtalay,TH,Asia,,,,,7.97969,98.36284,,,osm,walk-in,6,new
ec6210847ed436dc5a02,ข้าวแกง จี้จู้,Restaurant,phuket,Old Town,TH,Asia,,,,ปากทางเข้าซอย ปุ่นเถ้าก้อง กระทู้,7.89792,98.36229,,,osm,walk-in,6,new
d0f3b33210ea3b8c5b17,ครัวข้าวแกงไทย,Restaurant,phuket,Old Town,TH,Asia,,,,,7.9034,98.37708,,,osm,walk-in,6,new
8dd0cad2bdf69aacc629,ครัวคุณโต้ง,Restaurant,phuket,Old Town,TH,Asia,,,,,7.89782,98.37421,,,osm,walk-in,6,new
689923b9a1f462236832,ครัวต้นพลู,Restaurant,phuket,Patong,TH,Asia,,,,,7.87894,98.307,,,osm,walk-in,6,new
b957b08cf3c08fbcf13a,ครัวทะเลน้อย,Restaurant,phuket,Old Town,TH,Asia,,,,,7.89371,98.38586,,,osm,walk-in,6,new
aa1642596438c55f3f2d,ครัวพริกแกง@ภูเก็ต,Restaurant,phuket,Phuket Town,TH,Asia,,,,,7.8878,98.39339,,,osm,walk-in,6,new
3944ef2fa25972565e08,ครัวสมายสามกอง,Restaurant,phuket,Old Town,TH,Asia,,,,,7.90271,98.37679,,,osm,walk-in,6,new
58a3a15a6a834d93e2ee,คาเฟ่ อเมซอน,Café,phuket,Old Town,TH,Asia,,,,,7.87712,98.37943,,,osm,walk-in,6,new
89cf2bd141644e6cab30,คาเฟ่ เดล มาร์ ภูเก็ต,Nightlife,phuket,Kamala,TH,Asia,,,,,7.96209,98.28432,,,osm,walk-in,6,new
2e3afafafd50535c0c3d,คุณชัยชวนชิม,Restaurant,phuket,Old Town,TH,Asia,,,,,7.88053,98.37279,,,osm,walk-in,6,new
4fda5488a3c21f663902,จอมหมูกรอบ,Restaurant,phuket,Old Town,TH,Asia,,,,,7.90437,98.37774,,,osm,walk-in,6,new
f442b61f2a31832f4436,จุดรับผู้โดยสารแกร็บ,Transport,phuket,Airport,TH,Asia,,,,,8.107,98.30625,,,osm,walk-in,6,new
f6488535b12c17de5f29,จุดให้อาหารลิง,Attraction,phuket,Old Town,TH,Asia,,,,,7.89381,98.37951,,,osm,walk-in,6,new
e39fcf1dfb2d3d6f4640,จ่วนเฮี้ยงติ่มซำ,Restaurant,phuket,Phuket Town,TH,Asia,,,,,7.8795,98.39356,,,osm,walk-in,6,new
efb64d7e39325e0318f7,ชายสี่,Street food,phuket,Cherngtalay,TH,Asia,,,,,8.00537,98.34402,,,osm,walk-in,6,new
d80d2f52e8491e471ab5,ชายสี่หมี่เกี๊ยว สามกอง,Restaurant,phuket,Old Town,TH,Asia,,,,,7.90447,98.37775,,,osm,walk-in,6,new
4859333ef4d67b5af8bc,ตลาดชุมชน บ้านบ่อแร่,Market,phuket,Chalong,TH,Asia,,,,,7.84158,98.37725,,,osm,walk-in,6,new
83989d0ee64afd2c73b1,ตลาดนัดโกเบ๋งบ้านพอน,Market,phuket,Cherngtalay,TH,Asia,,,,,7.99713,98.33728,,,osm,walk-in,6,new
a5d34b7864dcfa1de072,ตลาดสดสาธารณะ 1,Market,phuket,Old Town,TH,Asia,,,,,7.88299,98.38599,,,osm,walk-in,6,new
8d1195d95adf4189e584,ตลาดเกษตร,Market,phuket,Phuket Town,TH,Asia,,,,,7.87791,98.39525,,,osm,walk-in,6,new
586505fb898cf49d9b83,ตลาดเช้าหน้าโรงไฟฟ้า,Street food,phuket,Koh Kaew,TH,Asia,,,,,7.91559,98.39397,,,osm,walk-in,6,new
ac0016f462f90a90ae27,ตำหนักนวดไท,Massage & spa,phuket,Old Town,TH,Asia,,,,soi Vichitthanee,7.8948,98.36498,,,osm,walk-in,6,new
3005df12b21d374a7441,ติ่มซำ,Restaurant,phuket,Old Town,TH,Asia,,,,,7.88632,98.3758,,,osm,walk-in,6,new
2c48a7d2759ac33ee067,ถ,Restaurant,phuket,Bang Tao,TH,Asia,,,,"Thep Krasatti, Thalang District",8.02319,98.32788,,,osm,walk-in,6,new
f5f01a18caf302f5127d,ถนนคนเดิน หลาดใหญ่,Market,phuket,Phuket Town,TH,Asia,,,,,7.88477,98.38911,,,osm,walk-in,6,new
fe26a93f6634920be3f7,ถนนถลาง,Attraction,phuket,Phuket Town,TH,Asia,,,,,7.88477,98.38914,,,osm,walk-in,6,new
cbc53483cb0666719156,ถนนบางลา,Attraction,phuket,Patong,TH,Asia,,,,,7.8932,98.29813,,,osm,walk-in,6,new
ae08e42c71aaeb19b850,ทองหล่อ90 ภูเก็ต,Restaurant,phuket,Chalong,TH,Asia,,,,,7.82297,98.33668,,,osm,walk-in,6,new
d548aa923e6794f00f42,ทอมหลุม,Café,phuket,Airport,TH,Asia,,,,,8.11863,98.30815,,,osm,walk-in,6,new
215c773f85d36a0089f3,ทางแยกธนาคารชาร์เตอร์,Attraction,phuket,Phuket Town,TH,Asia,,,,,7.8836,98.39085,,,osm,walk-in,6,new
5bb08b4dee6a4d010eaa,ทุ่งคา-กาแฟ สาขาเขารัง,Restaurant,phuket,Old Town,TH,Asia,,,,,7.89304,98.38013,,,osm,walk-in,6,new
c4c2cdba49ce514b15aa,ท้บทิม,Pharmacy,phuket,Chalong,TH,Asia,,,,,7.84316,98.33471,,,osm,walk-in,6,new
8dabaa17b9768826b8d8,นวดครอบครัว,Beauty & spa,phuket,Kata,TH,Asia,,,,116 Soi Taina,7.82639,98.29738,,,osm,walk-in,6,new
ae1663a3f19ca2be63ae,นายพล อาหารตามสั่ง,Restaurant,phuket,Old Town,TH,Asia,,,,,7.89352,98.38588,,,osm,walk-in,6,new
66c5b870a969fb56988b,นายยกหมู หมูกะทะ & ซีฟู้ด,Restaurant,phuket,Old Town,TH,Asia,,,,100/625 ศรีสุชาติ 11 Ratsada,7.91576,98.37132,,,osm,walk-in,6,new
3fea2c8a136a52c467d4,น้องหญิงซีฟู้ด,Market,phuket,Kathu,TH,Asia,,,,,7.91107,98.33299,,,osm,walk-in,6,new
1a3a1467c747106b845f,น้ำตก,Attraction,phuket,Paklok,TH,Asia,,,,,8.02818,98.36533,,,osm,walk-in,6,new
f6712a9e337badb43158,น้ำตกบางแป,Attraction,phuket,Paklok,TH,Asia,,,,,8.03823,98.39041,,,osm,walk-in,6,new
1613d75331ac724d4e9a,บริษัท บูมเมอแรง คลับ จำกัด,Restaurant,phuket,Kata,TH,Asia,,,,,7.82736,98.29913,,,osm,walk-in,6,new
c5a5ea779753ddd02f29,บริษัท ปุ้ม ไทย ฟู้ด เชน จำกัด,Restaurant,phuket,Patong,TH,Asia,,,,,7.89076,98.29684,,,osm,walk-in,6,new
80a727cdec970cb7a4ef,บะหมี่ตลาดขวางพังงา สาขาสามกอง,Restaurant,phuket,Old Town,TH,Asia,,,,,7.9015,98.37758,,,osm,walk-in,6,new
accfe1b4686b4ecd732c,บะหมี่น้ำฮกเกี้ยน,Restaurant,phuket,Old Town,TH,Asia,,,,,7.90443,98.37775,,,osm,walk-in,6,new
3b73749d9694facde7dc,บะหมี่ป๊อก ป๊อก,Restaurant,phuket,Old Town,TH,Asia,,,,,7.90268,98.37665,,,osm,walk-in,6,new
30a2c6a328b0a9f6ec07,บางกอกข้าวมันไก่บ้าน,Restaurant,phuket,Old Town,TH,Asia,,,,,7.90211,98.37755,,,osm,walk-in,6,new
8bdbc4864dd6851d3dad,บาร์เบียร์ฝรั่ง,Bar,phuket,Kathu,TH,Asia,,,,,7.9109,98.33346,,,osm,walk-in,6,new
efcacb0da5fa40f6642b,บู คอฟฟี่,Café,phuket,Koh Kaew,TH,Asia,,,,92/5 เกาะแก้ว เมือง ภูเก็ต ถนนเทพกระษัตรี,7.95654,98.38771,,,osm,walk-in,6,new
2897cf7670ae3589d54d,บู๊ลิ้มหม้อไฟ,Restaurant,phuket,Old Town,TH,Asia,,,ajindai.com,,7.8718,98.38503,,,osm,walk-in,6,new
7e1a6180847b9ed853aa,บ้านชินประชา,Museum,phuket,Old Town,TH,Asia,,,,,7.88578,98.38394,,,osm,walk-in,6,new
3d9f7392c4376458758c,บ้านตีลังกา,Attraction,phuket,Koh Kaew,TH,Asia,,,,ถนนเทพกระษัตรี,7.93844,98.37962,,,osm,walk-in,6,new
df7d25c8df71c7a7be12,บ้านลาบ,Restaurant,phuket,Patong,TH,Asia,,,,,7.88325,98.29312,,,osm,walk-in,6,new
417900b9b75d1d935d3d,บ้านโรตี,Café,phuket,Cherngtalay,TH,Asia,,,,,7.99732,98.30938,,,osm,walk-in,6,new
883f2caf8e6f13d4aa32,ผัดหมี่,Restaurant,phuket,Phuket Town,TH,Asia,,,,,7.88007,98.39215,,,osm,walk-in,6,new
f2e78818bf33ce0a0bef,ผัดไทยโบราณ,Restaurant,phuket,Old Town,TH,Asia,,,,,7.88068,98.38567,,,osm,walk-in,6,new
b21648c5959f9d5f016e,พระพุทธมิ่งมงคลเอกเนาคคีรี,Attraction,phuket,Kata,TH,Asia,,,https://phuket-big-buddha.com/,,7.82773,98.31281,,,osm,walk-in,6,new
3d093af96b9ea12e8562,พลับพลาที่ประทับกรมหลวงชุมพรเขตอุดมศักดิ์ สะพานหิน,Museum,phuket,Phuket Town,TH,Asia,,,,,7.86597,98.39779,,,osm,walk-in,6,new
edddaedc1a243ae6bb61,พอดี โฮมคาเฟ่,Café,phuket,Old Town,TH,Asia,,,,,7.90198,98.37735,,,osm,walk-in,6,new
b0a50f9146d946758ebe,พิพิธภัณฑ์เพอรานากัน,Museum,phuket,Phuket Town,TH,Asia,,,https://peranakanphuketmuseum.com/,,7.88375,98.39069,,,osm,walk-in,6,new
bd5ceaf93ecc25936b4b,พิมพ์ฟาร์มาซี,Pharmacy,phuket,Old Town,TH,Asia,,,,,7.90528,98.37784,,,osm,walk-in,6,new
900d5bc59012961cf38a,ภูเก็ตคันทรีคลับ,Golf,phuket,Kathu,TH,Asia,,,,,7.90017,98.34367,,,osm,walk-in,6,new
0c34e357f6b3f34818c4,ภูเก็ตเรดดี้มิก,Attraction,phuket,Koh Kaew,TH,Asia,,,,,7.91903,98.3947,,,osm,walk-in,6,new
6d704ba3d7e44bc7e9b7,มาลัย อาหารตามสั่ง,Restaurant,phuket,Phuket Town,TH,Asia,,,,,7.88678,98.39279,,,osm,walk-in,6,new
3e4da8819e97e309fd0e,มาลาติ่มซำ,Restaurant,phuket,Kata,TH,Asia,,,,,7.82297,98.30297,,,osm,walk-in,6,new
68217dd1b2503fb3bf97,มิวเซียมภูเก็ต,Museum,phuket,Phuket Town,TH,Asia,,,,,7.88348,98.39075,,,osm,walk-in,6,new
491782e0f2c9074255b3,มีนาเทล,Hotel,phuket,Patong,TH,Asia,,,,5/53 ถนนราษฎร์อุทิศ200ปี,7.90007,98.29938,,,osm,walk-in,6,new
656e209a28a0cba1fd0f,มุกดี ชิพ้ด,Restaurant,phuket,Rawai,TH,Asia,,,,ม.2 ถนนวิเศษ,7.77565,98.32865,,,osm,walk-in,6,new
68f52d98383d526b5831,มูนสโตน คาเฟ่,Café,phuket,Cape Panwa,TH,Asia,,,,,7.82956,98.40594,,,osm,walk-in,6,new
3f8acf71fbfa80521c19,ยาเมืองใหม่,Pharmacy,phuket,Airport,TH,Asia,,,,,8.08824,98.34167,,,osm,walk-in,6,new
cf0c4529d1b7af671016,รถมอเตอร์ไซด์ให้เช่า,Vehicle rental,phuket,Kata,TH,Asia,,,,118 Soi Taina,7.82638,98.29729,,,osm,walk-in,6,new
96143f839216a4b1e470,ร้าน HY,Restaurant,phuket,Phuket Town,TH,Asia,,,,,7.87601,98.42963,,,osm,walk-in,6,new
88ffc22f62e5daa08db1,ร้านกองเงิน,Restaurant,phuket,Old Town,TH,Asia,,,,,7.91669,98.37219,,,osm,walk-in,6,new
62e7c746c271535025df,ร้านข้าวต้มนายดาบ,Restaurant,phuket,Old Town,TH,Asia,,,,,7.89345,98.38588,,,osm,walk-in,6,new
a4d3efbafcb449128700,ร้านข้าวต้มริมทาง ภูเก็ต,Restaurant,phuket,Old Town,TH,Asia,,,,,7.90216,98.37876,,,osm,walk-in,6,new
a30114fa1de5f5af9962,ร้านข้าวต้มหน้าโรงไฟฟ้า,Restaurant,phuket,Koh Kaew,TH,Asia,,,,,7.9158,98.39406,,,osm,walk-in,6,new
99211dab149dc7e0bcf4,ร้านข้าวมันไก่เจ๊ตา,Restaurant,phuket,Old Town,TH,Asia,,,,,7.86255,98.3803,,,osm,walk-in,6,new
5702efc1cbf44b686ff4,ร้านชูชิมั้ย,Restaurant,phuket,Old Town,TH,Asia,,,,,7.90308,98.37661,,,osm,walk-in,6,new
e67569da7350283a03ef,ร้านตลุง,Restaurant,phuket,Old Town,TH,Asia,,,,,7.90039,98.3806,,,osm,walk-in,6,new
ac745d75046e39d05623,ร้านติ่มซำ สามกอง,Restaurant,phuket,Old Town,TH,Asia,,,,,7.90229,98.37842,,,osm,walk-in,6,new
23909dcae1985e61d6fa,ร้านนายเคี้ยง,Restaurant,phuket,Koh Kaew,TH,Asia,,,,,7.92353,98.38321,,,osm,walk-in,6,new
93abead8638e6466e690,ร้านน้องเจ,Restaurant,phuket,Old Town,TH,Asia,,,,,7.88668,98.3824,,,osm,walk-in,6,new
e3957f2ab4cec1e033fe,ร้านบะหมี่เกี๊ยว&ลอดช่องใบเตย(เส้นทำเอง),Restaurant,phuket,Cherngtalay,TH,Asia,,,,,8.00942,98.34076,,,osm,walk-in,6,new
cca174aa7e86bbfac211,ร้านบ้านยาคุณเยาว์,Pharmacy,phuket,Old Town,TH,Asia,,,,,7.90274,98.37676,,,osm,walk-in,6,new
0f0da46d689b7a58a6a8,ร้านปาท่องโก๋ โกชัย,Café,phuket,Phuket Town,TH,Asia,,,,344 ถนนภูเก็ต,7.87695,98.39346,,,osm,walk-in,6,new
d0859a1dd7f37666051a,ร้านยากินิคุสามกอง 99999,Restaurant,phuket,Old Town,TH,Asia,,,,,7.90123,98.37776,,,osm,walk-in,6,new
09860e614f14c758e011,ร้านสามกองน้ำเต้าหู้ 2538,Restaurant,phuket,Old Town,TH,Asia,,,,,7.90204,98.3792,,,osm,walk-in,6,new
dcda536451c5e0fc2ccb,ร้านหนมจีนพังงา สาขาสามกอง,Restaurant,phuket,Old Town,TH,Asia,,,,,7.90197,98.37732,,,osm,walk-in,6,new
0d308eca2af0cef8a94e,ร้านอาหาร ระย้า,Restaurant,phuket,Phuket Town,TH,Asia,,,,48/1,7.88593,98.3909,,,osm,walk-in,6,new
da3b157c626161cc87a1,ร้านอาหารมังสวิรัติ,Restaurant,phuket,Old Town,TH,Asia,,,,,7.88371,98.38345,,,osm,walk-in,6,new
bd0f387ef9b897a15ffd,ร้านอาหารลาวอินเตอร์,Restaurant,phuket,Rawai,TH,Asia,,,,120/04 ถนนใสยวน,7.79268,98.32355,,,osm,walk-in,6,new
0af9ff091f4e83641429,ร้านอาหารเจดอกบัว,Restaurant,phuket,Old Town,TH,Asia,,,,,7.90133,98.37759,,,osm,walk-in,6,new
c44b741024a2cf1292bd,ร้านอิ่มเช้า,Restaurant,phuket,Old Town,TH,Asia,,,,,7.90239,98.3768,,,osm,walk-in,6,new
c738fc5408246b0a7924,ร้านาหารแหลมพรหมเทพภูเก็ต,Restaurant,phuket,Nai Harn,TH,Asia,,,,,7.76232,98.30628,,,osm,walk-in,6,new
6154135ae49256d3897b,ร้านเด็กซน,Restaurant,phuket,Old Town,TH,Asia,,,,,7.9032,98.37743,,,osm,walk-in,6,new
19c2628571512d30cfc1,ร้านเต้าซ้อแม่บุญธรรม สาขาสามกอง,Souvenirs & gifts,phuket,Old Town,TH,Asia,,,,,7.90139,98.37773,,,osm,walk-in,6,new
28df1ad64dbc3d14ca9d,ร้านเป็ดย่างชิกกี่,Restaurant,phuket,Old Town,TH,Asia,,,,,7.89111,98.38596,,,osm,walk-in,6,new
0add39073edc8eaadf0a,ร้านแม่พร ซีฟู้ต,Restaurant,phuket,Old Town,TH,Asia,,,,,7.90103,98.37951,,,osm,walk-in,6,new
2b764a5baa473890a14c,ล็อบสเตอร์สแควร์,Restaurant,phuket,Kata,TH,Asia,,,,,7.81385,98.29899,,,osm,walk-in,6,new
fcb2183dfd345f4c039f,วงเวียนสุรินทร์,clock,phuket,Phuket Town,TH,Asia,,,,,7.88041,98.39222,,,osm,walk-in,6,new
8552dfacbf9e1fc6c424,ศรีพันวา,Hotel,phuket,Cape Panwa,TH,Asia,,,,,7.8033,98.40954,,,osm,walk-in,6,new
c45338deb9c22f66a833,สงวนพรวิว 2,Guesthouse,phuket,Patong,TH,Asia,,,,45 ซอย พระบารมี 3 Patong,7.90676,98.30692,,,osm,walk-in,6,new
6a0a77ee09aef6d3f073,สยาม,Bar,phuket,Kata,TH,Asia,,,,,7.82496,98.29733,,,osm,walk-in,6,new
64137611120e4c81fd2b,สวนสาธารณะเขารัง,Attraction,phuket,Old Town,TH,Asia,,,,,7.89338,98.37997,,,osm,walk-in,6,new
071e4f72cd50d9c9344e,สวนสาธารณะเฉลิมพระเกียรติ,Attraction,phuket,Old Town,TH,Asia,,,,,7.87535,98.37466,,,osm,walk-in,6,new
0186dadf10e7c85acafb,สะพานไม้หาดในทอน,Attraction,phuket,Nai Yang,TH,Asia,,,,,8.05451,98.27822,,,osm,walk-in,6,new
04ca7ba99ffcdda7905d,สุกี้สไปซี่ สตาร์ สาขาสามกองภูเก็ต,Restaurant,phuket,Old Town,TH,Asia,,,,,7.90215,98.37722,,,osm,walk-in,6,new
79f4fa65000a73b7437d,สเต็กลุงหยิก,Restaurant,phuket,Old Town,TH,Asia,,,,,7.90302,98.3771,,,osm,walk-in,6,new
350b511c5eef78b6443f,ส้มตำ ยโสธร,Restaurant,phuket,Old Town,TH,Asia,,,,,7.90357,98.37732,,,osm,walk-in,6,new
6a22b32f07f815d9aa84,หน้าบ้านhomecafe,Café,phuket,Koh Kaew,TH,Asia,,,,8/2 ซอยพัชนี-บางชีเหล้า,7.91348,98.39415,,,osm,walk-in,6,new
57e3e6f9c429fa2aec43,หมี่เป๊ะเถว,Restaurant,phuket,Old Town,TH,Asia,,,,,7.90186,98.37719,,,osm,walk-in,6,new
01c47ac2595cd0e844a1,หาดกะตะ,Attraction,phuket,Kata,TH,Asia,,,,,7.81939,98.29603,,,osm,walk-in,6,new
7a699a58473bd3b576a1,หาดกะตะน้อย,Attraction,phuket,Kata,TH,Asia,,,,,7.8063,98.29868,,,osm,walk-in,6,new
01cae54039a6fc45af9f,ห้องประชุมดวงจิตร รคสอร์ท,Hotel,phuket,Patong,TH,Asia,,,,,7.88427,98.28847,,,osm,walk-in,6,new
113d78bad2c3ac65b95b,ห้างหุ้นส่วนจำกัด กะตะ ซัน บีช,Hotel,phuket,Kata,TH,Asia,,,,,7.81752,98.30618,,,osm,walk-in,6,new
203d98f09e7c2fdae64f,อมารี ภูเก็ต,Hotel,phuket,Patong,TH,Asia,,,,,7.88604,98.28443,,,osm,walk-in,6,new
33c1e94b878612805448,อันนา ก๋วยเตี๋ยวรสเด็ด,Restaurant,phuket,Paklok,TH,Asia,,,,,8.03033,98.40139,,,osm,walk-in,6,new
1b83c26f968a50bf49ff,เกาะยาวมุสลิม,Restaurant,phuket,Old Town,TH,Asia,,,,,7.89606,98.38478,,,osm,walk-in,6,new
9f667c24ce8895b71465,เจ สุขใจ,Restaurant,phuket,Cherngtalay,TH,Asia,,,,,7.98934,98.30525,,,osm,walk-in,6,new
c4bad402e3f43d1e4049,เจี๊ยะ ข้าวต้ม,Restaurant,phuket,Old Town,TH,Asia,,,,,7.90203,98.37923,,,osm,walk-in,6,new
a3ebb640abbb38325ff9,เชิงทะเลหมูกะทะ,Restaurant,phuket,Cherngtalay,TH,Asia,,,,,7.99665,98.30904,,,osm,walk-in,6,new
7d43e782efd31f18dfe1,เช่ารถรายวัน,Vehicle rental,phuket,Nai Yang,TH,Asia,,,https://trueleasing.co.th/,,8.09852,98.30701,,,osm,walk-in,6,new
838245522cab833a0862,เดอะเวสทิน สิเหร่เบย์ รีสอร์ทแอนด์สปา ภูเก็ต,Hotel,phuket,Phuket Town,TH,Asia,,,,,7.87226,98.42888,,,osm,walk-in,6,new
d39f83d8a2c4ff43f776,เตี๋ยวเรือ4พระยา,Restaurant,phuket,Cherngtalay,TH,Asia,,,,,8.00446,98.34498,,,osm,walk-in,6,new
88160188b0163557f114,เมืองอาหารตลาด,Market,phuket,Old Town,TH,Asia,,,,,7.88392,98.38609,,,osm,walk-in,6,new
ea217ee826a7ce3807f9,เมืองเก่าภูเก็ต,Attraction,phuket,Phuket Town,TH,Asia,,,,,7.88478,98.38922,,,osm,walk-in,6,new
abcb6e04276649425e96,เยาว์เย็นตาโฟ,Restaurant,phuket,Old Town,TH,Asia,,,,93 Sakdidejana Soi 1,7.87087,98.38325,,,osm,walk-in,6,new
1a6b8baaee9c0f3bc993,เย็นเตาโฟ จี้ลี่,Restaurant,phuket,Old Town,TH,Asia,,,,,7.88655,98.3859,,,osm,walk-in,6,new
a95c93d085486abc335e,เลอปลาเผาภูเก็ต,Restaurant,phuket,Paklok,TH,Asia,,,,,7.98774,98.37064,,,osm,walk-in,6,new
e46cc1326afcc973856d,เล้ง โภชนา,Restaurant,phuket,Old Town,TH,Asia,,,,,7.90301,98.37681,,,osm,walk-in,6,new
508060e4d05e8faded62,เวลตี้แคร์,Pharmacy,phuket,Kata,TH,Asia,,,,,7.82496,98.29723,,,osm,walk-in,6,new
db627eecf2840a9f29ae,เอพอร์ตโฮทเทล,Hotel,phuket,Airport,TH,Asia,,,,,8.10857,98.31021,,,osm,walk-in,6,new
a63165bbe79462c853c0,แคแร็มโบลา คาเฟ่,Café,phuket,Old Town,TH,Asia,,,,,7.88657,98.37506,,,osm,walk-in,6,new
07e844bf91c902d6baa3,แม่แสงชีฟู้ด,Restaurant,phuket,Karon,TH,Asia,,,,,7.8432,98.295,,,osm,walk-in,6,new
24411fccafb9f9bb83e4,แหลมหินซีฟู้ด,Restaurant,phuket,Koh Kaew,TH,Asia,,,,,7.93572,98.40737,,,osm,walk-in,6,new
dc487b99835911ad9100,แอด ไทม์,Nightlife,phuket,Phuket Town,TH,Asia,,,,,7.88013,98.39299,,,osm,walk-in,6,new
9626fa3ce715c4dfc2ff,โกซ้งคนโบราณ,Restaurant,phuket,Old Town,TH,Asia,,,,,7.88259,98.38559,,,osm,walk-in,6,new
cb6f4779c5abf28a9528,โกล์ด แชเรียทโฮเทล,Hotel,phuket,Bang Tao,TH,Asia,,,,,8.01205,98.31501,,,osm,walk-in,6,new
2b7f3b663f0ea70b2cfc,โกอ้านเบียร์วุ้น,Market,phuket,Kathu,TH,Asia,,,,,7.89938,98.3429,,,osm,walk-in,6,new
e7aef15d6681789a1035,โกเทียนข้าวราดเทียน,Restaurant,phuket,Old Town,TH,Asia,,,,,7.88068,98.37036,,,osm,walk-in,6,new
c1b12b14a493b386e657,โกเฮง,Restaurant,phuket,Old Town,TH,Asia,,,,,7.90264,98.37732,,,osm,walk-in,6,new
70d5b4d472688f057c18,โก้ดำ ข้าวมันไก่สามกอง,Restaurant,phuket,Old Town,TH,Asia,,,,,7.90211,98.37893,,,osm,walk-in,6,new
316701d9e83d2bc1d0bf,โจ๊กฉลอง,Restaurant,phuket,Chalong,TH,Asia,,,,,7.83126,98.33956,,,osm,walk-in,6,new
938c7943b73956e9bf7f,โชคชัย ติ่มซำ,Restaurant,phuket,Old Town,TH,Asia,,,,,7.88754,98.37577,,,osm,walk-in,6,new
c345f6fd2877fd3ea400,โรง ชา ปัตตานี,Restaurant,phuket,Airport,TH,Asia,,,,,8.10072,98.30707,,,osm,walk-in,6,new
985f141d72ed2f07bec8,โรงอาหารสำนักงาน AOT,Street food,phuket,Airport,TH,Asia,,,,,8.10348,98.30624,,,osm,walk-in,6,new
6fb53ad077c7d53545c0,โรงแรม สิเหน่ ภูเก็ต ลักซ์ชัวรี่,Hotel,phuket,Phuket Town,TH,Asia,,,,,7.87223,98.43178,,,osm,walk-in,6,new
998a13b11fe3d790a29a,โรงแรมภูคีตา,Hotel,phuket,Old Town,TH,Asia,,,,,7.90974,98.39158,,,osm,walk-in,6,new
4de5e62b2bfd7a2e683b,โรงแรมรุ่งระวี ฟอเรสท์ ภูเก็ต,Hotel,phuket,Old Town,TH,Asia,,,,,7.89935,98.38421,,,osm,walk-in,6,new
c459cd3a30ba464dad36,โอ๊ะโอ,Restaurant,phuket,Kata,TH,Asia,,,,,7.82164,98.29931,,,osm,walk-in,6,new
91fd31301cf06a3216ca,ไทยวด,Massage & spa,phuket,Old Town,TH,Asia,,,,,7.8785,98.37275,,,osm,walk-in,6,new
65a555dda88a68017160,ไม้หมอน ฟอเรสต์,Restaurant,phuket,Phuket Town,TH,Asia,,,,,7.88449,98.39438,,,osm,walk-in,6,new
3f43bcc57ed8a3528f5f,็Happy Browns,Café,phuket,Kathu,TH,Asia,,,,2/101 Soi Kathu 2 kathu,7.90697,98.35069,,,osm,walk-in,6,new
