id,name,category,dest,area,country,region,email,phone,website,address,lat,lng,hygiene,rating,source,channel,priority,status,email_status,segment_reason
e73d3b1558b55de536e8,Cascara Bath,Café,bath,,GB,UK,contact@cascara-cafe.co.uk,+441225542636,http://Www.instagram.com/cascarabath,3 Upper Borough Walls BA1 1RG,51.38283,-2.35972,5,,osm,email,1,new,no_mx,validation: no_mx
8ef64febeff5cab37e3d,The Grapes,Bar,bath,,GB,UK,hello@thegrapesbath.co.uk,+441225727060,https://thegrapesbath.co.uk/,14 Westgate Street BA1 1EQ,51.38131,-2.36169,5,,osm,email,1,new,no_mx,validation: no_mx
5eca430af5c33ea0db50,200 Degrees,Café,liverpool,Liverpool,GB,UK,e. boldstreet@200degs.com,+44 151 2038716,https://200degs.com/pages/locations/liverpool-bold-street,17-19 Bold Street L1 4DN Liverpool,53.40385,-2.97963,3,,osm,email,1,new,bad_syntax,validation: bad_syntax
99fb6bd74cf0d5ffe911,Maedah Grill,Restaurant,london,London,GB,UK,info@maedahgrill.net,+44 20 7377 0649,https://www.maedahgrill.net/,42 Fieldgate Street E1 1ES London,51.5169,-0.06536,1,,osm,email,1,new,no_mx,validation: no_mx
b9b3978af27786938f83,Searcys at The Gherkin,Bar,london,,GB,UK,gherkinreception@searcys.co,,https://searcys.co.uk/venues/the-gherkin/,"30 St Mary Axe, London, EC3A 8BF",51.51449,-0.08039,5,,osm,email,1,new,no_mx,validation: no_mx
02a2232c7efc9ecb1c70,The Rattlin’ Bog Irish Pub,Bar,london,,GB,UK,mailto:info@therattlinbog.co.uk,,https://www.therattlinbog.co.uk/,4 Clapham Common South Side,51.46174,-0.13774,5,,osm,email,1,new,bad_syntax,validation: bad_syntax
3da27695046bb2d19818,The Refinery,Bar,london,London,GB,UK,regentsplace@therefinerybars.co.uk,+44 845 468 0106,https://regentsplace.therefinerybar.co.uk/,5 Brock Street NW1 3FG London,51.52546,-0.14017,5,,osm,email,1,new,no_mx,validation: no_mx
f2f75dc51158d95eddd2,Nom Noms,Restaurant,manchester,Manchester,GB,UK,info@nomnomsgrill.co.uk,+44 161 881 4256,https://nomnomsgrill.co.uk/,430 Wilbraham Road M21 0AS Manchester,53.44261,-2.27533,4,,osm,email,1,new,no_mx,validation: no_mx
8ffbc9367e0c746c4fc9,A'DAM VR Game Park,Attraction,amsterdam,Amsterdam,NL,Europe,sales@adam-vr.com;info@adam-vr.com,+31 20 215 9545,https://adam-vr.com/,15 Overhoeksplein 1031KS Amsterdam,52.3837,4.9027,,,osm,email,2,new,bad_syntax,validation: bad_syntax
db776a22935719cbbcdf,Bar MiMi,Bar,amsterdam,,NL,Europe,mimi@barmomi.nl,+31 20 770 2957,https://barmimi.nl/,35-H Potgieterstraat 1053,52.36953,4.87388,,,osm,email,2,new,no_mx,validation: no_mx
02d9986689f886aa01ab,Caffe Italia,Restaurant,amsterdam,Amsterdam,NL,Europe,:info@caffe-italia-amsterdam.nl,+31 20 330 1200,https://caffe-italia-amsterdam.nl/en/,93 Warmoesstraat 1012HZ Amsterdam,52.37456,4.89711,,,osm,email,2,new,bad_syntax,validation: bad_syntax
3e6ea6d4ae10a3054628,Café Ruis,Bar,amsterdam,Amsterdam,NL,Europe,info@cafe-ruis.nl,+31 20 364 0354,https://cafe-ruis.nl/,9-H Van der Helstplein 1073AR Amsterdam,52.35179,4.8951,,,osm,email,2,new,no_mx,validation: no_mx
35156e87b188cc5a4a1c,International Budget Hostel,Hostel,amsterdam,Amsterdam,NL,Europe,info@internationalbudgethostel.com,+31 20 6242784,https://www.internationalbudgethostel.com/,76 Leidsegracht 1016CR Amsterdam,52.36608,4.88196,,,osm,email,2,new,no_mx,validation: no_mx
012ef35c5cd0e3d0f73b,Koffie ende koecke,Restaurant,amsterdam,Amsterdam,NL,Europe,contact@koffieerdekoecke.nl,,,175 Haarlemmerweg 1051LA Amsterdam,52.38529,4.87164,,,osm,email,2,new,no_mx,validation: no_mx
0b98d28fb7de82f6e62f,Kopstootbar,Bar,amsterdam,Amsterdam,NL,Europe,info@kopstootbar.amsterdam,,https://kopstootbar.amsterdam/,429 Marnixstraat 1017PK Amsterdam,52.36405,4.88185,,,osm,email,2,new,no_mx,validation: no_mx
6415d443b309fe55ba0b,La Cantina,Restaurant,amsterdam,Amsterdam,NL,Europe,info@lanactinaamsterdam.nl,+31 20 786 7211,https://lacantinaamsterdam.nl/,20 Gravenstraat 1012NM Amsterdam,52.37429,4.89218,,,osm,email,2,new,no_mx,validation: no_mx
baeba1365944f140843d,La Gouch,Restaurant,amsterdam,,NL,Europe,info@steakhouselagouch.nl,+31 20 620 5676,http://steakhouselagouch.nl/,,52.37599,4.90264,,,osm,email,2,new,no_mx,validation: no_mx
a032f60e696d7c5b1a19,Obalade Suya,Restaurant,amsterdam,Amsterdam,NL,Europe,shop@grandrestauranttheme.com,+31 20 416 4705,https://obaladesuya.nl/,26 Surinamestraat 1058GK Amsterdam,52.3582,4.85435,,,osm,email,2,new,no_mx,validation: no_mx
e67b1eca6c560d03ce63,Ossi,Beauty & spa,amsterdam,Amsterdam,NL,Europe,info@ossi-hairstyling.com,+31 20 618 3462,http://ossi-hairstyling.com,120 Jan Pieter Heijestraat 1054MH Amsterdam,52.36259,4.8639,,,osm,email,2,new,no_mx,validation: no_mx
6ff74da1de45e928bbbf,Powergirls,Shopping,amsterdam,Amsterdam,NL,Europe,info@powergirls-power.nl,,,17 Hensbroekerstraat 1023AM Amsterdam,52.39251,4.94388,,,osm,email,2,new,no_mx,validation: no_mx
6feb85078a4d2173206c,Sahaja Yoga,Gym & fitness,amsterdam,,NL,Europe,info@sahajayoga.nl; sahajayogacourse@gmail.com,+31 6 30 280 853,https://sahajayoga.nl/,,52.34413,4.92175,,,osm,email,2,new,bad_syntax,validation: bad_syntax
02d18e77e4399af11028,Van Dulst Kappers,Beauty & spa,amsterdam,Amsterdam,NL,Europe,info@kapsalonvandulst.nl,+31 20 626 2619,https://vandulstkappers.nl,45-H Vijzelgracht 1017HP Amsterdam,52.36065,4.89141,,,osm,email,2,new,no_mx,validation: no_mx
8ff7d13f06d3a0d33f68,Van Oss,Pharmacy,amsterdam,Amsterdam,NL,Europe,info@kringapotheekvanoss.nl,+31 20 619 1273,https://www.kringapotheekvanoss.nl,52 S. F. van Ossstraat 1068JL Amsterdam,52.35614,4.8128,,,osm,email,2,new,no_mx,validation: no_mx
ab999f2e69abb131a926,BOX Athens,Nightlife,athens,Αθήνα,GR,Europe,info@boxathens.com,694 811 1273,http://boxathens.com,130 Πειραιώς Αθήνα,37.97517,23.70959,,,osm,email,2,new,no_mx,validation: no_mx
5b85a74196f943684884,Bamboo Vegan,Convenience,athens,Αθήνα,GR,Europe,info@bamboovegan.com,+302103300018,https://bamboovegan.com,36 Ζωοδόχου Πηγής 10680 Αθήνα,37.98472,23.73579,,,osm,email,2,new,no_mx,validation: no_mx
a2d94363a9a6bf5a2896,Metropolis,Café,athens,Αθήνα,GR,Europe,thomas@thomas-1980.gr,21 1210 5319,,49 Λαρίσης 11524 Αθήνα,37.99382,23.76212,,,osm,email,2,new,no_mx,validation: no_mx
3731d343430cd81f195b,NYC nails,Beauty & spa,athens,Ζωγράφου,GR,Europe,info@nycnailsbykonstantina.gr,+30 210 77 04724,,77 Στρατάρχου Αλέξανδρου Παπάγου Ζωγράφου,37.97815,23.76934,,,osm,email,2,new,no_mx,validation: no_mx
56c6d47a8716f36d57c5,Seyidoglu,Dessert,athens,,GR,Europe,info@seyidoglu.gr,+302103808911,,,37.98445,23.7303,,,osm,email,2,new,no_mx,validation: no_mx
7736c8cc611343bc6441,ΓΡΑΠΑ,Restaurant,athens,Καλλιθέα,GR,Europe,info@grapa.gr,2109597450,https://grapa.gr/,101 Σαπφούς 17675 Καλλιθέα,37.95676,23.70057,,,osm,email,2,new,no_mx,validation: no_mx
ecac5bd0f186836807e4,Γεύσεις Καλλιθέας,Restaurant,athens,,GR,Europe,info@gefseiskallitheas.gr,+30 2109513215,https://gefseiskallitheas.gr,106 Λασκαρίδου,37.95772,23.70047,,,osm,email,2,new,no_mx,validation: no_mx
4ecad0299bf669405318,Δια χειρός...,Restaurant,athens,,GR,Europe,info@diacheirosrestaurant.gr,+302102280402,https://diacheirosrestaurant.gr,20Α Λασκαράτου,38.01933,23.73839,,,osm,email,2,new,no_mx,validation: no_mx
38b655d7c01343d853dc,Ταξί Βούτου,Vehicle rental,athens,,GR,Europe,taxivoutou@gmail.com;voutou@otenet.gr,+302108395139;+302108395165,,,38.00211,23.72232,,,osm,email,2,new,bad_syntax,validation: bad_syntax
ba321b9d6c46046115ff,100 grams,Supermarket,barcelona,,ES,Europe,hola@100grams.es,,https://www.goodgranel.com/cat/tiendas/100-grams/,17 Carrer del Doctor Pi i Molist,41.43135,2.17413,,,osm,email,2,new,no_mx,validation: no_mx
1bdcf54af62a408ce0fe,Alba Trujillo,Beauty & spa,barcelona,,ES,Europe,info@albatrujillo.com,+34 93 750 44 15,https://albatrujillo.com/,"200, 1º 7ª Carrer de Balmes",41.39718,2.1527,,,osm,email,2,new,no_mx,validation: no_mx
43541c32d69672fb5ea0,Alice,Street food,barcelona,,ES,Europe,contacto@alicesecretgarden.com,+34 936761025; +34 677 60 19 30,,90 Carrer de Pau Claris 08010,41.39019,2.17084,,,osm,email,2,new,no_mx,validation: no_mx
444c655aea61b988fecd,BCN Urban Hotels del Comte,Hotel,barcelona,,ES,Europe,booking@bcnurbanhotelsdelcomte.com,+34 93 323 12 58,https://www.bcnurbanessdelcomte.com/,142-148 Carrer de la Diputació,41.38268,2.15708,,,osm,email,2,new,no_mx,validation: no_mx
2457cb74b5f2b6c0db2b,Bloc District,Gym & fitness,barcelona,,ES,Europe,info@blocdistric.com,+34937819212,https://www.blocdistrict.com/,96-106 Carrer de Zamora 08018,41.3969,2.18897,,,osm,email,2,new,no_mx,validation: no_mx
f44a28e514664651fbbd,Bombons Blasi,Dessert,barcelona,,ES,Europe,info@bombonsblasi.cat,+34 93 4155 279,https://www.bombonsblasi.com/ca/,26 Carrer d'Alfons XII,41.39832,2.14989,,,osm,email,2,new,no_mx,validation: no_mx
201a8a36bdb18c1c6eb3,Café Arabia Barcelona,Restaurant,barcelona,,ES,Europe,bonjour@cafearabibarcelona.com,+34 933 025 955,https://www.cafearabiabarcelona.com/,25 Carrer dels Escudellers 08002,41.3796,2.17628,,,osm,email,2,new,no_mx,validation: no_mx
3337829f647886e8e7b4,Casa Club Montjuïc,Restaurant,barcelona,,ES,Europe,reservas@casaclubmontjuic.con,,,36 Carrer del Segura 08038,41.36221,2.14483,,,osm,email,2,new,no_mx,validation: no_mx
78b98eb49eadf145c297,Cerveseria Jazz,Bar,barcelona,Barcelona,ES,Europe,info@cerveceriajazz.com,+34 93 443 32 59,http://www.cerveceriajazz.com,43 Carrer de Margarit 08004 Barcelona,41.37225,2.16316,,,osm,email,2,new,no_mx,validation: no_mx
4e8aa968e08057adf2d3,Chevy's Bar,Restaurant,barcelona,Barcelona,ES,Europe,hola@chevysbar.com,+34 934 31 30 09,https://chevysbar.com,26P Carrer Port Esportiu 08930 Barcelona,41.41437,2.22895,,,osm,email,2,new,no_mx,validation: no_mx
6ccc4907e2edf4fa974e,Club esportiu Hispano Francès,Gym & fitness,barcelona,,ES,Europe,info@cdhispanofr.com,+34 934281453,http://www.cdhispanofr.com,15-19 Carrer de Jorge Manrique 08035,41.43073,2.14971,,,osm,email,2,new,no_mx,validation: no_mx
529a282bd343c00f18b8,Colmado Casa Buendía,Wine & spirits,barcelona,,ES,Europe,contacto@colmadocasabuendia.com,+34 934 63 87 01,,139 Carrer de Roger de Flor,41.39699,2.17471,,,osm,email,2,new,no_mx,validation: no_mx
7b1a98b300271d2848e8,Gina Trendy Wear,Shopping,barcelona,,ES,Europe,info@ginabcn.com,+34 697 11 61 32,https://ginabcn.com/,62 Travessera de Gracia,41.39644,2.15032,,,osm,email,2,new,no_mx,validation: no_mx
351354dd29cc468b178c,Gondola,Restaurant,barcelona,Barcelona,ES,Europe,info@pizzeriagondolabarcelona.es,+34 937 42 71 24,https://pizzeriagondolabarcelona.es/,08005 Barcelona,41.39246,2.20055,,,osm,email,2,new,no_mx,validation: no_mx
2f845841cfd618b37bef,Kiltro Gràcia,Restaurant,barcelona,Barcelona,ES,Europe,kiltrobcnrestobar@gmail.com;gracia@kiltrobcn.com,+34931920763,http://www.kiltrobcn.com/,13 Carrer del Montseny 08012 Barcelona,41.40183,2.15445,,,osm,email,2,new,bad_syntax,validation: bad_syntax
e25d6fbf06656b6ae2d5,Kuna Bistro,Restaurant,barcelona,,ES,Europe,info@kunabistrobcn.com,+34 93 2094820,https://www.kunabistrobcn.com/home,256 Carrer d'Aribau,41.39645,2.14896,,,osm,email,2,new,no_mx,validation: no_mx
c2d7c89cce7c7c0b05c0,LES COSINES,Bar,barcelona,,ES,Europe,vermuteria@lescosines.com,+34675548750;+34932310581,https://lescosines.cat/,14 Carrer de Rosa Puig-Rodon Pla 08012,41.40335,2.1536,,,osm,email,2,new,no_mx,validation: no_mx
99c40275fed97d77215a,La Ceverseria,Restaurant,barcelona,,ES,Europe,info@lacerverseria.com,,http://www.lacerverseria.com,,41.40278,2.15832,,,osm,email,2,new,no_mx,validation: no_mx
b7b626a4e5275ad7e4f4,La Tertulia,Restaurant,barcelona,,ES,Europe,tertulia@grupxayiva.com,+34934195897,https://www.grupxativa.com/,15 Carrer de Morales,41.38871,2.14006,,,osm,email,2,new,no_mx,validation: no_mx
51a97ea04d2315fc4682,La Violeta,Restaurant,barcelona,,ES,Europe,hola@barlavioleta.com,+34 932 219 581,https://aquilacarta.com/carta/AE529895950053A7090A970FB1A0692E,08003,41.37918,2.18921,,,osm,email,2,new,no_mx,validation: no_mx
8ee601ce2255873e6e2a,Linea Diagonal,Shopping,barcelona,Barcelona,ES,Europe,xavier@lineaboutique.com,+34 93 4616269,https://lineaboutique.com/,417 Avinguda Diagonal Barcelona,41.39487,2.15393,,,osm,email,2,new,no_mx,validation: no_mx
09d451ff40c1348f4bef,Motta,Restaurant,barcelona,,ES,Europe,info@mottafusion.com,+34 936884210,,4 Carrer de Septimània 08006,41.40528,2.14733,,,osm,email,2,new,no_mx,validation: no_mx
6823f3b55b902774d6ad,Nytta,Gym & fitness,barcelona,,ES,Europe,info@nytta.es,+34 93 3623 996,https://www.nytta.es/,225 Carrer d'Aribau,41.39703,2.14804,,,osm,email,2,new,no_mx,validation: no_mx
4231ed56f932fd675e92,Pandora,Shopping,barcelona,L'Hospitalet de Llobregat,ES,Europe,granvia2@pandora-spain.com,+34932471932,,75 Avinguda de la Granvia de l'Hospitalet 08908 L'Hospitalet de Llobregat,41.35856,2.12871,,,osm,email,2,new,no_mx,validation: no_mx
84e797492411fe8310a4,Restaurant Bodega de Tapas,Restaurant,barcelona,Barcelona,ES,Europe,info@restaurantbodegadetapas.es,+34 938 32 5123,https://restaurantbodegadetapas.es,23 Passeig de Sant Antoni 08014 Barcelona,41.37725,2.13712,,,osm,email,2,new,no_mx,validation: no_mx
41594a2493c15d49ae10,Restaurante chino La Paz,Restaurant,barcelona,,ES,Europe,yi@chinolapaz.com,+34 93 418 63 51,https://www.chinolapaz.com/,532 Carrer de Muntaner 08022,41.40493,2.13578,,,osm,email,2,new,no_mx,validation: no_mx
bb5f89c2136ae4fce7d9,Saffron Bar Restaurant,Restaurant,barcelona,Barcelona,ES,Europe,info@saffronrb.com,+34 934531387,https://saffron-rb.com/,24 Carrer d'Enric Granados 08007 Barcelona,41.39014,2.15946,,,osm,email,2,new,no_mx,validation: no_mx
6b838a133eb48e3f90b3,Strata Bakery,Bakery,barcelona,Barcelona,ES,Europe,strata@stratabakery.com,+34 934 51 13 09,http://www.stratabakery.com/,158 Carrer de Provença 08036 Barcelona,41.38791,2.15264,,,osm,email,2,new,no_mx,validation: no_mx
44ea643786f9d18fdaf1,TapaTXI Colón,Restaurant,barcelona,Barcelona,ES,Europe,itapa@gaftrestaurantgroup.com,+34 933 015031,http://gaftrestaurantgroup.com/restaurantes/tapatxi-colon/,98 La Rambla 08002 Barcelona,41.37836,2.17543,,,osm,email,2,new,no_mx,validation: no_mx
faa7cbb15d3003cecff4,Yes Future,Supermarket,barcelona,Barcelona,ES,Europe,hola@yesfuture.store,+34 935 32 85 09,https://yesfuture.store/,66 Carrer de Viladomat 08015 Barcelona,41.37821,2.15943,,,osm,email,2,new,no_mx,validation: no_mx
a34da05efb73fa6aecb3,la cantina de Palo Alto,Restaurant,barcelona,Barcelona,ES,Europe,olga@paloaltobcn.com,+34 93 307 09 74,http://www.paloaltobcn.org/,30-38 Carrer dels Pellaires 08019 Barcelona,41.40456,2.21147,,,osm,email,2,new,no_mx,validation: no_mx
713289d5fa7797d8f482,A Man Who Can,Home Improvement Store,bath,Bath,GB,UK,cng@amanwhocan.info,+441225430576,http://www.amanwhocan.info/,"30 Wells Road, Bath, BA2 3AP",51.37731,-2.36371,,,overture,email,2,new,no_mx,validation: no_mx
88b333c8cde7c13da2da,Abbey Quarter Market,Shopping,bath,Bath,GB,UK,bookings@abbeyquartermarket.com,+447825684778,http://www.abbeyquartermarket.com/,"Abbey Green , Bath",51.38092,-2.35894,,,overture,email,2,new,no_mx,validation: no_mx
52be170c37ef0738ab21,All About You in Bath,Beauty & spa,bath,Bath,GB,UK,info@allaboutyouinbath.com,+441225465540,http://www.allaboutyouinbath.com/,"1 Saville Row, Bath, BA1 2QP",51.38619,-2.36203,,,overture,email,2,new,no_mx,validation: no_mx
d83ca538cb981929dfb0,Aquae Sulis Guest House,Guesthouse,bath,Bath,GB,UK,enquiries@aquaesulishotel.co.uk,+441225420061,http://www.aquaesulishotel.co.uk/,"174 Newbridge Road, Bath, BA1 3LE",51.38682,-2.39853,,,overture,email,2,new,no_mx,validation: no_mx
1702dfab04e4cf9ec091,Bath Mamak,Asian Fusion Restaurant,bath,Bath,GB,UK,bathmamak@motionmediamail.com,,https://order.bathmamak.co.uk/#!/order,"4 Nelson Place, Bath, BA1 2",51.38334,-2.36995,,,overture,email,2,new,no_mx,validation: no_mx
d4c52819f0ec565d2399,Beyond the Kale,Smoothie Juice Bar,bath,Bath,GB,UK,ayshea@beyondthekale.co.uk,+441225424121,http://twitter.com/beyondkale,"Green Park Brasserie, 6 Green Park Station, Bath, BA1 1",51.38129,-2.36642,,,overture,email,2,new,no_mx,validation: no_mx
a98fd6eee97c0c7dc4d8,Bijoux & Willow,Shopping · clothing,bath,Dorset,GB,UK,contact@bijouxandwillow.com,01747 855101,http://www.bijouxandwillow.com,"9 High Street, Dorset, SP7 8JS",51.3808,-2.35902,,,overture,email,2,new,no_mx,validation: no_mx
5a74f535416b4c6dffa5,Dr Gelato,Café,bath,Bath,GB,UK,hello@drgelato.co.uk,+447971057565,https://drgelato.co.uk/delivery/,"3 Orange Grove, Bath, BA1 1LP",51.38142,-2.35779,,,overture,email,2,new,no_mx,validation: no_mx
c8de513b1f7da9fe4781,Kinovo Fitness ltd,Gym & fitness,bath,Bath,GB,UK,cobi@kinovofitness.com,+447528504809,http://Www.kinovofitness.co.uk/,"Unit 4 Broadway, Miles St, Bath, BA2 4HX",51.37865,-2.35413,,,overture,email,2,new,no_mx,validation: no_mx
e448116505cf0e8703f7,Marisha's Guest House,Guesthouse,bath,Bath,GB,UK,stay@marishasinbath.com,01225 446881,http://www.marishasinbath.com,"68 Newbridge Hill, Bath, Ba1 3qa",51.38789,-2.3937,,,overture,email,2,new,no_mx,validation: no_mx
b623496f677a75354824,Miscellanea,Shopping · clothing,bath,Bath,GB,UK,contact@miscellanea.co,+441225571001,http://www.miscellanea.co/,"10 Westgate Street, Bath, BA1 1EQ",51.38142,-2.3611,,,overture,email,2,new,no_mx,validation: no_mx
6d798d6f07bd7830d131,Mystique Of Bath,Beauty & spa,bath,Bath,GB,UK,info@mystique-of-bath.co.uk,+447796670118,http://www.mystique-of-bath.co.uk/,"42 Marshfield Way, Bath, BA1 6HG",51.39669,-2.35688,,,overture,email,2,new,no_mx,validation: no_mx
4364962b8dffe0d130f7,Perfect Princess Bridal,Bridal Shop,bath,Bath,GB,UK,lynn@perfectprincessbridal.com,+441225463507,http://www.perfectprincessbridal.com/,"1 Cork Street, Bath, BA1 3BB",51.38543,-2.38045,,,overture,email,2,new,no_mx,validation: no_mx
ca731aca87b21c3956e9,Portman Boutiques,Womens Clothing Store,bath,Bath,GB,UK,np@nickieportman.co.uk,+447444474947,http://www.portmanbath.co.uk/,"28 Milsom Street, Bath, BA1 1DG",51.38455,-2.36171,,,overture,email,2,new,no_mx,validation: no_mx
baa15591437402daec46,Redcar Hotel,Hotel,bath,Bath,GB,UK,info@redcarhotelbath.co.uk,01225 469151,https://www.redcarhotelbath.co.uk,"27-29 Henrietta St, Bath, BA2 6LR",51.38459,-2.35675,,,overture,email,2,new,no_mx,validation: no_mx
9d756b911080c6b3a3e6,Sea Salt Spa,Massage & spa,bath,Bath,GB,UK,info@seasaltspabath.co.uk,+447403264286,http://www.seasaltspabath.co.uk/,"44 St James's Parade, Bath, BA1 1UQ",51.37974,-2.36128,,,overture,email,2,new,no_mx,validation: no_mx
996c36664830d4883d0f,Sir Walter Elliot's House,Guesthouse,bath,Bath,GB,UK,visitus@sirwalterelliotshouse.co.uk,+441225469435,http://www.SirWalterElliotsHouse.co.uk/,"95 Sydney Place, Bath, BA2 6NE",51.38497,-2.35035,,,overture,email,2,new,no_mx,validation: no_mx
d81e5bf043840890dcb8,St. James's Barber Co,Beauty & spa,bath,,GB,UK,sam@stjamessbarber.co.uk,+441225571297,http://www.sjsbath.co.uk,4 St. James's Street BA1 2TW,51.38844,-2.36766,,,osm,email,2,new,no_mx,validation: no_mx
e34e5c6dd7f9001ac865,The Almshouse,Hotel,bath,Bath,GB,UK,stay@holidayhousebath.com,+441225443065,http://www.holidayhousebath.com/,Bath,51.39116,-2.36271,,,overture,email,2,new,no_mx,validation: no_mx
eb37557148da4db1d65a,The Bath Candle Company,Home Goods Store,bath,Bath,GB,UK,info@thebathcandlecompany.co.uk,+447896029220,http://www.thebathcandlecompany.co.uk/,"14 Union Street, Bath, BA1 1RR",51.38315,-2.36017,,,overture,email,2,new,no_mx,validation: no_mx
c5acbb00318dd8f0bcc3,The Retreat,Beauty & spa,bath,Bath,GB,UK,enquiries@theretreatbath.co.uk,+441225446836,http://www.theretreatbath.co.uk/,"4 Pierrepont Street, Bath, BA1 1",51.38044,-2.35697,,,overture,email,2,new,no_mx,validation: no_mx
f74ad7522b465359d803,The Thief,Bar,bath,Bath,GB,UK,bath@the-thief.co.uk,01225 308777,http://www.the-thief.co.uk,"1 Monmouth Pl, Bath",51.3829,-2.36689,,,overture,email,2,new,no_mx,validation: no_mx
e7a9f50dccc6f39ce7d1,://about blank,Nightlife,berlin,Friedrichshain,DE,Europe,info@aboutblank.li;lost@aboutblank.li,+49 30 69536290,https://aboutblank.li,24c Markgrafendamm 10245 Berlin,52.50248,13.4663,,,osm,email,2,new,bad_syntax,validation: bad_syntax
027480ad1f7a4eb41acd,Alisa Thaimassage,Massage & spa,berlin,Charlottenburg,DE,Europe,info-alisa@alisa-tm.de,+49 30 34508615,http://www.alisa-tm.de,42a Kaiserin-Augusta-Allee 10589 Berlin,52.52589,13.30919,,,osm,email,2,new,no_mx,validation: no_mx
512ac75ed76c05709bdd,Ameron Hotel Abion Spreebogen Berlin,Hotel,berlin,Moabit,DE,Europe,info@abion-berlin.de,+49 30 399200,http://www.abion-hotel.de/,99 Alt-Moabit 10559 Berlin,52.52314,13.34609,,,osm,email,2,new,no_mx,validation: no_mx
c3cbe5b8321724a7420b,Anzengruberin,Café,berlin,Neukölln,DE,Europe,hallo@anzengruber.in,,https://anzengruber.in/,3 Anzengruberstraße 12043 Berlin,52.48014,13.43802,,,osm,email,2,new,no_mx,validation: no_mx
894103ef130fcfedb695,Ausspanne,Restaurant,berlin,Mitte,DE,Europe,ausspanne@kastanienhof.berlin;m.hauptmann@kastanienhof.berlin,+49 30 44305199,http://www.deutsches-restaurant.berlin/,65 Kastanienallee 10119 Berlin,52.53473,13.40605,,,osm,email,2,new,bad_syntax,validation: bad_syntax
20bc339aeb9ce0df365a,Backcafé,Bakery,berlin,Berlin,DE,Europe,info@lieferback.de,+49 30 863 983 20,https://www.lieferback.de,19 Wegenerstraße 10713 Berlin,52.48929,13.31901,,,osm,email,2,new,no_mx,validation: no_mx
482a0e5e31f04cf0be7c,Brautmoden Petsch,Shopping,berlin,Berlin,DE,Europe,elisabeth.engel@brautmodem-petsch.com,+49 302163938,https://www.brautmodern-berlin.de,42 Kleiststraße 10787 Berlin,52.49975,13.35146,,,osm,email,2,new,no_mx,validation: no_mx
b9ac608c9bb57de14e05,Cafe Peri,Restaurant,berlin,Schöneberg,DE,Europe,info@cafe-peri.com,+49 30 40 399 332,https://www.cafe-peri.de,203 Potsdamer Straße 10783 Berlin,52.49148,13.36118,,,osm,email,2,new,no_mx,validation: no_mx
ce4f8f7dee357cc8a1b7,Cali Bocca,Café,berlin,Charlottenburg,DE,Europe,info@cali-bocca.de,,http://www.calibocca.de/,Schlüterstraße 10629 Berlin,52.50388,13.31692,,,osm,email,2,new,no_mx,validation: no_mx
cdc2b32d29267eb930b2,Capital Beach,Bar,berlin,Berlin,DE,Europe,Info@capital-beach.eu,,,Ludwig-Erhard-Ufer 10557 Berlin,52.52259,13.37116,,,osm,email,2,new,no_mx,validation: no_mx
e43a87dedf53ff6390f3,Cem’s Diner Burgerhouse,Street food,berlin,Kreuzberg,DE,Europe,info@cemsdiner.de,+49 30 61671449,http://www.cemsdiner.de/,174 Reichenberger Straße 10999 Berlin,52.49957,13.41758,,,osm,email,2,new,no_mx,validation: no_mx
3bd3fcce274aaa0f6208,Fargo,Bar,berlin,Friedrichshain,DE,Europe,info@fargo.belin,+493068073482,https://fargo.berlin,77 Grünberger Straße 10245 Berlin,52.51135,13.46004,,,osm,email,2,new,no_mx,validation: no_mx
d54f24ec6cdcd6ba5893,Goldfries,Café,berlin,Tempelhof,DE,Europe,info@goldfries.de,+49 30 54978620,http://goldfries.de,45 Schwiebusser Straße 10965 Berlin,52.48569,13.39418,,,osm,email,2,new,no_mx,validation: no_mx
a40ca71c18d327106863,Grüns,Restaurant,berlin,Schöneberg,DE,Europe,mail@locations.euref.de.,+49 30 26476741,https://euref.de/entry/gruens-restaurant/,21-22 10829 Berlin,52.48078,13.35662,,,osm,email,2,new,bad_syntax,validation: bad_syntax
f131f4a73706a1953277,Gülünoğlu Baklava,Café,berlin,Berlin,DE,Europe,info@gülünoglu.de,+49 176 24519443,https://www.gülünoglu.de/,148 Hermannstraße 12051 Berlin,52.46513,13.43287,,,osm,email,2,new,bad_syntax,validation: bad_syntax
7ce1beff15f69491336f,Hatay Ocakbaşi,Restaurant,berlin,Kreuzberg,DE,Europe,info@hatayocakbasi.de,+49 30 76953419,https://hatay-ocakbasi.de/,16 Kochstraße 10969 Berlin,52.50678,13.38969,,,osm,email,2,new,no_mx,validation: no_mx
620afc5f9896528b7a9d,Imaki Sushi,Restaurant,berlin,Friedrichshain,DE,Europe,info@imaki-sushi.de,+49 30 29779800,http://www.imakisushi.de,35 Neue Bahnhofstraße 10245 Berlin,52.50476,13.46868,,,osm,email,2,new,no_mx,validation: no_mx
16425fa931b469ec6405,Kater Blau,Nightlife,berlin,Friedrichshain,DE,Europe,info@katerblau.de;hello@katerblau.de,+49 30 47361686,http://www.katerblau.de,25 Holzmarktstraße 10243 Berlin,52.51192,13.42533,,,osm,email,2,new,bad_syntax,validation: bad_syntax
84d6de4eeb6e29da4954,Korn Konzept,Café,berlin,Berlin,DE,Europe,kontakt@korn-konzept.de,+49 162 9343710,https://www.korn-konzept.de/,40 Apostel-Paulus-Straße 10823 Berlin,52.4885,13.35316,,,osm,email,2,new,no_mx,validation: no_mx
8a7fab0eaba3e26f8a40,Kraut & Rüben,Supermarket,berlin,Kreuzberg,DE,Europe,krautis@kraut-und-rüben-berlin.de,+49 30 6141075,http://www.kraut-und-rueben-berlin.de/,15 Oranienstraße 10999 Berlin,52.50062,13.42314,,,osm,email,2,new,bad_syntax,validation: bad_syntax
c445daebf3ef782e2103,La Bocca di Culaccino,Restaurant,berlin,Charlottenburg,DE,Europe,reservierung@labocca.berlin,+49 30 22 666 400,https://labocca.berlin/,99 Knesebeckstraße 10623 Berlin,52.50991,13.3233,,,osm,email,2,new,no_mx,validation: no_mx
d30a4893d71afde32011,La Siesta,Café,berlin,,DE,Europe,kontakt@coffeeshop-lasiesta.de,+49 30 89379966,,2 Garnisonkirchplatz,52.52193,13.40174,,,osm,email,2,new,no_mx,validation: no_mx
64c400dd7c674a5f1b94,"Lilly Burger ""Beer & Vegan Grill-Club""",Street food,berlin,Berlin,DE,Europe,info@lilly-burger.de,+49 177 2525907,https://www.lilly-burger.de,27 Bergmannstraße 10961 Berlin,52.48884,13.39527,,,osm,email,2,new,no_mx,validation: no_mx
5b67f60520746b366490,Lüdke & Lämmel Goldschmiede,Shopping,berlin,Schöneberg,DE,Europe,info@ luedtkeundlaemmel.de,,https://www.luedtkeundlaemmel.de/,61 Cranachstraße 12157 Berlin,52.46861,13.34229,,,osm,email,2,new,bad_syntax,validation: bad_syntax
7ab9b3bfd945613e63d1,Maximus Sportstudio + Wellness,Gym & fitness,berlin,Schöneberg,DE,Europe,info@sportstudio-maximus.de,+49 30 21913333,http://www.sportstudio-maximus.de,1 Kalckreuthstraße 10777 Berlin,52.50044,13.34783,,,osm,email,2,new,no_mx,validation: no_mx
4faf50656db9c02428f2,Miss Hanoi,Restaurant,berlin,Kreuzberg,DE,Europe,hello@xuaquan.de,+49 30 54978886,https://www.xuaquan.de/,24 Oppelner Straße 10997 Berlin,52.49732,13.43865,,,osm,email,2,new,no_mx,validation: no_mx
ca952c270c2f2b342d0f,Nonna Anna,Restaurant,berlin,,DE,Europe,ristorante@anna-nonna.berlin,+49 176 30340403,https://nonna-anna.berlin,46 Gotenstraße,52.47605,13.36033,,,osm,email,2,new,no_mx,validation: no_mx
ac91539111f1bfb83971,Palladium Berlin,Bar,berlin,Mitte,DE,Europe,info@palladium.berlin,+49 30 25765511,https://palladium.berlin,157/158 10178 Berlin,52.52225,13.39883,,,osm,email,2,new,no_mx,validation: no_mx
ba3f42f56328108216f7,Pool-Inn,Bar,berlin,,DE,Europe,info@pool-in.de,+49 30 51588422,https://www.pool-inn.de/,68-70 Wönnichstraße 10317,52.50475,13.49645,,,osm,email,2,new,no_mx,validation: no_mx
b9897a38b1538ce02ad2,Ristorante Don Giovanni,Restaurant,berlin,Charlottenburg,DE,Europe,info@ristorantedongiovanni-berlin.de,+49303417653,,28 Bismarckstraße 10625 Berlin,52.51214,13.311,,,osm,email,2,new,no_mx,validation: no_mx
dcc3a7a765436b135c04,Sarotti-Höfe,Hotel,berlin,Kreuzberg,DE,Europe,post@sarotti-hoefe.de,+49 30 6003168-0,http://hotel-sarottihoefe.de/,57 Mehringdamm 10961 Berlin,52.49105,13.38796,,,osm,email,2,new,no_mx,validation: no_mx
3e93c74723fafc230e89,Sawade,Dessert,berlin,Berlin,DE,Europe,info@confiserie-emilia.de,,,9 Rüdesheimer Straße 14197 Berlin,52.47261,13.31466,,,osm,email,2,new,no_mx,validation: no_mx
56a9cbef6b4bdbd7fc2e,Speisekombinat,Restaurant,berlin,Berlin,DE,Europe,info@kombinat-lounge.de,+493028406949,https://speise-kombinat.de,116 Chausseestraße 10115 Berlin,52.53013,13.3833,,,osm,email,2,new,no_mx,validation: no_mx
0a685a968641181bda3b,Superfit,Gym & fitness,berlin,Charlottenburg,DE,Europe,member@superﬁt.club,+49 30 30831051,https://superfit.club/,54 Wilmersdorfer Straße 10627 Berlin,52.50838,13.30584,,,osm,email,2,new,bad_syntax,validation: bad_syntax
255e374d16ef70e369ca,The Source,Restaurant,berlin,,DE,Europe,ouquoi@leslam.de,,https://www.instagram.com/thesourcefp/,,52.55178,13.37508,,,osm,email,2,new,no_mx,validation: no_mx
28fb71f877747ede5ae8,The Westin Grand Berlin,Hotel,berlin,Mitte,DE,Europe,info@westin-grand.com,+49 30 202 73420,https://www.westin-berlin.com/,158-164 Friedrichstraße 10117 Berlin,52.51588,13.3886,,,osm,email,2,new,no_mx,validation: no_mx
cc46ad2297adb6da3efb,Winehane,Wine & spirits,berlin,,DE,Europe,mail@weinhane.de,+49 163 8606969,https://weinhane.de,5 Bartningallee,52.51874,13.34273,,,osm,email,2,new,no_mx,validation: no_mx
00174f5abc03bad6581b,aprikosenbaum,Restaurant,berlin,Tiergarten,DE,Europe,kontakt@aprikosenbaum-berlin.de,+49 30 120 200 70,http://aprikosenbaum-berlin.de/,12 Körnerstraße 10785 Berlin,52.50086,13.36664,,,osm,email,2,new,no_mx,validation: no_mx
f9d2a5ac47435361925e,kitsch-nation,Shopping,berlin,Kreuzberg,DE,Europe,info@kitsch-nation.de,+493053083818,http://www.kitsch-nation.de,24 Schönleinstraße 10967 Berlin,52.49056,13.42027,,,osm,email,2,new,no_mx,validation: no_mx
1c64c91d3547afea670a,Ätelier Schneiderei,Tailor,berlin,Schöneberg,DE,Europe,office@ätelier.de,+49 30 70080524,https://ätelier.de/,130 Uhlandstraße 10717 Berlin,52.49212,13.32353,,,osm,email,2,new,bad_syntax,validation: bad_syntax
2b6cd47e336fc1eb9f8b,365 Ramen,Street food,budapest,Budapest,HU,Europe,contact@365ramen.com,,,11-13 Üllői út 1091 Budapest,47.48847,19.06388,,,osm,email,2,new,no_mx,validation: no_mx
6d6fdf5e17ec7ac78d5e,Aligátor,Bar,budapest,Budapest,HU,Europe,aligatorkopaszi@gmail.com; hello@aligatorkopaszi.hu,+36 20 437-1600,https://aligatorkopaszi.hu/,10 Kopaszi gát 1117 Budapest,47.4618,19.06034,,,osm,email,2,new,bad_syntax,validation: bad_syntax
62886a574f71d2bd0723,Andrássy Gyógyszertár,Pharmacy,budapest,Budapest,HU,Europe,corvinus@invitel.hu;andrassygyogyszertar@gmail.com,+36 1 342 8382,http://www.andrassybudapest.novodata.hu/,99 Andrássy út 1062 Budapest,47.51088,19.07238,,,osm,email,2,new,bad_syntax,validation: bad_syntax
871e03ae2e8bf3f3225f,Archinail,Beauty & spa,budapest,,HU,Europe,info@anstudio.hu,+36 20 416 4512,https://anstudio.hu/,,47.48901,19.03305,,,osm,email,2,new,no_mx,validation: no_mx
d39c1736c5e13d816b21,Arena Travel,Tours & travel,budapest,Budapest,HU,Europe,info@arenatravel.hu;levente@arenatravel.hu,+36 1 309 7120;+36 1 309 7121,https://arenatravel.hu/,43/b Rétköz utca 1112 Budapest,47.47168,19.00034,,,osm,email,2,new,bad_syntax,validation: bad_syntax
1a0690e910f333f7bdbd,Aries Fitness,Gym & fitness,budapest,Budapest,HU,Europe,info@ariesfitness.hu,,,43/C Kőbányai út 1101 Budapest,47.48481,19.11287,,,osm,email,2,new,no_mx,validation: no_mx
621dca3d4a7f3d5ed013,Bed and Beers Appartman and Pub,Bar,budapest,Budapest,HU,Europe,info@bedandbeers.hu,+36 30 964 9155;+36 30 982 9695,http://www.bedandbeers.hu/,1 Gellérthegy utca 1016 Budapest,47.49637,19.03164,,,osm,email,2,new,no_mx,validation: no_mx
a146b0502857f8e47346,Budavár Tours Utazási Iroda,Tours & travel,budapest,,HU,Europe,ertekesites@budavartours.hu;repulojegy@budavartours.hu,+36 1 356 5656,https://budavartours.hu,,47.50625,19.03758,,,osm,email,2,new,bad_syntax,validation: bad_syntax
3a28de6549ce60910d62,Cafe Bene,Café,budapest,Budapest,HU,Europe,barista@cafebene.hu,+36 70 664 6788,,16 Alkotmány utca 1054 Budapest,47.50787,19.05369,,,osm,email,2,new,no_mx,validation: no_mx
29a3123a0f1caaac3c9c,Cafe Tripoli,Café,budapest,Budapest,HU,Europe,info@tripoli.hu,,https://tripoli.hu,13-15 Babér utca 1131 Budapest,47.54775,19.07568,,,osm,email,2,new,no_mx,validation: no_mx
a88241507613dfd3025f,Chablon Bistro,Restaurant,budapest,Budapest,HU,Europe,chablon@chablon.hu,+36 20 915 7130,http://chablonbistro.hu/,27 Bajcsy-Zsilinszky út 1065 Budapest,47.5036,19.05531,,,osm,email,2,new,no_mx,validation: no_mx
96829c7fa06ca064036e,Cucina di Cristina,Restaurant,budapest,Budapest,HU,Europe,info@cucinacristina.hu,+36 70 410 4433,https://cucinadicristina.hu,8 Kálvin tér 1091 Budapest,47.48884,19.06163,,,osm,email,2,new,no_mx,validation: no_mx
435395bb1c9e907a553f,Cukormentes Cukrászda,Dessert,budapest,Budapest,HU,Europe,info@cukormentesen.com,+36 30 711 5591,http://www.cukormentesen.com,85 Király utca 1077 Budapest,47.5052,19.06897,,,osm,email,2,new,no_mx,validation: no_mx
abef848141353ca84639,Da Mario,Restaurant,budapest,Budapest,HU,Europe,info@damario.hu,+36 1 301 0967,https://damario.hu/,3 Vécsey utca 1054 Budapest,47.50524,19.04943,,,osm,email,2,new,no_mx,validation: no_mx
74ace257849aa6828d36,Deshi Dine,Street food,budapest,,HU,Europe,info@deshidine.com,+36 1 392 4132,,,47.50104,19.06525,,,osm,email,2,new,no_mx,validation: no_mx
0a6c4a742d9bfe7a4f7a,Dorothy's Presso,Café,budapest,Budapest,HU,Europe,info@ozkantin.hu,+36 30 937 9448,http://www.ozkantin.hu/,134-146 Bocskai út 1113 Budapest,47.47776,19.02725,,,osm,email,2,new,no_mx,validation: no_mx
8b3864432c5f0f9213ef,Drunk Monkeys kocsma pub,Bar,budapest,Budapest,HU,Europe,info@drunkmonkeys.hu,+36 70 637 0714,https://drunkmonkeys.hu/,63 Wesselényi utca 1077 Budapest,47.50283,19.07286,,,osm,email,2,new,no_mx,validation: no_mx
ae710c016e36e8a59f27,Egyszarvú Unicorn Bistro,Street food,budapest,Budapest,HU,Europe,foglalas@unicornbistro.hu;info@unicornbistro.hu,+36 1 418 4154,https://www.unicornbistro.hu/,64 Nagymező utca 1065 Budapest,47.50615,19.05622,,,osm,email,2,new,bad_syntax,validation: bad_syntax
30c9eaea186557006ebf,Erika Salátázója,Street food,budapest,Budaörs,HU,Europe,info@erikasalatazoja.hu; kapcsolat@erikasalatazoja.hu,+36 30 358 8414,https://www.erikasalatazoja.hu/,77 Budapesti út 2040 Budaörs,47.46234,18.97279,,,osm,email,2,new,bad_syntax,validation: bad_syntax
3e2ce2abc5d264bec95b,Essence Delicates,Convenience,budapest,Budapest,HU,Europe,info@essencebp.hu,+36 30 253 6302,http://essencebp.hu/,181 Nagy Lajos király útja 1149 Budapest,47.52226,19.10355,,,osm,email,2,new,no_mx,validation: no_mx
d91002231d5974ebcfd1,Express Plussz Utazási Iroda,Tours & travel,budapest,Budapest,HU,Europe,info@expressplussz.hu,+36 1 210 0648,http://www.expressplussz.hu,1 Ferenc tér 1094 Budapest,47.48143,19.07289,,,osm,email,2,new,no_mx,validation: no_mx
8ab052355645651e8f48,Fanatico,Restaurant,budapest,Budapest,HU,Europe,info@fanatico.hu,+36 70 344 9102,,3 Vigadó tér 1051 Budapest,47.49649,19.04806,,,osm,email,2,new,no_mx,validation: no_mx
db0a4b81b31be7047adb,Farkasrét Étterem,Restaurant,budapest,Budapest,HU,Europe,info@ehesfarkas.hu,+36 70 540 1623,http://ehesfarkas.hu/,132 Németvölgyi út 1112 Budapest,47.48346,19.0054,,,osm,email,2,new,no_mx,validation: no_mx
5359221aae01686dd337,Földes Józsi Vendéglője,Restaurant,budapest,Budapest,HU,Europe,info@foldesjozsikonyhaja.hu,+36 70 500 0222,http://foldesjozsietterme.hu/,31 Bécsi út 1023 Budapest,47.52697,19.03755,,,osm,email,2,new,no_mx,validation: no_mx
25145ca467295aea102d,Gastro Buda étterem & kávézó,Street food,budapest,Budapest,HU,Europe,iroda@gastrobuda.hu;info@gastrocompany.hu,,http://gastrocompany.eu/gastrobuda/,6-12 Kapás utca 1027 Budapest,47.50827,19.03254,,,osm,email,2,new,bad_syntax,validation: bad_syntax
b8ade05db0d3db94ca43,Gozsdu Sky Terrace,Bar,budapest,Budapest,HU,Europe,hello@gozsdu-skyterrace.hu,+36 30 698 9582,http://gozsdu-skyterrace.hu/,6 Holló utca 1075 Budapest,47.49848,19.06015,,,osm,email,2,new,no_mx,validation: no_mx
56aa74452d0673cd939e,Greens & Seeds,Market,budapest,Budapest,HU,Europe,toth.tamas@greens-seeds.hu;polonkai.zsanett@greens-seeds.hu,+36304958140,https://greens-seeds.hu/,2 Napkelte utca 1117 Budapest,47.46655,19.05839,,,osm,email,2,new,bad_syntax,validation: bad_syntax
28521f91f0094cb7ad6e,Groove Hostel,Hostel,budapest,Budapest,HU,Europe,stay@groovehostel.hu,+36 1 786 8038,,16 Szent István körút 1137 Budapest,47.51205,19.05186,,,osm,email,2,new,no_mx,validation: no_mx
40e8811f289a9a3a943e,HammerTime Cafe,Café,budapest,Budapest,HU,Europe,info@hammertimecafe.hu;HTCasztalfoglalas@gmail.com,,http://hammertimecafe.hu/,111 Üllői út 1091 Budapest,47.48052,19.08461,,,osm,email,2,new,bad_syntax,validation: bad_syntax
748209e5cb694bde1407,INSULA Kávézó,Café,budapest,Budapest,HU,Europe,info@insulakavezo.hu,+36 20 824 3482,,4 Deák Ferenc tér 1052 Budapest,47.49687,19.05418,,,osm,email,2,new,no_mx,validation: no_mx
304248cc073477741600,Indicars Autókölcsönző,Vehicle rental,budapest,Budapest,HU,Europe,ichberauto@gmail.com;support@schedulista.com,+36 70 637 4447;+36 70 674 0041,https://www.indicarsauto.com/,2 Mikes Kelemen utca 1112 Budapest,47.45607,19.01923,,,osm,email,2,new,bad_syntax,validation: bad_syntax
8e268eefe0484c252b96,Inframove,Gym & fitness,budapest,,HU,Europe,info@inframove.hu,+36 30 210 5075,https://www.inframove.hu/,,47.48988,19.02945,,,osm,email,2,new,no_mx,validation: no_mx
7b5a3a58fced48dfa99e,Irina Bistro,Restaurant,budapest,Budapest,HU,Europe,office@irinabistro.hu,+36 20 462 6420,https://www.irinabistro.hu/,57 Ráday utca 1092 Budapest,47.48204,19.06677,,,osm,email,2,new,no_mx,validation: no_mx
0f09dedcb2f4adf51683,Iris Gyógyszertár,Pharmacy,budapest,Budapest,HU,Europe,irispatika.bt@chello.hu,+36 1 333 8970,http://www.irisbudapest.novodata.hu/,2 Harminckettesek tere 1082 Budapest,47.48926,19.07125,,,osm,email,2,new,no_mx,validation: no_mx
7ff2c061111b23da2bc7,Itoshii,Restaurant,budapest,Budapest,HU,Europe,bpitoshii@gmail.com;info@itoshii.hu,+36 1 426 4055,http://www.itoshii.hu/,55-57 Teréz körút 1062 Budapest,47.50991,19.05838,,,osm,email,2,new,bad_syntax,validation: bad_syntax
27d535add4e43e34bb82,József Attila Emlékhely,Museum,budapest,Budapest,HU,Europe,jozsefattilamindenkinek@ferencvaros.hu;losonczy.attila@fmkportal.hu,+36 1 216 6127,https://jaemlekhely.hu/,3 Gát utca 1095 Budapest,47.47851,19.07606,,,osm,email,2,new,bad_syntax,validation: bad_syntax
c1e56f190cf700d493c9,K30 Art Cafe,Café,budapest,Budapest,HU,Europe,info@k30artcafe.hu,+36 30 319 6339,,30 Kazinczy utca 1075 Budapest,47.49821,19.06247,,,osm,email,2,new,no_mx,validation: no_mx
a8e2d2f962be4425c943,La Porta Di Taormina,Restaurant,budapest,Budapest,HU,Europe,reservation@taormina.hu,+36 1 780 6184,https://laportaditaormina.hu/,6 Piarista utca 1052 Budapest,47.49331,19.05235,,,osm,email,2,new,no_mx,validation: no_mx
bcc73f86839c794bf063,Levél teaház,Café,budapest,Budapest,HU,Europe,info@level-teahaz.hu,+36 70 289 2278,http://level-teahaz.hu/,14 Kresz Géza utca 1132 Budapest,47.51305,19.05571,,,osm,email,2,new,no_mx,validation: no_mx
0e76a5b42dfe289eb6b1,Lovely skin kozmetika,Beauty & spa,budapest,,HU,Europe,bellovits.margo@gmail.com;kalnai.bianka8@gmail.com,+36 20 942 9667;+36 20 943 5136,,,47.47179,19.00014,,,osm,email,2,new,bad_syntax,validation: bad_syntax
5aaebc88790fb4877eff,Luxury Thai Massage,Massage & spa,budapest,Budapest,HU,Europe,info@luxurythaimassage.hu,,https://www.luxurythaimassage.hu/,35 Péterfy Sándor utca 1076 Budapest,47.50298,19.08204,,,osm,email,2,new,no_mx,validation: no_mx
4652f04fd4104aa85ad4,Mad Garden Buda,Bar,budapest,Budapest,HU,Europe,hello@madgardenbuda.hu,+36 30 384 6184,,1 Miklós tér 1033 Budapest,47.54567,19.04443,,,osm,email,2,new,no_mx,validation: no_mx
7072a10cb65a972a5ee5,Marczibányi Téri Művelődési Központ,Community Centre,budapest,Budapest,HU,Europe,marczi@kult2.hu;marczi@kult2.hu,+36 1 212 2820,https://kult2.hu/marczi/,5/a Marczibányi tér 1022 Budapest,47.51349,19.02112,,,osm,email,2,new,bad_syntax,validation: bad_syntax
7647954ae8ce6f858ea5,Materia Medica Gyógyszertár,Pharmacy,budapest,Budapest,HU,Europe,info@materiamedica.paticard.hu,+36 1 322 5811,http://www.materiamedica.paticard.hu/,24 Rottenbiller utca 1074 Budapest,47.50246,19.07681,,,osm,email,2,new,no_mx,validation: no_mx
a487efaad62b23babfbd,Metropolitan IPWest I,Street food,budapest,Budapest,HU,Europe,info@cafemetropolitan.hu;bbernadett@cafemetropolitan.hu,,http://www.cafemetropolitan.hu/menu/index.php?etterem=1,91-93 Budafoki út 1117 Budapest,47.46924,19.05287,,,osm,email,2,new,bad_syntax,validation: bad_syntax
441d1ab92b9125a312b0,Millenium Gardens Kantin,Restaurant,budapest,Budapest,HU,Europe,info@rampgastro.hu,,https://rampartgastro.hu/millennium-gardens-kantin-63,10 Lechner Ödön fasor 1095 Budapest,47.47091,19.07182,,,osm,email,2,new,no_mx,validation: no_mx
38efed8444b906ec1987,Millenium Gardens Kantin Bakery,Café,budapest,Budapest,HU,Europe,info@rampgastro.hu,,https://rampartgastro.hu/millennium-gardens-kantin-63,10 Lechner Ödön fasor 1095 Budapest,47.47093,19.0719,,,osm,email,2,new,no_mx,validation: no_mx
91162e1509a99ed224b8,Moaré,Shopping,budapest,Budapest,HU,Europe,info@moare.hu,+36 1 267 6359,https://www.moare.hu/,19-21 Váci utca 1052 Budapest,47.49363,19.05171,,,osm,email,2,new,no_mx,validation: no_mx
cf79eff1f95ca9ae5689,Montage Budapest,Café,budapest,Budapest,HU,Europe,hello@montagehub.hu,+36704158036,https://www.montagehub.hu/,8 Margit körút 1027 Budapest,47.51425,19.03587,,,osm,email,2,new,no_mx,validation: no_mx
8714ae89fba4e4f75a5b,Morea Travel,Tours & travel,budapest,Budapest,HU,Europe,nyaralas@morea.hu;repjegy@morea.hu,,https://www.morea.hu/,3 Dayka Gábor utca 1118 Budapest,47.47259,19.01899,,,osm,email,2,new,bad_syntax,validation: bad_syntax
8976b412fa4c4c3b8fff,Mr Bobby,Bar,budapest,Budapest,HU,Europe,contact@mrbobby.pub,+36 30 816 1924,http://mrbobby.pub,28 Páva utca 1094 Budapest,47.48288,19.07273,,,osm,email,2,new,no_mx,validation: no_mx
74fc9e8c9e54c4c04d69,MrSale Formaruha,Tailor,budapest,Budapest,HU,Europe,mrsale@mrsale.net; balintedit@mrsale.net,+36 1 331 7970;+36 1 302 4085,https://mrsale.hu,20 Weiner Leó utca 1066 Budapest,47.50777,19.05765,,,osm,email,2,new,bad_syntax,validation: bad_syntax
e750e12fad2d935f05e2,Napfényes Cukrászda és Pékség,Bakery,budapest,Budapest,HU,Europe,napfenyescukraszat@gmail.com;info@napfenyescukraszat.hu,+36 20 546 0552;+36 20 313 5555,https://napfenyescukraszat.hu,65 Bajcsy-Zsilinszky út 1065 Budapest,47.50946,19.05536,,,osm,email,2,new,bad_syntax,validation: bad_syntax
1652bca0525eae83cbac,Nemzeti Színház,Theatre,budapest,Budapest,HU,Europe,jegypenztar@nemzetiszinhaz.hu;szervezes@nemzetiszinhaz.hu,+36 1 476 6800,https://nemzetiszinhaz.hu/,1 Bajor Gizi park 1095 Budapest,47.47083,19.07086,,,osm,email,2,new,bad_syntax,validation: bad_syntax
5d914429f0c3415374e8,Nr1Fitness Hungary,Gym & fitness,budapest,Budapest,HU,Europe,support@nr1fitness.hu;kalvin@nr1fitness.hu;obuda@nr1fitness.hu;pt@nr1fitness.hu;ptkalvin@nr1fitness.hu;rakoczi@nr1fitness.hu,,https://www.nr1fitness.hu/,66 Lajos utca 1036 Budapest,47.53041,19.03933,,,osm,email,2,new,bad_syntax,validation: bad_syntax
a85e16e50bef744e44d3,OFRD 4X4 Terepjáró Túrák és Terepjáró Bérlés,Vehicle rental,budapest,Budapest,HU,Europe,office@ofrd.hu,+36 30 140 4220,https://ofrd.hu/,144 Fehérvári út 1116 Budapest,47.45452,19.04186,,,osm,email,2,new,no_mx,validation: no_mx
943e003f25ce230b59a4,OZ Kantin,Street food,budapest,Budapest,HU,Europe,info@ozkantin.hu,+36 30 937 9448,http://www.ozkantin.hu/,134-146 Bocskai út 1113 Budapest,47.47773,19.02723,,,osm,email,2,new,no_mx,validation: no_mx
868192435eda50030733,Office Bistro,Street food,budapest,Budapest,HU,Europe,info@officebistro.hu,+36 30 959 0390,http://margitpalace.officebistro.hu/,2 Henger utca 1027 Budapest,47.51348,19.03647,,,osm,email,2,new,no_mx,validation: no_mx
905b9ddae02b82cc8481,Opera Café,Café,budapest,Budapest,HU,Europe,hello@operacafe.hu,+36 1 800 9210,https://www.operacafe.hu/,22 Andrássy út 1061 Budapest,47.50274,19.05869,,,osm,email,2,new,no_mx,validation: no_mx
a7e407b13482c77c340c,Oriental Teaház,Café,budapest,Budapest,HU,Europe,shainye@orientalhouse.cc,,,17 Arany János utca 1051 Budapest,47.50204,19.0503,,,osm,email,2,new,no_mx,validation: no_mx
b30758511e5ae47e3d66,Palatinus Gyógyszertár,Pharmacy,budapest,Budapest,HU,Europe,platinus.patika@chello.hu,+36 1 320 5950,,2 Pozsonyi út 1137 Budapest,47.51416,19.04839,,,osm,email,2,new,no_mx,validation: no_mx
abf1c4e63526662529e0,Patrisa Provence Cafe francia pékség és kávézó,Café,budapest,,HU,Europe,info@patrisacafe.com,+36 70 944 9838,http://www.patrisacafe.com/,,47.47612,19.06875,,,osm,email,2,new,no_mx,validation: no_mx
f130baad39f16dd9c496,Pilot Cafe,Café,budapest,Budapest,HU,Europe,info@pilotcafe.hu,+36 20 559 6760,,4 Markó utca 1055 Budapest,47.50996,19.0475,,,osm,email,2,new,no_mx,validation: no_mx
e6141f1dedf711ca64ca,Retox,Bar,budapest,Budapest,HU,Europe,info@retoxbackpackersbar.com,+36 70 634 0949,http://retoxbackpackersbar.com/,41 Ó utca 1066 Budapest,47.50515,19.05976,,,osm,email,2,new,no_mx,validation: no_mx
20543987708fed817ed3,Sasad Aesthetic Szépségszalon,Beauty & spa,budapest,,HU,Europe,sasadaesthetic@gmail.com;idopont@sasadaesthetic.hu,+36 70 772 9206,https://sasadaesthetic.hu/,,47.4732,19.01815,,,osm,email,2,new,bad_syntax,validation: bad_syntax
4a013dc6b4f44a6a20b3,Senbazuru Bistro,Restaurant,budapest,,HU,Europe,info@senbazuru.hu;senbazuru.bistro@gmail.com,+36 30 274 2886,https://senbazuru.hu/,,47.50604,19.06084,,,osm,email,2,new,bad_syntax,validation: bad_syntax
a79ce04aa1acf9f8a095,Snaps Belga Söröző,Bar,budapest,Budapest,HU,Europe,info@belga-sor.hu,+36 1 321 5323,http://www.snapsgaleria.hu/,95 Király utca 1077 Budapest,47.50603,19.07037,,,osm,email,2,new,no_mx,validation: no_mx
d083909abbed6167d5e4,Somchai Thai Massages,Massage & spa,budapest,Budapest,HU,Europe,info@somchaithaimassages.com,+36 70 904 4839,https://somchaithaimassages.com/,1 Magyar utca 1053 Budapest,47.49385,19.05925,,,osm,email,2,new,no_mx,validation: no_mx
53fbea799318b4c13166,Sunhill Bistro & Skybar,Restaurant,budapest,Budapest,HU,Europe,info@sunhillbistro.hu;info@sunhillskybar.hu,+36 30 228 3580;+36 30 125 5659,https://www.sunhillbistro.hu,67 Naphegy utca 1016 Budapest,47.49086,19.03807,,,osm,email,2,new,bad_syntax,validation: bad_syntax
d830102de32d5f2f812c,Szalagavató Központ,Shopping,budapest,,HU,Europe,info@szalagavato.hu;info@frakkfutar.hu,+36 1 788 7240,https://szalagavato.hu;https://frakkfutar.hu,,47.51526,19.05648,,,osm,email,2,new,bad_syntax,validation: bad_syntax
bfd5ac9e9e5dc47e7b60,Szent Péter Gyógyszertár,Pharmacy,budapest,Budapest,HU,Europe,info@szentpeter.paticard.hu,+36 1 333 9932,http://www.szentpeter.paticard.hu/,2 Német utca 1084 Budapest,47.49241,19.07308,,,osm,email,2,new,no_mx,validation: no_mx
0566fe57c9d05c82a6c1,Szigony Gyógyszertár,Pharmacy,budapest,Budapest,HU,Europe,szigonypatika.bt@chello.hu,+36 1 313 5870,https://www.szigonygyogyszertar.hu/,2 Szigony utca 1083 Budapest,47.48895,19.08027,,,osm,email,2,new,no_mx,validation: no_mx
ee43db3cdf9bbac664f0,Szép Kis India,Convenience,budapest,Budapest,HU,Europe,santosh@chello.hu,+36 1 413 6734,http://www.exoticindia.hu/,36 Wesselényi utca 1077 Budapest,47.49919,19.0664,,,osm,email,2,new,no_mx,validation: no_mx
7a0bd571af01fcc1f648,The Magazine Hotel & Apartments,Hotel,budapest,Budapest,HU,Europe,hello@themagazinehotel.com,+36 70 611 10 88,https://themagazinehotel.com/,4-5 Szent István tér 1051 Budapest,47.50035,19.0528,,,osm,email,2,new,no_mx,validation: no_mx
6d0dbc5d050de1de2882,Twinset,Shopping,budapest,Budapest,HU,Europe,info@twinsetbudapest.com,+36 70 365 6498,https://twinsetbudapest.com/,9-10 Erzsébet tér 1051 Budapest,47.49738,19.05368,,,osm,email,2,new,no_mx,validation: no_mx
bde09f3a329a5b7963df,Tárt Kapu Galéria,Gallery,budapest,Budapest,HU,Europe,info@tartkapugaleria.com,+36 20 390 8815,http://tartkapugaleria.com/,2 Hőgyes Endre utca 1092 Budapest,47.48475,19.06689,,,osm,email,2,new,no_mx,validation: no_mx
efbd50e484cd09618d90,Tüzes Íjász,Souvenirs & gifts,budapest,Budapest,HU,Europe,info@tuzesijasz.hu; szerviz@tuzesijasz.hu,+36 1 352 6154,https://tuzesijasz.hu,10 Teréz körút 1066 Budapest,47.50446,19.06391,,,osm,email,2,new,bad_syntax,validation: bad_syntax
9aa29ea0a29799c4a9aa,Vigadó Étterem és Söröző,Restaurant,budapest,Budapest,HU,Europe,info@vigadoetterem.hu,+36 1 214 9469,https://vigadoetterem.hu/,4 Markovits Iván utca 1011 Budapest,47.50565,19.03752,,,osm,email,2,new,no_mx,validation: no_mx
5b1a16334f4636898adf,Wafu,Restaurant,budapest,Budapest,HU,Europe,takashi19910305@gmail.com;info@wafu.hu,+36 70 276 9284;+36705626517,https://wafu.hu/,3 Kazinczy utca 1075 Budapest,47.49616,19.06414,,,osm,email,2,new,bad_syntax,validation: bad_syntax
e5dbf02540a05db3eb13,Wombat's City Hostel,Hotel,budapest,Budapest,HU,Europe,office@wombats-budapest.hu,+36 1 883 5005,https://www.wombats-hostels.com/budapest/,20 Király utca 1061 Budapest,47.49914,19.05801,,,osm,email,2,new,no_mx,validation: no_mx
bec39d74159e08f2dd47,Zsiráf Buda,Bar,budapest,Budapest,HU,Europe,zsiraf.buda@gmail.com;reservation@zsirafbuda.hu,,http://zsirafbuda.hu/,2-4 Kis Rókus utca 1024 Budapest,47.51066,19.02736,,,osm,email,2,new,bad_syntax,validation: bad_syntax
16c638e132eb8e02efcf,Árpád Érembolt,Souvenirs & gifts,budapest,Budapest,HU,Europe,pergera@arpaderemolt.hu,+36 1 269 1244,https://www.arpaderembolt.hu/,18 Jókai utca 1066 Budapest,47.50717,19.0591,,,osm,email,2,new,no_mx,validation: no_mx
15362061cc233e93b471,Érintés Varázsa,Massage & spa,budapest,,HU,Europe,info@erintesvarazsa.hu,+36 70 671 6565,https://www.erintesvarazsa.hu,,47.47398,19.03608,,,osm,email,2,new,no_mx,validation: no_mx
682797c0d6670a3f8afc,Bæst Cocktailbar,Bar,copenhagen,,DK,Europe,Baest@pubdk.dk,,https://baestbar.dk/,,55.67937,12.5749,,,osm,email,2,new,no_mx,validation: no_mx
8b947e6de6e4b8be4ac6,Kalkbrænderihavnen,Marina & charters,copenhagen,,DK,Europe,havnekontoret@sundkrogen.dk,+45 22 92 97 11,http://www.sundkrogen.dk/,,55.71144,12.59051,,,osm,email,2,new,no_mx,validation: no_mx
bee3f98c328910f3853e,Prolog Coffee Bar Papirøen,Café,copenhagen,,DK,Europe,hello@prologcoffe.com,+45 28 87 48 46,https://prologcoffee.com/,,55.67838,12.59873,,,osm,email,2,new,no_mx,validation: no_mx
8ba93fa196f9ed81673f,Sidecar,Café,copenhagen,,DK,Europe,info@sidecarnoerrebro.dk;hey@hilsendega.dk,+4520999727,https://www.sidecarnoerrebro.dk/,,55.68711,12.54928,,,osm,email,2,new,bad_syntax,validation: bad_syntax
164f51249e64c0616e9c,Wild Horses Copenhagen,Café,copenhagen,,DK,Europe,mailto:hello@wildhorsescph.dk,+45 55203024,https://www.wildhorsescph.dk/,,55.65246,12.53876,,,osm,email,2,new,bad_syntax,validation: bad_syntax
29e7997a39624b435ca9,Al's Bakery,Café,dublin,Dublin,IE,UK,contact@alsbakery.ie,+353 1 5639990,http://www.alsbakery.ie/,310 Kimmage Road Lower Dublin,53.31471,-6.29587,,,osm,email,2,new,no_mx,validation: no_mx
4f8178a5b11a8b933536,B&C Coffee Co.,Café,dublin,,IE,UK,info@cyclepower.ie,+353 1 460 4641,https://www.cyclepower.ie/,Saint Agnes Road,53.32193,-6.31909,,,osm,email,2,new,no_mx,validation: no_mx
879f72fb8b0943f2bb1c,Bao House,Restaurant,dublin,,IE,UK,info@bao.ie,,,34 Aungier Street,53.3389,-6.26585,,,osm,email,2,new,no_mx,validation: no_mx
37963b09de97cbf398af,Blink & Wink,Beauty & spa,dublin,Dublin,IE,UK,hello@blinkandwink.ie,+353 1 662 4772,,21 Dawson Street Dublin,53.33978,-6.25853,,,osm,email,2,new,no_mx,validation: no_mx
40a69fda345f09834ded,Charles Stewart Guest House,Guesthouse,dublin,Dublin,IE,UK,info@charlesstewart.ie,+35318780350,https://www.charlesstewart.ie/,5/6 Parnell Square East Dublin,53.35372,-6.2623,,,osm,email,2,new,no_mx,validation: no_mx
11c244e325bb9be2e05a,Decemberfest,Restaurant,dublin,,IE,UK,info@decemberfest.ie,+353 1 269 6116,http://decemberfest.ie/,135 Morehampton Road D04 HX46,53.32287,-6.23848,,,osm,email,2,new,no_mx,validation: no_mx
cc77127eec47965db0f8,Del Fino,Café,dublin,Dublin,IE,UK,reservations@del-fino.ie,+353 1 441 3208,https://www.del-fino.ie/,21 Camden Street Lower D02 HH92 Dublin,53.33517,-6.26498,,,osm,email,2,new,no_mx,validation: no_mx
ee871ff9c44a87f16521,Dublin Castle Gift Shop,Souvenirs & gifts,dublin,Dublin,IE,UK,info@dublincastlegiftshop.ie,+353 1 677 7270,https://www.dublincastle.ie/,Palace Street Dublin,53.34376,-6.26635,,,osm,email,2,new,no_mx,validation: no_mx
e574740bcf54f19087fe,Keogh's Cafe,Café,dublin,Dublin,IE,UK,info@keoghscafe.ie;orders@keoghscafe.ie,+353 1 6778599,https://www.keoghscafe.ie/,1-2 Trinity Street D02A440 Dublin,53.34404,-6.26215,,,osm,email,2,new,bad_syntax,validation: bad_syntax
81bdab0d6eef5ed03580,Lily's Beauty Salon,Beauty & spa,dublin,Dublin,IE,UK,contact@lilysbeautysalon.org,+353 87 097 3127,https://www.lilysbeautysalon.org/,118 Rathmines Road Lower Dublin,53.32604,-6.26473,,,osm,email,2,new,no_mx,validation: no_mx
b5b8e54bb83697eda0bd,M. O’Brien,Bar,dublin,Dublin,IE,UK,info@m-obriens.ie,+353 1 676 2851,https://www.mobrienspubdublin.com/,8-9 Sussex Terrace D04 KN82 Dublin,53.33131,-6.25163,,,osm,email,2,new,no_mx,validation: no_mx
f0d85496134eff35a60c,Mooney’s,Bar,dublin,Dublin,IE,UK,bookings@mooneysbar.ie,,https://www.mooneysbar.ie/,4 Abbey Street Lower D01 V0Y3 Dublin,53.34867,-6.25889,,,osm,email,2,new,no_mx,validation: no_mx
6809d8afb3f702b979ce,One Bistro,Restaurant,dublin,,IE,UK,info@onebistro.ie,+353 1 441 1181,http://onebistro.ie/,30 Richmond Street South,53.33059,-6.26415,,,osm,email,2,new,no_mx,validation: no_mx
4ae137e3124a4aee930a,Perch Coffee,Café,dublin,Dublin,IE,UK,info@perchcoffee.ie,,https://www.perchcoffee.ie/,56 Adelaide Road D02 H337 Dublin,53.33238,-6.25337,,,osm,email,2,new,no_mx,validation: no_mx
a12321c25cd2a3dca1b6,Perfect Lady,Beauty & spa,dublin,Dublin,IE,UK,info@perfectlady.ie,+353 1 894 4769,https://www.perfectlady.ie/,9 James Joyce Street Dublin,53.35154,-6.25327,,,osm,email,2,new,no_mx,validation: no_mx
e4f5671bfbe9f9cca952,Stable,Shopping,dublin,Dublin,IE,UK,hello@stableofireland.com;orders@stableofireland.com,+353 1 675 3936,https://www.stableofireland.com/,2 Westbury Mall D02NH29 Dublin,53.34146,-6.26121,,,osm,email,2,new,bad_syntax,validation: bad_syntax
246bc98441dc316063c8,Stella Diner,Restaurant,dublin,Dublin,IE,UK,info@stelladiner.ie,+353 1 496 7063,http://stelladiner.ie/,211 Rathmines Road Lower Dublin,53.32233,-6.26585,,,osm,email,2,new,no_mx,validation: no_mx
68a4cf432cd90bd2c01c,The Gerard Byrne Studio,Gallery,dublin,,IE,UK,art@thegerardbyrnestudio.com,,https://gerardbyrneartist.com/,15 Chelmsford Road,53.32569,-6.2518,,,osm,email,2,new,no_mx,validation: no_mx
455d11a3282c3f275fa2,The Sussex Restaurant,Restaurant,dublin,Dublin,IE,UK,info@thesussex.ie,+353 1 538 8100,https://thesussex.ie/,8-9 Sussex Terrace D04 KN82 Dublin,53.33142,-6.25162,,,osm,email,2,new,no_mx,validation: no_mx
12c4ba87158fc9f30025,The Wild Duck,Bar,dublin,Dublin,IE,UK,hello@thewildduck.ie,+35315356849,,17-19 Sycamore Street D02 FX33 Dublin,53.34457,-6.26579,,,osm,email,2,new,no_mx,validation: no_mx
0d50fe744a71bd8172f7,Hotel Kazbek,Hotel,dubrovnik,Dubrovnik,HR,Europe,info@kazbke.hr,+38520362999,https://www.kazbekdubrovnik.com/,25 Lapadska obala 20000 Dubrovnik,42.65774,18.07999,,,osm,email,2,new,no_mx,validation: no_mx
7b3935ae7f516f9854ed,Alba Hills,Guesthouse,edinburgh,Edinburgh,GB,UK,info@albahillsedinburgh.com,+44 131 667 5851,http://www.albahillsguesthouseedinburgh.com/,33 Mayfield Gardens EH9 2BX Edinburgh,55.93186,-3.17186,,,osm,email,2,new,no_mx,validation: no_mx
549f196cc3b262187bf6,Bobs Garage,Gym & fitness,edinburgh,Edinburgh,GB,UK,training@hashtagbobsgarage.co.uk,+44 773 781 3995,http://hashtagbobsgarage.co.uk/,27 Stewartfield Edinburgh,55.97064,-3.18829,,,osm,email,2,new,no_mx,validation: no_mx
6a52158839ca58ae36b6,Canon Court,Apartment,edinburgh,,GB,UK,sales@hot-el-apartments.com,+44 131 554 2721,https://www.canoncourt.co.uk/,,55.96277,-3.19884,,,osm,email,2,new,no_mx,validation: no_mx
8126075bf16a15ccc521,Gratitude,Restaurant,edinburgh,Edinburgh,GB,UK,enquiry@gratidudethai.co.uk,+44 131 374 5094,https://www.gratitudethailounge.co.uk,45 Morningside Road EH10 4AZ Edinburgh,55.93201,-3.20978,,,osm,email,2,new,no_mx,validation: no_mx
5c9f32f05e24424c9fa8,House of Lilith,Beauty & spa,edinburgh,Edinburgh,GB,UK,hello@houseoflillith.co.uk,+44 131 348 2005,https://www.houseoflilith.co.uk/,42 Easter Road Edinburgh,55.95843,-3.17165,,,osm,email,2,new,no_mx,validation: no_mx
aee3a257351cd882bfab,Subway,Street food,edinburgh,Edinburgh,GB,UK,haj@subwayscotland.com,+44 131 554 9000,https://restaurants.subway.com/united-kingdom/sc/edinburgh/219-leith-walk,219 Leith Walk EH6 8NX Edinburgh,55.96677,-3.17471,,,osm,email,2,new,no_mx,validation: no_mx
8bad3923cb2d0eb5f03e,Tani Modi,Café,edinburgh,Edinburgh,GB,UK,info@tanimodi.co,+44 131 466 3289,https://www.tanimodi.co/,103 Hanover Street EH2 1DJ Edinburgh,55.95457,-3.1975,,,osm,email,2,new,no_mx,validation: no_mx
b90581eb0b2dcc4c1f1a,Victoria,Bar,edinburgh,Edinburgh,GB,UK,victoria@bodabar.com,+44 131 555 1638,https://www.bodabar.com/victoria/,265 Leith Walk EH6 8PD Edinburgh,55.96575,-3.17558,,,osm,email,2,new,no_mx,validation: no_mx
0c5b4fe71ca3902e961c,Yutori,Restaurant,edinburgh,Edinburgh,GB,UK,info@pinciukas.com,,https://www.yutori-edinburgh.co.uk/,83 Morrison Street EH3 8BU Edinburgh,55.94565,-3.20955,,,osm,email,2,new,no_mx,validation: no_mx
2ece6997c5477e419e2c,Alibi Firenze,Bar,florence,Firenze,IT,Europe,info@alibifirenze.com,+39 055 217035,,21r Via Faenza 50123 Firenze,43.77541,11.25241,,,osm,email,2,new,no_mx,validation: no_mx
ceb188c1a14ee98d126e,Ararat,Restaurant,florence,,IT,Europe,firenze@araratrestaurant.it;storemoodsrl@pec.it,+39 3755721739,https://www.araratrestaurant.it/,,43.77109,11.26944,,,osm,email,2,new,bad_syntax,validation: bad_syntax
ed1822ed9d0c3dd0f054,Galleria Palatina,Museum,florence,Firenze,IT,Europe,ga-uff@benicultulturali.it,+39 055 2388611,https://www.uffizi.it/palazzo-pitti/galleria-palatina,1 Piazza dei Pitti 50125 Firenze,43.76495,11.25002,,,osm,email,2,new,no_mx,validation: no_mx
4109f81cf86c7cdd1dfc,Hotel Home Florence,Hotel,florence,Firenze,IT,Europe,info@hhflorence.it,+39 055 243668,https://www.hhflorence.com,3 Piazza Piave 50122 Firenze,43.76686,11.26799,,,osm,email,2,new,no_mx,validation: no_mx
77df4b463f88c60ccdd2,Il Cencio Unto,Street food,florence,Firenze,IT,Europe,info@ilcenciounto.it,+39 055 219990,www.ilcenciounto.it,25 R Via dei Cerchi Firenze,43.77097,11.25608,,,osm,email,2,new,no_mx,validation: no_mx
f5a61fe1bad5661748de,Locanda Daniel,Hostel,florence,Firenze,IT,Europe,info@locandadaniel.it,+39 055 211293,http://www.locandadaniel.it,22 Via Nazionale 50123 Firenze,43.77794,11.25301,,,osm,email,2,new,no_mx,validation: no_mx
095fb7693b3ab3afd065,Lungarno Bistrot,Restaurant,florence,Firenze,IT,Europe,info@lungarnobistrot.it,+39 055 2654541,http://www.lungarnobistrot.it,1/r Piazza degli Scarlatti 50123 Firenze,43.76907,11.24803,,,osm,email,2,new,no_mx,validation: no_mx
91ba54b0053f721193d4,Ostello Centrale,Hostel,florence,,IT,Europe,info@ostellocentrale.com,+39 055 285960,https://ostellocentralefirenze.myadj.it/v/ostellocentralefirenze,,43.77609,11.25211,,,osm,email,2,new,no_mx,validation: no_mx
8142eeda9be06b6761d2,Rentway,Vehicle rental,florence,Firenze,IT,Europe,info@segwayrentflorence.com,+39 333 9619820,https://www.segwayrentflorence.com/,1 R Piazza di San Benedetto Firenze,43.7723,11.25727,,,osm,email,2,new,no_mx,validation: no_mx
55f7646526c0c1c12fd5,Residenza Gambrinus,Guesthouse,florence,Firenze,IT,Europe,info@residenzagambrinus.it,+39 393 854 3053,https://www.residenzagambrinus.it/,1 Via dei Brunelleschi 50123 Firenze,43.77202,11.2535,,,osm,email,2,new,no_mx,validation: no_mx
3355ff74a8a231ef1d2b,Rosso 23,Hotel,florence,,IT,Europe,info@hotelrosso23.com1,+39 055 277300,https://www.hotelrosso23.com/,21 Piazza di Santa Maria Novella,43.77402,11.2501,,,osm,email,2,new,bad_syntax,validation: bad_syntax
eef910a02ef7daa0a853,Salerosa Bistrò,Restaurant,florence,Firenze,IT,Europe,salerosa@salerosa2019.com,,,90 rosso Borgo San Frediano 50053 Firenze,43.77007,11.24254,,,osm,email,2,new,no_mx,validation: no_mx
d9c22c1bc064e0ba2a68,BioIno,Supermarket,lisbon,Lisboa,PT,Europe,geral@bioino.pt,+351 216 079 246;+351 964 950 699,www.bioino.com,3 Alameda dos Oceanos 1050-134 Lisboa,38.75659,-9.09708,,,osm,email,2,new,no_mx,validation: no_mx
1d7e9263b01eb4d64a94,Escola Artística de Dança do Conservatório Nacional,Dancing School,lisbon,Lisboa,PT,Europe,direcao@eadcn.edu.gov.pt;servicos@eadcn.edu.gov.pt,+351 21 340 8030,https://www.edcn.pt/,22 Rua João Pereira da Rosa 1200-236 Lisboa,38.71228,-9.14739,,,osm,email,2,new,bad_syntax,validation: bad_syntax
33e69365761827b67e02,Farmácia Alves da Graça,Pharmacy,lisbon,Lisboa,PT,Europe,f.alves.da.graça@gmail.com,+351 218 144 350,http://farmacia-lopes-graca.pt/,91-D Rua Morais Soares 1900-342 Lisboa,38.73266,-9.13082,,,osm,email,2,new,bad_syntax,validation: bad_syntax
001387e739c993fb7f6c,Farmácia Marluz,Pharmacy,lisbon,,PT,Europe,isamarluz@@hotmail.com,+351 218 437 550,,140 A;140 B Calçada da Picheleira 1900-374 Beato,38.73771,-9.12349,,,osm,email,2,new,bad_syntax,validation: bad_syntax
a75f212da96bc0566233,Farmácia Vitex,Pharmacy,lisbon,Lisboa,PT,Europe,info@vitex.pt,+351 21 778 2113,http://www.vitex.pt/,373-B Estrada de Benfica 1500-076 Lisboa,38.74469,-9.17997,,,osm,email,2,new,no_mx,validation: no_mx
9d0432931c5565438761,Floresta de Belém,Restaurant,lisbon,,PT,Europe,info@florestadebelem.com,+351 213 636 307,http://florestadebelem.com,,38.69695,-9.20183,,,osm,email,2,new,no_mx,validation: no_mx
13f0d0a92cfb42cb6ece,Floresta de Moscavide,Restaurant,lisbon,,PT,Europe,geral@FlorestaDeMoscavide.com,,,,38.77593,-9.10359,,,osm,email,2,new,no_mx,validation: no_mx
c2550309886e1039b433,Holiday Inn Lisboa,Hotel,lisbon,Lisboa,PT,Europe,hil@groupo-continental.com,+351 21 004 4000,https://www.continentalhotels.eu/site/hotels/view/20.html,28A Avenida António José de Almeida 1000-044 Lisboa,38.73819,-9.14133,,,osm,email,2,new,no_mx,validation: no_mx
30db890db377ea9b893b,Hotel Mundial,Hotel,lisbon,Lisboa,PT,Europe,reservations@hotel-mundial.net,+351 218 842 000,https://www.hotel-mundial.pt/,2 Praça Martim Moniz 1100-341 Lisboa,38.71476,-9.13687,,,osm,email,2,new,no_mx,validation: no_mx
f21adcd3af3dc6043d61,Kasthamandap,Supermarket,lisbon,Lisboa,PT,Europe,lojacem@lojacem.com.pt,+351 218 121 612;+351 218 144 749,www.lojacem.com.pt,100-A-D Avenida Almirante Reis 1150-022 Lisboa,38.73055,-9.13429,,,osm,email,2,new,no_mx,validation: no_mx
6fd24273aa73a20e5a0d,LIV BEATO,Restaurant,lisbon,Beato,PT,Europe,liv.beato@restauranteromanus.pt,+351 968 811 539,https://restauranteromanus.pt/,54 Rua do Açúcar Beato,38.74013,-9.10291,,,osm,email,2,new,no_mx,validation: no_mx
5106149b9864cc75324e,O'Gilins,Bar,lisbon,,PT,Europe,contact@irishpub.com.pt,+351213421899,http://www.ogilins.com,8/10 Rua dos Remolares 1200-371,38.70696,-9.14386,,,osm,email,2,new,no_mx,validation: no_mx
136802e50d9c64eeddc7,Ohmm.,Hotel,lisbon,Lisboa,PT,Europe,info@ohmm.pt;ana@ohmm.pt,+351 918 851 770; +351 918 851 778,https://www.ohmm.pt/,20 Largo do Terreiro de Trigo Lisboa,38.71014,-9.12929,,,osm,email,2,new,bad_syntax,validation: bad_syntax
b42935c7b3d77df51545,Ramon Pecanha,Beauty & spa,lisbon,Lisboa,PT,Europe,info@ramonpecanha.com,,,Rua dos Cravos de Abril 1400-098 Lisboa,38.71373,-9.20662,,,osm,email,2,new,no_mx,validation: no_mx
a0fda344766fe64dea25,The Beer Station,Bar,lisbon,,PT,Europe,gonzalo.ceria@muchik.pt,+351 969 837 884,,17 Largo do Duque do Cadaval 1200-160,38.71404,-9.14093,,,osm,email,2,new,no_mx,validation: no_mx
ced921fc528b7bf2eb84,The Lx Hill,Hotel,lisbon,Lisboa,PT,Europe,geral@evidenciahoteis.com,+351 210 121 764,http://evidenciahoteis.com/en/gamas-light.html,6 Rua Doutor Luis de Almeida e Albuquerque 1200-154 Lisboa,38.71064,-9.14688,,,osm,email,2,new,no_mx,validation: no_mx
5eff9f222c14bca98e1f,Universo Romântico,Guesthouse,lisbon,Lisboa,PT,Europe,info@universoromantico.pt,+351 213520884,http://universoromantico.com/,72 Rua Luciano Cordeiro 1150-217 Lisboa,38.72578,-9.14462,,,osm,email,2,new,no_mx,validation: no_mx
c80b7e9a6c0fa7083350,VillaBio,Supermarket,lisbon,,PT,Europe,geral@villabio.pt,+351 213 011 518,https://biomiosotis.pt/,18 C Rua Gonçalves Zarco 1400-191,38.70564,-9.20476,,,osm,email,2,new,no_mx,validation: no_mx
cdd4b15ae2afa407d267,nest house,Hostel,lisbon,,PT,Europe,geral@nesthouse.pt,+351 21 1954012,http://nesthouse.pt,12 Avenida da República,38.7355,-9.14486,,,osm,email,2,new,no_mx,validation: no_mx
578764ef8ddad043cf3e,Concrete Hair,Beauty & spa,london,London,GB,UK,info@concretehair.co.uk,+44 20 7836 8631,http://concretehair.co.uk/,35 Drury Lane WC2B 5RH London,51.51489,-0.12267,,,osm,email,2,new,no_mx,validation: no_mx
76e9fa7235c1e47e4cbf,Constancia,Restaurant,london,London,GB,UK,info@constancia.co.uk,+44 20 7234 0676,http://www.constancia.co.uk,52 Tanner Street SE1 3PH London,51.50003,-0.07852,,,osm,email,2,new,no_mx,validation: no_mx
ebc8c00b8093d0b97dc1,Drummer Boy,Shopping,london,London,GB,UK,contact@thisisdrummerboy.com,,https://www.thisisdrummerboy.com/,93 Peckham High Street SE15 5RS London,51.47384,-0.06918,,,osm,email,2,new,no_mx,validation: no_mx
0f2c5d27b79dbf43adc8,FitzBB,Guesthouse,london,London,GB,UK,enquiries@fitzbb.me.uk,+44 7834 372 866,https://fitzbb.me.uk/,15 Colville Place London,51.5192,-0.13506,,,osm,email,2,new,no_mx,validation: no_mx
3b332ebcc48733a133dc,Lashtique Eyelash Extensions Kensington,Beauty & spa,london,London,GB,UK,office@lashtique.co.uk,+44 7851 372073,https://www.lashtique.co.uk/locations/kensington/,Shrewsbury Street W10 5DP London,51.52403,-0.22264,,,osm,email,2,new,no_mx,validation: no_mx
f25b29ba17a81da98d64,Lina Pasta,Restaurant,london,,GB,UK,mailto:reservations@linastores.co.uk%20%7C,+44 20 3326 5548,https://www.linastores.co.uk/locations/clapham,22 The Pavement,51.46213,-0.13999,,,osm,email,2,new,bad_syntax,validation: bad_syntax
d7578326d2d90337e7d9,Masaj,Massage & spa,london,London,GB,UK,marylebone@masasj.me,+44 20 4586 1140,https://www.masaj.me/massage-marylebone,34a Paddington Street W1U 4HG London,51.52045,-0.1563,,,osm,email,2,new,no_mx,validation: no_mx
7c2bc7680fc481ad2123,Rum Kitchen,Restaurant,london,London,GB,UK,carnaby@therumkitchen.com,+44 20 3668 2537,https://www.therumkitchen.com/,Kingly Court W1B 5PW London,51.51279,-0.13893,,,osm,email,2,new,no_mx,validation: no_mx
d42f6de3a29d2b2a26ea,Sama,Bar,london,London,GB,UK,info@sambabankside.co.uk,+44 20 3904 6760;+44 7968 828 504,https://www.samabankside.co.uk/,3 Robinson Road SE1 8BU London,51.50666,-0.10374,,,osm,email,2,new,no_mx,validation: no_mx
96952f0d5f4b994cb866,Sinto & Biggie,Beauty & spa,london,London,GB,UK,info@sinbigbarbers.co.uk,+44 20 7635 7340,http://www.sinbigbarbers.co.uk,721 Old Kent Road SE15 1JL London,51.48115,-0.06052,,,osm,email,2,new,no_mx,validation: no_mx
90d3ae76082bb66b3d6a,Stax Diner,Restaurant,london,London,GB,UK,info@staxburgers.co.uk,+44 20 7734 3190,http://staxdiner.com/,Kingly Court W1B 5PW London,51.51254,-0.13877,,,osm,email,2,new,no_mx,validation: no_mx
9b0a4f1510ee088c628d,Tailored Wellness,Gym & fitness,london,London,GB,UK,info@tailored-wellness.co.uk,+44 7525025204,https://tailoredwellness.co.uk/,24 Stanhope Gardens SW7 5QX London,51.49359,-0.17962,,,osm,email,2,new,no_mx,validation: no_mx
f81469d015e5a0d39889,The London Improv Theatre,Theatre,london,London,GB,UK,contact@londonprovtheatre.com,,https://www.londonimprovtheatre.com/,29 Clerkenwell Green EC1R 0DU London,51.52278,-0.10641,,,osm,email,2,new,no_mx,validation: no_mx
d65224e2dec294bb2648,Tura,Beauty & spa,london,London,GB,UK,info@turasalons.com,+44 20 7018 3282,http://turasalons.com/,61 Kilburn High Road NW6 5SB London,51.53664,-0.19213,,,osm,email,2,new,no_mx,validation: no_mx
2230641e6a7a9bf48ff5,Amigos,Restaurant,madrid,Madrid,ES,Europe,reservas@restaurantebaramigos.com,+34 910091738,http://www.restaurantebaramigos.com/,5 Calle de Espoz y Mina 28012 Madrid,40.41604,-3.70224,,,osm,email,2,new,no_mx,validation: no_mx
94727175246f639475af,Annapurna,Restaurant,madrid,,ES,Europe,reservas@annapurnamadrid.com,+34 91 361 7665,http://www.annapurnamadrid.com/,28 Calle Pensamiento 28020,40.45871,-3.6952,,,osm,email,2,new,no_mx,validation: no_mx
75e1ab8da4d117f68784,Apartamentos Príncipe 11,Apartment,madrid,Madrid,ES,Europe,reservas@atprincipe11.com,+34 91 429 44 70,https://www.atprincipe11.com/,11 Calle del Príncipe 28012 Madrid,40.41576,-3.70019,,,osm,email,2,new,no_mx,validation: no_mx
3b3510820b0a8f4bc48f,Beer Bang,Wine & spirits,madrid,,ES,Europe,hola@beerbangmadrid.com,,,14 Calle de Eraso 28028,40.43409,-3.67095,,,osm,email,2,new,no_mx,validation: no_mx
9c22e74da458e8c0af37,Bendita Locura,Restaurant,madrid,Madrid,ES,Europe,contacto@benditalocuracoffe.com,+34 915632570,https://www.benditalocuracoffe.com,73 Calle del Príncipe de Vergara 28006 Madrid,40.43508,-3.67952,,,osm,email,2,new,no_mx,validation: no_mx
92ad7c65728d52eb7b72,Bucca Madrid,Restaurant,madrid,Madrid,ES,Europe,info@buccamadrid.com,+34 911 639 076,http://buccamadrid.com/,26 Calle de Juan Ramón Jiménez 28036 Madrid,40.46244,-3.6869,,,osm,email,2,new,no_mx,validation: no_mx
bf2e85d68751e7c4e3e8,Café del Príncipe,Restaurant,madrid,Madrid,ES,Europe,hola@cafedelprincipe.com,+34 915 31 93 84,http://cafedelprincipe.com/,5 Plaza de Canalejas 28014 Madrid,40.41637,-3.70049,,,osm,email,2,new,no_mx,validation: no_mx
b4c5d245e06f42c29374,Casa MarTha,Restaurant,madrid,,ES,Europe,info@casamartha.e,+34 691099112,http://www.casamartha.es/,,40.42968,-3.67413,,,osm,email,2,new,bad_syntax,validation: bad_syntax
a0f2ea1cbdb895c67d88,Cuevas El Secreto,Restaurant,madrid,,ES,Europe,info@cuevaselsecreto.com,+34915318291,http://www.cuevaselsecreto.com,2 Calle de Barcelona 28012,40.41576,-3.70267,,,osm,email,2,new,no_mx,validation: no_mx
f3ff80b9bae9bf839c6c,Don Lector,Shopping,madrid,Madrid,ES,Europe,donlector@telefónica.net,+34 91 7153078,,60 Calle de Fernández de los Ríos 28015 Madrid,40.43534,-3.71163,,,osm,email,2,new,bad_syntax,validation: bad_syntax
6822ff90982a87f0b11d,El Cucurucho del Mar,Restaurant,madrid,Madrid,ES,Europe,restaurante@cucuruchodelmar.com,+34 915220895,http://www.cucuruchodelmar.com/,6 Calle del Postigo de San Martín 28013 Madrid,40.41921,-3.70607,,,osm,email,2,new,no_mx,validation: no_mx
3d61594a6f89118c2aed,El Imperio,Restaurant,madrid,Madrid,ES,Europe,info@restauranteimperio.es,+34 915 495 171,https://www.restauranteimperio.es/,51 Calle de Galileo 28015 Madrid,40.43512,-3.71037,,,osm,email,2,new,no_mx,validation: no_mx
7ba750dd167c19f436c3,Elcano,Restaurant,madrid,Madrid,ES,Europe,restaurante@pinchoselcano.com,+34 914 34 70 79,http://www.pinchoselcano.com/,58 Calle de Fuencarral 28004 Madrid,40.42398,-3.70057,,,osm,email,2,new,no_mx,validation: no_mx
8824f33cc79d06a9c2f8,Freda,Beauty & spa,madrid,Madrid,ES,Europe,info@peluqueriafreda.com,+34 915 224 456,http://www.peluqueriafreda.com/,6 Calle de la Luna 28004 Madrid,40.42176,-3.70525,,,osm,email,2,new,no_mx,validation: no_mx
a1a8926a47d917bca261,Hospedaje Romero,Guesthouse,madrid,Madrid,ES,Europe,reservas@hospedajeromero.com,+34 915 59 76 61,,64 Gran Vía 28013 Madrid,40.42232,-3.70853,,,osm,email,2,new,no_mx,validation: no_mx
3f979a6bb95a3fe7f50a,Hostal Corazón de Madrid,Guesthouse,madrid,Madrid,ES,Europe,info@hostalcorazon.com,+34 915 31 11 65,,7 Calle de San Bartolomé 28004 Madrid,40.4217,-3.69871,,,osm,email,2,new,no_mx,validation: no_mx
7ebee859b0b4281e49dd,Hostal Josefina,Guesthouse,madrid,Madrid,ES,Europe,reservas@hostal-josefina.com,+34 915 218 131,http://www.hostal-josefina.com/es/estaticas/index.asp?wm=780&id=250,44 Gran Vía 28013 Madrid,40.4205,-3.70554,,,osm,email,2,new,no_mx,validation: no_mx
a15567cae5614ce9da8a,Hostal Plaza D'Ort,Guesthouse,madrid,Madrid,ES,Europe,info@hostalplazadort.es,+34 91 429 9041,http://www.plazadort.com/,13 Plaza del Ángel 28012 Madrid,40.41427,-3.70247,,,osm,email,2,new,no_mx,validation: no_mx
d93f677a227c9ad1636e,Hostal Salomé,Guesthouse,madrid,Madrid,ES,Europe,info@hostalsalome.com,+34 915211847,http://www.hostalsalome.com/index2.html,40 Calle del Pez 28004 Madrid,40.42451,-3.70702,,,osm,email,2,new,no_mx,validation: no_mx
407e8bfc2f1a879ef9c6,Hostel 12 rooms,Guesthouse,madrid,Madrid,ES,Europe,reservas@12-rooms.com,+34 915314403,http://www.12-rooms.com/,9 Calle de Núñez de Arce 28012 Madrid,40.41532,-3.70113,,,osm,email,2,new,no_mx,validation: no_mx
1b1238296dc1bc8dd71c,Hotel Avenida Gran Vía,Hotel,madrid,Madrid,ES,Europe,reservas@hotelavenidagravia.com,+34 915327107,https://www.hotelavenidagranvia.com/,14 Calle de Mesonero Romanos 28013 Madrid,40.41972,-3.70412,,,osm,email,2,new,no_mx,validation: no_mx
6b87904e6b27a860318a,Hotel Liabeny,Hotel,madrid,Madrid,ES,Europe,info@hotelIiabeny.com,+34 91 531 90 00,https://www.liabeny.es/,3 Calle de la Salud 28013 Madrid,40.41874,-3.70396,,,osm,email,2,new,no_mx,validation: no_mx
011319560efdaed706e2,Hotel Madrid Plaza España,Hotel,madrid,Madrid,ES,Europe,tryp.plaza.españa@melia.com,+34 91 5470900,https://www.melia.com/es/hoteles/espana/madrid/hotel-madrid-plaza-espana-by-melia,74 Gran Vía 28013 Madrid,40.42298,-3.70986,,,osm,email,2,new,bad_syntax,validation: bad_syntax
342f8e44a01fc32c6634,Javier Quintanero,Beauty & spa,madrid,Madrid,ES,Europe,jq@jqestilistas.com,+34 91 551 8442,https://www.javierquintanero.com/,4 Cuesta de Santo Domingo 28013 Madrid,40.41914,-3.7099,,,osm,email,2,new,no_mx,validation: no_mx
81feebc22db18653c95f,Jimbo Smokehouse,Restaurant,madrid,,ES,Europe,jimbo@jimfoods.es,+34 91 000 55 40,https://www.jimbosmokehouse.es/,4 Plaza del Descubridor Diego de Ordás 28003,40.44053,-3.70026,,,osm,email,2,new,no_mx,validation: no_mx
03d59d176b5b2ffa5320,La Chamartina,Restaurant,madrid,,ES,Europe,hola@lachamartina.es,+34 913 45 44 98,http://www.lachamartina.es/,,40.46116,-3.68661,,,osm,email,2,new,no_mx,validation: no_mx
eb230fb745b812f99019,Las Tapas del Real,Restaurant,madrid,Madrid,ES,Europe,madrid@lastapasdelreal.es,+34 915 48 94 59,http://www.lastapasdelreal.es/,5 Calle de Arrieta 28013 Madrid,40.41884,-3.71061,,,osm,email,2,new,no_mx,validation: no_mx
a65f48e2ff4040d3fa9a,Muñeca Brava,Restaurant,madrid,,ES,Europe,info@muñecabrava.com,+34 919 281 702,https://www.muñecabrava.com/,,40.40514,-3.68166,,,osm,email,2,new,bad_syntax,validation: bad_syntax
d7755ac14e440ec4aab0,Panic,Bakery,madrid,Madrid,ES,Europe,javier@bakmadrid.com,+34 910 86 22 01,,13 Calle del Conde Duque 28015 Madrid,40.429,-3.70956,,,osm,email,2,new,no_mx,validation: no_mx
a1fead0a5b8fd60956cf,Restaurante Derrière,Restaurant,madrid,Madrid,ES,Europe,info@derrerieremadrid.com,+34 653564220,https://derrieremadrid.com,94 Paseo de la Castellana 28046 Madrid,40.44327,-3.69094,,,osm,email,2,new,no_mx,validation: no_mx
f93daa9d3a00566b887b,Restaurante Haramboure,Restaurant,madrid,,ES,Europe,info@haranboure.com,+34911049591,http://haranboure.com,4 Calle de Maldonado 28006,40.43394,-3.6859,,,osm,email,2,new,no_mx,validation: no_mx
1dc8c61422b0868ffa97,Rías Bajas,Guesthouse,madrid,Madrid,ES,Europe,reservas@hostalriasbajas.es,+34 915598595,http://hostalriasbajas.es/,35 Calle de San Bernardo 28015 Madrid,40.42333,-3.70764,,,osm,email,2,new,no_mx,validation: no_mx
907b51ee92f43edab870,Shapla,Restaurant,madrid,Madrid,ES,Europe,info@shaplaindianrestaurant.com,+34 915281599,https://shaplaindianrestaurant.com/,42 Calle de Lavapiés 28012 Madrid,40.40978,-3.70242,,,osm,email,2,new,no_mx,validation: no_mx
6d7710a1811a29b71f20,Tapilla Sixtina,Restaurant,madrid,Madrid,ES,Europe,info@tapillasixtina.com,+34 914354985,https://www.tapillasixtina.com/,84 Calle de Ayala 28001 Madrid,40.42733,-3.67796,,,osm,email,2,new,no_mx,validation: no_mx
ac92a956c8c600285b6c,Tim Hortons,Café,madrid,Madrid,ES,Europe,domicilios@nipponsei.es,,,Plaza de Santo Domingo 28013 Madrid,40.41967,-3.70793,,,osm,email,2,new,no_mx,validation: no_mx
be827df242583330cf21,Antares,Restaurant,milan,Milano,IT,Europe,info@antaresristorante.it,+39 02 66985651,https://www.antaresristorante.it/,16 Via Vittor Pisani 20124 Milano,45.48248,9.20138,,,osm,email,2,new,no_mx,validation: no_mx
e7e610c4254a0288870b,Art Cafe,Café,milan,Milano,IT,Europe,info@artcafemilano.it,+39 02 36748220,http://www.artcafemilano.it/,26 Via Legnano 20121 Milano,45.47649,9.18168,,,osm,email,2,new,no_mx,validation: no_mx
4e7a18945b775d441573,Beauty Brunette,Beauty & spa,milan,,IT,Europe,info@cdbcavallotti.net,+39 02 76340429,,13 Via Felice Cavallotti,45.46389,9.19659,,,osm,email,2,new,no_mx,validation: no_mx
7275980b657bee9da39c,Caffè Italia,Restaurant,milan,Milano,IT,Europe,cafeitaliamilano@gmal.com,+390238294844,https://www.cafeitaliamilano.com/,34 Corso Italia 20122 Milano,45.4567,9.18731,,,osm,email,2,new,no_mx,validation: no_mx
491a3fc7fdcd8411c1eb,Camiceria Lorenzo,Shopping,milan,Milano,IT,Europe,info@camicerialorenzomilano.it,+390239624836,https://www.camicerialorenzomilano.it/boutique/,45 Corso Magenta 20123 Milano,45.46568,9.17434,,,osm,email,2,new,no_mx,validation: no_mx
4758c40305acc0c568f1,Centro Nazionale Acconciature di Laurita Eugenio e Lucia SNC,Beauty & spa,milan,Milano,IT,Europe,galusa73@gmail.com;salonilaurita@gmail.com,+39 02 462401,,16 Viale San Michele del Carso 20144 Milano,45.46398,9.1641,,,osm,email,2,new,bad_syntax,validation: bad_syntax
52cc0896a4abed15dc62,Club Ling,Gym & fitness,milan,Milano,IT,Europe,info@clubling.it,+39 02 89055860,,9 Via Luigi Cagnola 20154 Milano,45.47746,9.17251,,,osm,email,2,new,no_mx,validation: no_mx
dd869715ac0520e0ca65,EN,Restaurant,milan,Milano,IT,Europe,info@ristoranteen.it,+39 02 70125758,http://www.ristoranteen.it,30 Corso Ventidue Marzo 20129 Milano,45.46206,9.21813,,,osm,email,2,new,no_mx,validation: no_mx
cfd70192ae22e4bf6a47,Easy Estetica,Beauty & spa,milan,Milano,IT,Europe,info@easyestetica.com,+393275430527,https://easyestetica.mytreatwell.it/,24 Via Terraggio 20123 Milano,45.46489,9.17545,,,osm,email,2,new,no_mx,validation: no_mx
ecbfb01c7b6d43558bc6,Enoteca Simone,Wine & spirits,milan,Milano,IT,Europe,nicolabrancati@hotmail.com;enotecasimonemilano@gmail.com,+39024042882,https://enotecasimone.it/,37 Viale Pisa 20146 Milano,45.46322,9.13708,,,osm,email,2,new,bad_syntax,validation: bad_syntax
2dd3ea7aa1977e3a84d4,Fabregas,Restaurant,milan,Milano,IT,Europe,info@fabregasmilano.it,+39 02 84131363,http://www.fabregasmilano.it/,8 Via del Torchio 20123 Milano,45.46046,9.18066,,,osm,email,2,new,no_mx,validation: no_mx
7d2d23db8ded6af36ebd,Farmacia dei Padri Fatebenefratelli,Pharmacy,milan,Milano,IT,Europe,info@farmaciaospedalesangiuseppe.it;farmaciadeipadrifbf@gmail.com,+390286454006,https://www.farmaciaospedalesangiuseppe.it/,12 Via San Vittore 20123 Milano,45.46313,9.17142,,,osm,email,2,new,bad_syntax,validation: bad_syntax
fcec3c8b6664ed6d24a7,Fu Asian Restaurant,Restaurant,milan,,IT,Europe,info@fuasian.it,+39 02 29511707,http://fuasian.it,51 Viale Abruzzi,45.48078,9.21678,,,osm,email,2,new,no_mx,validation: no_mx
f39a41af66f1140c1ebe,Hotel Calais,Hotel,milan,,IT,Europe,contact@hotelcalaismilan.eu,+39 329 9364502,https://www.hotelcalaismilano.it/it/index.php,,45.46403,9.15474,,,osm,email,2,new,no_mx,validation: no_mx
4567e000983c66ac054e,I due leccesi,Restaurant,milan,Milano,IT,Europe,info@idueleccesi.it;idueleccesi.milano@gmail.com,+39 02 70120871,http://www.idueleccesi.it/,3 Via Bonvesin de la Riva 20129 Milano,45.46358,9.21186,,,osm,email,2,new,bad_syntax,validation: bad_syntax
9e53d8ce164c6699af67,IYO Experience,Restaurant,milan,Milano,IT,Europe,info@iyo-experience.com;booking@iyo-experience.com,+39 02 45476898,https://www.iyo-experience.com/,74 Via Piero della Francesca 20154 Milano,45.48677,9.15956,,,osm,email,2,new,bad_syntax,validation: bad_syntax
bc722c54c1767ce5f5de,Il Salumaio di Montenapoleone,Restaurant,milan,Milano,IT,Europe,info@ilsalumaiodimontenapoleone.it;salumaio.eventi@gmail.com,+39 02 76001123;+39 02 784650,https://www.ilsalumaiodimontenapoleone.it/,10 Via Santo Spirito 20121 Milano,45.46976,9.19461,,,osm,email,2,new,bad_syntax,validation: bad_syntax
ac455804edac6ea406d8,Il Tavolino,Restaurant,milan,Milano,IT,Europe,info@altavolino.it,+39 02 6703520,http://www.altavolino.it/,23 Via Gustavo Fara 20124 Milano,45.48401,9.1983,,,osm,email,2,new,no_mx,validation: no_mx
0aa9eb196b9aec22631f,L'Anima del Gusto,Restaurant,milan,Milano,IT,Europe,info@lanimadelgusto.it,+39 02 8951 1578,http://www.lanimadelgusto.it/,2 Via dei Fontanili 20141 Milano,45.44236,9.1884,,,osm,email,2,new,no_mx,validation: no_mx
d5ca67b3e48af94d58fc,La Corte di Montenapoleone,Café,milan,Milano,IT,Europe,info@ilsalumaiodimontenapoleone.it;salumaio.eventi@gmail.com,+39 02 76001123;+39 02 784650,https://www.ilsalumaiodimontenapoleone.it/caf%C3%A9-bistrot-gallery,10 Via Santo Spirito 20121 Milano,45.46951,9.19503,,,osm,email,2,new,bad_syntax,validation: bad_syntax
3fe1924adc99ab097965,La Maison Momonì,Shopping,milan,Milano,IT,Europe,milano@lamaisonmomoni.it,+39 02 63793466,http://lamaisonmomoni.it/,3 Corso Como 20154 Milano,45.48129,9.18696,,,osm,email,2,new,no_mx,validation: no_mx
4bf9c072103b7c5650b1,La pagnottella,Bakery,milan,Milano,IT,Europe,info@lapagnottellamilano.it;lellaeandreasnc@lamiapec.it,,https://lapagnottellamilano.it/,1 Corso Cristoforo Colombo 20144 Milano,45.45495,9.17289,,,osm,email,2,new,bad_syntax,validation: bad_syntax
7f3945f44607aaf0ff93,Macedonia jewels piercing,Shopping,milan,Milano,IT,Europe,info@macedoniajewelpiercing.com,+393513862820,,77 Corso di Porta Ticinese 20123 Milano,45.45633,9.18082,,,osm,email,2,new,no_mx,validation: no_mx
89ae4c07473e420280ba,Marco's,Bar,milan,Milano,IT,Europe,info@marco-s.it,,https://marco-s.it/,6 Via San Vittore 20123 Milano,45.46271,9.17276,,,osm,email,2,new,no_mx,validation: no_mx
f0ed0ef84f8c2c1d5717,Museo del Teatro di Figura,Museum,milan,Milano,IT,Europe,grupporiani@mutefmilano.com,+390289531301,https://www.facebook.com/MUTEF.museoteatrodifigura/,54 Via Tortona 20144 Milano,45.45219,9.16253,,,osm,email,2,new,no_mx,validation: no_mx
d758f1db0cfd9996d7f5,Niro Meet Bar,Café,milan,Milano,IT,Europe,info@niromeetbar.it,+39 02 8909 2743,,3 Giardino Aristide Calderini 20143 Milano,45.46492,9.17803,,,osm,email,2,new,no_mx,validation: no_mx
2c4730c4b2fe9ab94fb6,Osteria Angelino,Restaurant,milan,Milano,IT,Europe,milano@osteriaangelino.com,+39 02 98998143,http://www.osteriaangelino.com/ristorante-angelino-milano/,9 Via Fabio Filzi 20124 Milano,45.4826,9.19897,,,osm,email,2,new,no_mx,validation: no_mx
b97901b92d10129e4a86,Papas and Beer,Restaurant,milan,Milano,IT,Europe,milano@papasandbeer.it,+39 02 72021827,http://www.papasandbeer.it/,40 Corso Italia 20121 Milano,45.45615,9.18731,,,osm,email,2,new,no_mx,validation: no_mx
bd3f30fb32f42bf74fce,Picanha's,Restaurant,milan,Milano,IT,Europe,info@picanhaschurrascaria.com,+39 02 39214408,http://www.picanhaschurrascaria.com/,14 Piazzale Lorenzo Lotto 20148 Milano,45.48065,9.14366,,,osm,email,2,new,no_mx,validation: no_mx
74a73993507e7daac8ad,Pizzeria Sant'Ambrogio,Street food,milan,Milano,IT,Europe,info@pizzeriasantambrogio.it,+390239811974;,http://www.pizzeriasantambrogio.it/,7 Via Ausonio 20123 Milano,45.45937,9.1739,,,osm,email,2,new,no_mx,validation: no_mx
3b7c04b9a5296c727165,Ristorante Nuova Arena,Restaurant,milan,Milano,IT,Europe,info@nuovaarena.it,+39 02 341437,http://www.nuovaarena.it/,5 Piazza Lega Lombarda 20154 Milano,45.47804,9.18015,,,osm,email,2,new,no_mx,validation: no_mx
f19ae92be0b68faa7049,Senzatempo Bistrot,Restaurant,milan,Milano,IT,Europe,info@senzatempomilano.it,+39 02 89092680,http://www.senzatempomilano.it/,52 Foro Buonaparte 20121 Milano,45.47127,9.18259,,,osm,email,2,new,no_mx,validation: no_mx
da95006b993d2c06add6,Shot Cafe,Café,milan,Milano,IT,Europe,shot@shotcafe.it,+39 02 6700206,http://www.shotcafe.it/,19 Via Giovanni Battista Pirelli 20124 Milano,45.48393,9.19951,,,osm,email,2,new,no_mx,validation: no_mx
459875dca7390f94175e,Skorpion,Gym & fitness,milan,Milano,IT,Europe,info@skorpioncenter.it,+39 02 781424,http://www.skorpioncenter.it,24 Corso Vittorio Emanuele Secondo 20122 Milano,45.46496,9.19566,,,osm,email,2,new,no_mx,validation: no_mx
ef83b12b11a42650c54b,Solem,Beauty & spa,milan,Milano,IT,Europe,info@esteticasolem.it,+390243912646,https://www.esteticasolem.it/,45 Via Paolo Giovio 20144 Milano,45.46203,9.16253,,,osm,email,2,new,no_mx,validation: no_mx
ad5818b564493b6c19a9,Sulle Nuvole,Restaurant,milan,Milano,IT,Europe,info@sullenuvolemilano.com,+39 02 69006955,https://www.sullenuvolemilano.com/,12 Via Garigliano 20159 Milano,45.48857,9.19023,,,osm,email,2,new,no_mx,validation: no_mx
a072aa35bf6fb322f8ef,Teatro San Domingo,Theatre,milan,Milano,IT,Europe,info@teatrosdomingo.org,+39 02 2619100,http://www.teatrosdomingo.org/,11a Via Rovigno 20125 Milano,45.50244,9.22016,,,osm,email,2,new,no_mx,validation: no_mx
c2d2fa39d1ed1de9d4df,Time to Beauty,Beauty & spa,milan,Milano,IT,Europe,info@timetobeauty.it,+39 02 84256660,http://www.timetobeauty.it/,11 Via Panfilo Castaldi 20124 Milano,45.47801,9.20039,,,osm,email,2,new,no_mx,validation: no_mx
9b127661d0bc9db025a1,TownHouse Duomo Milano,Hotel,milan,Milano,IT,Europe,reservations@townhouseduomo.com,+39 02 45397600,https://duomo.townhousehotels.com/,2 Via Silvio Pellico 20121 Milano,45.46494,9.18937,,,osm,email,2,new,no_mx,validation: no_mx
7bd1e7394d70dc786652,Volt Club,Nightlife,milan,Milano,IT,Europe,reservation@voltclub.it;careers@voltclub.it;operation@voltclub.it,,https://www.voltclub.it/,16 Via Molino delle Armi 20123 Milano,45.45689,9.18408,,,osm,email,2,new,bad_syntax,validation: bad_syntax
1d7b7536362a77c76970,Zagara,Restaurant,milan,Milano,IT,Europe,info@alessandrainmilano.it,+39 334 306 0411,,4 Via privata Pirano 20127 Milano,45.50619,9.22335,,,osm,email,2,new,no_mx,validation: no_mx
314e2f56a756097103f4,Apotheke am Gärtnerplatz,Pharmacy,munich,München,DE,Europe,info@apotheke-gaertnerplatz.de,+49 89 201 47 27,https://www.gaertnerplatz-apotheke.de,16 Corneliusstraße 80469 München,48.13133,11.57631,,,osm,email,2,new,no_mx,validation: no_mx
7f999de51e9fa7d0813f,Augustiner Schützengarten,Restaurant,munich,München,DE,Europe,info@augustiner-schützengarten.de,+49 89 724 680 88,https://augustiner-schuetzengarten.de/,6 Zielstattstraße 81379 München,48.10425,11.53441,,,osm,email,2,new,bad_syntax,validation: bad_syntax
6b293854f1d355963f61,Augustiner Schützengarten,Bar,munich,München,DE,Europe,info@augustiner-schützengarten.de,+49 89 724 680 88,https://augustiner-schuetzengarten.de,6 Zielstattstraße 81379 München,48.10446,11.53479,,,osm,email,2,new,bad_syntax,validation: bad_syntax
674f7c45d7914b8eca34,Augustiner-Keller,Bar,munich,München,DE,Europe,büro@augustiner-keller.de,+49 89 594393,https://www.augustinerkeller.de/de,52 Arnulfstraße 80335 München,48.14353,11.5516,,,osm,email,2,new,bad_syntax,validation: bad_syntax
8f407f61030a8d210a76,Augustiner-Keller,Restaurant,munich,München,DE,Europe,büro@augustiner-keller.de,+49 89 594393,https://www.augustinerkeller.de/de,52 Arnulfstraße 80335 München,48.14352,11.55215,,,osm,email,2,new,bad_syntax,validation: bad_syntax
3e928d97e285201a2a88,Ballon Centrum,Souvenirs & gifts,munich,München,DE,Europe,info@balloncentrum.de,+49 89 597 763,https://www.der-luftballon.com/,45 Karlstraße 80333 München,48.14461,11.56086,,,osm,email,2,new,no_mx,validation: no_mx
0243a079a39233652c53,Bamberger Haus,Restaurant,munich,München,DE,Europe,event@bambergerhaus.d,+49 89 322 12 82 10,https://www.bambergerhaus.com/events/raumlichkeiten,2 Brunnerstraße 80804 München,48.17063,11.56809,,,osm,email,2,new,bad_syntax,validation: bad_syntax
80137e6673f3a88c6a8d,Beautéliebe,Beauty & spa,munich,,DE,Europe,info@beauteliebe.de,,https://www.beauteliebe.de/,,48.12906,11.60135,,,osm,email,2,new,no_mx,validation: no_mx
2dd1dcd25421b16a0e6a,Biergarten Kleines Brauhaus Dicker Mann,Bar,munich,München,DE,Europe,info@dickermann.eu,+49 89 407898,https://www.kleinesbrauhausdickermann.de/,11 Heinrich-Wieland-Straße 81735 München,48.1185,11.63326,,,osm,email,2,new,no_mx,validation: no_mx
a267e4902dc1d4093cc5,Edeka,Supermarket,munich,München,DE,Europe,info@edeka-turgut.de,+49 89 298 746,https://www.edeka.de/eh/s%C3%BCdbayern/edeka-turgut-zweibr%C3%BCckenstra%C3%9Fe-5-7/index.jsp,5 Zweibrückenstraße 80331 München,48.13359,11.58392,,,osm,email,2,new,no_mx,validation: no_mx
536963971167d6c7621b,Golden Face,Beauty & spa,munich,München,DE,Europe,info@goldenfacekosmetik.com,+49 89 5203 8634,https://goldenfacekosmetik.de/,53 Kurfürstenstraße 80801 München,48.15849,11.57538,,,osm,email,2,new,no_mx,validation: no_mx
adce49aae8f6d3978a3e,Goldene Schere,Beauty & spa,munich,,DE,Europe,contact@goldeneschere-muc.de,+49 89 6917497,,148 Tegernseer Landstraße,48.10997,11.57816,,,osm,email,2,new,no_mx,validation: no_mx
f8300412c3d919844af5,Großwirt,Restaurant,munich,München,DE,Europe,info@großwirt.de,+49 89 20204888,https://grosswirt.de/,2 Volkartstraße 80634 München,48.15444,11.52999,,,osm,email,2,new,bad_syntax,validation: bad_syntax
ad933fa894293a9323f2,Hairlich,Beauty & spa,munich,,DE,Europe,info@hairlich-hairdesign.de,+49 175 2028678,https://www.hairlich-hairdesign.de/,,48.16317,11.57969,,,osm,email,2,new,no_mx,validation: no_mx
e7b125af692adeaf2565,Kleines Brauhaus Dicker Mann,Restaurant,munich,München,DE,Europe,info@dickermann.eu,+49 89 407898,https://www.kleinesbrauhausdickermann.de/,11 Heinrich-Wieland-Straße 81735 München,48.11853,11.63304,,,osm,email,2,new,no_mx,validation: no_mx
84e3f25a068c63acbf7a,Kunst Café,Café,munich,,DE,Europe,info@kunst-cafe.com,+49 89 55969677,,,48.14227,11.56835,,,osm,email,2,new,no_mx,validation: no_mx
76c1cb95438adeef74a7,Molotow,Beauty & spa,munich,München,DE,Europe,info@molotow-haardesign.net,+49 89 332209,https://molotow-haardesign.de,5 Martiusstraße 80802 München,48.15712,11.58589,,,osm,email,2,new,no_mx,validation: no_mx
d6b257f14d741b126f7c,Museum Lichtspiele,Cinema,munich,München,DE,Europe,museumlichtspiele@movietown-cinemas.de,+49 89 482403,https://www.museum-lichtspiele.de/,2 Lilienstraße 81669 München,48.13096,11.58749,,,osm,email,2,new,no_mx,validation: no_mx
ea2aaa1691b4581761f1,PM Room,Hostel,munich,München,DE,Europe,info@rent-a-room-munihc.de,+49 17949 35 280,https://www.rent-a-room-munich.de/,15 Elsenheimerstraße 80687 München,48.13963,11.51948,,,osm,email,2,new,no_mx,validation: no_mx
ad15b611116c2e9de1e0,Potlatsch,Restaurant,munich,München,DE,Europe,potlatsch@potlatsch.info,+49 89 58978191,https://potlatsch-muenchen.de/,98 Agnes-Bernauer-Straße 80687 München,48.13979,11.50003,,,osm,email,2,new,no_mx,validation: no_mx
69cc1ade65aede1774c1,Satluj,Restaurant,munich,,DE,Europe,info@satlujmunich.de,+49 89 48002230,https://www.satluj-munich.de/,,48.13159,11.59894,,,osm,email,2,new,no_mx,validation: no_mx
5233769d1e28c8f92571,Shakespeare,Bar,munich,München,DE,Europe,info@cafe-bar-shakespeare.de,+49 89 997 457 70,https://www.shakespeare-muenchen.de,2a Seidlstraße 80335 München,48.14264,11.55671,,,osm,email,2,new,no_mx,validation: no_mx
736dc775a34b6402207c,The Klub Kitchen,Restaurant,munich,,DE,Europe,kontakt@kismet.cc,+493023455877,https://www.theklubkitchen.com,10 Löwengrube 80333,48.13946,11.57208,,,osm,email,2,new,no_mx,validation: no_mx
1df050be713b117e8c04,Wirtshaus am Bavariapark,Bar,munich,,DE,Europe,info@wirtshaus-am-bavariapark.de,+49 89 45211695,https://wirtshaus-am-bavariapark.com/,,48.13188,11.54371,,,osm,email,2,new,no_mx,validation: no_mx
7ffb0f5b7483a3f458aa,Zweibrücken-Apotheke,Pharmacy,munich,München,DE,Europe,info@zweibruecken.apotheke.de,+49 89 292 380,https://www.zweibruecken-apotheke.de,6 Zweibrückenstraße 80331 München,48.1335,11.58286,,,osm,email,2,new,no_mx,validation: no_mx
4395342de580e400c11a,amal,Café,munich,München,DE,Europe,info@amalwerksviertel.com,,,141h Rosenheimer Straße 81671 München,48.12332,11.60343,,,osm,email,2,new,no_mx,validation: no_mx
e997913c772cb4568ab9,Le Khelcom,Restaurant,nice,,FR,Europe,contact@khelcom.fr,+33 9 82 25 70 20,https://www.khelcom.fr/,2 Passage Malausséna,43.70792,7.26268,,,osm,email,2,new,no_mx,validation: no_mx
770af39fdf399b5a4f82,Mascareignes,Restaurant,nice,,FR,Europe,contact@mascareignes-cafe.fr,+33 4 89 00 62 80,https://mascareignes-cafe.fr/,3 Rue Place Vieille,43.69654,7.27632,,,osm,email,2,new,no_mx,validation: no_mx
e075a3d1f586bcc9c83d,Arlette et Colette,Bakery,paris,,FR,Europe,contact@arlette-et-colette.fr,,http://arlette-et-colette.fr/,,48.89323,2.32697,,,osm,email,2,new,no_mx,validation: no_mx
5fd0384fdb9eac91bb17,Brasserie Zeyer,Restaurant,paris,,FR,Europe,contact@lezeyer.com,+33 1 45 40 43 88,https://brasserielezeyer.com/,,48.82809,2.32641,,,osm,email,2,new,no_mx,validation: no_mx
a1182c1c9f7a997b7532,Café Grévin,Café,paris,Paris,FR,Europe,contact@cafegrevin.com,+33147708813,,8 Boulevard Montmartre 75009 Paris,48.8718,2.34229,,,osm,email,2,new,no_mx,validation: no_mx
95fd0157e868692cac88,Dar Zamen,Restaurant,paris,Montreuil,FR,Europe,contact@darzamen.com,+33 9 83 09 23 39,https://darzamen.com/,7 Rue Émile Zola 93100 Montreuil,48.85455,2.41962,,,osm,email,2,new,no_mx,validation: no_mx
919f85460656e5236225,Hôtel Lautrec Opera,Hotel,paris,,FR,Europe,reservation@hotel-lautrec.com,+33 1 42 96 67 90,https://www.paris-hotel-lautrec.com/,,48.87118,2.33854,,,osm,email,2,new,no_mx,validation: no_mx
35ec87966b6d0dcf4982,Le Louvre ripaille,Restaurant,paris,Paris,FR,Europe,restaurant@louvre-ripaille.com,+33 1 42 97 49 91,http://www.louvre-ripaille.com,75001 Paris,48.86032,2.34128,,,osm,email,2,new,no_mx,validation: no_mx
85657f252346ddf80c5f,Le Petit Belloy,Hotel,paris,,FR,Europe,contact@hotel-petit-belloy.com,+33 1 43 26 87 13,https://www.hotel-petit-belloy-saint-germain.com/,,48.85021,2.34217,,,osm,email,2,new,no_mx,validation: no_mx
16b7ad7352be64365970,Les Saveurs de Djerba,Restaurant,paris,,FR,Europe,contact@saveursdedjerba.fr,+33 1 43 74 80 56,https://saveursdedjerba.fr/,,48.84596,2.43532,,,osm,email,2,new,no_mx,validation: no_mx
1a2c176c6d39180f6e64,Nonna Clelia,Restaurant,paris,,FR,Europe,reservation@nonnaclelia.fr,+33173750125,https://www.nonnaclelia.fr/,75018,48.89513,2.34342,,,osm,email,2,new,no_mx,validation: no_mx
25a09b9d3b43ae9c5e0a,Pharmacie Lamblardie,Pharmacy,paris,,FR,Europe,contact@pharmacie-lombardie.fr,+33143438797,,,48.84004,2.39703,,,osm,email,2,new,no_mx,validation: no_mx
9403a5e50877f8088af4,Pharmacie de la Poste,Pharmacy,paris,,FR,Europe,pharmaposte@perso.alliafis.net,+33 1 46 36 73 03,,,48.87328,2.39934,,,osm,email,2,new,no_mx,validation: no_mx
fb0463cac8ed6312fb25,Piccoli Cugini,Restaurant,paris,,FR,Europe,contact@piccoli-cugini.fr,+33 9 50 57 79 25,,,48.87323,2.36228,,,osm,email,2,new,no_mx,validation: no_mx
1e87aad5ae4969b1270d,Salün Holidays,Tours & travel,paris,,FR,Europe,charenton.salun@salun-holidays.com,+33 1 41 79 39 80,,,48.82172,2.41308,,,osm,email,2,new,no_mx,validation: no_mx
48f28f8f1050b62f7886,Sanso,Hotel,paris,,FR,Europe,bonjour@qualitybercy.com,+33 1 53 61 62 00,https://hotel-paris-bercy.com/fr/,15 Rue de Tolbiac 75013,48.82935,2.37481,,,osm,email,2,new,no_mx,validation: no_mx
d8152c39db6181340f52,Schwartz's Deli,Restaurant,paris,,FR,Europe,contact@schwartszdeli.fr,+33 1 47 04 73 61,https://schwartzsdeli.fr/,7 Avenue d'Eylau 75116,48.86373,2.2856,,,osm,email,2,new,no_mx,validation: no_mx
5d91c80d8bdc2eb75bd3,Temple,Bakery,paris,Paris,FR,Europe,saint-charles@boulangerie-temple.fr,+33 1 45 77 50 78,https://boulangerietemple.maboulangerie.com/,34 Rue Saint-Charles 75015 Paris,48.8437,2.2828,,,osm,email,2,new,no_mx,validation: no_mx
736e4c85468b3b563693,Wunderbär,Restaurant,paris,,FR,Europe,contact@wunderbar-paris.com,+33 9 81 26 88 53,,,48.8703,2.36396,,,osm,email,2,new,no_mx,validation: no_mx
5112d3b4e1185a9862dc,B&B Beach House,Hotel,phuket,Patong,TH,Asia,info@bb-beachhouse.com,+6676294123,http://www.bb-beachhouse.com/,"212/15-16 Soi Kebsup, Rach U-Thit 200 Pee Rdoad Patong Beach",7.88904,98.29475,,,osm,email,2,new,no_mx,validation: no_mx
c20f80a10e141fa407f6,Baraka,Restaurant,phuket,Phuket Town,TH,Asia,order@batumi-restaurant-phuket.com,+66902123337,https://baraka-restaurant-phuket.com/,"32 ThepkrasattriRoad, TalatYalatYaiSub-district, Phuket",7.8855,98.39074,,,osm,email,2,new,no_mx,validation: no_mx
029c96e0c79508a21ca2,Boomerang Resort,Hotel,phuket,Kata,TH,Asia,info@boomerangresortphuket.com,+66623648197,https://www.boomerangresortphuket.com/,Patak soi 10 Mueang Phuket District,7.82917,98.30289,,,osm,email,2,new,no_mx,validation: no_mx
925a2e451175f6177318,Hard Rock Cafe,Restaurant,phuket,Patong,TH,Asia,csr@phuket-hrc.com,+66-76-366-381,https://www.hardrock.com/locations/cafes3/cafe.aspx?LocationID=521&MIBEnumID=3,,7.88708,98.29436,,,osm,email,2,new,no_mx,validation: no_mx
031d2037aedb081d16f0,Royal Palace Indian Restaurant & Tours,Restaurant,phuket,Patong,TH,Asia,buypropertyinphuket@gmail.com;leoyurk@gmail.com,+66 76 342 665;+66 86 881 9023,,88 Rat-U-Thit 200 Pee Road Patong Beach,7.90033,98.3001,,,osm,email,2,new,bad_syntax,validation: bad_syntax
af858faf3ce18c673e08,Snooze Inn Phuket,Hotel,phuket,Paklok,TH,Asia,snoozeinnphuket@gmail.com;Snoozeinnphuket@gmail.com,076390911;0653985898,,,8.05363,98.40894,,,osm,email,2,new,bad_syntax,validation: bad_syntax
1338f223436b7bc70792,"TUSK Restaurant, Patong Phuket",Restaurant,phuket,Patong,TH,Asia,admin@vchospitalitygroup.com,063 725 5451,http://Facebook.com/tusk.phuket,"Soi 180 Rat-U-Thit 200 Pee Road, Pa Tong",7.89426,98.29853,,,osm,email,2,new,no_mx,validation: no_mx
5de308a52dd952babdc5,Tatum Mansion,Hotel,phuket,Patong,TH,Asia,info@tatummansion.com,+6676344332,http://tatummansion.com/,"66/7-8 Soi Kebsup, Taweewong Road Patong Beach",7.88925,98.29446,,,osm,email,2,new,no_mx,validation: no_mx
38cd07f23cb78557c98c,คิงคา ศุภภะมวยไทย,Gym & fitness,phuket,Rawai,TH,Asia,info@supamuaythaiphuket.com,076226495,http://supamuaythaiphuket.com,43/42 ถนนวิเศษ,7.78971,98.32823,,,osm,email,2,new,no_mx,validation: no_mx
31e270b86f8a47f572f2,Cinema Passos Manuel,Cinema,porto,Porto,PT,Europe,info@passosmanuel.net,+351 222 058 351;+351 222 034 121,https://www.passosmanuel.net/,137 Rua de Passos Manuel 4000-385 Porto,41.1469,-8.60569,,,osm,email,2,new,no_mx,validation: no_mx
a3417465a3b4864ee173,Dos Diabos Brewery & Taproom,Bar,porto,Porto,PT,Europe,geral@taproomporto.pt,,,679 Rua de Dom João IV 4000-303 Porto,41.1526,-8.60248,,,osm,email,2,new,no_mx,validation: no_mx
5705b24d40543fd1e489,Escondidinho B&B Porto,Guesthouse,porto,Porto,PT,Europe,info@residencialescondidinho.com.pt,+351 222 004079; +351 222 001959,www.residencialescondidinho.com.pt,135 Rua de Passos Manuel 4000-385 Porto,41.14675,-8.60629,,,osm,email,2,new,no_mx,validation: no_mx
6684cb31d5fe0a09d3be,Grande Hotel de Paris,Hotel,porto,Porto,PT,Europe,info@hotelparis.pt,+351 222 073140,www.hotelparis.pt,27 Rua da Fábrica 4050-247 Porto,41.1471,-8.61272,,,osm,email,2,new,no_mx,validation: no_mx
47810e6590f10e7eec9d,Ikeda,Restaurant,porto,Porto,PT,Europe,reservas@ikeda.pt,+351 915 499 363,https://ikeda.pt/,416 Rua do Campo Alegre 4150-170 Porto,41.15271,-8.63348,,,osm,email,2,new,no_mx,validation: no_mx
168f90ee8ae02bee3e08,JLA,Wine & spirits,porto,,PT,Europe,plasticosrita@hotmail.com;vinhosdemurca@hotmail.com,+351 222 051 893,,923 Rua do Bonjardim,41.15731,-8.60751,,,osm,email,2,new,bad_syntax,validation: bad_syntax
ca72f74a0f326d92894b,Pavilhão da Água,Museum,porto,Porto,PT,Europe,geral@pavilhaodaagua.pt;servico.educativo@pavilhaodaagua.pt,+351 225 190 888;+351 934 440 072,https://pavilhaodaagua.pt,15443 Estrada da Circunvalação 4100-183 Porto,41.17144,-8.67656,,,osm,email,2,new,bad_syntax,validation: bad_syntax
08881020c601d258aec3,Premium Porto Downtown,Hotel,porto,Porto,PT,Europe,booking.downtown@premiumhotels.com,+351 223258071,https://www.premiumportodowntown.com/,427 Avenida de Rodrigues de Freitas 4000-423 Porto,41.14525,-8.60462,,,osm,email,2,new,no_mx,validation: no_mx
36abf83d971878774a66,The Cork House,Restaurant,porto,Porto,PT,Europe,geral@thecorkhouse.pt,+351 222011300,http://thecorkhouse.pt/,36 Rua Trindade Coelho 4050-618 Porto,41.14529,-8.61189,,,osm,email,2,new,no_mx,validation: no_mx
5d50ca05f082b8bd9861,"""Bezlepkově"" U Vojtěcha",Restaurant,prague,,CZ,Europe,mailto:uvojtecha.letna@gmail.com,+420244462153,,292/12 Šmeralova,50.10099,14.42253,,,osm,email,2,new,bad_syntax,validation: bad_syntax
b271c358a5337d507798,BeerMeca,Bar,prague,Praha 10,CZ,Europe,info@beermeca.cz,+420 732 853 810,https://www.beermeca.cz/,283/92 Francouzská 10100 Praha 10,50.07181,14.4481,,,osm,email,2,new,no_mx,validation: no_mx
6705eb7748094260b56e,Bottles WineBar,Bar,prague,,CZ,Europe,info@bottles-winebar.cz,+420 273 134 050,http://www.bottles-winebar.cz,,50.09068,14.43659,,,osm,email,2,new,no_mx,validation: no_mx
2d8cfdac76172bfd0dd4,Café Platýz,Café,prague,Praha 1,CZ,Europe,info@cafeplatytz.cz,+420 224 211 161,http://www.cafebarplatyz.cz/,416/37 Národní 11000 Praha,50.08333,14.42028,,,osm,email,2,new,no_mx,validation: no_mx
040a6a0677b47fc07a58,Club Sabotage,Nightlife,prague,,CZ,Europe,legerova@club-sabotage.cz,,http://www.club-sabotage.cz,,50.07342,14.4307,,,osm,email,2,new,no_mx,validation: no_mx
cc944b6740c19375aa29,Cortéz Restaurant,Restaurant,prague,,CZ,Europe,restaurant@cortez.cz,+420 283 891 452,http://www.cortez.cz/,1/12 Freyova 19000,50.10751,14.50243,,,osm,email,2,new,no_mx,validation: no_mx
a64a1c1bdc4aee4ead16,Domus Apartments,Hotel,prague,Praha,CZ,Europe,info@domusprague.com,+420 702 853 205,https://domusprague.com/,5 U Půjčovny 11000 Praha,50.08414,14.43082,,,osm,email,2,new,no_mx,validation: no_mx
3293514c50db3457c953,Esprit,Shopping,prague,,CZ,Europe,info@esprit-stores.cz,+420 222 710 541,https://www.esprit.de/,,50.07907,14.46133,,,osm,email,2,new,no_mx,validation: no_mx
6ac9fe435258a48b49a9,Eureka,Restaurant,prague,,CZ,Europe,info@restaurace-eureka.cz,+420 272 761 115,https://www.restaurace-eureka.cz/,,50.04566,14.47819,,,osm,email,2,new,no_mx,validation: no_mx
45edc477fe71cc50af9e,Garsia- Tour,Tours & travel,prague,,CZ,Europe,w@garsia-Germány.com,+420773477799,http://www.garsia-germany.com,37 Václavské náměstí,50.0838,14.42462,,,osm,email,2,new,bad_syntax,validation: bad_syntax
d0b53914fedc2df1ed48,Geox,Shopping,prague,,CZ,Europe,geoxflora@x-trading.cz,+420 725 343 885,https://www.geox.cz/,,50.07862,14.46091,,,osm,email,2,new,no_mx,validation: no_mx
20606ce4157b3dbafd10,Hotel Sunrise,Hotel,prague,Praha,CZ,Europe,info@hotelsunrise.cz,+420 222 944114,http://www.hotelsunrise.cz/cs/,19 Ke Karlovu 12000 Praha,50.07504,14.4255,,,osm,email,2,new,no_mx,validation: no_mx
708d229a23da197464ff,Inka Šperky,Shopping,prague,,CZ,Europe,obchod@inkasperky.cz,+420 773 550 776,https://www.inkasperky.cz/,,50.05296,14.34366,,,osm,email,2,new,no_mx,validation: no_mx
efdacd31014b056fbf21,Kamenný most music club,Nightlife,prague,Praha,CZ,Europe,kamennymost@m-club.cz,+420 224 097 100,https://www.kamennymost.cz/,5 Smetanovo nábřeží 11000 Praha,50.08583,14.414,,,osm,email,2,new,no_mx,validation: no_mx
f18f55bf4d8f740f1292,Lékárna Gemini,Pharmacy,prague,Praha,CZ,Europe,gemini@nmlk.cz,+420 273 132 166,http://www.nmlk.cz,1724/129 Na Pankráci 14000 Praha,50.05134,14.44036,,,osm,email,2,new,no_mx,validation: no_mx
7b90e08dd83b03aee2cb,Mala India,Restaurant,prague,,CZ,Europe,malaindiapraha@gmail.com; info@malaindia.cz,+420 607 787 828;+420 222 314 788,https://malaindia.cz/,1436/3 Krakovská 11000,50.07746,14.42753,,,osm,email,2,new,bad_syntax,validation: bad_syntax
c942c61f216179ae8a38,Maurizio,Café,prague,,CZ,Europe,bistro@maurizio.cz,+420 608 438 842,https://www.maurizio.cz/,,50.08449,14.4289,,,osm,email,2,new,no_mx,validation: no_mx
b6bff14d82597cf54450,Mineralia Gemstone Museum,Museum,prague,,CZ,Europe,info@mineralia.cz,+420 606503053,http://www.mineralia.cz,1029/3 Havlíčkova 11000,50.0878,14.43231,,,osm,email,2,new,no_mx,validation: no_mx
8bf00264c9857af13f7c,Nad Muzeem,Café,prague,,CZ,Europe,info@triplecafebar.cz,+734651012,https://www.triplecafebar.cz,,50.07886,14.43298,,,osm,email,2,new,no_mx,validation: no_mx
193c2c29a6cefe546687,Pivní bar Blanická 28,Bar,prague,Praha 2,CZ,Europe,pivnibar@blanicka28.cz,+420 603 378 681,https://www.abc.cz/firma/pivni-bar-blanicka-praha/,1008/28 Blanická 12000 Praha 2,50.07757,14.43959,,,osm,email,2,new,no_mx,validation: no_mx
89be82743e9dedb18b78,Podolka,Restaurant,prague,Praha,CZ,Europe,info@balicekzpodolky.cz,+420 774 115 166,https://www.restauracepodolka.cz/,Podolské nábřeží 14700 Praha,50.05899,14.41837,,,osm,email,2,new,no_mx,validation: no_mx
7c3c2ac4259a9651eebb,Poliklinika Hůrka,Pharmacy,prague,,CZ,Europe,lekarna@poliklinka-hurka.cz,+420 221 781 110,http://hurka-poliklinika.cz,,50.05028,14.34329,,,osm,email,2,new,no_mx,validation: no_mx
d70394be4672be0fe080,Radost Fx,Nightlife,prague,Praha 2,CZ,Europe,vectif@vectif.cz,,https://radostfx.cz/,234/120 Bělehradská 12000 Praha 2,50.0759,14.43236,,,osm,email,2,new,no_mx,validation: no_mx
f6f4b02544374eac3c74,Ritchie’s hostel & hotel,Hotel,prague,Praha,CZ,Europe,info@ritchieshostel.com,+420222221,http://www.ritchieshostel.com,9 Karlova 11000 Praha,50.0861,14.4173,,,osm,email,2,new,no_mx,validation: no_mx
b8c773a58df32fe66a0c,Safir,Street food,prague,Praha,CZ,Europe,info@isafir.cz,+420 774 765 896,http://isafir.cz/,64 Budějovická 14000 Praha,50.04399,14.44855,,,osm,email,2,new,no_mx,validation: no_mx
bf0a2b5795feff958063,Sbohemrozume,Bar,prague,Praha 2,CZ,Europe,bar@sbohemrozume.cz,+420 604 456 666,http://www.sbohemrozume.cz/,153/32 Záhřebská 12000 Praha,50.07223,14.43801,,,osm,email,2,new,no_mx,validation: no_mx
3759a87d0457e223454e,Selori,Beauty & spa,prague,Praha 10,CZ,Europe,info@kadernictviselori.cz,+420731760109,http://www.kadernictviselori.cz,1 Holandská 101 00 Praha 10,50.07021,14.45447,,,osm,email,2,new,no_mx,validation: no_mx
54ee7dd48ee50afb2294,Skechers,Shopping,prague,,CZ,Europe,zuzana.kuzmiakova@vestiofashion.com,+420 606 024 199,https://www.skechers.com/,,50.0791,14.46126,,,osm,email,2,new,no_mx,validation: no_mx
b28602b676b9083e7e0e,TUKAN & LENOCHOD,Café,prague,,CZ,Europe,info@thehouseofbrasil.com,+420 725 961 445,,,50.1061,14.45148,,,osm,email,2,new,no_mx,validation: no_mx
a1f6fb1c47d1d182c847,Wandering Praha B&B,Guesthouse,prague,,CZ,Europe,info@wanderingpraha.cz,+420 774 934 999,http://wanderingpraha.cz/,1357/1 Slezská 12000,50.07607,14.43789,,,osm,email,2,new,no_mx,validation: no_mx
25f73d5b426e3dc7fe25,Alfred's Apartments,Hotel,reykjavik,,IS,Europe,rent@alfreds-apartments.com,+354 694 8118,https://www.alfreds-apartments.com,Vitastígur 101,64.14394,-21.92187,,,osm,email,2,new,no_mx,validation: no_mx
92b9d5cc574d01bd3b06,Alfred's Studios,Hotel,reykjavik,,IS,Europe,studio@alfreds-apartments.com,+354 771 9985,https://www.alfreds-apartments.com,6A Frakkastígur 101,64.14592,-21.92417,,,osm,email,2,new,no_mx,validation: no_mx
b34aee9818961ba42673,Mixed,Restaurant,reykjavik,,IS,Europe,mixed@mixed.is;nanathai125@gmail.com,588-1810;588-1818,https://www.mixed.is,,64.14319,-21.91228,,,osm,email,2,new,bad_syntax,validation: bad_syntax
c044a75004b2ee0c109c,Mulí Hotel,Hotel,reykjavik,Reykjavík,IS,Europe,mailto:hotelmuli@hotelmuli.is,+3545225252,https://www.hotelmuli.is,1 Hallarmúli 108 Reykjavík,64.13919,-21.88584,,,osm,email,2,new,bad_syntax,validation: bad_syntax
747f212d577f0a4f58a9,Radar Reykjavik,Nightlife,reykjavik,,IS,Europe,info@radarclub.is,,,,64.14865,-21.94021,,,osm,email,2,new,no_mx,validation: no_mx
d29e30b05afa72c83c14,Reykjavík Hostel Village,Hostel,reykjavik,Reykjavík,IS,Europe,info@hotelfloki.is,+354 552 1155,https://hostelvillage.is/,1 Flókagata 105 Reykjavík,64.1398,-21.91947,,,osm,email,2,new,no_mx,validation: no_mx
6c23d3afdd252e3c0e4a,Reykjavík Roasters,Café,reykjavik,Reykjavík,IS,Europe,mail@reykjavikroaster.is,+354 517 5535,https://reykjavikroasters.is/,1 Kárastígur 101 Reykjavík,64.14356,-21.92662,,,osm,email,2,new,no_mx,validation: no_mx
4e141adb1c4d8b7437ea,Reykjavík Roasters,Café,reykjavik,Reykjavík,IS,Europe,mail@reykjavikroaster.is,+354 552 3200,https://reykjavikroasters.is/,2 Brautarholt 105 Reykjavík,64.14166,-21.91146,,,osm,email,2,new,no_mx,validation: no_mx
76cb94d11bbf8e3b89da,Sægreifinn,Restaurant,reykjavik,Reykjavík,IS,Europe,seabaron8@gmal.com,+354 553 1500,http://www.saegreifinn.is,8 Geirsgata 101 Reykjavík,64.15081,-21.94402,,,osm,email,2,new,no_mx,validation: no_mx
e11c3574de09645afc5b,Thor Guesthouse,Hotel,reykjavik,,IS,Europe,localapartments@localapartments.is,+354 847 5150,http://www.tgh.is,16 Skólavörðustígur 101,64.14491,-21.93133,,,osm,email,2,new,no_mx,validation: no_mx
aefbdda9ee11706c6e89,mosi Guesthouse,Guesthouse,reykjavik,,IS,Europe,mosi@mosiguesthouse.com,+354 899 2907,http://www.mosiguesthouse.com/,9 108,64.12737,-21.86976,,,osm,email,2,new,no_mx,validation: no_mx
37a362880505b9830ec3,A casa mia,Restaurant,rome,Roma,IT,Europe,info@acasamiaristoranteroma.com,+39065818340,http://www.acasamiaristoranteroma.com,5/7 Via Roma Libera 00153 Roma,41.88636,12.46923,,,osm,email,2,new,no_mx,validation: no_mx
039b3d5761d196727dd1,Alla bracioleria,Restaurant,rome,Roma,IT,Europe,info@allabracioleria.it,+39 06 491778,https://www.allabracioleria.it/,38/a Via Volturno 00185 Roma,41.90421,12.50017,,,osm,email,2,new,no_mx,validation: no_mx
8ebd4651dcd5ce00821d,Asmara,Restaurant,rome,Roma,IT,Europe,info@ristoranteasmara.com,,http://www.ristoranteasmara.com/,36 Via Cernaia 00185 Roma,41.90712,12.501,,,osm,email,2,new,no_mx,validation: no_mx
d9862d06a42a63a3f31e,Beau Site,Hotel,rome,Roma,IT,Europe,info@beausiterome.com,+39 06 42012660,http://www.beausiterome.com/,45 Via Ludovisi 00187 Roma,41.90701,12.48804,,,osm,email,2,new,no_mx,validation: no_mx
e6d07944a8767b3c65c8,Beauty Space City,Beauty & spa,rome,Roma,IT,Europe,info@beautyspaceclara.it,+39 06 7100166,http://www.beautyspaceclara.it/,123 Via Marco Valerio Corvo Roma,41.85641,12.5605,,,osm,email,2,new,no_mx,validation: no_mx
73560c664a883f196cd3,Cavour Forum Suites,Guesthouse,rome,Roma,IT,Europe,info@cavourforumsuites.com,+39 06 4820361,https://www.cavourforumsuites.com/,211 Via Cavour 00184 Roma,41.89471,12.493,,,osm,email,2,new,no_mx,validation: no_mx
44b1a215106fce21f644,Clemente Alla Maddalena,Restaurant,rome,Roma,IT,Europe,info@lamaddalenaroma.com,+39 06 87672469,http://www.lamaddalenaroma.com,10 Piazza della Maddalena 00186 Roma,41.90018,12.47637,,,osm,email,2,new,no_mx,validation: no_mx
0280141b95afb38895f4,Cozy Apt,Guesthouse,rome,Roma,IT,Europe,ludovico@toromewithhome.it,+39 393271998937,http://www.toromewithhomw.it,8 Via del Gonfalone 00186 Roma,41.89754,12.46618,,,osm,email,2,new,no_mx,validation: no_mx
b085b352c8f48b1bfd4b,Francy's Sun & Beauty,Beauty & spa,rome,Roma,IT,Europe,info@esteticafrancy.com,+39 06 76966038,http://www.esteticafrancy.com/,107 Viale dei Consoli 00175 Roma,41.86358,12.55321,,,osm,email,2,new,no_mx,validation: no_mx
f1e5d0e25c5d46a2630a,Gravina Rooms San Pietro,Hotel,rome,Roma,IT,Europe,info@gravinaroomssanpietro.it,+39 06 3215771,https://www.gravinaroomssanpietro.it,162 C Via Germanico 00192 Roma,41.90852,12.46049,,,osm,email,2,new,no_mx,validation: no_mx
f141e85676b529a1883d,Hotel Giulio Cesare,Hotel,rome,,IT,Europe,info@hotelguliocesare.com,+39 06 3210751,http://www.hotelgiuliocesare.com,287 Via degli Scipioni,41.91148,12.46934,,,osm,email,2,new,no_mx,validation: no_mx
1e6bfbd64ac208b114f4,Il mio gioiello,Shopping,rome,Roma,IT,Europe,info@il-mio-gioiello.it,+39 391 1157984,https://www.il-mio-gioiello.it/,26/b Via Venti Settembre 00187 Roma,41.90567,12.49591,,,osm,email,2,new,no_mx,validation: no_mx
4415c013d9359bb5cf2f,Ilios,Street food,rome,,IT,Europe,eat@ilios-pita.it,+39 06 87778227,https://www.iliospita.it/,118 Via Gabriello Chiabrera 00145,41.85362,12.47893,,,osm,email,2,new,no_mx,validation: no_mx
e75489102d15e8bed3bd,Laterano Guest house,Guesthouse,rome,Roma,IT,Europe,info@lateranoguesthouse.com,,http://www.lateranoguesthouse.com/it,20 Via dell'Amba Aradam 00184 Roma,41.88414,12.50054,,,osm,email,2,new,no_mx,validation: no_mx
09bc4b3f2adb84771a17,MacRHome,Guesthouse,rome,,IT,Europe,info@macrhome.it,+39 0687463252,http://www.macrhome.it/,1A Via Frosinone,41.91354,12.50248,,,osm,email,2,new,no_mx,validation: no_mx
bb7f1830a3af61ecb6e9,Massaggi tantra Roma,Massage & spa,rome,Roma,IT,Europe,riccardo@massaggitantraroma.net,+39 331 7488139,,14a Via dei Fontej 00175 Roma,41.86106,12.55351,,,osm,email,2,new,no_mx,validation: no_mx
5ac297dbedba1ae8cc1f,Mok,Restaurant,rome,Roma,IT,Europe,mail@mokcoffeebar.com,+39 06 84241134,,77 Piazza Fiume 00198 Roma,41.9107,12.49859,,,osm,email,2,new,no_mx,validation: no_mx
4bdf0f387dadcb93a093,Mueso delle Forze Alleate Roma,Museum,rome,Roma,IT,Europe,info@ww2museumrome.eu,+39 06 85 35 8888,https://www.ww2museumrome.eu/,6 Via Tolmino 00198 Roma,41.91948,12.5143,,,osm,email,2,new,no_mx,validation: no_mx
bab82030b0f949b32c93,Museo Nazionale di Castel Sant’Angelo,Museum,rome,Roma,IT,Europe,dms-rm@cultura.gov.it.it,+39 06 6819111,https://direzionemuseiroma.cultura.gov.it/museo-nazionale-di-castel-santangelo/,50 Lungotevere Castello 00193 Roma,41.90308,12.46618,,,osm,email,2,new,no_mx,validation: no_mx
ea0efc2fcd919891e56f,Officine San Giovanni,Bar,rome,Roma,IT,Europe,info@officinesangiovannibistrot.it,+39 06 4543 3405,https://www.officinesangiovannibistrot.it,25 Largo Brindisi 00182 Roma,41.8852,12.51116,,,osm,email,2,new,no_mx,validation: no_mx
8ae01fc09b89c4837fcb,Osteria V8 A'tipica,Restaurant,rome,Roma,IT,Europe,info@osteriav8.it,+39 06 71072393,http://www.osteriav8.it/index.html,135 Via Marco Valerio Corvo 00174 Roma,41.85628,12.56073,,,osm,email,2,new,no_mx,validation: no_mx
7b7b7ace414c4cceaa36,Osteria all'alberone,Restaurant,rome,,IT,Europe,info@osteriaallalberone.it,+390678348586; +393387658750,www.osteriaallalberone.it,5 Via Francesco Valesio 00179,41.87572,12.52,,,osm,email,2,new,no_mx,validation: no_mx
d93e04c09f3856e9e97c,Pigneto Quarantuno,Restaurant,rome,Roma,IT,Europe,info@pignetoquarantuno.it,+39 06 70399483,http://www.pignetoquarantuno.it/,41 Via del Pigneto 00176 Roma,41.88932,12.52495,,,osm,email,2,new,no_mx,validation: no_mx
234b3f48de57462550ac,Piumith,Guesthouse,rome,,IT,Europe,info@piumithbnb.com,+39 328 3030895,http://www.piumithbnb.com,85a Via Principe Amedeo 00185,41.89814,12.50123,,,osm,email,2,new,no_mx,validation: no_mx
14f3a23e6582e0b32658,Relais 6,Hotel,rome,Roma,IT,Europe,info@relais6.com,+39 06 85358888,https://www.relais6.com/,6 Via Tolmino 00198 Roma,41.91945,12.51429,,,osm,email,2,new,no_mx,validation: no_mx
87b66fe3e3d870623074,Residenza Canali ai Coronari,Hotel,rome,Roma,IT,Europe,info@residenzacanali.com,+39 06 68309541,http://www.residenzacanali.com,13 Via dei Tre Archi 00186 Roma,41.90057,12.47188,,,osm,email,2,new,no_mx,validation: no_mx
d9f6da9bdf452232b9b5,Rosmini B&B,Guesthouse,rome,Roma,IT,Europe,info@bbrosmini.it,+39 06 4745706,http://www.bbrosmini.it/,12 Via Antonio Rosmini 00184 Roma,41.89963,12.49754,,,osm,email,2,new,no_mx,validation: no_mx
4e22f348658dd7a2a84e,Shakespeare & Co.,Café,rome,Roma,IT,Europe,info@shakespeareandcompany.it,+39 333 3600506,http://shakespeareandcompany.it,72 Via dei Savorgnan 00176 Roma,41.87859,12.53737,,,osm,email,2,new,no_mx,validation: no_mx
a92763fd4c5f9f8c4389,The Meat Market Grill,Restaurant,rome,Roma,IT,Europe,info@themeatmarket.it,+39 345 779 2010,http://themeatmarket.it,318;320;322 Corso Vittorio Emanuele II 00186 Roma,41.89997,12.46552,,,osm,email,2,new,no_mx,validation: no_mx
69f6d29bc64970040784,Tonnarello,Restaurant,rome,,IT,Europe,info@cajoegajo.it,+39 065818256,https://cajoegajo.it,9 Piazza di San Calisto,41.8888,12.4708,,,osm,email,2,new,no_mx,validation: no_mx
6229b66a3d6dfc64998b,WRH Termini,Guesthouse,rome,Roma,IT,Europe,info@wrh-termini.com,+39 06 99330374,http://www.wrh-termini.com,23 Via Milazzo 00185 Roma,41.9024,12.50517,,,osm,email,2,new,no_mx,validation: no_mx
68be5ffa73be31fb42a8,Wani,Café,rome,,IT,Europe,info@wani.bio,+390694356110,https://www.wani.bio/,162/b Via Gabriello Chiabrera 00145,41.8521,12.47856,,,osm,email,2,new,no_mx,validation: no_mx
ba3bf8668436fd8f0abb,drunk,Bar,rome,Roma,IT,Europe,info@drunkroma.it,+39 329 0776005,http://www.drunkroma.it/,12f Via dei Fontej Roma,41.86114,12.55351,,,osm,email,2,new,no_mx,validation: no_mx
060e567d3032cd79d731,il Sori,Restaurant,rome,Roma,IT,Europe,info@ilsiri.it,+39 3934318681,http://il Siri.it,51 Via dei Volsci 00185 Roma,41.89696,12.51316,,,osm,email,2,new,no_mx,validation: no_mx
de2d9e65e9a814cb2b9b,rgb46 - relax gallery books,Café,rome,Roma,IT,Europe,info@rgb46.it,+39 06 45421608,http://www.rgb46.it/,46 Piazza di Santa Maria Liberatrice 00153 Roma,41.88057,12.4749,,,osm,email,2,new,no_mx,validation: no_mx
b1dfa167b9bb1c9580b4,vineria gallia,Wine & spirits,rome,Roma,IT,Europe,info@vineriagallia.it,+39 06 45472653,http://www.vineriagallia.it/,204 Via Gallia 00183 Roma,41.88035,12.50711,,,osm,email,2,new,no_mx,validation: no_mx
df6ee8bf2e027db7c5ce,Green Motor,Vehicle rental,seville,Sevilla,ES,Europe,info@greenmotor.net,+34 954 68 03 50,,7 Calle del Motor 41007 Sevilla,37.38698,-5.94167,,,osm,email,2,new,no_mx,validation: no_mx
4571df20427bc3f51aa7,Ántica Roma,Bar,seville,Sevilla,ES,Europe,mailto:info@antica-roma.com,+34 627567243,https://anticaromatrattoria.eatbu.com,4 Calle Manuel Pareja Obregón 41010 Sevilla,37.38558,-6.00932,,,osm,email,2,new,bad_syntax,validation: bad_syntax
1a51912dc9078a75c2e4,Ari's Corner,Café,stockholm,,SE,Europe,info@ariscorner.se,,https://ariscorner.se,,59.31025,18.09817,,,osm,email,2,new,no_mx,validation: no_mx
a350e4a76af71f08d8ff,Butik Trikolor,Shopping,stockholm,,SE,Europe,info@butiktrikolor.se,+468231123,,,59.3235,18.06828,,,osm,email,2,new,no_mx,validation: no_mx
5c31edd59d3f9944bda0,Chai yo,Restaurant,stockholm,,SE,Europe,info@chaiyo.se,+46 8 623 18 20,http://www.chaiyo.se/,,59.36871,18.01651,,,osm,email,2,new,no_mx,validation: no_mx
073a672262c847e06463,Cinnamon Kitchen,Restaurant,stockholm,Stockholm,SE,Europe,info@cinnamonkitchen.se,+46851781400,https://www.cinnamonkitchen.se/,9 Skeppsmäklargatan 120 69 Stockholm,59.30469,18.11322,,,osm,email,2,new,no_mx,validation: no_mx
94688bde65471c873856,Creative Headz,Beauty & spa,stockholm,,SE,Europe,info@creativeheadz.se​,+46103302025,https://creativeheadz.se,,59.31252,18.08223,,,osm,email,2,new,bad_syntax,validation: bad_syntax
cf74c5b68e4f34d00f93,Creative Headz,Beauty & spa,stockholm,,SE,Europe,info@creativeheadz.se​,+46103302025,https://creativeheadz.se,,59.33012,18.044,,,osm,email,2,new,bad_syntax,validation: bad_syntax
79a3b9d07a01f9f6253d,Dersch,Restaurant,stockholm,,SE,Europe,info@dersch.se‍,+468888935,https://www.dersch.se/,,59.34562,18.05922,,,osm,email,2,new,bad_syntax,validation: bad_syntax
c66d6c54317e01716472,E & G,Restaurant,stockholm,,SE,Europe,info@eochg.se,+46840801885,https://eochg.se,,59.34791,18.06079,,,osm,email,2,new,no_mx,validation: no_mx
593fd5d6918f051a4aff,Enoteca Cucina Italiana,Restaurant,stockholm,,SE,Europe,info@italiana.nu,+468209580,https://www.italiana.nu,,59.32954,18.06063,,,osm,email,2,new,no_mx,validation: no_mx
86bb7acb7e35a5a546e4,Enoteca e Cucina Italiana,Restaurant,stockholm,,SE,Europe,birgerjarlsgatan@italiana.nu,+46854588900,https://birgerjarlsgatan.italiana.nu,,59.34713,18.06088,,,osm,email,2,new,no_mx,validation: no_mx
1ff44cc957dcd735397e,Fern & Fika,Café,stockholm,,SE,Europe,hello@fernandfika.com,+46812057305,https://www.fernandfika.com/,,59.31709,18.03326,,,osm,email,2,new,no_mx,validation: no_mx
d3a9e3966d937c3b34de,Hugo,Shopping,stockholm,,SE,Europe,support@hu3go-sthlm.com,+4686524990,https://www.hugo-sthlm.com/,,59.33375,18.03178,,,osm,email,2,new,no_mx,validation: no_mx
9dfb744989acf799bd15,Humana,Shopping,stockholm,,SE,Europe,city@​humanasecondhand.se,+4686404320,https://www.humanasecondhand.se,,59.33408,18.06019,,,osm,email,2,new,bad_syntax,validation: bad_syntax
4cbed24cc88fc7ca0516,Hårmakeriet,Beauty & spa,stockholm,,SE,Europe,info@harmakeriet.se,+46 8 644 690 0,https://www.harmakeriet.se/,65 Folkungagatan,59.31486,18.07758,,,osm,email,2,new,no_mx,validation: no_mx
35c7956a6973e928ca94,Mr. Churros,Street food,stockholm,,SE,Europe,info@mrchurros.se,+46704100561,https://mrchurros.se,,59.32387,18.07112,,,osm,email,2,new,no_mx,validation: no_mx
d85cea48f9008e8a6080,Naviero,Restaurant,stockholm,,SE,Europe,kontakt@navierohornsbergsstrand.se,,https://navierohornsbergsstrand.se/hem,,59.34036,18.00752,,,osm,email,2,new,no_mx,validation: no_mx
ec7c547587d17a65b35b,Sicklagården,Restaurant,stockholm,Nacka,SE,Europe,admin@sicklagarden.com,+46 8 500 100,https://www.sicklagarden.com/,5 Fannys väg Nacka,59.30487,18.11457,,,osm,email,2,new,no_mx,validation: no_mx
828e2bd6c152f4e251b8,Svea Pizzeria,Street food,stockholm,Solna,SE,Europe,info@pizzeriasvea.se,+46 8 277080,https://www.sveapizzeria.se/,16 Anderstorpsvägen 171 54 Solna,59.35027,17.983,,,osm,email,2,new,no_mx,validation: no_mx
9a50e13b7b08b10ff7a2,Tang,Restaurant,stockholm,,SE,Europe,info@tangrestaurang.se,+468228300,http://www.restaurangtang.se,,59.33205,18.06272,,,osm,email,2,new,no_mx,validation: no_mx
a0501bc578ab08d30c3a,Tellus Pizza,Street food,stockholm,,SE,Europe,info@telluspizza.se,+46 8 645 58 20,https://www.telluspizza.com/,,59.30201,18.0082,,,osm,email,2,new,no_mx,validation: no_mx
e764ce1585ede954b6b1,Vasalundshallen,Gym & fitness,stockholm,,SE,Europe,vasalundshallen@befair.se,+46 10 177 10 00,https://sites.google.com/befair.se/fair/startsida,1-3 Badhusplanen 16955,59.36759,17.99818,,,osm,email,2,new,no_mx,validation: no_mx
2eb549e1a995c4d85b2e,"Waisam Asian
Bistro & Bar",Restaurant,stockholm,,SE,Europe,info@waisambistrobar.se,+46735262866,https://waisamasianbistrobar.se,,59.31559,18.03186,,,osm,email,2,new,no_mx,validation: no_mx
5b0b8570496997ea3cac,Al Vaporetto,Restaurant,venice,,IT,Europe,info@ristorantealvaporetto.it,+390414764779,https://www.ristorantealvaporetto.it,,45.43488,12.33302,,,osm,email,2,new,no_mx,validation: no_mx
420494ad3f65d0368a61,Al Vaporetto,Restaurant,venice,,IT,Europe,info@ristorantealvaporetto.it,+39 041 4764779,https://www.ristorantealvaporetto.it,3726 Rio Terà de la Mandola,45.43469,12.33252,,,osm,email,2,new,no_mx,validation: no_mx
15022b6d3adacf86163e,Casa Gottardi,Guesthouse,venice,Venezia,IT,Europe,info@casagottardi.it,+39 041 5281821,http://www.casagottardi.it/eng/int2_ing.htm,688 30125 Venezia,45.43797,12.33404,,,osm,email,2,new,no_mx,validation: no_mx
18885bc36c4ac228cc3f,Hotel Belle Epoque,Hotel,venice,Venezia,IT,Europe,info@hotelbelleepoque.it,+39 041 2440004,https://www.belleepoquehotelvenice.com/,128 30121 Venezia,45.44189,12.323,,,osm,email,2,new,no_mx,validation: no_mx
da7177188de18493a90b,Hotel Dolomiti,Hotel,venice,,IT,Europe,info@hoteldolomiti-ve.it,+39 041 715113,http://www.hoteldolomiti-ve.it/,74 30121,45.44216,12.32151,,,osm,email,2,new,no_mx,validation: no_mx
7956e8bee7ac2433ef27,Hotel de L'Alboro,Hotel,venice,,IT,Europe,info@alborohotel.it,+39 041 5229454,http://www.alborohotel.it,,45.43501,12.33099,,,osm,email,2,new,no_mx,validation: no_mx
0da670d33973deab8131,Officina Ormesini,Restaurant,venice,Venezia,IT,Europe,food&wine@oficinaormesini.com,+39 041 2750102,https://www.oficinaormesini.com,2689 30121 Venezia,45.44541,12.32904,,,osm,email,2,new,bad_syntax,validation: bad_syntax
03abc79419cd481b42b7,Osteria il cicchetto,Restaurant,venice,,IT,Europe,info@osteriailcicchetto.com,+39 041 5246326,http://www.osteriailcicchetto.com,3956 30123,45.43603,12.32547,,,osm,email,2,new,no_mx,validation: no_mx
f1fe2ca6524e2adf0753,Ristorante Kome,Restaurant,venice,,IT,Europe,info@komesushi.it,+39 041 716232,https://www.komesushi.it/,101 30121,45.44214,12.32166,,,osm,email,2,new,no_mx,validation: no_mx
d0f8de0bd43e52570029,A Danceclub,Nightlife,vienna,Wien,AT,Europe,office@a-danceclub.at,+43 1 2530800,https://www.a-danceclub.at/,94-96 Handelskai 1200 Wien,48.2406,16.38506,,,osm,email,2,new,no_mx,validation: no_mx
933bc6b1d307af6ed06f,"Allerhand, was Handwerk kann!",Souvenirs & gifts,vienna,Wien,AT,Europe,servus@allerhand.wien,+43 678 129 99 34,https://www.allerhand.wien,16/2 Nisselgasse 1140 Wien,48.18959,16.30469,,,osm,email,2,new,no_mx,validation: no_mx
c941a757cfaca6c42e2c,Beta Design,Hotel,vienna,,AT,Europe,reservierung@beta-hotel.com,+43 1 6061393,,,48.17321,16.36436,,,osm,email,2,new,no_mx,validation: no_mx
d062b2b20c3f8533b352,Buxbaum Boutique Hotel,Hotel,vienna,Wien,AT,Europe,hotel@bbhotel.at,+43 1 9611960,https://www.buxbaumboutiquehotel.at/,6 Köllnerhofgasse 1010 Wien,48.21058,16.37605,,,osm,email,2,new,no_mx,validation: no_mx
cdd197b032c44328abc4,CAY (Cafe am Yppenplatz),Café,vienna,Wien,AT,Europe,cafe@cay-yppenplatz.at,+43 660 25 366 25,https://www.cay-yppenplatz.at/,12 Payergasse 1160 Wien,48.21403,16.33625,,,osm,email,2,new,no_mx,validation: no_mx
e52f5e2e85170765fa0e,Cooper's No.1,Bar,vienna,Wien,AT,Europe,no1@cooperspub.at,+43 1 9668180,https://coopersno1.at/wp/,68 Rennweg 1030 Wien,48.19211,16.3942,,,osm,email,2,new,no_mx,validation: no_mx
e3a10f4a128e517079e9,Das Alt - Irish Pub Hietzing,Bar,vienna,Wien,AT,Europe,info@irishpub-hietzing.at,+43 676 5403950,https://www.irishpub-hietzing.at/,18 Altgasse 1130 Wien,48.18552,16.29887,,,osm,email,2,new,no_mx,validation: no_mx
b7000d9751080e333d42,Erbsenzählerei,Restaurant,vienna,Wien,AT,Europe,office@die-erbsenzählerei.at,+43 1 5813103,https://www.die-erbsenzählerei.at/,2 Pilgramgasse 1050 Wien,48.19169,16.35791,,,osm,email,2,new,bad_syntax,validation: bad_syntax
1bc926f7e9a248c53543,FT-Club Functional Training,Gym & fitness,vienna,,AT,Europe,info@ft-club-wien9.at,+43 660 1284822,https://www.ft-club-wien9.at,7 Garnisongasse,48.21595,16.35659,,,osm,email,2,new,no_mx,validation: no_mx
7af1e45d0bd34d3fd330,Fräuleins fabelhafter Sommergarten,Bar,vienna,,AT,Europe,FABELHAFT@FRÄULEINS.AT,+43 699 1041 3092,https://fräuleins.at/,,48.21158,16.382,,,osm,email,2,new,bad_syntax,validation: bad_syntax
e9b688e00d54cda0b4ca,Goldschmiede Michael Kub,Shopping,vienna,Wien,AT,Europe,werkstatt@goldschmiede-kub.at,+43 660 45 200 13,https://www.goldschmiede-kub.at,164 Hernalser Hauptstraße 1170 Wien,48.22294,16.31788,,,osm,email,2,new,no_mx,validation: no_mx
536327a9df7863f954e8,Hamama,Restaurant,vienna,Wien,AT,Europe,office@restaurant-hamama.at,+43 1 513 46 15,http://restaurant-hamama.at,20 Singerstraße 1010 Wien,48.20689,16.37434,,,osm,email,2,new,no_mx,validation: no_mx
d00181e7b10b7c6e836f,Il Nobile,Restaurant,vienna,Wien,AT,Europe,office@ilnobile.at,+43 664 99486309,https://www.ilnobile.at/,49 Billrothstraße 1190 Wien,48.23854,16.3491,,,osm,email,2,new,no_mx,validation: no_mx
b1022a121df03b562638,Itzi Bieni,Shopping,vienna,Wien,AT,Europe,willkommen@itzibieni.at,,https://www.itzibieni.at/,2 Maxingstraße 1130 Wien,48.18532,16.3008,,,osm,email,2,new,no_mx,validation: no_mx
fac6f5cfb10deb1bfca6,Kinka Ramen Bar,Restaurant,vienna,,AT,Europe,vienna@kinkaramenbar.com,+43 676 5040666,https://www.kinkaramenbar.at/,62 Stumpergasse,48.19585,16.34252,,,osm,email,2,new,no_mx,validation: no_mx
7f493cc0887800b05c2c,Kome,Restaurant,vienna,Wien,AT,Europe,office@cafegrav.at,,https://de-de.facebook.com/Ciaoamiciwien/,2 Friedrichstraße 1010 Wien,48.20129,16.36839,,,osm,email,2,new,no_mx,validation: no_mx
0ded0b57ddc2a398ddd9,Kutsch,Restaurant,vienna,Wien,AT,Europe,office@kutsch.at;reservierung@kutsch.at,+43 676 3668849,https://www.kutsch.at,19 Schopenhauerstraße 1180 Wien,48.22382,16.34395,,,osm,email,2,new,bad_syntax,validation: bad_syntax
a0272744ba8d402c44a8,Larenta,Restaurant,vienna,Wien,AT,Europe,office@larenta.at,+43 1 9132952,http://www.larenta.at,11 Guglgasse 1110 Wien,48.18592,16.42149,,,osm,email,2,new,no_mx,validation: no_mx
eb474199bb5daf837f78,Mei Wei,Restaurant,vienna,Wien,AT,Europe,​meiweivienna@gmail.com,+43 1 5057603,https://meiweivienna.com/,1 Karlsplatz 1010 Wien,48.20117,16.36935,,,osm,email,2,new,bad_syntax,validation: bad_syntax
13c400f6af43c67fc2fe,Müller Bräu,Restaurant,vienna,Wien,AT,Europe,reservation@mullerbrau.at,+43 1 9181717,https://www.facebook.com/mullerbrau.at/,91 Triester Straße 1100 Wien,48.16596,16.34818,,,osm,email,2,new,no_mx,validation: no_mx
0b04daa52bc23ba10c58,No. 99,Nightlife,vienna,Wien,AT,Europe,office@no99.at,+43 699 10457783,https://no99.at/,8 Krugerstraße 1010 Wien,48.20374,16.37136,,,osm,email,2,new,no_mx,validation: no_mx
b8ad185bb11f0437795a,Palmwedel Wien,Restaurant,vienna,Wien,AT,Europe,office@palmwedelvienna.at,+43 1 2016285,https://www.palmwedelvienna.at,9 Schmelzgasse 1020 Wien,48.21607,16.38272,,,osm,email,2,new,no_mx,validation: no_mx
7c817de1271f8ca3de44,Quicky's Burger,Street food,vienna,,AT,Europe,mail@quickys.at,+43 1 4025887,http://www.quickys.at,,48.22061,16.35227,,,osm,email,2,new,no_mx,validation: no_mx
67d14d4bb38616f7800b,Respawn,Bar,vienna,Wien,AT,Europe,contact@respawn.at,+43 660 8295697,https://respawn.at/,185 1190 Wien,48.23221,16.35419,,,osm,email,2,new,no_mx,validation: no_mx
edac177cc5af3a4f7dcb,Restaurant Feine Küche,Restaurant,vienna,Wien,AT,Europe,office@restaurantfeineküche.at,,https://www.restaurantfeineküche.at/,236 Linke Wienzeile 1150 Wien,48.18445,16.33265,,,osm,email,2,new,bad_syntax,validation: bad_syntax
4a1b19bea1455494707a,Royal Restaurant | Persian Cuisine,Restaurant,vienna,Wien,AT,Europe,info@tehroon.at,+431 4024833,https://royal-familien.at,82 Klosterneuburger Straße 1200 Wien,48.23474,16.36587,,,osm,email,2,new,no_mx,validation: no_mx
da3f62c1c1175db6317e,Schwirtz,Bar,vienna,,AT,Europe,wirtin@schwirtz.at,,https://www.visavisvolksoper.at/,,48.2241,16.35067,,,osm,email,2,new,no_mx,validation: no_mx
a5ffc83a18d932c75fdc,Sentepe,Street food,vienna,Wien,AT,Europe,info@tepewien.at,+43 660 7429028,https://www.sentepe.at/,29 Berggasse 1090 Wien,48.21916,16.36512,,,osm,email,2,new,no_mx,validation: no_mx
76fe6ce4041d22bd8421,Stadtnest Bed & Breakfast,Hotel,vienna,Wien,AT,Europe,office@stadtnest.ast,,,29 Stumpergasse 1060 Wien,48.19344,16.34478,,,osm,email,2,new,no_mx,validation: no_mx
503656cf2d022fc2c5af,Ullmann's Zuckerbäckerei,Café,vienna,Wien,AT,Europe,ullmann@zuckerbäckerei.at,+43 1 7280158,https://www.ullmanns.at,11a Walcherstraße 1020 Wien,48.22448,16.39858,,,osm,email,2,new,bad_syntax,validation: bad_syntax
d3c12a724345b7fed35a,Zahraa,Shopping,vienna,,AT,Europe,shop@zahraa.at,+43 660 862 70 74,http://www.zahraa.at/,,48.1828,16.32635,,,osm,email,2,new,no_mx,validation: no_mx
b08786f131d39eb73b3d,flash Mädchencafé,Café,vienna,Wien,AT,Europe,flash@jugendzentren.ch,+43 676 897060868,https://jugendzentren.at/flash,34/3 Zieglergasse 1070 Wien,48.20105,16.34518,,,osm,email,2,new,no_mx,validation: no_mx
a1ac5f918d2f6021ea22,headLounge,Beauty & spa,vienna,Wien,AT,Europe,email@headlounge.at,+43 1 9437319,http://www.headlounge.at/,55 Ungargasse 1030 Wien,48.19817,16.38744,,,osm,email,2,new,no_mx,validation: no_mx
3561565c84c08248122b,polt bayrish pub,Bar,vienna,Wien,AT,Europe,info@polt.wien,+43 699 17187154,https://polt.wien,66 Schönbrunner Straße 1050 Wien,48.19001,16.35282,,,osm,email,2,new,no_mx,validation: no_mx
4aad78cd6a4276a70de8,Binz 38,Restaurant,zurich,Zürich,CH,Europe,binz@binz-38.ch,+41 44 455 77 66,https://www.binz-38.ch/,38 Binzstrasse 8045 Zürich,47.36225,8.51237,,,osm,email,2,new,no_mx,validation: no_mx
51a79f91c45595d10f25,Felix,Café,zurich,Zürich,CH,Europe,info@felixambellevue.ch,+41 44 251 80 60,https://cafefelix.ch/,5 Bellevueplatz 8001 Zürich,47.36745,8.54458,,,osm,email,2,new,no_mx,validation: no_mx
6ae1a9f879f444b69388,Happy Chef,Street food,zurich,Zürich,CH,Europe,info@happy-chef.ch,+41 44 201 26 86,https://www.happy-chef.ch/,44 Bleicherweg 8002 Zürich,47.36794,8.53507,,,osm,email,2,new,no_mx,validation: no_mx
6724e949820c14e94ba8,Kantorei,Restaurant,zurich,,CH,Europe,info@restauarantkantorei.ch,+41 44 252 27 27,https://restaurantkantorei.ch,2 Neumarkt,47.37243,8.54553,,,osm,email,2,new,no_mx,validation: no_mx
0b4b458e9f5b0227779c,Lechbinska Gallery,Gallery,zurich,Zürich,CH,Europe,info@lechbinska.gallery,+41 43 243 71 06,https://lechbinska.art/,12 Mühlebachstrasse 8008 Zürich,47.36542,8.54955,,,osm,email,2,new,no_mx,validation: no_mx
df834e926c49b0203b04,Paloma-Paoletto Training,Gym & fitness,zurich,,CH,Europe,info@palomapaoletto.ch,+41 79 952 25 09,http://www.palomapaoletto.ch/,,47.40375,8.60369,,,osm,email,2,new,no_mx,validation: no_mx
5b401f9416f84147a20a,Puzzles,Restaurant,zurich,Zürich,CH,Europe,info@puzzles-zuerich.com,+41 44 221 44 44,https://www.puzzles-zuerich.ch,10 Affolternstrasse 8050 Zürich,47.4125,8.54457,,,osm,email,2,new,no_mx,validation: no_mx
beb5a9e8fbef9d333744,Zur Rose,Pharmacy,zurich,Zürich,CH,Europe,Zürich.limmatplatz@zurrose.ch,+41588101104,https://www.zurrose.ch/,152 Limmatstrasse 8005 Zürich,47.38556,8.53137,,,osm,email,2,new,bad_syntax,validation: bad_syntax
