id,name,category,dest,area,country,region,email,phone,website,address,lat,lng,hygiene,rating,source,channel,priority,status,email_status,segment_reason
eb7d957ef6d6b3bca788,All Saints Church,Anglican Church,bath,Bath,GB,UK,office@allsaintsweston.org.uk,+441225447663,http://www.allsaintsonline.org.uk,"Church Rd, Bath, BA1 4BT",51.39549,-2.38829,5,,overture,email,1,new,ok,"category ""Anglican Church"" is not a travel-concierge listing — a recipient who was never the audience is the likeliest to report spam"
8d4d8871a429b3cd2e4a,Bath Abbey,Place Of Worship,bath,Bath,GB,UK,office@bathabbey.org,+441225422462,https://www.bathabbey.org/,Abbey Churchyard BA1 1LT Bath,51.38143,-2.35885,5,,osm,email,1,new,ok,"category ""Place Of Worship"" is not a travel-concierge listing — a recipient who was never the audience is the likeliest to report spam"
8e634a8cf30aeca98173,Bath TCG,Hobby Shop,bath,Bath,GB,UK,admin@bathtcg.co.uk,+441225667024,https://www.bathtcg.co.uk/,"4 Victoria Buildings, Bath, BA2 3EH",51.38126,-2.37448,5,,overture,email,1,new,ok,"category ""Hobby Shop"" is not a travel-concierge listing — a recipient who was never the audience is the likeliest to report spam"
0a634b634d5060c493a9,Nourish Nutritional Therapy and Kinesiology Centre,Nutritionist,bath,Bath,GB,UK,hello@nourishcentre.co.uk,+441225332894,http://www.nourishcentre.co.uk/,"33 Gay Street, Bath, BA1 2NT",51.38446,-2.36321,5,,overture,email,1,new,ok,"category ""Nutritionist"" is not a travel-concierge listing — a recipient who was never the audience is the likeliest to report spam"
33c54933cadc4452a1fd,Royal United Hospital,Hospital,bath,Bath,GB,UK,webmaster@ruh.nhs.uk,+441225428331,http://www.ruh.nhs.uk,"Combe Park, Bath, BA1 3NG",51.39077,-2.39166,5,,overture,email,1,new,ok,"category ""Hospital"" is not a travel-concierge listing — a recipient who was never the audience is the likeliest to report spam"
36a8911f879a63c7db49,Widcombe Baptist Church,Baptist Church,bath,Bath,GB,UK,office@widcombe.org,+441225976810,http://www.widcombebaptistchurch.org,"Ebenezer Terrace, Bath, BA2 4JR",51.37669,-2.35332,4,,overture,email,1,new,ok,"category ""Baptist Church"" is not a travel-concierge listing — a recipient who was never the audience is the likeliest to report spam"
8adcaf8b62e1609097ab,Apotheek Diemen Noord,Pharmacy,amsterdam,Diemen,NL,Europe,noord@diemerapotheek.nl,+31 20 400 0151,https://diemerapotheek.nl/,2 Houtbosch 1111ST Diemen,52.35185,4.97073,,,osm,email,2,new,ok,"category ""Pharmacy"" is not a travel-concierge listing — a recipient who was never the audience is the likeliest to report spam"
c2ec99f239d6366e95ff,Apotheek Nieuwe Houthaven,Pharmacy,amsterdam,Amsterdam,NL,Europe,info@apotheeknieuwehouthaven.nl,+31 20 820 2021,https://apotheeknieuwehouthaven.uwapothekeronline.nl,42 Revaleiland 1014ZG Amsterdam,52.39283,4.87934,,,osm,email,2,new,ok,"category ""Pharmacy"" is not a travel-concierge listing — a recipient who was never the audience is the likeliest to report spam"
64bdc6e6066ab7494a8a,BENU,Pharmacy,amsterdam,Amsterdam,NL,Europe,rozengracht@benu.nl,+31 20 6231051,https://www.benu.nl/apotheek/amsterdam/rozengracht,57-H Rozengracht 1016LS Amsterdam,52.37336,4.88117,,,osm,email,2,new,ok,"category ""Pharmacy"" is not a travel-concierge listing — a recipient who was never the audience is the likeliest to report spam"
5ae30a3c634cf71a0254,BENU,Pharmacy,amsterdam,Amsterdam,NL,Europe,tuindorpoostzaan@benu.nl,+31 20 6315237,https://www.benu.nl/apotheek/amsterdam/tuindorp-oostzaan,11 Meteorensingel 1033CB Amsterdam,52.41074,4.8929,,,osm,email,2,new,ok,"category ""Pharmacy"" is not a travel-concierge listing — a recipient who was never the audience is the likeliest to report spam"
955c6edcbf88f4187caa,Ferdinand Bol Apotheek,Pharmacy,amsterdam,Amsterdam,NL,Europe,info@ferdinandbolapotheek.nl,+31 20 6621256,https://www.ferdinandbolapotheek.nl,103-H Ferdinand Bolstraat 1072LE Amsterdam,52.35321,4.89118,,,osm,email,2,new,ok,"category ""Pharmacy"" is not a travel-concierge listing — a recipient who was never the audience is the likeliest to report spam"
f25a2fd6bd6757f9560f,Mediq Apotheek Buiksloter,Pharmacy,amsterdam,Amsterdam,NL,Europe,buiksloter@mediq-apotheek.nl,+31 20 633 1122,http://buiksloter.mediq-apotheek.nl,131 Banne Buikslootlaan 1034AC Amsterdam,52.40912,4.91463,,,osm,email,2,new,ok,"category ""Pharmacy"" is not a travel-concierge listing — a recipient who was never the audience is the likeliest to report spam"
ba85989311a791a2f927,Noordam Apotheek,Pharmacy,amsterdam,Amsterdam,NL,Europe,info@noordamserviceapotheek.nl,+31 20 636 67 49,https://www.serviceapotheek.nl/noordam,243 Buikslotermeerplein 1025XC Amsterdam,52.39885,4.93947,,,osm,email,2,new,ok,"category ""Pharmacy"" is not a travel-concierge listing — a recipient who was never the audience is the likeliest to report spam"
f221df9b365fe842ef2c,Service Apotheek Nieuwendammer,Pharmacy,amsterdam,Amsterdam,NL,Europe,nieuwendammerapotheek@ezorg.nl,+31 20 636 03 35,https://www.serviceapotheek.nl/nieuwendammer,1 Purmerplein 1023BC Amsterdam,52.39156,4.94358,,,osm,email,2,new,ok,"category ""Pharmacy"" is not a travel-concierge listing — a recipient who was never the audience is the likeliest to report spam"
f12a960ea41ea450ad40,Service Punt Buiksloterham,Pharmacy,amsterdam,Amsterdam,NL,Europe,buiksloterhamapotheek@ezorg.nl,+31 20 308 12 34,https://www.serviceapotheek.nl/servicepuntbuiksloterham,437 Distelweg 1031HD Amsterdam,52.39477,4.89926,,,osm,email,2,new,ok,"category ""Pharmacy"" is not a travel-concierge listing — a recipient who was never the audience is the likeliest to report spam"
4e0c06ac1de5a820c5e5,Service Punt Zeeburgereiland,Pharmacy,amsterdam,Amsterdam,NL,Europe,zeeburgereilandapotheek@ezorg.nl,+31 20 248 0012,https://www.serviceapotheek.nl/servicepuntzeeburgereiland,503a Eef Kamerbeekstraat 1095MP Amsterdam,52.37163,4.96797,,,osm,email,2,new,ok,"category ""Pharmacy"" is not a travel-concierge listing — a recipient who was never the audience is the likeliest to report spam"
87e7257a175378e12223,Slotermeer Apotheek,Pharmacy,amsterdam,Amsterdam,NL,Europe,info@slotermeerapotheek.nl,+31 20 613 1374,https://www.serviceapotheek.nl/slotermeer,85 Burgemeester De Vlugtlaan 1063BH Amsterdam,52.37981,4.83035,,,osm,email,2,new,ok,"category ""Pharmacy"" is not a travel-concierge listing — a recipient who was never the audience is the likeliest to report spam"
55b743cec3f31d1425a8,Zeeburg,Pharmacy,amsterdam,Amsterdam,NL,Europe,assistentapotheekzeeburg@ezorg.nl,+31 20 419 7393,https://www.apotheekzeeburg.nl/,1025 Oostelijke Handelskade 1019BW Amsterdam,52.37429,4.93634,,,osm,email,2,new,ok,"category ""Pharmacy"" is not a travel-concierge listing — a recipient who was never the audience is the likeliest to report spam"
f3c2094506249678d431,Zeilschool Het Nieuwe Meer,Sailing School,amsterdam,Amsterdam,NL,Europe,info@zeilschoolhetnieuwemeer.nl,+31 6 34930747,https://www.zeilschoolhetnieuwemeer.nl/,26 Tjotterspad 1081KD Amsterdam,52.33341,4.85215,,,osm,email,2,new,ok,"category ""Sailing School"" is not a travel-concierge listing — a recipient who was never the audience is the likeliest to report spam"
308ed665b9a341896a08,Key Pharmacy,Pharmacy,athens,Αθήνα,GR,Europe,eshop@keypharmacy.gr,+302160043030,https://keypharmacy.gr,8 Πετμεζά 11742 Αθήνα,37.96619,23.72832,,,osm,email,2,new,ok,"category ""Pharmacy"" is not a travel-concierge listing — a recipient who was never the audience is the likeliest to report spam"
38d31c3b7f3dcc7fed6a,NewGenPharmacy,Pharmacy,athens,,GR,Europe,info@newgenpharmacy.gr,+302106748903,http://www.newgenpharmacy.gr,223 Μεσογείων,37.99714,23.7815,,,osm,email,2,new,ok,"category ""Pharmacy"" is not a travel-concierge listing — a recipient who was never the audience is the likeliest to report spam"
74d127accbc71bdcbe16,dafni's pharmacy,Pharmacy,athens,Δάφνη,GR,Europe,dafnispharmacy@gmail.com,+302109705775,,7 Μεγάλου Αλεξάνδρου 17235 Δάφνη,37.94984,23.73639,,,osm,email,2,new,ok,"category ""Pharmacy"" is not a travel-concierge listing — a recipient who was never the audience is the likeliest to report spam"
97c6f150cfb43adf5bd4,pharmadirect,Pharmacy,athens,Νέα Σμύρνη,GR,Europe,contact@pharmadirect.gr,+302109370080;+302109370082,https://pharmadirect.gr/,65 Μεγάλου Αλεξάνδρου 17121 Νέα Σμύρνη,37.94544,23.71133,,,osm,email,2,new,ok,"category ""Pharmacy"" is not a travel-concierge listing — a recipient who was never the audience is the likeliest to report spam"
ff60df432e62ee97a1f6,Βίκτωρ Γ. Παναγόπουλος,Pharmacy,athens,Ζωγράφου,GR,Europe,info@vipapharm.gr,+30 210 77 18687,https://vipapharm.gr/farmakeio-zografou-dr-victor-papagiannopoulos.htm,65 Ιοκάστης 15772 Ζωγράφου,37.9709,23.77687,,,osm,email,2,new,ok,"category ""Pharmacy"" is not a travel-concierge listing — a recipient who was never the audience is the likeliest to report spam"
448d692795b67bafbe82,Κοινωνικό Φαρμακείο Δήμου Ζωγράφου,Pharmacy,athens,Ζωγράφος,GR,Europe,koinonikofarmakeio@zografou.gr,+30 210 7481422,https://www.zografou.gov.gr/koinoniko-farmakeio-dimoy-zografoy/,5 Πολυφήμου 15771 Ζωγράφος,37.97859,23.76453,,,osm,email,2,new,ok,"category ""Pharmacy"" is not a travel-concierge listing — a recipient who was never the audience is the likeliest to report spam"
1ec0d538db65c423348c,Σαμαράς,Pharmacy,athens,Ζωγράφου,GR,Europe,info@samaraspharmacy.gr,+30 210 74 84486;+30 210 77 55564,https://www.samaraspharmacy.gr,85 Στρατάρχου Αλέξανδρου Παπάγου 15773 Ζωγράφου,37.978,23.76996,,,osm,email,2,new,ok,"category ""Pharmacy"" is not a travel-concierge listing — a recipient who was never the audience is the likeliest to report spam"
0b6b4c56001bead11aba,Τουρίκη,Pharmacy,athens,Καλλιθέα,GR,Europe,pharmacytouriki@gmail.com,2109572462,,22 Σιβιτανίδου 17676 Καλλιθέα,37.95862,23.69927,,,osm,email,2,new,ok,"category ""Pharmacy"" is not a travel-concierge listing — a recipient who was never the audience is the likeliest to report spam"
2c80b73cdc09a3a5021a,Φαρμακείο ΕΟΠΠΥ Καλλιθέας,Pharmacy,athens,Καλλιθέα,GR,Europe,kallitheafarmakeio@eopyy.gov.gr,+30 210 9485650 659,,49 Κολοκοτρώνη 17675 Καλλιθέα,37.94737,23.68731,,,osm,email,2,new,ok,"category ""Pharmacy"" is not a travel-concierge listing — a recipient who was never the audience is the likeliest to report spam"
b99b773f1126b9c313b4,Basílica de la Sagrada Família,Place Of Worship,barcelona,Barcelona,ES,Europe,informacio@ext.sagradafamilia.org,+34932080414,https://sagradafamilia.org/,401 Carrer de Mallorca 08013 Barcelona,41.4035,2.17428,,,osm,email,2,new,ok,"category ""Place Of Worship"" is not a travel-concierge listing — a recipient who was never the audience is the likeliest to report spam"
7747b97d85faefafe0a5,Farmacia Andrea López,Pharmacy,barcelona,l'Hospitalet de Llobregat,ES,Europe,farmacia.andrealopez@gmail.com,+34 934 49 74 33,,33 Carrer del Rosselló 08903 l'Hospitalet de Llobregat,41.3721,2.12521,,,osm,email,2,new,ok,"category ""Pharmacy"" is not a travel-concierge listing — a recipient who was never the audience is the likeliest to report spam"
3cf39ff0cad776fcfdd9,Farmacia Mandri,Pharmacy,barcelona,Barcelona,ES,Europe,mmarch001@cofb.net,+34 934 175 030,http://www.farmaciamandri.com/,54 Carrer de Mandri 08022 Barcelona,41.40455,2.13267,,,osm,email,2,new,ok,"category ""Pharmacy"" is not a travel-concierge listing — a recipient who was never the audience is the likeliest to report spam"
257316847fd460128c73,Farmacia Palau Roig,Pharmacy,barcelona,,ES,Europe,farmaciapalauroig@cofb.net,+34 932634369,https://www.farmaciapalauroig.es/,68 Rambla de la Marina 08907,41.3503,2.11278,,,osm,email,2,new,ok,"category ""Pharmacy"" is not a travel-concierge listing — a recipient who was never the audience is the likeliest to report spam"
314d8c72a73f9a93ba8d,Farmacia Tuset,Pharmacy,barcelona,Barcelona,ES,Europe,info@farmaciatuset.com,+34 93 209 45 41,https://farmaciatuset.com/,34 carrer Tuset 08006 Barcelona,41.39663,2.15128,,,osm,email,2,new,ok,"category ""Pharmacy"" is not a travel-concierge listing — a recipient who was never the audience is the likeliest to report spam"
8cb84b03fa863e209874,Farmàcia Anna Sunyer Bellido,Pharmacy,barcelona,Barcelona,ES,Europe,info@farmaciasunyer.com,+34 933 00 98 05;+34 933 00 98 06,https://www.farmaciasunyer.com,102 Carrer de Llull 08005 Barcelona,41.39619,2.19589,,,osm,email,2,new,ok,"category ""Pharmacy"" is not a travel-concierge listing — a recipient who was never the audience is the likeliest to report spam"
ad70d8a9d14fc27c7c09,Farmàcia Badalona,Pharmacy,barcelona,Badalona,ES,Europe,bd@gruposor.com,+34 933999276,,31 Carretera Antiga de València 08914 Badalona,41.43856,2.22548,,,osm,email,2,new,ok,"category ""Pharmacy"" is not a travel-concierge listing — a recipient who was never the audience is the likeliest to report spam"
15104656244e9c59e89a,"Farmàcia Bruna Reverter, M. Àngels",Pharmacy,barcelona,Barcelona,ES,Europe,farmaciabruna288@gmail.com,+34934350542,,288 Carrer del Dos de Maig 08025 Barcelona,41.41006,2.17825,,,osm,email,2,new,ok,"category ""Pharmacy"" is not a travel-concierge listing — a recipient who was never the audience is the likeliest to report spam"
3894501b4e65091aaa23,"Farmàcia Castro Garnelo, M. Ariadna",Pharmacy,barcelona,Barcelona,ES,Europe,parafarmacia.adecastro@gmail.com,+34932030850,https://www.parafarmaciadecastro.com/,41 Carrer de l'Hort de la Vila 08017 Barcelona,41.39993,2.12458,,,osm,email,2,new,ok,"category ""Pharmacy"" is not a travel-concierge listing — a recipient who was never the audience is the likeliest to report spam"
c09c64af95a3ad01bfec,Farmàcia Craywinckel,Pharmacy,barcelona,Barcelona,ES,Europe,info@farmaciacraywinckel.cat,+34932471338,https://www.farmaciacraywinckel.cat/,7 Carrer de Craywinckel 08022 Barcelona,41.41201,2.13951,,,osm,email,2,new,ok,"category ""Pharmacy"" is not a travel-concierge listing — a recipient who was never the audience is the likeliest to report spam"
4b38fecafe65b10ef8ff,"Farmàcia De Vilarrubia Goula, M. Estel",Pharmacy,barcelona,l'Hospitalet de Llobregat,ES,Europe,info@farmaciaestel.com,+34 93 331 41 92,https://www.farmaciaestel.com/,42 Carrer de Santa Eulàlia 08902 l'Hospitalet de Llobregat,41.36743,2.1291,,,osm,email,2,new,ok,"category ""Pharmacy"" is not a travel-concierge listing — a recipient who was never the audience is the likeliest to report spam"
38f2634dbe2377c0ab9b,Farmàcia Faura Monguió,Pharmacy,barcelona,Badalona,ES,Europe,mfaura001@cofb.net,+34933870343,https://www.farmaciasbadalona.com,256 Avinguda d'Alfons XIII 08914 Badalona,41.43986,2.22886,,,osm,email,2,new,ok,"category ""Pharmacy"" is not a travel-concierge listing — a recipient who was never the audience is the likeliest to report spam"
978a8356a0fbb422b5fa,Farmàcia Jaume i Antoni Clapés Viñas,Pharmacy,barcelona,Barcelona,ES,Europe,info@farmaciaclapes.es,+34933466356,,211 carrer Gran de Sant Andreu 08030 Barcelona,41.4338,2.18925,,,osm,email,2,new,ok,"category ""Pharmacy"" is not a travel-concierge listing — a recipient who was never the audience is the likeliest to report spam"
a0d3c8126c15ff09d293,Farmàcia Josepa Salla Clarós,Pharmacy,barcelona,Badalona,ES,Europe,farmaciasalla@telefonica.net,+34 933887301,,44 Avinguda del Marquès de Sant Mori 08913 Badalona,41.43827,2.22027,,,osm,email,2,new,ok,"category ""Pharmacy"" is not a travel-concierge listing — a recipient who was never the audience is the likeliest to report spam"
76917601faf7cd33897f,Farmàcia Les Piràmides,Pharmacy,barcelona,Badalona,ES,Europe,farmacialespiramides@gmail.com,+34 933998231,,16 Carrer de Lleó Fontova 08913 Badalona,41.43613,2.21948,,,osm,email,2,new,ok,"category ""Pharmacy"" is not a travel-concierge listing — a recipient who was never the audience is the likeliest to report spam"
812e01685c848afa594d,Farmàcia Llefià,Pharmacy,barcelona,Badalona,ES,Europe,farmacia_llefia@hotmail.com,+34933876154,,1 Avinguda de Pius XII 08913 Badalona,41.43684,2.21764,,,osm,email,2,new,ok,"category ""Pharmacy"" is not a travel-concierge listing — a recipient who was never the audience is the likeliest to report spam"
3df41640f0d7b54b95ac,Farmàcia Lluís Casamayor Llòria,Pharmacy,barcelona,Badalona,ES,Europe,llcasamayor001@cofb.cat,+34934601260,,48-50 Carrer de Simancas 08918 Badalona,41.43354,2.22149,,,osm,email,2,new,ok,"category ""Pharmacy"" is not a travel-concierge listing — a recipient who was never the audience is the likeliest to report spam"
f607a8432a136ab30498,Farmàcia M. Rosa Santaeugènia Geronés,Pharmacy,barcelona,Barcelona,ES,Europe,atencion@farmaciasantaeugenia.es,+34933071155,http://www.farmaciasantaeugenia.es,45 rambla de Prim 08005 Barcelona,41.41349,2.21584,,,osm,email,2,new,ok,"category ""Pharmacy"" is not a travel-concierge listing — a recipient who was never the audience is the likeliest to report spam"
da55a4ba8e6ed46bf13a,"Farmàcia Martin Garcia, N / Vila Torrecilla, A",Pharmacy,barcelona,Barcelona,ES,Europe,avila003@cofb.net,+34 93 231 6055,,184 Carrer de Sardenya 08013 Barcelona,41.39693,2.18205,,,osm,email,2,new,ok,"category ""Pharmacy"" is not a travel-concierge listing — a recipient who was never the audience is the likeliest to report spam"
b46e89917187b5a7f287,Farmàcia Pont de Vallcarca,Pharmacy,barcelona,,ES,Europe,farmaciapontdevallcarca@gmail.com,+34 93 253 18 18,https://farmaciapontdevallcarca.com/,173-175 Avinguda de la República Argentina,41.41143,2.14253,,,osm,email,2,new,ok,"category ""Pharmacy"" is not a travel-concierge listing — a recipient who was never the audience is the likeliest to report spam"
42aca3f6b3d8c387d05b,Farmàcia Puchalt,Pharmacy,barcelona,Badalona,ES,Europe,farmaciapuchalt@gmail.com,+34933880146,,1 Carrer de Jerez de la Frontera 08918 Badalona,41.43293,2.22483,,,osm,email,2,new,ok,"category ""Pharmacy"" is not a travel-concierge listing — a recipient who was never the audience is the likeliest to report spam"
f957378307f04430771f,Farmàcia Travessera,Pharmacy,barcelona,,ES,Europe,travesserafarmacia@gmail.com,+34 932 18 89 85,,166 Travessera de Gràcia,41.40124,2.15778,,,osm,email,2,new,ok,"category ""Pharmacy"" is not a travel-concierge listing — a recipient who was never the audience is the likeliest to report spam"
de1f31b7e36b14973edc,Farmàcia Xavier Albert Diloy,Pharmacy,barcelona,Barcelona,ES,Europe,farmaciamaragall177@gmail.com,+34933519507,,177 Passeig de Maragall 08041 Barcelona,41.4229,2.17827,,,osm,email,2,new,ok,"category ""Pharmacy"" is not a travel-concierge listing — a recipient who was never the audience is the likeliest to report spam"
2928dce702bd5702cbcd,Farmàcia de l'Avinguda,Pharmacy,barcelona,Badalona,ES,Europe,info@farmaciaroserrelat.com,+34 933 87 42 99,https://www.farmaciaroserrelat.com,476-480 Avinguda d'Alfons XIII 08913 Badalona,41.43611,2.22176,,,osm,email,2,new,ok,"category ""Pharmacy"" is not a travel-concierge listing — a recipient who was never the audience is the likeliest to report spam"
af201c8863ec6eb87394,Farmácia Fernandez i Galofré,Pharmacy,barcelona,,ES,Europe,farmacia.fdez.galofre@gmail.com,+34 93 411 05 72,http://farmaciafernandezigalofre.com/,103 Gran Via de Carles III 08021,41.38711,2.12666,,,osm,email,2,new,ok,"category ""Pharmacy"" is not a travel-concierge listing — a recipient who was never the audience is the likeliest to report spam"
e0de2a0857354e6d39fb,I. Martínez Montero,Pharmacy,barcelona,,ES,Europe,farmaciaom18@gmail.com,+34 934410546;+34 610003904,https://www.farmamiramar.com/,13 Carrer de Peracamps 08001,41.37582,2.17493,,,osm,email,2,new,ok,"category ""Pharmacy"" is not a travel-concierge listing — a recipient who was never the audience is the likeliest to report spam"
0e7baca1064469bc336d,A Touch of Paws,Pet Groomer,bath,Bath,GB,UK,atouchofpaws@gmail.com,+447586317805,,"48 Fairways, Bath, BA1 9",51.40834,-2.37253,,,overture,email,2,new,ok,"category ""Pet Groomer"" is not a travel-concierge listing — a recipient who was never the audience is the likeliest to report spam"
5577b655d3eb46825921,Appleton Nutrition,Nutritionist,bath,Bath,GB,UK,nicolle.appletonnutrition@gmail.com,+447894086663,https://www.younutritionclinic.com/,"18 Charles Street, Bath, BA1 1HX",51.38178,-2.36587,,,overture,email,2,new,ok,"category ""Nutritionist"" is not a travel-concierge listing — a recipient who was never the audience is the likeliest to report spam"
6373f0797ba9275c0b12,Audika Bath,Hearing Aids,bath,,GB,UK,info@audika.co.uk,,https://www.hiddenhearing.co.uk/hearing-aids-centre/somerset/audika-bath,"18 St James's Parade, Bath, BA1 1UL, BA1 1UL",51.37925,-2.36104,,,overture,email,2,new,ok,"category ""Hearing Aids"" is not a travel-concierge listing — a recipient who was never the audience is the likeliest to report spam"
942f723ef262d270a6d8,Audika Bath York Street,Hearing Aids,bath,,GB,UK,info@audika.co.uk,,https://www.hiddenhearing.co.uk/hearing-aids-centre/avon/audika-bath-york-street,"2b York Street Bath BA1 1NG, BA1 1NG",51.38089,-2.35833,,,overture,email,2,new,ok,"category ""Hearing Aids"" is not a travel-concierge listing — a recipient who was never the audience is the likeliest to report spam"
ca088e003bdd83194a07,Avenida Home Studio,Home Goods Store,bath,Bath,GB,UK,isabel@avenida-isabel.com,+441225480980,http://www.avenidahome.com/,"1c Rivers Street, Bath, BA1 2RS",51.38787,-2.366,,,overture,email,2,new,ok,"category ""Home Goods Store"" is not a travel-concierge listing — a recipient who was never the audience is the likeliest to report spam"
a871a959687b4d2a4e40,Avon LVT,Carpet Store,bath,Bath,GB,UK,info@avonunderfloorheating.co.uk,+441225483818,https://avonlvt.co.uk,"5 Chelsea Road, Bath, BA1 3DU",51.3849,-2.38861,,,overture,email,2,new,ok,"category ""Carpet Store"" is not a travel-concierge listing — a recipient who was never the audience is the likeliest to report spam"
60979c4515431defa99c,Avonvale Carpets,Carpet Store,bath,Bath,GB,UK,marketing@avonvalecarpets.co.uk,+441225427057,http://www.avonvalecarpets.co.uk,"37 Kingsmead Street, Bath, BA1 2AA",51.38157,-2.36354,,,overture,email,2,new,ok,"category ""Carpet Store"" is not a travel-concierge listing — a recipient who was never the audience is the likeliest to report spam"
0a05b157e0a130735568,Bath Carpets and Flooring,Carpet Store,bath,Bath,GB,UK,info@bathcontractflooring.co.uk,+441225471888,http://www.carpetsandflooringbath.co.uk/,"3 Kingsmead Street, Bath, BA1 2AA",51.38152,-2.36365,,,overture,email,2,new,ok,"category ""Carpet Store"" is not a travel-concierge listing — a recipient who was never the audience is the likeliest to report spam"
9e90b286d9040f343165,Bath City Pawnbrokers,Pawn Shop,bath,Bath,GB,UK,contact@bathcitypawnbrokers.co.uk,+441225461178,http://www.bathcitypawnbrokers.co.uk/,"St Peters Terrace, 17 Lower Bristol Rd, Bath, BA2 3BT",51.38137,-2.37601,,,overture,email,2,new,ok,"category ""Pawn Shop"" is not a travel-concierge listing — a recipient who was never the audience is the likeliest to report spam"
7b4a77ee70e93d9a9387,Bath Clinic,Hospital,bath,Bath,GB,UK,bath@bmihealthcare.co.uk,+441225835555,https://www.circlehealthgroup.co.uk/hospitals/bath-clinic,"Claverton Down Rd, Bath, BA2 7BR",51.36387,-2.33252,,,overture,email,2,new,ok,"category ""Hospital"" is not a travel-concierge listing — a recipient who was never the audience is the likeliest to report spam"
91d5350fe049a19da8ba,Bath Dental Clinic,Dentist,bath,Bath,GB,UK,reception@bathdentalclinic.co.uk,+441225333848,http://www.bathdentalclinic.co.uk/,"Catharine House, 18 Catharine Place, Bath, BA1 2PS",51.38694,-2.36531,,,overture,email,2,new,ok,"category ""Dentist"" is not a travel-concierge listing — a recipient who was never the audience is the likeliest to report spam"
3161c6d6469207018e87,Bath Domestic Appliances Ltd,Appliance Store,bath,Bath,GB,UK,service@bathdomesticappliances.co.uk,+441225427289,,"6 Rivers Street Place, Bath, BA1 2RS",51.38774,-2.36374,,,overture,email,2,new,ok,"category ""Appliance Store"" is not a travel-concierge listing — a recipient who was never the audience is the likeliest to report spam"
64f15a45a0752b2135d2,Bath Opticians,Eyewear And Optician,bath,Bath,GB,UK,info@bathoptician.co.uk,+441225427353,http://www.bathoptician.co.uk/,"57 Moorland Road, Bath, BA2 3PJ",51.3769,-2.37855,,,overture,email,2,new,ok,"category ""Eyewear And Optician"" is not a travel-concierge listing — a recipient who was never the audience is the likeliest to report spam"
ed2822b51123cd99be4c,Bath Spa Dentistry,Dentist,bath,Bath,GB,UK,reception@bathspadentistry.com,01225 464346,http://bathspadentistry.com,"19a James Street West, Bath, BA1 2BT",51.38232,-2.3675,,,overture,email,2,new,ok,"category ""Dentist"" is not a travel-concierge listing — a recipient who was never the audience is the likeliest to report spam"
7c888b144c900e6d55fb,Bath Stamp and Coin Shop,Office Equipment,bath,Bath,GB,UK,info@mosaicshop.co.uk,+441225463073,http://www.bathstampandcoinshop-bath.co.uk/,"13 Pulteney Bridge, Bath, BA2 4",51.38302,-2.35781,,,overture,email,2,new,ok,"category ""Office Equipment"" is not a travel-concierge listing — a recipient who was never the audience is the likeliest to report spam"
a20cc3e0a0b24f733e30,Bath Suzuki,Automotive Dealer,bath,Bath,GB,UK,sales@islingtonmotorgroup.co.uk,+441225753103,https://www.islingtonmotorgroup.co.uk/,"Prior Park Road, Bath, BA2 4NF",51.37452,-2.3513,,,overture,email,2,new,ok,"category ""Automotive Dealer"" is not a travel-concierge listing — a recipient who was never the audience is the likeliest to report spam"
3b9cfe7eb918f0a32bc0,Bathampton Dental Practice,Dentist,bath,Bath,GB,UK,bathampton.dental@nhs.net,+441225464187,http://www.pulteney.co.uk/info.aspx?p=6,"29 Holcombe Lane, Bath, BA2 6UL",51.39336,-2.32095,,,overture,email,2,new,ok,"category ""Dentist"" is not a travel-concierge listing — a recipient who was never the audience is the likeliest to report spam"
45deac4db2143f33a9ad,Baudelaire Aesthetics,Medical Spa,bath,Bath,GB,UK,support@baudelaireclinics.co.uk,+441225688088,,"Room 3, Goodlight Wellness Center, Victoria Bridge Rd, Bath, BA2 3GG",51.38357,-2.37466,,,overture,email,2,new,ok,"category ""Medical Spa"" is not a travel-concierge listing — a recipient who was never the audience is the likeliest to report spam"
19f9e14bf4e42f29557a,Beats Dance Bath,Dance School,bath,Bath,GB,UK,beatsdancebath@gmail.com,+447974710706,https://www.ticketsource.com/dragonflytheatre/e-bgeaee,"The Hub, Mulberry Way, Mulberry Park, Combe Down, Bath, BA2 5BU, Bath,  BA2 5BU",51.37694,-2.37737,,,overture,email,2,new,ok,"category ""Dance School"" is not a travel-concierge listing — a recipient who was never the audience is the likeliest to report spam"
e85688b8639fb895008c,Ben Clarke Training,Life Coach,bath,Bath,GB,UK,benclarkept@gmail.com,+447734423992,http://www.benclarketraining.co.uk/,"Stanza Fitness, 7 Trim Street, Bath, BA1 1HB",51.38272,-2.36144,,,overture,email,2,new,ok,"category ""Life Coach"" is not a travel-concierge listing — a recipient who was never the audience is the likeliest to report spam"
a041ee8eb2c11707989a,Bethel Baptist Chapel,Baptist Church,bath,Bath,GB,UK,pastor.bethel@btinternet.com,+441225852708,https://www.bethelbath.org.uk/,"St John's Rd, Bath, BA2 6PX",51.38571,-2.35784,,,overture,email,2,new,ok,"category ""Baptist Church"" is not a travel-concierge listing — a recipient who was never the audience is the likeliest to report spam"
b7d813b32a97fabc61cf,Bethel Pentecostal Church,Pentecostal Church,bath,Bath,GB,UK,bethelbath@gmail.com,+447877847727,http://www.ipcbath.org/,"Hillside Hall, Hillside Rd, Bath, BA2 3NX",51.37212,-2.37651,,,overture,email,2,new,ok,"category ""Pentecostal Church"" is not a travel-concierge listing — a recipient who was never the audience is the likeliest to report spam"
2461ad3798ada249e9bb,Blooms of Bath,Nursery And Gardening,bath,Bath,GB,UK,sianqe@gmail.com,+447974236724,,"38 Bathwick Street, Bath, BA2 6PA",51.3872,-2.35302,,,overture,email,2,new,ok,"category ""Nursery And Gardening"" is not a travel-concierge listing — a recipient who was never the audience is the likeliest to report spam"
94f0053db1a39918de1c,Brooklin Models,Hobby Shop,bath,Bath,GB,UK,mail@brooklinmodels.com,+441225332400,http://www.brooklinmodels.com/,"Pines Way, Bath, BA2 3QS",51.38108,-2.3705,,,overture,email,2,new,ok,"category ""Hobby Shop"" is not a travel-concierge listing — a recipient who was never the audience is the likeliest to report spam"
a6107ef6f6745b6b7689,BuildRituals,Life Coach,bath,Bath,GB,UK,monikaswalker@gmail.com,+447968701800,http://www.bellyfit.ca/monikawalker,"7 Trim Street, Bath, BA1 1HB",51.38276,-2.36144,,,overture,email,2,new,ok,"category ""Life Coach"" is not a travel-concierge listing — a recipient who was never the audience is the likeliest to report spam"
0908fdaf6d0b1dbc62bb,Capitol Carpets,Carpet Store,bath,Bath,GB,UK,craig@haliden.com,+441225333341,http://WWW.HALIDEN.COM/,"120 Walcot Street, Bath, BA1 5BG",51.38768,-2.35887,,,overture,email,2,new,ok,"category ""Carpet Store"" is not a travel-concierge listing — a recipient who was never the audience is the likeliest to report spam"
6d441a8f7a3d168d291b,Chelsea Road Dental Practice,Dentist,bath,,GB,UK,chelsearoaddental@gmail.com,,https://www.chelsea-road-dental.com,"11 CHELSEA ROAD, BATH, ., BA1 3DU",51.3851,-2.3886,,,overture,email,2,new,ok,"category ""Dentist"" is not a travel-concierge listing — a recipient who was never the audience is the likeliest to report spam"
3eea5e5f5821d2006cc1,Claire Ingram Health Coach,Life Coach,bath,Bath,GB,UK,claire@tallhat.com,+447900880055,http://claireingramhealthcoach.co.uk/,"3 Dunsford Pl, Bath, BA2 6HF",51.38276,-2.34783,,,overture,email,2,new,ok,"category ""Life Coach"" is not a travel-concierge listing — a recipient who was never the audience is the likeliest to report spam"
e315e5c5635d75925608,Clare Turner Nutrition,Nutritionist,bath,Bath,GB,UK,clare@clareturnernutrition.com,+447870414375,http://www.clareturnernutrition.com/,"49 Harcourt Gardens, Bath, BA1 4DL",51.39769,-2.39281,,,overture,email,2,new,ok,"category ""Nutritionist"" is not a travel-concierge listing — a recipient who was never the audience is the likeliest to report spam"
4fe7002be5c0f76a0eae,Community Dental Centres Ltd,Dentist,bath,,GB,UK,batholdfield-rec@mydentist.co.uk,,https://www.nhs.uk/services/dentist/community-dental-centres-ltd/V330935,"1A CRESCENT OFFICE PARK, CLARKS WAY, BATH, BA2 2AF",51.3622,-2.38636,,,overture,email,2,new,ok,"category ""Dentist"" is not a travel-concierge listing — a recipient who was never the audience is the likeliest to report spam"
7f0f17e0e0b0f1e52f29,Consciously You,Home Goods Store,bath,Bath,GB,UK,hello@consciouslyyou.co.uk,+447568358328,,"12 Chelsea Road, Bath, BA1 3DU",51.38527,-2.38895,,,overture,email,2,new,ok,"category ""Home Goods Store"" is not a travel-concierge listing — a recipient who was never the audience is the likeliest to report spam"
ab7896ce2262a4902739,Coopers Home Appliances,Appliance Store,bath,Bath,GB,UK,sales@coopershomeappliances.com,+441225311811,https://www.coopershomeappliances.com/,"Cooper Stores, Bath, BA1 5BN",51.38425,-2.35977,,,overture,email,2,new,ok,"category ""Appliance Store"" is not a travel-concierge listing — a recipient who was never the audience is the likeliest to report spam"
449d6d55d262c40d6cae,Cornerstone Bath,Evangelical Church,bath,Bath,GB,UK,info@cornerstonebath.co.uk,,http://www.cornerstonebath.co.uk/,"New King St, Bath, BA1 2BN",51.39461,-2.3937,,,overture,email,2,new,ok,"category ""Evangelical Church"" is not a travel-concierge listing — a recipient who was never the audience is the likeliest to report spam"
408790938519337a52e3,Curtis School Of Dance,Dance School,bath,Bath,GB,UK,curtisschoolofdance@msn.com,+447772700307,http://www.curtisschoolofdance.com/,"St. Mark's Community Centre, St Mark's Rd, Bath, BA2 4PA",51.37645,-2.35827,,,overture,email,2,new,ok,"category ""Dance School"" is not a travel-concierge listing — a recipient who was never the audience is the likeliest to report spam"
54095d0bf2ea1ace20f0,Divine Savages,Home Goods Store,bath,Bath,GB,UK,hello@divinesavages.com,+441225532340,http://divinesavages.com/,"5 Margaret's Buildings, Bath, BA1 2LP",51.38667,-2.36577,,,overture,email,2,new,ok,"category ""Home Goods Store"" is not a travel-concierge listing — a recipient who was never the audience is the likeliest to report spam"
7f17fb429dcee4c9a46b,Dorothy Coleborn,Dance School,bath,Bath,GB,UK,info@dorothycoleborn.co.uk,+441225335087,http://www.dorothycoleborn.co.uk/,"Englishcombe News, 147 Englishcombe Lane, Bath, BA2 2EL",51.36868,-2.37671,,,overture,email,2,new,ok,"category ""Dance School"" is not a travel-concierge listing — a recipient who was never the audience is the likeliest to report spam"
9143a50d31f93ecc093b,Edgar Buildings Dental & Implant Clinic,Dentist,bath,Bath,GB,UK,reception.edgar@portmanhealthcare.co.uk,+441225466086,http://www.smileofconfidence.com/,"7 Edgar Buildings, Bath, BA1 2EE",51.38501,-2.36186,,,overture,email,2,new,ok,"category ""Dentist"" is not a travel-concierge listing — a recipient who was never the audience is the likeliest to report spam"
2fa654cb569e7593b345,Eleanor Harris,Weight Loss Center,bath,Bath,GB,UK,support@eleanor-harris.co.uk,+447921671108,http://www.one2onediet.com/consultants/24830/2/Jade_Eleanor,"6 Abbey View, Bath, BA2 6DG",51.39334,-2.32949,,,overture,email,2,new,ok,"category ""Weight Loss Center"" is not a travel-concierge listing — a recipient who was never the audience is the likeliest to report spam"
e2ff3810b55e652e8ef4,Emma Tozer Slimming world Bath,Weight Loss Center,bath,Bath,GB,UK,emmatozer@hotmail.co.uk,+447886629496,http://www.slimmingworld.co.uk/,"Chelwood Dr, Bath, BA2 2PR",51.3615,-2.37728,,,overture,email,2,new,ok,"category ""Weight Loss Center"" is not a travel-concierge listing — a recipient who was never the audience is the likeliest to report spam"
cadf78c137f448519b49,Energy by Tessa,Life Coach,bath,Bath,GB,UK,tessa@energybytessa.com,+447780958961,http://energybytessa.com/,"Kensington House, London Rd, Bath, BA1 6PT",51.39275,-2.3504,,,overture,email,2,new,ok,"category ""Life Coach"" is not a travel-concierge listing — a recipient who was never the audience is the likeliest to report spam"
e4530f1f916975916233,Fashion Specs,Eyewear And Optician,bath,Bath,GB,UK,fashionspecs@gmail.com,+447770671500,http://www.fashionspecs.co.uk/,"Fads & Fashions Ltd. Unit 6, Ferry Court, Ferry Lane,, Bath, BA2 4JW",51.37907,-2.35348,,,overture,email,2,new,ok,"category ""Eyewear And Optician"" is not a travel-concierge listing — a recipient who was never the audience is the likeliest to report spam"
393f476b6fcb552666f5,Fettle and Bloom Nutrition,Nutritionist,bath,Bath,GB,UK,cristy@fettleandbloomnutrition.com,+447813825436,http://www.fetttleandbloomnutrition.com/,"26 Monmouth Street, Bath, BA1 2AP",51.38245,-2.36457,,,overture,email,2,new,ok,"category ""Nutritionist"" is not a travel-concierge listing — a recipient who was never the audience is the likeliest to report spam"
07a097e23d14c65e0426,Funtastic,Party Supply,bath,Bath,GB,UK,mike@funtasticonline.com,+441225460808,http://www.funtasticonline.com,"22-25 Guildhall Market, Bath, BA2 4AW",51.3824,-2.35871,,,overture,email,2,new,ok,"category ""Party Supply"" is not a travel-concierge listing — a recipient who was never the audience is the likeliest to report spam"
66aa2629080bcaa955c2,Garden Requisites,Nursery And Gardening,bath,Corsham,GB,UK,info@garden-requisites.co.uk,+441225851577,http://www.garden-requisites.co.uk/,"Unit LD1, Fiveways Trading Estate, Westwells Road, Hawthorn, Corsham, SN13 9RG",51.40572,-2.32002,,,overture,email,2,new,ok,"category ""Nursery And Gardening"" is not a travel-concierge listing — a recipient who was never the audience is the likeliest to report spam"
065a69557d62757a6a23,GoodLight Clinic - Dentist in Bath,Dentist,bath,Bath,GB,UK,contact@goodlightclinic.co.uk,+441225698777,http://www.goodlightclinic.co.uk/,"Royal View, Victoria Bridge Road, Bath, BA2 3GG",51.38496,-2.36131,,,overture,email,2,new,ok,"category ""Dentist"" is not a travel-concierge listing — a recipient who was never the audience is the likeliest to report spam"
9664c8c9a927a1e88766,Green Park Dental Practice,Dentist,bath,Bath,GB,UK,info@bathdentists.co.uk,+441225421096,http://www.bathdentists.co.uk/,"40 Green Park, Bath, BA1 1",51.38097,-2.36651,,,overture,email,2,new,ok,"category ""Dentist"" is not a travel-concierge listing — a recipient who was never the audience is the likeliest to report spam"
2c2d10c5caf18cce80cc,Hawes Whiston & Co.,Pharmacy,bath,Bath,GB,UK,info@my-chemist.net,+441225424662,https://haweswhiston.co.uk/,38 Saint James's Square BA1 2TU Bath,51.38848,-2.36801,,,osm,email,2,new,ok,"category ""Pharmacy"" is not a travel-concierge listing — a recipient who was never the audience is the likeliest to report spam"
fc75ff1d2e56f8cb233f,Homefront Interiors,Home Goods Store,bath,Bath,GB,UK,info@homefrontinteriors.co.uk,+441225571711,http://www.homefrontinteriors.co.uk,"10 Margaret's Buildings, Bath, BA1 2LP",51.38688,-2.36582,,,overture,email,2,new,ok,"category ""Home Goods Store"" is not a travel-concierge listing — a recipient who was never the audience is the likeliest to report spam"
2ed588fb75cd608d5ce6,Honeysuckle Farm Cattery,Pet Sitting,bath,Bath,GB,UK,info@honeysucklecats.co.uk,+441225832629,http://www.honeysucklecats.co.uk/,"Honeysuckle Farm, Bath, BA2 5AU",51.36768,-2.35852,,,overture,email,2,new,ok,"category ""Pet Sitting"" is not a travel-concierge listing — a recipient who was never the audience is the likeliest to report spam"
01be8055a25d7fc20c04,Ignite Personal Training,Life Coach,bath,Bath,GB,UK,loxley.king.pt@gmail.com,+447710119682,http://loxleykingpersonaltrainer.com/,"7 Trim Street, Bath, BA1 1HB",51.38273,-2.36143,,,overture,email,2,new,ok,"category ""Life Coach"" is not a travel-concierge listing — a recipient who was never the audience is the likeliest to report spam"
f06b53692212e41af299,Interior Harmony Flooring,Carpet Store,bath,Bath,GB,UK,info@interiorharmony.co.uk,+441225483818,http://www.interiorharmony.co.uk,"5 Chelsea Road, Bath, BA1 3DU",51.38491,-2.38861,,,overture,email,2,new,ok,"category ""Carpet Store"" is not a travel-concierge listing — a recipient who was never the audience is the likeliest to report spam"
4c39cbef0f300cb5892d,Jane Austen Dancers of Bath,Dance School,bath,Bath,GB,UK,dance@janeaustendancersbath.co.uk,,https://www.janeaustendancersbath.co.uk/,"7 Grove Street, Bath, BA2 6PJ",51.38409,-2.35759,,,overture,email,2,new,ok,"category ""Dance School"" is not a travel-concierge listing — a recipient who was never the audience is the likeliest to report spam"
c55c4cb63da720456949,K & M Carpets & Interiors,Carpet Store,bath,Bath,GB,UK,kandmcarpets@gmail.com,+441225444111,http://www.kandmcarpets.co.uk/,"26b Park Road, Bath, BA1 3EE",51.37648,-2.37794,,,overture,email,2,new,ok,"category ""Carpet Store"" is not a travel-concierge listing — a recipient who was never the audience is the likeliest to report spam"
f864b425ddd71a60c3fc,K9AT,Pet Services,bath,Bath,GB,UK,support@k9at.co.uk,,http://www.k9AT.co.uk/,Bath,51.38496,-2.36131,,,overture,email,2,new,ok,"category ""Pet Services"" is not a travel-concierge listing — a recipient who was never the audience is the likeliest to report spam"
9ded9d5cb3a5507fc78d,Kate Garden Health Ltd,Nutritionist,bath,Bath,GB,UK,info@kategarden.co.uk,+447989284027,http://www.kategarden.co.uk/,"9 Widcombe Parade, Bath, BA2 4JT",51.37643,-2.3546,,,overture,email,2,new,ok,"category ""Nutritionist"" is not a travel-concierge listing — a recipient who was never the audience is the likeliest to report spam"
1cc5322695bb19f3a2cf,Kitchens Kitchenware,Home Goods Store,bath,Bath,GB,UK,ask@kitchenscookshop.co.uk,+441225330524,http://www.kitchenscookshop.co.uk,"4 Quiet Street, Bath, BA1 2JS",51.38338,-2.36178,,,overture,email,2,new,ok,"category ""Home Goods Store"" is not a travel-concierge listing — a recipient who was never the audience is the likeliest to report spam"
87d26b809fc7a829827b,Lifestyle Pharmacy,Pharmacy,bath,City Centre,GB,UK,lifestyle.pharmacy@intrapharm.com,+441225465576,https://lifestylepharmacybath.co.uk/,15 Westgate Street BA1 1EQ Bath,51.38132,-2.36179,,,osm,email,2,new,ok,"category ""Pharmacy"" is not a travel-concierge listing — a recipient who was never the audience is the likeliest to report spam"
1b4b8174afaa3217b593,Litheform,Life Coach,bath,Bath,GB,UK,info@litheform.co.uk,+447304498523,https://www.litheform.co.uk/,"2 Upper Bristol Road, Bath, BA1 3AJ",51.38457,-2.37364,,,overture,email,2,new,ok,"category ""Life Coach"" is not a travel-concierge listing — a recipient who was never the audience is the likeliest to report spam"
e1adb8b90184ad3d9eb8,Little Dancers,Dance School,bath,Bath,GB,UK,info@littledancersbath.co.uk,+447803173486,http://littledancersbath.co.uk/,"19 Stirtingale Avenue, Bath, BA2 2NQ",51.36763,-2.38449,,,overture,email,2,new,ok,"category ""Dance School"" is not a travel-concierge listing — a recipient who was never the audience is the likeliest to report spam"
0a24b26f2624105d2df8,Little Dental Co. - Larkhall Dental Rooms,Dentist,bath,Bath,GB,UK,larkhall@littledental.co,+441225431231,http://www.littledental.co/,"1a St Saviours Road, Bath, BA1 6RT",51.39708,-2.34492,,,overture,email,2,new,ok,"category ""Dentist"" is not a travel-concierge listing — a recipient who was never the audience is the likeliest to report spam"
8961edea2118e8b5e93f,Liz Belly Dance,Dance School,bath,Bath,GB,UK,kim@k4kimdance.co.uk,+447917850522,http://www.k4kimdance.co.uk/,"7-9 Comfortable Pl, Bath, BA1 3AJ",51.38459,-2.37422,,,overture,email,2,new,ok,"category ""Dance School"" is not a travel-concierge listing — a recipient who was never the audience is the likeliest to report spam"
139980cc62dd7215a1e1,LloydsPharmacy,Pharmacy,bath,Bath,GB,UK,customer-services@lloydspharmacy.co.uk,01225 422740,https://lloydspharmacy.com,"Green Park Station, Green Park Road, Bath, BA1 2DR",51.3811,-2.36865,,,overture,email,2,new,ok,"category ""Pharmacy"" is not a travel-concierge listing — a recipient who was never the audience is the likeliest to report spam"
a3b033afbe5e664b63be,MD Carpets,Carpet Store,bath,Bath,GB,UK,info@mdcarpets.co.uk,+447968300125,http://mdcarpets.co.uk/,"27 Triangle East, Bath, BA2 3HZ",51.37773,-2.38056,,,overture,email,2,new,ok,"category ""Carpet Store"" is not a travel-concierge listing — a recipient who was never the audience is the likeliest to report spam"
11d507ede890bc966cf4,Manor Dental Practice,Dentist,bath,Bath,GB,UK,bath@pds-health.co.uk,+441225482484,http://www.bath-pds-health.co.uk/,"1 Manor Road, Bath, BA1 4BW",51.39468,-2.38921,,,overture,email,2,new,ok,"category ""Dentist"" is not a travel-concierge listing — a recipient who was never the audience is the likeliest to report spam"
563cc2d8fc5977a76c2d,Manvers Street Baptist Church,Baptist Church,bath,Bath,GB,UK,office@msbcbath.org,+441225461600,https://www.easyfundraising.org.uk/causes/manvers-street-baptist-church/,"20 Manvers Street, Bath, BA1 1JW",51.3788,-2.35687,,,overture,email,2,new,ok,"category ""Baptist Church"" is not a travel-concierge listing — a recipient who was never the audience is the likeliest to report spam"
30e454fa9a204cf0cd5f,Medicspot Clinic,Weight Loss Center,bath,Bath,GB,UK,bathwick@medicspot.co.uk,+442036378398,https://www.medicspot.co.uk/clinics/england/somerset/bath/bathwick/bath-bathwick-clinic?utm_source=listings&utm_medium=local&utm_campaign=rest+of+england&utm_content=bath+bathwick,"8 Argyle Street, Bath, BA2 4BQ",51.38326,-2.35711,,,overture,email,2,new,ok,"category ""Weight Loss Center"" is not a travel-concierge listing — a recipient who was never the audience is the likeliest to report spam"
c784eaf5639823af8223,Medicspot Clinic Bath City Centre,Hospital,bath,Bath,GB,UK,bathcitycentre@medicspot.co.uk,+442036378398,https://www.medicspot.co.uk/clinics/england/somerset/bath/bath-city-centre-clinic?utm_source=listings&utm_medium=local&utm_campaign=rest+of+england&utm_content=bath+city+centre,"15 Westgate Street, Bath, BA1 1EQ",51.38132,-2.3618,,,overture,email,2,new,ok,"category ""Hospital"" is not a travel-concierge listing — a recipient who was never the audience is the likeliest to report spam"
d71db198408e2bf20a80,Millionhairs Dog Grooming,Pet Groomer,bath,Bath,GB,UK,millionhairsbath@gmail.com,+441225424506,http://www.doggroomerbath.co.uk,"32 Ashley Avenue, Bath, BA1 3DS",51.38376,-2.38845,,,overture,email,2,new,ok,"category ""Pet Groomer"" is not a travel-concierge listing — a recipient who was never the audience is the likeliest to report spam"
b82938a7bc734da3655c,Modbits,Computer Store,bath,Bath,GB,UK,info@modbits.net,+447939812447,http://www.modbits.net/,"3 Nelson Place, Bath, BA1 5DA",51.38952,-2.35833,,,overture,email,2,new,ok,"category ""Computer Store"" is not a travel-concierge listing — a recipient who was never the audience is the likeliest to report spam"
ea8fba8dae9512ee6a13,Moss of Bath,Audio Visual Equipment Store,bath,Bath,GB,UK,sales@mossofbath.co.uk,+441225331441,http://www.mossofbath.co.uk/,"45 St James's Parade, Bath, BA1 1UQ",51.37984,-2.36141,,,overture,email,2,new,ok,"category ""Audio Visual Equipment Store"" is not a travel-concierge listing — a recipient who was never the audience is the likeliest to report spam"
b7142cec35c4d438c3ac,Move Forward,Life Coach,bath,Bath,GB,UK,info@moveforward.org.uk,+441225750924,http://www.moveforward.org.uk/,"Green Park Station, Green Park Rd, Bath, BA1 1JB",51.38163,-2.36679,,,overture,email,2,new,ok,"category ""Life Coach"" is not a travel-concierge listing — a recipient who was never the audience is the likeliest to report spam"
9514de3ef458575a5bfd,Muddy Paws Bath,Pet Sitting,bath,Bath,GB,UK,claire@muddypawsbath.co.uk,+447709348781,http://www.muddypawsbath.co.uk/,"24 James Street West, Bath, BA1 2BT",51.38236,-2.36749,,,overture,email,2,new,ok,"category ""Pet Sitting"" is not a travel-concierge listing — a recipient who was never the audience is the likeliest to report spam"
ac27d1dc8ea75cb002bf,My Small World Toy Store,Toy Store,bath,Bath,GB,UK,sales@mysmallworld.co.uk,+441225312943,http://www.mysmallworld.co.uk,"12 Southgate, Bath, BA1 1",51.37821,-2.35804,,,overture,email,2,new,ok,"category ""Toy Store"" is not a travel-concierge listing — a recipient who was never the audience is the likeliest to report spam"
c93783af1d75e7e38859,Nutrition Path,Nutritionist,bath,Bath,GB,UK,milda@nutritionpath.co.uk,+447447942713,https://www.nutritionpath.co.uk/,"26 Upper Borough Walls, Bath, BA1 1RH",51.38261,-2.36049,,,overture,email,2,new,ok,"category ""Nutritionist"" is not a travel-concierge listing — a recipient who was never the audience is the likeliest to report spam"
44f08ec1a5caae68dbd0,Oxfam Shop Bath Argyle St,Thrift Store,bath,Bath,GB,UK,oxfamshopf2801@oxfam.org.uk,,https://www.oxfam.org.uk/shops/oxfam-shop-bath-argyle-st/,"12 Argyle Street, Bath, BA2 4BQ",51.38324,-2.35712,,,overture,email,2,new,ok,"category ""Thrift Store"" is not a travel-concierge listing — a recipient who was never the audience is the likeliest to report spam"
6d906fa1aafa1caae65b,Oxfam Shop Bath George St,Thrift Store,bath,Bath,GB,UK,oxfamshopf2802@oxfam.org.uk,,https://www.oxfam.org.uk/shops/oxfam-shop-bath-george-st/,"12a George St/Gay St, Bath, BA1 2EH",51.38457,-2.36318,,,overture,email,2,new,ok,"category ""Thrift Store"" is not a travel-concierge listing — a recipient who was never the audience is the likeliest to report spam"
36fbd54db31018b132c8,Pawsitively Happy Dogs,Pet Sitting,bath,Bath,GB,UK,pawsitivelyhappydogs@gmail.com,+447799813807,http://www.pawsitivelyhappydogs.com/,"11 Lascelles Avenue, Bath, BA2 6FB",51.38973,-2.34345,,,overture,email,2,new,ok,"category ""Pet Sitting"" is not a travel-concierge listing — a recipient who was never the audience is the likeliest to report spam"
2c95ff0ba30fa6f5657f,Port De Barre,Dance School,bath,Bath,GB,UK,zoe@portdebarre.co.uk,+447815303585,http://www.portdebarre.co.uk/,"Old School Studio, The Old School Newlyn, Wesley Place, Penzance, Cornwall TR18 5AZ, Bath, TR18 5AZ",51.38221,-2.36895,,,overture,email,2,new,ok,"category ""Dance School"" is not a travel-concierge listing — a recipient who was never the audience is the likeliest to report spam"
3567df470f9615b57191,Prior Park Garden and Pet Centre,Nursery And Gardening,bath,Bath,GB,UK,info@priorparkgardencentre.co.uk,+441225427175,http://www.priorparkgardencentre.co.uk,"Prior Park Rd, Bath, BA2 4NF",51.3743,-2.35175,,,overture,email,2,new,ok,"category ""Nursery And Gardening"" is not a travel-concierge listing — a recipient who was never the audience is the likeliest to report spam"
50655825b27a030c5a02,Pulteney Pharmacy & Travel Vaccination Clinic,Pharmacy,bath,Bath,GB,UK,pulpharm@gmail.com,+441225466454,https://www.pulteneypharmacy.com/,"35 Great Pulteney Street, Bath, BA2 4BY",51.38523,-2.35247,,,overture,email,2,new,ok,"category ""Pharmacy"" is not a travel-concierge listing — a recipient who was never the audience is the likeliest to report spam"
0488df185f1b78146f9a,Purrcasso Cat Grooming,Pet Groomer,bath,Bath,GB,UK,info@purrcasso.co.uk,+447553825927,http://www.purrcasso.co.uk/,"Fuller Rd, Bath, BA1 7BB",51.40052,-2.3431,,,overture,email,2,new,ok,"category ""Pet Groomer"" is not a travel-concierge listing — a recipient who was never the audience is the likeliest to report spam"
8a55ede33531586f0ef6,Queen Square Dental Practice,Dentist,bath,Bath,GB,UK,enquiries@queensquaredental.co.uk,+441225424336,http://queensquaredental.co.uk/,"1a Queen Street, Bath, BA1 2HA",51.3838,-2.36287,,,overture,email,2,new,ok,"category ""Dentist"" is not a travel-concierge listing — a recipient who was never the audience is the likeliest to report spam"
13ca0ec26aaa0af75931,Right At Your Feet Flooring,Carpet Store,bath,Bath,GB,UK,sales@rightatyourfeet.co.uk,+441225424474,http://www.rightatyourfeet.co.uk/,"36 High Street, Bath, BA1 4BX",51.39591,-2.39062,,,overture,email,2,new,ok,"category ""Carpet Store"" is not a travel-concierge listing — a recipient who was never the audience is the likeliest to report spam"
4f1ebffff3dd778bd765,Roam Charging Station,Ev Charging Station,bath,Bath,GB,UK,support@roamcharging.com,+44 800 099 6000,https://www.roamcharging.com/,"Sydney Rd, Bathwick, Bath, BA2 6NS",51.38661,-2.34558,,,overture,email,2,new,ok,"category ""Ev Charging Station"" is not a travel-concierge listing — a recipient who was never the audience is the likeliest to report spam"
1e29cde908f8879e48be,Roam Charging Station,Ev Charging Station,bath,Bath,GB,UK,support@roamcharging.com,08000996000,https://www.roamcharging.com/,"Eveleigh Ave, London Rd, Bath, BA1 7JD",51.40158,-2.33489,,,overture,email,2,new,ok,"category ""Ev Charging Station"" is not a travel-concierge listing — a recipient who was never the audience is the likeliest to report spam"
cd2c66565478b9adc6ce,Royal Mineral Water Hospital,Hospital,bath,Bath,GB,UK,info@rnhrd.nhs.uk,+441225465941,http://www.rnhrd.nhs.uk,"Upper Borough Walls, Bath, BA1 1RL",51.38227,-2.36145,,,overture,email,2,new,ok,"category ""Hospital"" is not a travel-concierge listing — a recipient who was never the audience is the likeliest to report spam"
b5c9373c3b4c973047b6,Saint Swithins Church,Anglican Church,bath,Bath,GB,UK,office@stswithinswalcot.org.uk,+441225789168,http://www.stswithinswalcot.org.uk/,"St. Swithins Church, The Paragon, Bath, BA1 5LY",51.38859,-2.35944,,,overture,email,2,new,ok,"category ""Anglican Church"" is not a travel-concierge listing — a recipient who was never the audience is the likeliest to report spam"
4354a72f0ba6b91fa2c4,Shaw Trust,Thrift Store,bath,Bath,GB,UK,support@shaw-trust.org.uk,+441225460225,https://shawtrust.org.uk/retail/,"11 George Street, Bath, BA1 2EH",51.38465,-2.36303,,,overture,email,2,new,ok,"category ""Thrift Store"" is not a travel-concierge listing — a recipient who was never the audience is the likeliest to report spam"
8c3676e7e3b16dec17e2,Short Bark 'n' Sides,Pet Groomer,bath,Bath,GB,UK,josiestrong1@yahoo.co.uk,+447884093780,http://www.shortbarknsides.net,"97 West Avenue, Bath, BA2 3QB",51.37819,-2.38196,,,overture,email,2,new,ok,"category ""Pet Groomer"" is not a travel-concierge listing — a recipient who was never the audience is the likeliest to report spam"
e0cc645377601404a613,St Barnabas Church,Anglican Church,bath,Bath,GB,UK,church@stbarnabasbath.co.uk,+441225478952,http://www.stbarnabasbath.co.uk/,"Bath, BA2 1JX",51.36922,-2.39459,,,overture,email,2,new,ok,"category ""Anglican Church"" is not a travel-concierge listing — a recipient who was never the audience is the likeliest to report spam"
36c81e97249a43221117,St Catherines Hospital,Hospital,bath,Bath,GB,UK,bookings@hidingspace.co.uk,+441225444987,http://www.hidingspace.co.uk/apartments/st-catherines-hospital,"Bilbury Lane St Catherines Hospital, Bath, BA1 1QZ",51.38061,-2.36055,,,overture,email,2,new,ok,"category ""Hospital"" is not a travel-concierge listing — a recipient who was never the audience is the likeliest to report spam"
42821a81277d5e1bc687,St John The Evangelist's Church,Catholic Church,bath,Bath,GB,UK,parishadmin@stjohnsrcbath.org.uk,+441225464471,http://www.stjohnsrcbath.org.uk,"The Old School House, St John's Rd, S Parade, Bath, BA2 4AF",51.37982,-2.35576,,,overture,email,2,new,ok,"category ""Catholic Church"" is not a travel-concierge listing — a recipient who was never the audience is the likeliest to report spam"
029f6fea6cb28ee78ef7,St John's Church,Anglican Church,bath,Bath,GB,UK,sjbwarden@outlook.com,+441225447450,https://bathwickparishes.org/stjohns/,"76 St John's Road, Bath, BA2 6",51.38842,-2.35548,,,overture,email,2,new,ok,"category ""Anglican Church"" is not a travel-concierge listing — a recipient who was never the audience is the likeliest to report spam"
ebbb9aea4d93c7dd90d7,St Mary's Catholic Church,Catholic Church,bath,Bath,GB,UK,bath.stmary@cliftondiocese.com,+441225314114,http://www.stmarysbath.org.uk/,"4 Harley Street, Bath, BA1 2SF",51.3882,-2.36493,,,overture,email,2,new,ok,"category ""Catholic Church"" is not a travel-concierge listing — a recipient who was never the audience is the likeliest to report spam"
acf3c9794b442cd84e60,St Michael's Dental Surgery,Dentist,bath,,GB,UK,reception@nofeardentists.com,,https://www.nofeardentists.com,"St Michael's Dental Surgery, Walwyn Close, Twerton, Bath, BA2 1SX",51.3816,-2.39954,,,overture,email,2,new,ok,"category ""Dentist"" is not a travel-concierge listing — a recipient who was never the audience is the likeliest to report spam"
6ffbfac90ef8c9dffcbd,St. Matthew's Church,Anglican Church,bath,Bath,GB,UK,admin@widcombe.church,+441225465065,http://widcombe.church/,"Widcombe Hill, Bath, BA2 6AA",51.37632,-2.35204,,,overture,email,2,new,ok,"category ""Anglican Church"" is not a travel-concierge listing — a recipient who was never the audience is the likeliest to report spam"
8f8933e30c0861d0a7ab,Superdrug,Pharmacy,bath,Bath,GB,UK,emmajdaviessd@gmail.com,+441225447287,http://www.superdrug.com/,"Avon, 42 Southgate St, Bath, BA1 1TG",51.37898,-2.3598,,,overture,email,2,new,ok,"category ""Pharmacy"" is not a travel-concierge listing — a recipient who was never the audience is the likeliest to report spam"
e5cab2a13c159a12d35a,The British CBD Company,Vitamins And Supplements,bath,Bath,GB,UK,info@thebritishcbdcompany.co.uk,+447766116676,http://www.thebritishcbdcompany.co.uk/,"11 Northumberland Place, Bath, BA1 5AR",51.38236,-2.3602,,,overture,email,2,new,ok,"category ""Vitamins And Supplements"" is not a travel-concierge listing — a recipient who was never the audience is the likeliest to report spam"
40239ea6043910f65569,The Clinic Bath,Medical Spa,bath,Bath,GB,UK,info@theclinicbath.com,+447388682329,http://www.theclinicbath.com/,"10 Kingsmead Square, Bath, BA1 2AB",51.38117,-2.36344,,,overture,email,2,new,ok,"category ""Medical Spa"" is not a travel-concierge listing — a recipient who was never the audience is the likeliest to report spam"
2fb5759e4d5014b7bd06,The Party Pirate,Party Supply,bath,Bath,GB,UK,info@thepartypirate.com,+447973969743,http://www.thepartypirate.com/,"93 Hansford Square, Bath, BA2 5LJ",51.36039,-2.36714,,,overture,email,2,new,ok,"category ""Party Supply"" is not a travel-concierge listing — a recipient who was never the audience is the likeliest to report spam"
becdfd0163af83869de4,The Urban Garden,Nursery And Gardening,bath,Bath,GB,UK,info@theurbangarden.org.uk,+447877846488,https://www.theurbangarden.org.uk/,"Marlborough Buildings, Bath, BA1 2LZ",51.38585,-2.37065,,,overture,email,2,new,ok,"category ""Nursery And Gardening"" is not a travel-concierge listing — a recipient who was never the audience is the likeliest to report spam"
c6e766cc1a476a5f36ba,Tile and Floor,Carpet Store,bath,Bath,GB,UK,bath@tileandfloor.co.uk,+441225310561,http://www.tileandflooring.co.uk,"4 London Road, Bath, BA1 6PT",51.39332,-2.34892,,,overture,email,2,new,ok,"category ""Carpet Store"" is not a travel-concierge listing — a recipient who was never the audience is the likeliest to report spam"
98d5730fc0ffec5c206f,Topglobe,Wholesale Store,bath,Bath,GB,UK,info@topglobe.co.uk,,http://www.topglobe.co.uk/,"Carpenter House, Broad Quay, Bath, BA1 1UB",51.37792,-2.36046,,,overture,email,2,new,ok,"category ""Wholesale Store"" is not a travel-concierge listing — a recipient who was never the audience is the likeliest to report spam"
42b54aac200afed1b30c,Virtuoso Flooring,Carpet Store,bath,Bath,GB,UK,info@virtuosoflooring.co.uk,+441225972715,http://www.virtuosoflooring.co.uk,"10 Moorland Road, Bath, BA2 3PL",51.37744,-2.3792,,,overture,email,2,new,ok,"category ""Carpet Store"" is not a travel-concierge listing — a recipient who was never the audience is the likeliest to report spam"
28bedfd82cd545a3b52f,Waggy Walks,Pet Sitting,bath,Bath,GB,UK,waggywalks@hotmail.com,+447761964828,http://www.waggywalksbath.co.uk/,"Claverton Down Rd, Bath, BA2 7AL",51.36427,-2.32797,,,overture,email,2,new,ok,"category ""Pet Sitting"" is not a travel-concierge listing — a recipient who was never the audience is the likeliest to report spam"
af31b64df53192ab1a1d,Walcot Pet Care,Pet Sitting,bath,Bath,GB,UK,walcotpetcare@gmail.com,+447429554449,https://linktr.ee/walcotpetcare,"23 Clarence Street, Bath, BA1 5NS",51.3911,-2.3574,,,overture,email,2,new,ok,"category ""Pet Sitting"" is not a travel-concierge listing — a recipient who was never the audience is the likeliest to report spam"
28a16aad1aff30819ef5,Well Zone CBD,Vitamins And Supplements,bath,Bath,GB,UK,info@wellzone.co.uk,+441225789795,http://wellzone.co.uk/,"4 London Street, Bath, BA1 5BU",51.3888,-2.35895,,,overture,email,2,new,ok,"category ""Vitamins And Supplements"" is not a travel-concierge listing — a recipient who was never the audience is the likeliest to report spam"
d47db10faa3f326a809f,Wellsway Dental Practice,Dentist,bath,Bath,GB,UK,reception@wellswaydental.co.uk,+441225312847,http://www.wellswaydental.co.uk/,"56 Wellsway, Bath, BA2 4SA",51.36957,-2.36606,,,overture,email,2,new,ok,"category ""Dentist"" is not a travel-concierge listing — a recipient who was never the audience is the likeliest to report spam"
bbac752260d98acad744,Wesco Living UK,Wholesale Store,bath,Bath,GB,UK,sales@wesco.co.uk,+441225615120,https://www.wesco-shop.co.uk/,"20 Old Bond Street, Bath, BA1 1BP",51.38275,-2.36092,,,overture,email,2,new,ok,"category ""Wholesale Store"" is not a travel-concierge listing — a recipient who was never the audience is the likeliest to report spam"
0f0cdfe61b7324f620cb,Younger For Life,Vitamins And Supplements,bath,Bath,GB,UK,support@youngerforlife.com,+61411272131,https://youngerforlife.com/a-years-supply-of-cal20/,"30 Gay St, Bath, BA1 2PA",51.38496,-2.36344,,,overture,email,2,new,ok,"category ""Vitamins And Supplements"" is not a travel-concierge listing — a recipient who was never the audience is the likeliest to report spam"
a00fcea1e929ad3aa14b,Ahorn Apotheke,Pharmacy,berlin,Schöneberg,DE,Europe,info@ahorn-apotheke-berlin-schoeneberg.de,+49 30 85729720,https://www.ahorn-apotheke-berlin-schoeneberg.de/,25 Innsbrucker Straße 10825 Berlin,52.48019,13.34281,,,osm,email,2,new,ok,"category ""Pharmacy"" is not a travel-concierge listing — a recipient who was never the audience is the likeliest to report spam"
111b777012982f9ae520,Albrecht-Apotheke,Pharmacy,berlin,Tempelhof,DE,Europe,info@albrecht-apotheke.de,+49 30 7518014,https://www.albrecht-apotheke-berlin.de/,179 Tempelhofer Damm 12099 Berlin,52.46099,13.38514,,,osm,email,2,new,ok,"category ""Pharmacy"" is not a travel-concierge listing — a recipient who was never the audience is the likeliest to report spam"
8b8a2b10845ee016ff43,Apotheke Carmer-7,Pharmacy,berlin,Charlottenburg,DE,Europe,post@apotheke-carmer-7.de,+49 30 31809444,https://www.apotheke-carmer-7.de/,7 Carmerstraße 10623 Berlin,52.50689,13.32345,,,osm,email,2,new,ok,"category ""Pharmacy"" is not a travel-concierge listing — a recipient who was never the audience is the likeliest to report spam"
071ad2ac51ebb1943989,Apotheke Goltzstraße,Pharmacy,berlin,Schöneberg,DE,Europe,info@apogoltzstrasse.de,+49 30 275757590,https://www.apogoltzstrasse.de/,35 Goltzstraße 10781 Berlin,52.49392,13.35361,,,osm,email,2,new,ok,"category ""Pharmacy"" is not a travel-concierge listing — a recipient who was never the audience is the likeliest to report spam"
677ceaa0c95536f6a1e5,Apotheke am Hansaplatz,Pharmacy,berlin,Hansaviertel,DE,Europe,info@apothekeamhansaplatz.de,+49303925051,http://apothekeamhansaplatz.de/,5 Bartningallee 10557 Berlin,52.51877,13.34292,,,osm,email,2,new,ok,"category ""Pharmacy"" is not a travel-concierge listing — a recipient who was never the audience is the likeliest to report spam"
286f4e6a301837fefc60,Apotheke am Koppenplatz,Pharmacy,berlin,,DE,Europe,wolfgang.weidlich@aponet.de,+4930 2859831 3,http://www.wolfgang-weidlich.de/,,52.52749,13.39782,,,osm,email,2,new,ok,"category ""Pharmacy"" is not a travel-concierge listing — a recipient who was never the audience is the likeliest to report spam"
6b1b06ab5f0533f08947,Apotheke am Ostkreuz,Pharmacy,berlin,Friedrichshain,DE,Europe,kontakt@mirbach-apotheke.de,+4930 2916212,http://www.apotheke-am-ostkreuz.de/,12 Sonntagstraße 10245 Berlin,52.50624,13.46588,,,osm,email,2,new,ok,"category ""Pharmacy"" is not a travel-concierge listing — a recipient who was never the audience is the likeliest to report spam"
c915d76b96a16a814dfc,Apotheke am Strausberger Platz,Pharmacy,berlin,Friedrichshain,DE,Europe,info@strausberger-platz-berlin.de,+49 30 249 38 63,https://www.strausberger-platz-berlin.de/,11-12 Strausberger Platz 10243 Berlin,52.51778,13.42922,,,osm,email,2,new,ok,"category ""Pharmacy"" is not a travel-concierge listing — a recipient who was never the audience is the likeliest to report spam"
04ac5180a78649f59858,Apotheke am Viktoria-Luise-Platz,Pharmacy,berlin,Schöneberg,DE,Europe,mail@apoviktoria.de,+49 30 21967226,https://www.apoviktoria.de/,9 Viktoria-Luise-Platz 10777 Berlin,52.49525,13.34107,,,osm,email,2,new,ok,"category ""Pharmacy"" is not a travel-concierge listing — a recipient who was never the audience is the likeliest to report spam"
32f0142c2fc4b07b0318,Apotheke im Bismarck-Karree,Pharmacy,berlin,Charlottenburg,DE,Europe,info@bismarckapotheke.de,+493039888330,http://bismarckapotheke.de,45-47 Bismarckstraße 10627 Berlin,52.51171,13.30462,,,osm,email,2,new,ok,"category ""Pharmacy"" is not a travel-concierge listing — a recipient who was never the audience is the likeliest to report spam"
9885a6c4fe733e3f23d3,Apotheke im Polikum Friedenau,Pharmacy,berlin,,DE,Europe,apotheke@policum.berlin,+49 30 720110810,https://apotheke-im-polikum-friedenau.de/,12157,52.46381,13.34491,,,osm,email,2,new,ok,"category ""Pharmacy"" is not a travel-concierge listing — a recipient who was never the audience is the likeliest to report spam"
af5a44e7cc940767ff9e,Apotheke im Schultheiss Quartier,Pharmacy,berlin,Berlin,DE,Europe,SQ@premium-apotheken-berlin.de,+49 30 91692333,https://www.premium-apotheken-berlin.de/apotheken/apotheke-im-schultheiss-quartier/,14 Stromstraße 10551 Berlin,52.52812,13.34369,,,osm,email,2,new,ok,"category ""Pharmacy"" is not a travel-concierge listing — a recipient who was never the audience is the likeliest to report spam"
b25df680e4c8c665d408,Aschenbachs Apotheke,Pharmacy,berlin,Mitte,DE,Europe,apo@aschenbachs.de,+49 30 20455100,https://www.aschenbachs-apotheke.de/,25 Georgenstraße 10117 Berlin,52.51969,13.38745,,,osm,email,2,new,ok,"category ""Pharmacy"" is not a travel-concierge listing — a recipient who was never the audience is the likeliest to report spam"
2a6d6e2b1b7b0d6f5f10,BEZIRKSapotheke,Pharmacy,berlin,Friedrichshain,DE,Europe,friedrichshain@bezirksapotheke.de,+49 30 2962024,https://www.bezirksapotheke.de/am-friedrichshain/,27 Warschauer Straße 10243 Berlin,52.51019,13.45115,,,osm,email,2,new,ok,"category ""Pharmacy"" is not a travel-concierge listing — a recipient who was never the audience is the likeliest to report spam"
954614985adae0582834,Burger Apotheke,Pharmacy,berlin,Friedenau,DE,Europe,service4u@burger-apotheke.de,+49 30 8516305,https://www.burger-apotheke.de/,92 Bundesallee 12161 Berlin,52.46723,13.328,,,osm,email,2,new,ok,"category ""Pharmacy"" is not a travel-concierge listing — a recipient who was never the audience is the likeliest to report spam"
af4166e275955bfd68cd,Easy Apotheke,Pharmacy,berlin,Neukölln,DE,Europe,berlin-kottbusser@easyapotheken.de,+49 30 69814634,https://kottbusser-damm.easyapotheken.de/,78 Kottbusser Damm 10967 Berlin,52.49123,13.42349,,,osm,email,2,new,ok,"category ""Pharmacy"" is not a travel-concierge listing — a recipient who was never the audience is the likeliest to report spam"
abb0213814acdede65a4,Falken-Apotheke,Pharmacy,berlin,,DE,Europe,faw@bk-apo.de,+4930 927993 30,https://www.bk-apo.de/,,52.55374,13.47518,,,osm,email,2,new,ok,"category ""Pharmacy"" is not a travel-concierge listing — a recipient who was never the audience is the likeliest to report spam"
e7e90afa0b43cee5f616,Feurig-Apotheke,Pharmacy,berlin,Schöneberg,DE,Europe,service@feurig-apotheke.de,+49 30 78709309,https://feurig-apotheke.de/,131 Hauptstraße 10827 Berlin,52.48436,13.35337,,,osm,email,2,new,ok,"category ""Pharmacy"" is not a travel-concierge listing — a recipient who was never the audience is the likeliest to report spam"
7fd0b13cd8db0a0d9374,Fischerinsel-Apotheke,Pharmacy,berlin,Mitte,DE,Europe,gesundheit@fischerinsel-apotheke.de,+49 30 76 77 18 44,http://fischerinsel-apotheke.de/,19 Gertraudenstraße 10178 Berlin,52.51338,13.40535,,,osm,email,2,new,ok,"category ""Pharmacy"" is not a travel-concierge listing — a recipient who was never the audience is the likeliest to report spam"
f07cb9b250daaab52bf0,Friedrichstadt Apotheke,Pharmacy,berlin,Berlin,DE,Europe,info@friedrichstadtapotheke.de,+49 30 2045282 0,https://www.friedrichstadtapotheke.de/,4 Glinkastraße 10117 Berlin,52.51177,13.38688,,,osm,email,2,new,ok,"category ""Pharmacy"" is not a travel-concierge listing — a recipient who was never the audience is the likeliest to report spam"
6faac896bce1a2f8b38a,Galenus-Apotheke,Pharmacy,berlin,,DE,Europe,info@galenus-berlin.de,+49 30 2827871,https://galenus-berlin.de/,,52.52363,13.38672,,,osm,email,2,new,ok,"category ""Pharmacy"" is not a travel-concierge listing — a recipient who was never the audience is the likeliest to report spam"
77f86823e217ca2f8f2a,Glasow-Apotheke,Pharmacy,berlin,Neukölln,DE,Europe,katzurralf@gmail.com,+49 30 6257073,https://www.glasow-apotheke-berlin.de/,144 Hermannstraße 12051 Berlin,52.46395,13.43364,,,osm,email,2,new,ok,"category ""Pharmacy"" is not a travel-concierge listing — a recipient who was never the audience is the likeliest to report spam"
a7658aad6ce13b472d96,Goeben-Apotheke,Pharmacy,berlin,Schöneberg,DE,Europe,goeben-apotheke@arcor.de,+49 30 2162454,https://www.goeben-apotheke.de,15a Goebenstraße 10783 Berlin,52.4932,13.36672,,,osm,email,2,new,ok,"category ""Pharmacy"" is not a travel-concierge listing — a recipient who was never the audience is the likeliest to report spam"
4a1644c6a4dc5a3a074e,Grüne Apotheke,Pharmacy,berlin,Berlin,DE,Europe,treptow@docmorris-apotheke.de,+49 30 53212201,http://www.docmorris-apotheke.de/de/apotheken/list/berlin/treptow/,111 Elsenstraße 12435 Berlin,52.49071,13.45673,,,osm,email,2,new,ok,"category ""Pharmacy"" is not a travel-concierge listing — a recipient who was never the audience is the likeliest to report spam"
16b65e8c20640c27bb66,Helianthus-Apotheke,Pharmacy,berlin,Friedenau,DE,Europe,hemmati.helianthus@yahoo.com,+49 30 89726932,https://www.helianthus-apotheke-berlin.de/,27 Rheinstraße 12161 Berlin,52.46758,13.33085,,,osm,email,2,new,ok,"category ""Pharmacy"" is not a travel-concierge listing — a recipient who was never the audience is the likeliest to report spam"
f2686665492235450651,Hohenzollerndamm Apotheke,Pharmacy,berlin,Schmargendorf,DE,Europe,info@hohenzollerndamm-apotheke.de,+49 30 8243143,http://www.hohenzollerndamm-apo.de/,56 Hohenzollerndamm 14199 Berlin,52.48667,13.29756,,,osm,email,2,new,ok,"category ""Pharmacy"" is not a travel-concierge listing — a recipient who was never the audience is the likeliest to report spam"
983c5f17eda977e8b92f,Kabbalah Center Berlin,Place Of Worship,berlin,Schöneberg,DE,Europe,kcberlin@kabbalah.com,+493078713580,http://berlin.kabbalah.com/,"27, Eingang E Hauptstraße 10827 Berlin",52.4861,13.35409,,,osm,email,2,new,ok,"category ""Place Of Worship"" is not a travel-concierge listing — a recipient who was never the audience is the likeliest to report spam"
cebed607017365441d1e,Kaiser Apotheke,Pharmacy,berlin,Berlin,DE,Europe,mail@kaiser-apotheke-berlin.de,+49 30 6937881,https://kaiser-apotheke-berlin.de,23 Bergmannstraße 10961 Berlin,52.48894,13.39396,,,osm,email,2,new,ok,"category ""Pharmacy"" is not a travel-concierge listing — a recipient who was never the audience is the likeliest to report spam"
4928388ea8a2f3c49710,Leo Apotheke,Pharmacy,berlin,Wedding,DE,Europe,info@leoapotheke.de,+49304532177,https://www.leoapotheke.de/,152 Müllerstraße 13353 Berlin,52.54642,13.35866,,,osm,email,2,new,ok,"category ""Pharmacy"" is not a travel-concierge listing — a recipient who was never the audience is the likeliest to report spam"
1c28b07562ce1f8343fe,Lilas Apotheke,Pharmacy,berlin,Charlottenburg,DE,Europe,info@lilas-apotheke.de,+49 30 3134010,http://www.lilas-apotheke.de/,93 Knesebeckstraße 10623 Berlin,52.50888,13.32318,,,osm,email,2,new,ok,"category ""Pharmacy"" is not a travel-concierge listing — a recipient who was never the audience is the likeliest to report spam"
4e464ad580225e09f3e2,Luna Apotheke,Pharmacy,berlin,Plänterwald,DE,Europe,info@luna-apotheke-berlin.de,+49 30 5369810 0,https://www.luna-apotheke-berlin.de/,40 Am Treptower Park 12435 Berlin,52.48572,13.46606,,,osm,email,2,new,ok,"category ""Pharmacy"" is not a travel-concierge listing — a recipient who was never the audience is the likeliest to report spam"
9d82bac59824a40ef09c,MediosApotheke,Pharmacy,berlin,Berlin,DE,Europe,an-der-charite@mediosapotheke.de,+49 30 28390048,https://www.mediosapotheke.de/,54/55 Luisenstraße 10117 Berlin,52.52472,13.37946,,,osm,email,2,new,ok,"category ""Pharmacy"" is not a travel-concierge listing — a recipient who was never the audience is the likeliest to report spam"
99add73fbe2f2f3f8741,MediosApotheke,Pharmacy,berlin,Mitte,DE,Europe,oranienburger-tor@mediosapotheke.de,+49302833530,https://www.mediosapotheke.de/,113A Friedrichstraße 10117 Berlin,52.52609,13.38755,,,osm,email,2,new,ok,"category ""Pharmacy"" is not a travel-concierge listing — a recipient who was never the audience is the likeliest to report spam"
e2db3c9d4085f45ca70a,MediosApotheke Hackescher Markt,Pharmacy,berlin,Mitte,DE,Europe,hackescher-markt@mediosapotheke.de,+49 30 2827876,http://www.mediosapotheke.de/,46-47 Rosenthaler Straße 10178 Berlin,52.52459,13.40324,,,osm,email,2,new,ok,"category ""Pharmacy"" is not a travel-concierge listing — a recipient who was never the audience is the likeliest to report spam"
02166ce17802258ab74d,Meine Apotheke,Pharmacy,berlin,Wilmersdorf,DE,Europe,info@apotheke-am-olivaer-platz.de,+49 30 8814410,http://www.apotheke-am-olivaer-platz.de,17 Olivaer Platz 10707 Berlin,52.49969,13.31259,,,osm,email,2,new,ok,"category ""Pharmacy"" is not a travel-concierge listing — a recipient who was never the audience is the likeliest to report spam"
37481dbce254930912af,Merlin-Apotheke,Pharmacy,berlin,,DE,Europe,info@merlin-apotheke-berlin-mitte.de,,https://www.merlin-apotheke-berlin-mitte.de/,13 Linienstraße,52.52679,13.41494,,,osm,email,2,new,ok,"category ""Pharmacy"" is not a travel-concierge listing — a recipient who was never the audience is the likeliest to report spam"
fa6d28445ef8d6f28043,Minerva-Apotheke,Pharmacy,berlin,Charlottenburg,DE,Europe,farhadrasta@yahoo.de,+49 30 3124835,,135 Wilmersdorfer Straße 10627 Berlin,52.51117,13.30552,,,osm,email,2,new,ok,"category ""Pharmacy"" is not a travel-concierge listing — a recipient who was never the audience is the likeliest to report spam"
6b4417d9895e00b720f7,Mörike Apotheke,Pharmacy,berlin,Berlin,DE,Europe,service@moerike-apotheke.de,+49 30 53699720,https://www.moerike-apotheke.de/,90-91 Baumschulenstraße 12437 Berlin,52.46592,13.48705,,,osm,email,2,new,ok,"category ""Pharmacy"" is not a travel-concierge listing — a recipient who was never the audience is the likeliest to report spam"
9a30817be6870797d0f4,Möwen-Apotheke,Pharmacy,berlin,Berlin,DE,Europe,moewen-apotheke@gmx.de,+49 30 8230 9019,http://www.moewen-apotheke-berlin-wilmersdorf-schmargendorf.de/,1 Helgolandstraße 14199 Berlin,52.47297,13.29916,,,osm,email,2,new,ok,"category ""Pharmacy"" is not a travel-concierge listing — a recipient who was never the audience is the likeliest to report spam"
900137797649e369c079,Neue Synagoge,Place Of Worship,berlin,Berlin,DE,Europe,office@centrumjudaicum.de,+49 30 88028300,https://centrumjudaicum.de/,28-30 Oranienburger Straße 10117 Berlin,52.52499,13.39432,,,osm,email,2,new,ok,"category ""Place Of Worship"" is not a travel-concierge listing — a recipient who was never the audience is the likeliest to report spam"
66e7a70aabf857877097,Nikolaikirche,Place Of Worship,berlin,Mitte,DE,Europe,poststelle@stadtmuseum.de,+49 30 24002162,http://www.stadtmuseum.de/nikolaikirche,Nikolaikirchplatz 10178 Berlin,52.51682,13.40751,,,osm,email,2,new,ok,"category ""Place Of Worship"" is not a travel-concierge listing — a recipient who was never the audience is the likeliest to report spam"
ff13caa73053a83dbb92,Nordkreuz Apotheke,Pharmacy,berlin,,DE,Europe,info@nordkreuz-apotheke.de,+49 30 499 17 111,https://www.nordkreuz-apotheke.de/,Hanne-Sobek-Platz 13357,52.54837,13.38875,,,osm,email,2,new,ok,"category ""Pharmacy"" is not a travel-concierge listing — a recipient who was never the audience is the likeliest to report spam"
75e0966568b2626f2aa3,Nordland Apotheke,Pharmacy,berlin,Berlin,DE,Europe,info@nordlandapotheke-berlin.de,+49 30 282 30 48,https://nordlandapotheke-berlin.de/,114 Invalidenstraße 10115 Berlin,52.5307,13.38412,,,osm,email,2,new,ok,"category ""Pharmacy"" is not a travel-concierge listing — a recipient who was never the audience is the likeliest to report spam"
e7a368d32e53e933f90e,Opernviertel-Apotheke,Pharmacy,berlin,Charlottenburg,DE,Europe,info@opernviertel-apotheke.de,+49 30 3421513,https://www.opernviertel-apotheke.de/,30 Bismarckstraße 10625 Berlin,52.5121,13.31052,,,osm,email,2,new,ok,"category ""Pharmacy"" is not a travel-concierge listing — a recipient who was never the audience is the likeliest to report spam"
3e38ca67ec500fec4e9c,Paul Gerhardt Apotheke,Pharmacy,berlin,,DE,Europe,info@paul-gerhardt-apotheke.de,+493045798050,https://www.pga.berlin/,,52.55432,13.34563,,,osm,email,2,new,ok,"category ""Pharmacy"" is not a travel-concierge listing — a recipient who was never the audience is the likeliest to report spam"
b9387f1b3ed74c580490,Pharmland-Apotheke,Pharmacy,berlin,Friedrichsfelde,DE,Europe,lichtenberg@pharmland.de,+49 30 67302370,https://www.lichtenberg.pharmland.de/lichtenbergpharmland,4 Sewanstraße 10319 Berlin,52.4997,13.49697,,,osm,email,2,new,ok,"category ""Pharmacy"" is not a travel-concierge listing — a recipient who was never the audience is the likeliest to report spam"
6ff47b0f234ee6bd3bea,Prager Apotheke,Pharmacy,berlin,Berlin,DE,Europe,roland_apotheke_berlin@yahoo.de,+49 30 2112337,https://prager-apotheke-berlin.de/,1-3 10779 Berlin,52.49385,13.33266,,,osm,email,2,new,ok,"category ""Pharmacy"" is not a travel-concierge listing — a recipient who was never the audience is the likeliest to report spam"
9e86708e57d2237fe729,Quartier Apotheke Maaßenstraße,Pharmacy,berlin,Schöneberg,DE,Europe,maassenstrasse@quartier-apotheke.de,+49 30 21 63 453,https://www.quartier-apotheke.de/,3 Maaßenstraße 10777 Berlin,52.4986,13.35443,,,osm,email,2,new,ok,"category ""Pharmacy"" is not a travel-concierge listing — a recipient who was never the audience is the likeliest to report spam"
6387c9d2c8203d44849e,Rosegger-Apotheke,Pharmacy,berlin,Berlin,DE,Europe,kontakt@rosegger-apotheke.de,+49 30 68237037,https://www.rosegger-apotheke.de/,144 Sonnenallee 12059 Berlin,52.47895,13.44518,,,osm,email,2,new,ok,"category ""Pharmacy"" is not a travel-concierge listing — a recipient who was never the audience is the likeliest to report spam"
cc1bb0e8f700dbb6f798,Sky Apotheke am Antonplatz,Pharmacy,berlin,Weißensee,DE,Europe,kontakt@apotheke-am-antonplatz.de,+49 30 9251515,https://www.apotheke-am-antonplatz.de/,1 Langhansstraße 13086 Berlin,52.54875,13.45068,,,osm,email,2,new,ok,"category ""Pharmacy"" is not a travel-concierge listing — a recipient who was never the audience is the likeliest to report spam"
feab2381bbe0ed2544b8,Sonnenapotheke,Pharmacy,berlin,Berlin,DE,Europe,info@sonnen-apotheke-berlin.eu,+49 30 62728330,https://www.sonnen-apotheke-berlin-neukoelln.de/,76 Sonnenallee 12045 Berlin,52.48357,13.43584,,,osm,email,2,new,ok,"category ""Pharmacy"" is not a travel-concierge listing — a recipient who was never the audience is the likeliest to report spam"
78f6ba6861467db3910a,Stern Apotheke,Pharmacy,berlin,Baumschulenweg,DE,Europe,info@sternapotheke-berlin.de,+49 30 53027866,https://www.sternapotheke-berlin.de/,96 Baumschulenstraße 12437 Berlin,52.46712,13.48864,,,osm,email,2,new,ok,"category ""Pharmacy"" is not a travel-concierge listing — a recipient who was never the audience is the likeliest to report spam"
789d8fdcf96a4763cd2b,Sylter Apotheke,Pharmacy,berlin,Wilmersdorf,DE,Europe,kontakt@sylter-apotheke.de,+4930 8614211,https://www.sylter-apotheke.de/,37 Berliner Straße 10715 Berlin,52.48666,13.32151,,,osm,email,2,new,ok,"category ""Pharmacy"" is not a travel-concierge listing — a recipient who was never the audience is the likeliest to report spam"
06f6245cd266eb00c256,Thüringer Apotheke,Pharmacy,berlin,Wilmersdorf,DE,Europe,kontakt@thueringer-apotheke.de,+49 30 8534290,https://thueringer-apotheke.de,13 Mainzer Straße 10715 Berlin,52.47975,13.32656,,,osm,email,2,new,ok,"category ""Pharmacy"" is not a travel-concierge listing — a recipient who was never the audience is the likeliest to report spam"
c49e4d41c362c3c2c6a5,Titania Apotheke,Pharmacy,berlin,Steglitz,DE,Europe,titania-apotheke-berlin@t-online.de,+49 30 7917091,http://www.titania-apotheke.de/,3 Markelstraße 12163 Berlin,52.46369,13.32616,,,osm,email,2,new,ok,"category ""Pharmacy"" is not a travel-concierge listing — a recipient who was never the audience is the likeliest to report spam"
93af686147f2e244c16a,Warschauer Apotheke,Pharmacy,berlin,Friedrichshain,DE,Europe,warschauer-apotheke@web.de,+49 30 26948789,,56 Warschauer Straße 10243 Berlin,52.50901,13.45144,,,osm,email,2,new,ok,"category ""Pharmacy"" is not a travel-concierge listing — a recipient who was never the audience is the likeliest to report spam"
0bdbd2588f0eba923d3b,Werbellin-Apotheke,Pharmacy,berlin,Neukölln,DE,Europe,info@werbellin-apotheke.de,+49 30 6221067,https://www.werbellin-apotheke.de,52 Hermannstraße 12049 Berlin,52.47765,13.42586,,,osm,email,2,new,ok,"category ""Pharmacy"" is not a travel-concierge listing — a recipient who was never the audience is the likeliest to report spam"
712e42fac63d9a40dac2,Wildenbruch Apotheke,Pharmacy,berlin,Neukölln,DE,Europe,wildenbruch.apotheke@yahoo.de,+49 30 6872124,https://www.wildenbruch-apotheke-berlin.de/,105 Sonnenallee 12045 Berlin,52.48189,13.44015,,,osm,email,2,new,ok,"category ""Pharmacy"" is not a travel-concierge listing — a recipient who was never the audience is the likeliest to report spam"
d76cb24205b123e16a4e,Zedern-Apotheke,Pharmacy,berlin,Berlin,DE,Europe,e-mail@zedernapotheke.de,+49307828670,https://www.zedernapotheke.de/,48 Gustav-Müller-Straße 10829 Berlin,52.4852,13.36271,,,osm,email,2,new,ok,"category ""Pharmacy"" is not a travel-concierge listing — a recipient who was never the audience is the likeliest to report spam"
a8a1c64dcfc063e3f981,easyApotheke,Pharmacy,berlin,Berlin,DE,Europe,neukoellnarcaden@easyapotheken.de,+493069572000,https://neukoellnarcaden.easyapotheken.de/,66 Karl-Marx-Straße 12043 Berlin,52.48189,13.43185,,,osm,email,2,new,ok,"category ""Pharmacy"" is not a travel-concierge listing — a recipient who was never the audience is the likeliest to report spam"
ed5680d76dd30755437c,Achillea Gyógyszertár,Pharmacy,budapest,,HU,Europe,achilleagyogyszertar@gmail.com,+36 1 368 9640,,,47.54803,19.04407,,,osm,email,2,new,ok,"category ""Pharmacy"" is not a travel-concierge listing — a recipient who was never the audience is the likeliest to report spam"
327d0ab5dec145acad53,Alkotás gyógyszertár,Pharmacy,budapest,,HU,Europe,delipatikakft@gmail.com,+36 1 397 7884,,,47.4924,19.02383,,,osm,email,2,new,ok,"category ""Pharmacy"" is not a travel-concierge listing — a recipient who was never the audience is the likeliest to report spam"
1de8020d6868cba0db7e,Arany Elefánt Gyógyszertár,Pharmacy,budapest,,HU,Europe,dr.shihab@t-online.hu,+36 1 323 0031,http://aranyelefantpatika.hu,,47.4892,19.08968,,,osm,email,2,new,ok,"category ""Pharmacy"" is not a travel-concierge listing — a recipient who was never the audience is the likeliest to report spam"
2fbc319d311797e2ee42,Arany Páva Gyógyszertár,Pharmacy,budapest,Budapest,HU,Europe,arany@pavapatika.hu,+36 1 323 0380,https://arany.pavapatika.hu,3 Vágóhíd utca 1097 Budapest,47.4719,19.07717,,,osm,email,2,new,ok,"category ""Pharmacy"" is not a travel-concierge listing — a recipient who was never the audience is the likeliest to report spam"
c9bf269bf4474c4da26b,Aranypajzs patika,Pharmacy,budapest,Budapest,HU,Europe,aranypajzs.bp@gmail.com,+36 1 322 1332,https://www.aranypajzs.hu/,16 Thököly út 1076 Budapest,47.50207,19.08451,,,osm,email,2,new,ok,"category ""Pharmacy"" is not a travel-concierge listing — a recipient who was never the audience is the likeliest to report spam"
11cdf5c81fab75befc65,BENU Lónyay Patika,Pharmacy,budapest,Budapest,HU,Europe,lonyay.patika@gmail.com,+36 1 216 2144,https://benu.hu/lonyay-patika-budapest-ix,5 Lónyay utca 1093 Budapest,47.48805,19.06064,,,osm,email,2,new,ok,"category ""Pharmacy"" is not a travel-concierge listing — a recipient who was never the audience is the likeliest to report spam"
f6bcd8540df6234de56d,Bartók Non-stop Gyógyszertár,Pharmacy,budapest,,HU,Europe,bartoknonstop@gmail.com,+36 1 406 9367,https://kulcspatikak.hu/patikakereso#239,,47.47378,19.03666,,,osm,email,2,new,ok,"category ""Pharmacy"" is not a travel-concierge listing — a recipient who was never the audience is the likeliest to report spam"
047e837f695d0bd45036,Batthyány Gyógyszertár,Pharmacy,budapest,Budapest,HU,Europe,batthyanypatika@gmail.com,+36 1 225 1365,,5 Batthyány tér 1011 Budapest,47.506,19.0375,,,osm,email,2,new,ok,"category ""Pharmacy"" is not a travel-concierge listing — a recipient who was never the audience is the likeliest to report spam"
cd910ad65617a0ab341c,Belvárosi Gyógyszertár,Pharmacy,budapest,Budapest,HU,Europe,info@belvarosigyogyszertar.hu,+36 1 318 2986,https://www.belvarosigyogyszertar.hu/,5 Szervita tér 1052 Budapest,47.49507,19.05303,,,osm,email,2,new,ok,"category ""Pharmacy"" is not a travel-concierge listing — a recipient who was never the audience is the likeliest to report spam"
7eb69b8f1bcce2ad1906,Belvárosi Nagyboldogasszony-templom,Place Of Worship,budapest,,HU,Europe,belvarosiplebania@gmail.com,+36 1 318 3108,https://www.belvarosiplebania.hu/,,47.49223,19.05229,,,osm,email,2,new,ok,"category ""Place Of Worship"" is not a travel-concierge listing — a recipient who was never the audience is the likeliest to report spam"
69996fd8b88289beafc0,Benu,Pharmacy,budapest,Budapest,HU,Europe,katapatika@freemail.hu,+36 1 460 0597,http://www.stadiongyogyszertar.hu,24 Kerepesi út 1148 Budapest,47.50045,19.10859,,,osm,email,2,new,ok,"category ""Pharmacy"" is not a travel-concierge listing — a recipient who was never the audience is the likeliest to report spam"
bedd83e184590c196a4a,Benu,Pharmacy,budapest,Budapest,HU,Europe,beketeri@benugyogyszertar.hu,+36 1 320 8006,,74-76 Lehel utca 1135 Budapest,47.52955,19.08004,,,osm,email,2,new,ok,"category ""Pharmacy"" is not a travel-concierge listing — a recipient who was never the audience is the likeliest to report spam"
e87e89342a855506d0d0,Benu,Pharmacy,budapest,Budapest,HU,Europe,csillagpatika@mail.pharmanet.hu,+36 1 314 3695,,39 Rákóczi út 1088 Budapest,47.49709,19.07103,,,osm,email,2,new,ok,"category ""Pharmacy"" is not a travel-concierge listing — a recipient who was never the audience is the likeliest to report spam"
f1c8e647ade6091e797a,Benu,Pharmacy,budapest,,HU,Europe,ujbudagyogyszertar@gmail.com,+36 1 205 3275,https://benu.hu,,47.45937,19.05106,,,osm,email,2,new,ok,"category ""Pharmacy"" is not a travel-concierge listing — a recipient who was never the audience is the likeliest to report spam"
8aba66267ad5deb06a6b,Benu,Pharmacy,budapest,,HU,Europe,bellapatikabudapest@gmail.com,+36 1 410 1937,https://benu.hu/bella-gyogyszertar,,47.54866,19.11684,,,osm,email,2,new,ok,"category ""Pharmacy"" is not a travel-concierge listing — a recipient who was never the audience is the likeliest to report spam"
08ad94f9b4614c4af1d8,Benu,Pharmacy,budapest,Budapest,HU,Europe,eteleplaza@benugyogyszertar.hu,+36 1 866 3206,https://benu.hu/benu-gyogyszertar-budapest-etele-plaza-budapest-xi,1 Hadak útja 1119 Budapest,47.46407,19.02403,,,osm,email,2,new,ok,"category ""Pharmacy"" is not a travel-concierge listing — a recipient who was never the audience is the likeliest to report spam"
d00690e3ec1181f274f3,Benu,Pharmacy,budapest,Budapest,HU,Europe,postmaster@kerek.t-online.hu,+36 1 210 5244,https://benu.hu/lurdy-korona-gyogyszertar-budapest-ix,12-14 Könyves Kálmán körút 1097 Budapest,47.47072,19.08546,,,osm,email,2,new,ok,"category ""Pharmacy"" is not a travel-concierge listing — a recipient who was never the audience is the likeliest to report spam"
da66461c01b7e12cd64d,Benu Gyógyszertár,Pharmacy,budapest,Budapest,HU,Europe,tetenyi@BENUgyogyszertar.hu,+36 1 203 4663,https://benu.hu/benu-gyogyszertar-budapest-malyva,63 Tétényi út 1119 Budapest,47.46404,19.03259,,,osm,email,2,new,ok,"category ""Pharmacy"" is not a travel-concierge listing — a recipient who was never the audience is the likeliest to report spam"
c55904f4f061ff3b2207,Benu Gyógyszertár Bp. Panacea,Pharmacy,budapest,Budapest,HU,Europe,panacea@BENUgyogyszertar.hu,+36 1 332 6964,https://benu.hu/shop/gyogyszertarak/benu-gyogyszertar-budapest-panacea,21 Hold utca 1054 Budapest,47.50605,19.05234,,,osm,email,2,new,ok,"category ""Pharmacy"" is not a travel-concierge listing — a recipient who was never the audience is the likeliest to report spam"
290026a9e1f677623a3a,Bimbó 1 Patika,Pharmacy,budapest,Budapest,HU,Europe,bimbopatikakft@gmail.com,+36 1 316 2080,https://www.bimbopatika.hu/,1 Bimbó út 1022 Budapest,47.51226,19.03039,,,osm,email,2,new,ok,"category ""Pharmacy"" is not a travel-concierge listing — a recipient who was never the audience is the likeliest to report spam"
77cdd1dfe83118b0ec63,Budai Aranymérleg Gyógyszertár,Pharmacy,budapest,Budapest,HU,Europe,aranymerleg96@freemail.hu,+36 1 204 1187,,82 Fehérvári út 1117 Budapest,47.46473,19.04336,,,osm,email,2,new,ok,"category ""Pharmacy"" is not a travel-concierge listing — a recipient who was never the audience is the likeliest to report spam"
f9d04eec32d8f03375b7,Campus Gyógyszertár,Pharmacy,budapest,Budapest,HU,Europe,kulcspatikacampus@gmail.com,+36 20 252 2190,https://kulcspatikak.hu,30 Hungária körút 1087 Budapest,47.4968,19.10791,,,osm,email,2,new,ok,"category ""Pharmacy"" is not a travel-concierge listing — a recipient who was never the audience is the likeliest to report spam"
7b1ce4970f704bc6d982,Caruel Újlak,Pharmacy,budapest,,HU,Europe,caruelujlakpatika@gmail.com,+36 1 250 5203,https://www.caruelujlakpatika.hu,,47.52802,19.03744,,,osm,email,2,new,ok,"category ""Pharmacy"" is not a travel-concierge listing — a recipient who was never the audience is the likeliest to report spam"
70b7eb4d880db12c0937,Csatárka BENU Gyógyszertár,Pharmacy,budapest,Budapest,HU,Europe,csatarkagyogyszertar@gmail.com,+36 1 325 8832,https://benu.hu/csatarka-gyogyszertar.html,51 Csatárka út 1025 Budapest,47.53034,19.00903,,,osm,email,2,new,ok,"category ""Pharmacy"" is not a travel-concierge listing — a recipient who was never the audience is the likeliest to report spam"
3f82424b28a7a5e32632,Damjanich Gyógyszertár,Pharmacy,budapest,Budapest,HU,Europe,damjanichgyogyszertar@freemail.hu,+36 1 322 8494,,39 Damjanich utca 1071 Budapest,47.50845,19.08044,,,osm,email,2,new,ok,"category ""Pharmacy"" is not a travel-concierge listing — a recipient who was never the audience is the likeliest to report spam"
30796e10a7820beee39f,Danubius gyógyszertár,Pharmacy,budapest,,HU,Europe,danubiuspatika@gmail.com,+36 1 237 0080,https://onlinepatikam.hu/danubius-patika-oldala,,47.54816,19.07361,,,osm,email,2,new,ok,"category ""Pharmacy"" is not a travel-concierge listing — a recipient who was never the audience is the likeliest to report spam"
3032a00b2e065f948b34,Dohány utcai zsinagóga,Place Of Worship,budapest,Budapest,HU,Europe,info@dohany-zsinagoga.hu,+36 1 413 1515,https://www.dohany-zsinagoga.hu/,2 Dohány utca 1074 Budapest,47.496,19.06072,,,osm,email,2,new,ok,"category ""Place Of Worship"" is not a travel-concierge listing — a recipient who was never the audience is the likeliest to report spam"
24984c255825349606b4,Déli Gyógyszertár,Pharmacy,budapest,Budapest,HU,Europe,info@deligyogyszertar.hu,+36 1 355 4691,https://deligyogyszertar.hu,1/b Alkotás utca 1123 Budapest,47.50052,19.02375,,,osm,email,2,new,ok,"category ""Pharmacy"" is not a travel-concierge listing — a recipient who was never the audience is the likeliest to report spam"
a60515cf3d54c21d5c70,Eiger Gyógyszertár,Pharmacy,budapest,Budapest,HU,Europe,eiger.patika@upcmail.hu,+36 1 350 6222,http://eiger-gyogyszertar.hu/,8-12 Révész utca 1138 Budapest,47.52731,19.05864,,,osm,email,2,new,ok,"category ""Pharmacy"" is not a travel-concierge listing — a recipient who was never the audience is the likeliest to report spam"
8fb5cf412394c58082d4,Epreskert,University,budapest,Budapest,HU,Europe,info@mke.hu,+36 1 353 0366,https://mke.hu/,26-28 Kmety György utca 1063 Budapest,47.51347,19.07078,,,osm,email,2,new,ok,"category ""University"" is not a travel-concierge listing — a recipient who was never the audience is the likeliest to report spam"
447f4fd7f05b15ad8a3e,Erkel Patika,Pharmacy,budapest,Budapest,HU,Europe,erkelpatika.budapest@gmail.com,+36 1 333 3362,,4 Luther utca 1087 Budapest,47.49755,19.07655,,,osm,email,2,new,ok,"category ""Pharmacy"" is not a travel-concierge listing — a recipient who was never the audience is the likeliest to report spam"
dc0d3984a1ac2c37d1b0,Etele Gyógyszertár,Pharmacy,budapest,,HU,Europe,etelepatika@gmail.com,+36 1 203 7243,http://etele-budapest-xi-kelenfold.gyongypatikak.hu/,,47.46506,19.0261,,,osm,email,2,new,ok,"category ""Pharmacy"" is not a travel-concierge listing — a recipient who was never the audience is the likeliest to report spam"
9b72be3da042b86627de,Európa Gyógyszertár (Pharma Expressz Kft.),Pharmacy,budapest,Budapest,HU,Europe,info@europa-patika.hu,+36 1 456 0843,https://www.pharmaexpressz.hu/,2 Fiumei út 1081 Budapest,47.49906,19.08078,,,osm,email,2,new,ok,"category ""Pharmacy"" is not a travel-concierge listing — a recipient who was never the audience is the likeliest to report spam"
906d39c83658d3f85f6f,Fehérvár gyógyszertár,Pharmacy,budapest,Budapest,HU,Europe,info@fehervargyogyszertar.hu,+36 1 209 5651,https://fehervargyogyszertar.hu/,12 Fehérvári út 1117 Budapest,47.47544,19.04716,,,osm,email,2,new,ok,"category ""Pharmacy"" is not a travel-concierge listing — a recipient who was never the audience is the likeliest to report spam"
b2ff9bba6335f6585a77,Ferencvárosi Gyógyszertár,Pharmacy,budapest,Budapest,HU,Europe,ferpatika@gmail.com,+36 1 215 9954,,65-67 Üllői út 1091 Budapest,47.48389,19.07501,,,osm,email,2,new,ok,"category ""Pharmacy"" is not a travel-concierge listing — a recipient who was never the audience is the likeliest to report spam"
0d6a556870bec1ae6676,Fodor Gyógyszertár,Pharmacy,budapest,Budapest,HU,Europe,info@fodorgyogyszertar.hu,+36 1 273 0800,https://www.fodorgyogyszertar.hu/,44 Erzsébet királyné útja 1142 Budapest,47.5244,19.10324,,,osm,email,2,new,ok,"category ""Pharmacy"" is not a travel-concierge listing — a recipient who was never the audience is the likeliest to report spam"
a904cd5276d568f9eb0d,Gizella Patika,Pharmacy,budapest,Budapest,HU,Europe,gizellapatika@freemail.hu,+36 1 222 5160;+36 1 251 2968,http://gizellagyogyszertar.hu,87 Thököly út 1146 Budapest,47.51029,19.09759,,,osm,email,2,new,ok,"category ""Pharmacy"" is not a travel-concierge listing — a recipient who was never the audience is the likeliest to report spam"
a1bc20487f2282eac3ce,Glória gyógyszertár,Pharmacy,budapest,Budapest,HU,Europe,gloria1gyogyszertar@gmail.com,+36 1 212 3881,https://kulcspatikak.hu/,54 Margit körút 1027 Budapest,47.51056,19.0315,,,osm,email,2,new,ok,"category ""Pharmacy"" is not a travel-concierge listing — a recipient who was never the audience is the likeliest to report spam"
b7760112a7ac5b10703f,Gyógyszertár,Pharmacy,budapest,Budapest,HU,Europe,madach@BENUgyogyszertar.hu,+36 1 322 6826,https://benu.hu/benu-gygyszertar-budapest-madach-ter,13-15 Károly körút 1075 Budapest,47.4969,19.05699,,,osm,email,2,new,ok,"category ""Pharmacy"" is not a travel-concierge listing — a recipient who was never the audience is the likeliest to report spam"
40508e8065b28a795cd0,Gömbpatika Gyógyszertár,Pharmacy,budapest,Budapest,HU,Europe,gombpatika@gmail.com,+36 1 814 5440,,46 Gömb utca 1139 Budapest,47.52876,19.07834,,,osm,email,2,new,ok,"category ""Pharmacy"" is not a travel-concierge listing — a recipient who was never the audience is the likeliest to report spam"
931a929a9f3ada210228,Hóvirág patika,Pharmacy,budapest,Budapest,HU,Europe,patika@hoviragpatika.hu,+36 1 249 2871,http://hoviragpatika.hu,5 Rácz Aladár út 1121 Budapest,47.48296,18.99656,,,osm,email,2,new,ok,"category ""Pharmacy"" is not a travel-concierge listing — a recipient who was never the audience is the likeliest to report spam"
b42c286c0b67781a8052,Karolina Gyógyszertár,Pharmacy,budapest,Budapest,HU,Europe,info@karolina-gyogyszertar.hu,+36 1 365 3110,http://www.karolina-gyogyszertar.hu,2/c Karolina út 1113 Budapest,47.48215,19.03029,,,osm,email,2,new,ok,"category ""Pharmacy"" is not a travel-concierge listing — a recipient who was never the audience is the likeliest to report spam"
f56ef7b193ffad8eb705,Kolónia Gyógyszertár,Pharmacy,budapest,Budapest,HU,Europe,kolonia.patika@freemail.hu,+36 1 333 9184,,42 Orczy út 1089 Budapest,47.48554,19.09309,,,osm,email,2,new,ok,"category ""Pharmacy"" is not a travel-concierge listing — a recipient who was never the audience is the likeliest to report spam"
daedf0991fa120ca2421,Kristály Gyógyszertár,Pharmacy,budapest,Budapest,HU,Europe,kristaly@armoraciamed.hu,+36 1 361 4163,https://szimpatika.hu/kristaly-gyogyszertar-bp-xi-ker,6 Kondorosi út 1116 Budapest,47.45032,19.04244,,,osm,email,2,new,ok,"category ""Pharmacy"" is not a travel-concierge listing — a recipient who was never the audience is the likeliest to report spam"
5381dcbb13fbfc1989c3,Kulcs Patika (PharmaPlaza) Mester gyógyszertár,Pharmacy,budapest,Budapest,HU,Europe,info@pharmaplaza.hu,+36 30 817 5568,https://www.pharmaplaza.hu/,51 Mester utca 1095 Budapest,47.47626,19.07677,,,osm,email,2,new,ok,"category ""Pharmacy"" is not a travel-concierge listing — a recipient who was never the audience is the likeliest to report spam"
9cb6233f1cae7722a32b,Kígyó Patika,Pharmacy,budapest,Budapest,HU,Europe,kigyopatikabt@t-online.hu,+36 1 318 5679,https://kigyo-patika.hu/,2/a Kossuth Lajos utca 1053 Budapest,47.49346,19.05599,,,osm,email,2,new,ok,"category ""Pharmacy"" is not a travel-concierge listing — a recipient who was never the audience is the likeliest to report spam"
3c43fec50edd0fe238da,Körönd Gyógyszertár,Pharmacy,budapest,Budapest,HU,Europe,korondipatika@t-online.hu,+36 1 332 3701,http://www.korondipatika.hu/,84 Andrássy út 1062 Budapest,47.50903,19.06859,,,osm,email,2,new,ok,"category ""Pharmacy"" is not a travel-concierge listing — a recipient who was never the audience is the likeliest to report spam"
00f7e63c9edbb253ac9a,Lipótvárosi Patika,Pharmacy,budapest,Budapest,HU,Europe,info@lipotvarosipatika.hu,+36 20 464 0789,https://lipotvarosipatika.hu/,13 Hercegprímás utca 1051 Budapest,47.50206,19.05291,,,osm,email,2,new,ok,"category ""Pharmacy"" is not a travel-concierge listing — a recipient who was never the audience is the likeliest to report spam"
e35fbda744c3022f5287,Magyar Képzőművészeti Egyetem,University,budapest,Budapest,HU,Europe,info@mke.hu,+36 1 342 1738,https://mke.hu/,69-71 Andrássy út 1062 Budapest,47.50718,19.06732,,,osm,email,2,new,ok,"category ""University"" is not a travel-concierge listing — a recipient who was never the audience is the likeliest to report spam"
846f442042ce6fb97476,Mara Patika,Pharmacy,budapest,Budapest,HU,Europe,nfo@mara.paticard.hu,+36 1 329 8401,http://www.mara.paticard.hu,1 Gyöngyösi sétány 1138 Budapest,47.54901,19.07791,,,osm,email,2,new,ok,"category ""Pharmacy"" is not a travel-concierge listing — a recipient who was never the audience is the likeliest to report spam"
747d06b480916cb55935,Mátyás-templom,Place Of Worship,budapest,Budapest,HU,Europe,gondnoksag@matyas-templom.hu,+36206226261,https://www.matyas-templom.hu/,2 Szentháromság tér 1014 Budapest,47.50201,19.03426,,,osm,email,2,new,ok,"category ""Place Of Worship"" is not a travel-concierge listing — a recipient who was never the audience is the likeliest to report spam"
bbd6d641a1b77dd14118,Nagyvárad Gyógyszertár,Pharmacy,budapest,Budapest,HU,Europe,nagyvaradpatika@gmail.com,+36 1 215 3800,https://www.nagyvaradpatika.hu/,121 Üllői út 1091 Budapest,47.47914,19.08833,,,osm,email,2,new,ok,"category ""Pharmacy"" is not a travel-concierge listing — a recipient who was never the audience is the likeliest to report spam"
b52746a3ae76b1279c5d,Nap Gyógyszertár,Pharmacy,budapest,,HU,Europe,napgyogyszertar@gmail.com,+36 1 237 0951,https://gyongypatikak.hu/patika/nap-gyogyszertar-budapest,,47.51445,19.05562,,,osm,email,2,new,ok,"category ""Pharmacy"" is not a travel-concierge listing — a recipient who was never the audience is the likeliest to report spam"
f6fc865335bbafbcf3d3,Pasaréti Gyógyszertár,Pharmacy,budapest,Budapest,HU,Europe,pasaret.gyogyszertar@t-online.hu,+36 1 200 8294,https://www.pasaret-gyogyszertar.hu/,100 Pasaréti út 1026 Budapest,47.52372,18.9931,,,osm,email,2,new,ok,"category ""Pharmacy"" is not a travel-concierge listing — a recipient who was never the audience is the likeliest to report spam"
4107b59c9ec9603f00ef,Pesti Szent Margit Patika,Pharmacy,budapest,Budapest,HU,Europe,p.szt.margit@gmail.com,+36 1 313 8839,https://psztmargit.wixsite.com/psztmargit,22 Népszínház utca 1081 Budapest,47.49538,19.07505,,,osm,email,2,new,ok,"category ""Pharmacy"" is not a travel-concierge listing — a recipient who was never the audience is the likeliest to report spam"
d1083578cf2bbefa8964,Regina Gyógyszertár,Pharmacy,budapest,Budapest,HU,Europe,info@reginapatika.hu,+36 1 206 1217;+36 1 205 3125,http://www.reginapatika.hu,130 Fehérvári út 1116 Budapest,47.45564,19.0402,,,osm,email,2,new,ok,"category ""Pharmacy"" is not a travel-concierge listing — a recipient who was never the audience is the likeliest to report spam"
d0814e5081e04b8650fe,Rumbach utcai zsinagóga,Place Of Worship,budapest,Budapest,HU,Europe,info@rumbach.hu,,https://rumbachzsinagoga.hu,11-13 Rumbach Sebestyén utca 1075 Budapest,47.4979,19.05891,,,osm,email,2,new,ok,"category ""Place Of Worship"" is not a travel-concierge listing — a recipient who was never the audience is the likeliest to report spam"
0b4240cbaa3719d7b34e,Róbert Patika,Pharmacy,budapest,,HU,Europe,robertpatika@gmail.com,+36 1 451 2600 ext. 9427,http://nygy-opai.hu/altalanos-informaciok/betegellatas/osztalyok/89-robert-patika,,47.52723,19.07998,,,osm,email,2,new,ok,"category ""Pharmacy"" is not a travel-concierge listing — a recipient who was never the audience is the likeliest to report spam"
65f7c64a50e8d65274e7,Sashegy gyógyszertár,Pharmacy,budapest,,HU,Europe,bsz-sas@hotmail.com,+36 1 319 3394,https://www.sashegygyogyszertar.hu/,,47.48541,19.01578,,,osm,email,2,new,ok,"category ""Pharmacy"" is not a travel-concierge listing — a recipient who was never the audience is the likeliest to report spam"
ebb3deaa99133b5ef6ff,Semmelweis Gyógyszertár,Pharmacy,budapest,Budapest,HU,Europe,info@semmelweisgyogyszertar.hu,+36 1 263 2216,https://kulcspatikak.hu/patikakereso#38,130 Üllői út 1107 Budapest,47.46845,19.11891,,,osm,email,2,new,ok,"category ""Pharmacy"" is not a travel-concierge listing — a recipient who was never the audience is the likeliest to report spam"
3b72b6a3493ea3b1863d,Somfa patika,Pharmacy,budapest,Budapest,HU,Europe,somfapatika@pharmaker2000.hu,+36 1 261 6834,http://www.pharmaker2000.hu/somfa/index.html,2 Somfa utca 1107 Budapest,47.47286,19.11838,,,osm,email,2,new,ok,"category ""Pharmacy"" is not a travel-concierge listing — a recipient who was never the audience is the likeliest to report spam"
349246fe29eb5c2120a8,Sors Bona Gyógyszertár,Pharmacy,budapest,Budapest,HU,Europe,sorsbonagyt@gmail.com,+36 1 215 3774,http://www.sorsbonabp.novodata.hu,43 Mester utca 1095 Budapest,47.47709,19.0757,,,osm,email,2,new,ok,"category ""Pharmacy"" is not a travel-concierge listing — a recipient who was never the audience is the likeliest to report spam"
654a6225f42ab5faf783,Szanatórium Gyógyszertár,Pharmacy,budapest,Budapest,HU,Europe,evajokay@gmail.com,+36 1 328 0612,https://termeszetes-szepsegapolas.hu/,22-24 Szentkirályi utca 1088 Budapest,47.49252,19.06548,,,osm,email,2,new,ok,"category ""Pharmacy"" is not a travel-concierge listing — a recipient who was never the audience is the likeliest to report spam"
ec2d2adbe0f2ceace09e,Szent István-bazilika,Place Of Worship,budapest,Budapest,HU,Europe,plebania@basilica.hu,+36 1 269 1849,https://www.bazilika.biz/,1 Szent István tér 1051 Budapest,47.50078,19.05396,,,osm,email,2,new,ok,"category ""Place Of Worship"" is not a travel-concierge listing — a recipient who was never the audience is the likeliest to report spam"
a5e630515bc75704d7ed,Szent Margit Gyógyszertár,Pharmacy,budapest,Budapest,HU,Europe,info@szentmargitpatika.hu,+36 1 212 4406,https://szentmargitpatika.hu/,22 Frankel Leó út 1027 Budapest,47.51444,19.03724,,,osm,email,2,new,ok,"category ""Pharmacy"" is not a travel-concierge listing — a recipient who was never the audience is the likeliest to report spam"
0371c50402c321de83a1,Szinyei Patika,Pharmacy,budapest,Budapest,HU,Europe,szinyeipatika@gmail.com,+36 1 878 1253,,51 Szondi utca 1064 Budapest,47.51219,19.06743,,,osm,email,2,new,ok,"category ""Pharmacy"" is not a travel-concierge listing — a recipient who was never the audience is the likeliest to report spam"
c3d9a244a883fd310ef9,Unipatika Mammut Gyógyszertár,Pharmacy,budapest,Budapest,HU,Europe,info@mammutpatika.hu,+36 1 345 8540,https://unipatika.hu/mammut-patika-budapest,2-6 Lövőház utca 1024 Budapest,47.50902,19.02632,,,osm,email,2,new,ok,"category ""Pharmacy"" is not a travel-concierge listing — a recipient who was never the audience is the likeliest to report spam"
ed6997109deec98d4bd2,Vitál Patika,Pharmacy,budapest,Budapest,HU,Europe,patikavital@gmail.com,,https://vitalpatika.hu/,12 Kassai tér 1142 Budapest,47.52425,19.09857,,,osm,email,2,new,ok,"category ""Pharmacy"" is not a travel-concierge listing — a recipient who was never the audience is the likeliest to report spam"
213d813208284035f03c,Városliget Gyógyszertár,Pharmacy,budapest,Budapest,HU,Europe,varosligetpatika@t-online.hu,+36 1 343 7795,https://varosligetpatika.hu/,29 Dózsa György út 1146 Budapest,47.50675,19.08604,,,osm,email,2,new,ok,"category ""Pharmacy"" is not a travel-concierge listing — a recipient who was never the audience is the likeliest to report spam"
62193cd03f619abef714,flexOmed Gyógyszertár,Pharmacy,budapest,Budapest,HU,Europe,flexomed@homeopatika.hu,+36 1 246 3334,,153 Budaörsi út 1112 Budapest,47.46402,19.00868,,,osm,email,2,new,ok,"category ""Pharmacy"" is not a travel-concierge listing — a recipient who was never the audience is the likeliest to report spam"
0f47fdbdf9406b5b2e3a,Árnyas Gyógyszertár,Pharmacy,budapest,Budapest,HU,Europe,arnyaspatika@unicornispharma.t-online.hu,+36 1 391 0136,https://www.arnyaspatika.hu/,58-60 Zugligeti út 1121 Budapest,47.51762,18.9819,,,osm,email,2,new,ok,"category ""Pharmacy"" is not a travel-concierge listing — a recipient who was never the audience is the likeliest to report spam"
2c6d6581e7eefff94d4b,Örökimádás templom,Place Of Worship,budapest,Budapest,HU,Europe,orokimadas.templom@gmail.com,+36 1 216 0610,https://orokimadas.hu/,77 Üllői út 1091 Budapest,47.48317,19.07631,,,osm,email,2,new,ok,"category ""Place Of Worship"" is not a travel-concierge listing — a recipient who was never the audience is the likeliest to report spam"
661db74f283e64e18711,Apoteket Frederikssundsvej,Pharmacy,copenhagen,,DK,Europe,184fre@apoteket.dk,+45 33148266,https://www.apoteket.dk/apoteker/frederiksberg-apoteket-godthaab/apoteket-frederikssundsvej,,55.70356,12.52943,,,osm,email,2,new,ok,"category ""Pharmacy"" is not a travel-concierge listing — a recipient who was never the audience is the likeliest to report spam"
b5dc01dc48621f9d6c92,Hamlets Apotek,Pharmacy,copenhagen,,DK,Europe,hamlets@apoteket.dk,+45 35 83 72 02,https://koebenhavnhamletsapotek.a-apoteket.dk/,,55.70303,12.54767,,,osm,email,2,new,ok,"category ""Pharmacy"" is not a travel-concierge listing — a recipient who was never the audience is the likeliest to report spam"
cbc4c3172064a3e2f695,Helligåndskirken,Place Of Worship,copenhagen,,DK,Europe,admin@helligaandskirken.dk,+45 33 15 41 44,,,55.67904,12.57697,,,osm,email,2,new,ok,"category ""Place Of Worship"" is not a travel-concierge listing — a recipient who was never the audience is the likeliest to report spam"
f5b344eaf211689710e0,Trianglen Apotek,Pharmacy,copenhagen,,DK,Europe,trianglen@apoteket.dk,+45 35383200,https://www.apoteket.dk/Apotek.aspx?id=1287,,55.70003,12.57809,,,osm,email,2,new,ok,"category ""Pharmacy"" is not a travel-concierge listing — a recipient who was never the audience is the likeliest to report spam"
004bdf651ddb9d607adb,Blackhall Pharmacy,Pharmacy,dublin,Dublin,IE,UK,info@blackhallpharmacy.ie,+353 1 6722600,http://www.blackhallpharmacy.ie/,13 Ellis Quay Dublin,53.34687,-6.28169,,,osm,email,2,new,ok,"category ""Pharmacy"" is not a travel-concierge listing — a recipient who was never the audience is the likeliest to report spam"
8258ae0d850e40fb7d6f,Christ Church Cathedral,Place Of Worship,dublin,Dublin,IE,UK,welcome@christchurch.ie,+353 1 677 8099,https://christchurchcathedral.ie,6 Christchurch Place Dublin,53.34341,-6.2712,,,osm,email,2,new,ok,"category ""Place Of Worship"" is not a travel-concierge listing — a recipient who was never the audience is the likeliest to report spam"
a6b1a87121978c50eee4,Hamilton Long Allcare Pharmacy,Pharmacy,dublin,Dublin,IE,UK,hamiltonlong@allcarepharmacy.ie,+353 1 874 8456,https://www.allcarepharmacy.ie/store/allcare-oconnell-street-pharmacy/,5 O'Connell Street Lower Dublin,53.348,-6.25906,,,osm,email,2,new,ok,"category ""Pharmacy"" is not a travel-concierge listing — a recipient who was never the audience is the likeliest to report spam"
0a07c0e5bd2b6c8d8e68,Hickey's Pharmacy,Pharmacy,dublin,Dublin,IE,UK,haroldscross@hickeyspharmacies.ie,+353 1 492 3977,https://www.hickeyspharmacies.ie/store/hickeys-pharmacy-harolds-cross/,290 Harold's Cross Road D6W R522 Dublin,53.31985,-6.27892,,,osm,email,2,new,ok,"category ""Pharmacy"" is not a travel-concierge listing — a recipient who was never the audience is the likeliest to report spam"
43841f3e7b0006aa021b,Hickey's Pharmacy,Pharmacy,dublin,Dublin,IE,UK,oconnell@hickeyspharmacies.ie,+353 1 873 0427; +353 1 872 9649,https://www.hickeyspharmacies.ie/store/hickeys-pharmacy-oconnell-st/,55 O'Connell Street Lower D01 W2V3 Dublin,53.34763,-6.25983,,,osm,email,2,new,ok,"category ""Pharmacy"" is not a travel-concierge listing — a recipient who was never the audience is the likeliest to report spam"
2acd85f584eb0b4c7ed6,Life Pharmacy,Pharmacy,dublin,Dublin,IE,UK,posullivan@lifepharmacy.ie,+353 1 842 7784,,241 Swords Road Dublin,53.38839,-6.24603,,,osm,email,2,new,ok,"category ""Pharmacy"" is not a travel-concierge listing — a recipient who was never the audience is the likeliest to report spam"
a1673c385d28d7c6f54f,Mangans AllCare,Pharmacy,dublin,Dublin,IE,UK,mangansnavanroad@allcarepharmacy.ie,+353 1 8386460,https://www.allcarepharmacy.ie/pharmacies/mangans-allcare-navan-rd,Navan Road Dublin,53.36329,-6.30221,,,osm,email,2,new,ok,"category ""Pharmacy"" is not a travel-concierge listing — a recipient who was never the audience is the likeliest to report spam"
6d6f98bf07f0b494c4b5,McCauley Chemist,Pharmacy,dublin,Dublin,IE,UK,charlemontst@smcc.ie,+353 1 418 9870,https://www.mccauley.ie/dublin-charlemont-square,Charlemont Street D02 Y993 Dublin,53.3314,-6.26188,,,osm,email,2,new,ok,"category ""Pharmacy"" is not a travel-concierge listing — a recipient who was never the audience is the likeliest to report spam"
532ea6094d533f5a9991,Medipharm,Pharmacy,dublin,Dublin,IE,UK,frederickst@medipharm.ie,+353 1 874 6475,https://www.medipharm.ie/,19 North Frederick Street D01 W2C9 Dublin,53.35604,-6.26501,,,osm,email,2,new,ok,"category ""Pharmacy"" is not a travel-concierge listing — a recipient who was never the audience is the likeliest to report spam"
1cff3f942a504ff1987e,Morgan's Pharmacy,Pharmacy,dublin,,IE,UK,morganspharmacyfairview@gmail.com,+353 1 888 1027,,2-4 Fairview Strand,53.36253,-6.23788,,,osm,email,2,new,ok,"category ""Pharmacy"" is not a travel-concierge listing — a recipient who was never the audience is the likeliest to report spam"
8079462bc47ec9e947a5,Murrays,Pharmacy,dublin,Dublin,IE,UK,info.pharmacy@murrays.ie,,https://murrays.ie/,21 Talbot Street D01 X3F4 Dublin,53.35093,-6.25396,,,osm,email,2,new,ok,"category ""Pharmacy"" is not a travel-concierge listing — a recipient who was never the audience is the likeliest to report spam"
dcfa2cad1a76bb843a51,Pharmacy O'Reilly,Pharmacy,dublin,Dublin,IE,UK,pharmacyoreilly@gmail.com,+353 1 831 9155,,2 Mornington Park Dublin,53.38226,-6.20765,,,osm,email,2,new,ok,"category ""Pharmacy"" is not a travel-concierge listing — a recipient who was never the audience is the likeliest to report spam"
1974830682400c65bf85,Pure Pharmacy,Pharmacy,dublin,Dublin,IE,UK,portlandstreet@purepharmacy.ie,+353 1 8944961,https://www.purepharmacy.ie/,Portland Street North Dublin,53.35925,-6.25628,,,osm,email,2,new,ok,"category ""Pharmacy"" is not a travel-concierge listing — a recipient who was never the audience is the likeliest to report spam"
f839b304ffdb3d3fd96a,Rathmines Pharmacy,Pharmacy,dublin,Dublin,IE,UK,rathminespharmacy@gmail.com,+353 1 497 9999,http://www.rathminespharmacy.ie/,114 Rathmines Road Lower Dublin,53.32614,-6.26478,,,osm,email,2,new,ok,"category ""Pharmacy"" is not a travel-concierge listing — a recipient who was never the audience is the likeliest to report spam"
d94c11b6ca21d638e133,The Rise Pharmacy,Pharmacy,dublin,Dublin,IE,UK,risepharmacy@gmail.com,,https://www.facebook.com/pg/therisepharmacy/,1 The Rise 9 Dublin,53.37898,-6.2619,,,osm,email,2,new,ok,"category ""Pharmacy"" is not a travel-concierge listing — a recipient who was never the audience is the likeliest to report spam"
9b05ab9d770f412ec6b2,Dears Pharmacy,Pharmacy,edinburgh,Edinburgh,GB,UK,drylaw@dearspharmacy.co.uk,+44 1313322851,https://dearspharmacy.co.uk/pharmacy/drylaw/,645 Ferry Road EH4 2TX Edinburgh,55.96739,-3.24437,,,osm,email,2,new,ok,"category ""Pharmacy"" is not a travel-concierge listing — a recipient who was never the audience is the likeliest to report spam"
37b219a29dd634c8c611,New Town Church,Place Of Worship,edinburgh,Edinburgh,GB,UK,info@edinburghnewtownchurch.org.uk,+44 131 225 3847,https://www.edinburghnewtownchurch.org.uk/,15-17 George Street Edinburgh,55.95407,-3.19586,,,osm,email,2,new,ok,"category ""Place Of Worship"" is not a travel-concierge listing — a recipient who was never the audience is the likeliest to report spam"
0f7666c4af49ebabcb31,Pharmacy Clinic,Pharmacy,edinburgh,,GB,UK,pharmacyclinicedinburgh@gmail.com,+44 131 629 1800,http://pharmacyclinicedinburgh.com/,47 London Road EH7 5SP,55.95744,-3.1684,,,osm,email,2,new,ok,"category ""Pharmacy"" is not a travel-concierge listing — a recipient who was never the audience is the likeliest to report spam"
4e433accae837da34d54,Farmacia Comunale di san Niccolò,Pharmacy,florence,Firenze,IT,Europe,farmacia.07@afam.it,+39 055 234 3892,https://www.apotecanatura.it/farmacia/ITBEYL31CF_DM8PM7K3/farmacia-comunale-di-san-niccolo,17 R Via dei Renai Firenze,43.76494,11.25961,,,osm,email,2,new,ok,"category ""Pharmacy"" is not a travel-concierge listing — a recipient who was never the audience is the likeliest to report spam"
30ebdf9294035a512be9,Farmacia Statuto,Pharmacy,florence,,IT,Europe,s.familiari@hotmail.it,+39 055 483076,https://farmaciastatuto.it/,,43.78616,11.25036,,,osm,email,2,new,ok,"category ""Pharmacy"" is not a travel-concierge listing — a recipient who was never the audience is the likeliest to report spam"
6ec22d040ce42b6dafb2,Farmacia comunale di Bellariva,Pharmacy,florence,Firenze,IT,Europe,farmacia.12@afam.it,+39 055 669015,,23 Via della Bellariva Firenze,43.76761,11.28583,,,osm,email,2,new,ok,"category ""Pharmacy"" is not a travel-concierge listing — a recipient who was never the audience is the likeliest to report spam"
2fcfbfcc74402177d295,Farmacia del Pignone,Pharmacy,florence,Firenze,IT,Europe,farmaciadelpignone@tiscali.it,+39 055 233 6195,,79r Via Pisana 50143 Firenze,43.77137,11.23507,,,osm,email,2,new,ok,"category ""Pharmacy"" is not a travel-concierge listing — a recipient who was never the audience is the likeliest to report spam"
3621437980a4ceb452de,Farmacia di Rifredi Dr. Alessia Napoli,Pharmacy,florence,Firenze,IT,Europe,farmaciadirifredi@hotmail.it,+39 055 422 0422; +39 055 436 0800,https://farmaciadirifredi.docinforma.it,24 R Piazza Dalmazia 50127 Firenze,43.7967,11.23997,,,osm,email,2,new,ok,"category ""Pharmacy"" is not a travel-concierge listing — a recipient who was never the audience is the likeliest to report spam"
5cd3b3964bfccb053f26,Pitti,Pharmacy,florence,,IT,Europe,farmaciapitti@libero.it,+39 055 224402,,,43.76491,11.24783,,,osm,email,2,new,ok,"category ""Pharmacy"" is not a travel-concierge listing — a recipient who was never the audience is the likeliest to report spam"
5449df51aaeafe17a66e,Chemist Store,Pharmacy,lisbon,Lisboa,PT,Europe,farmaciafernandesborges@hotmail.com,+351 218 540 550,http://www.spacioshopping.pt/lojas/chemist-store-farmacia-fernandes-borges,"4, 1º, Loja 141 Rua Cidade de Bolama 1800-077 Lisboa",38.76216,-9.11408,,,osm,email,2,new,ok,"category ""Pharmacy"" is not a travel-concierge listing — a recipient who was never the audience is the likeliest to report spam"
29c146fd4ca83b54f377,Dance Spot - Escola de Dança,Music School,lisbon,Lisboa,PT,Europe,geral@dancespot.pt,+351 913743230;+351 215851042,https://dancespot.pt/,76A Rua Marquês de Fronteira 1070-299 Lisboa,38.72788,-9.16138,,,osm,email,2,new,ok,"category ""Music School"" is not a travel-concierge listing — a recipient who was never the audience is the likeliest to report spam"
79c7f420296a11272abd,Farmácia Aeroporto,Pharmacy,lisbon,,PT,Europe,farmacia.aeroporto@gmail.com,+351 218 413 582,https://www.aeroportolisboa.pt/pt/lis/servicos-e-compras/servicos-essenciais/servicos-de-saude,"Aeroporto, Terminal 1, Piso 0 Alameda das Comunidades Portuguesas",38.76933,-9.12943,,,osm,email,2,new,ok,"category ""Pharmacy"" is not a travel-concierge listing — a recipient who was never the audience is the likeliest to report spam"
d2d05688578813d36cbe,Farmácia Aguiar,Pharmacy,lisbon,,PT,Europe,farmacia.aguiar@gmail.com,+351 217 260 934,http://www.farmaciaaguiar.pt,98-A Avenida Columbano Bordalo Pinheiro 1070-066 São Domingos de Benfica,38.73904,-9.16531,,,osm,email,2,new,ok,"category ""Pharmacy"" is not a travel-concierge listing — a recipient who was never the audience is the likeliest to report spam"
698a647be62a56f88936,Farmácia Alameda,Pharmacy,lisbon,Lumiar,PT,Europe,farmacia.alameda@sapo.pt,+351 217 590 942,,201-B Alameda das Linhas de Torres 1750-143 Lumiar,38.77009,-9.15988,,,osm,email,2,new,ok,"category ""Pharmacy"" is not a travel-concierge listing — a recipient who was never the audience is the likeliest to report spam"
a2215884c7517b005121,Farmácia Alb,Pharmacy,lisbon,Lisboa,PT,Europe,farmacia.alb@sapo.pt,+351 21 396 3562,,133 Rua de Santana à Lapa 1350-290 Lisboa,38.71177,-9.16453,,,osm,email,2,new,ok,"category ""Pharmacy"" is not a travel-concierge listing — a recipient who was never the audience is the likeliest to report spam"
2358926950d8f3aac11d,Farmácia Albano,Pharmacy,lisbon,,PT,Europe,geral@farmaciaalbano.com,+351 213 426 750,https://www.farmaciaalbano.com,57-59 Rua da Escola Politécnica 1250-099 São Mamede,38.71735,-9.15041,,,osm,email,2,new,ok,"category ""Pharmacy"" is not a travel-concierge listing — a recipient who was never the audience is the likeliest to report spam"
97550adbce28e7de70f5,Farmácia Algarve,Pharmacy,lisbon,,PT,Europe,farmacialgarvelisboa@gmail.com,+351 218 401 478,http://farmaciaalgarve.pt/pt,7-B Avenida de Roma 1000-260 São João de Deus,38.74228,-9.13836,,,osm,email,2,new,ok,"category ""Pharmacy"" is not a travel-concierge listing — a recipient who was never the audience is the likeliest to report spam"
daf87e796b9c0989b4a4,Farmácia Aliança,Pharmacy,lisbon,Lisboa,PT,Europe,dlfarmaciaalianca@gmail.com,+351 21 357 0487,http://farmaciaalianca.com/pt,145-B/C São Jorge de Arroios 1150-015 Lisboa,38.73281,-9.13448,,,osm,email,2,new,ok,"category ""Pharmacy"" is not a travel-concierge listing — a recipient who was never the audience is the likeliest to report spam"
08f45059ee1f0962694a,Farmácia Almeida,Pharmacy,lisbon,,PT,Europe,farmacia-almeida@sapo.pt,+351 213 881 726,,136 Rua Silva Carvalho 1250-257 Santa Isabel,38.72011,-9.16119,,,osm,email,2,new,ok,"category ""Pharmacy"" is not a travel-concierge listing — a recipient who was never the audience is the likeliest to report spam"
54cd9c1531f151227700,Farmácia Almeida Dias,Pharmacy,lisbon,,PT,Europe,falmeidadiaslx@gmail.com,+351 218 862 909,http://www.grupoprogressosaude.net/farmcia-almeida-dias,39 Largo da Graça,38.71745,-9.12965,,,osm,email,2,new,ok,"category ""Pharmacy"" is not a travel-concierge listing — a recipient who was never the audience is the likeliest to report spam"
3493b67e38157b33aff2,Farmácia Almeida Vaz,Pharmacy,lisbon,,PT,Europe,farmacia.almeida.vaz@farmaciasholon.pt,+351 218 595 673,http://www.grupo-holon.pt/,"Lote 248, Loja 92 Rua Luís Cristino da Silva 1950-172",38.75732,-9.1222,,,osm,email,2,new,ok,"category ""Pharmacy"" is not a travel-concierge listing — a recipient who was never the audience is the likeliest to report spam"
489a284670102776cb2a,Farmácia Alta de Lisboa,Pharmacy,lisbon,,PT,Europe,farmfal@gmail.com,+351 217 542 650,,6 A Rua António Lopes Ribeiro,38.76738,-9.15297,,,osm,email,2,new,ok,"category ""Pharmacy"" is not a travel-concierge listing — a recipient who was never the audience is the likeliest to report spam"
aadb1cd9924d34ab7582,Farmácia Alto dos Moinhos,Pharmacy,lisbon,,PT,Europe,farmaciaaltodosmoinhos@gmail.com,+351 217 264 450,http://www.farmaciaaltodosmoinhos.com/,15 A;15 B Rua João de Freitas Branco 1500-714 São Domingos de Benfica,38.75113,-9.18049,,,osm,email,2,new,ok,"category ""Pharmacy"" is not a travel-concierge listing — a recipient who was never the audience is the likeliest to report spam"
df385693dfe9b9da6ece,Farmácia Andrade,Pharmacy,lisbon,,PT,Europe,farmaciaandrade.lisboa@gmail.com,+351 213 241 670,http://www.farmaciaandrade.pt,,38.71029,-9.14316,,,osm,email,2,new,ok,"category ""Pharmacy"" is not a travel-concierge listing — a recipient who was never the audience is the likeliest to report spam"
cb1d968869f0c0fbb1a2,Farmácia Andrade Ribeiro,Pharmacy,lisbon,Lisboa,PT,Europe,farmaciaandraderibeiro@gmail.com,+351 213 966 971,,66-B Avenida Infante Santo 1350-180 Lisboa,38.70952,-9.16564,,,osm,email,2,new,ok,"category ""Pharmacy"" is not a travel-concierge listing — a recipient who was never the audience is the likeliest to report spam"
af4728015ecde7b2656e,Farmácia Apolo 70,Pharmacy,lisbon,,PT,Europe,encomendas@farmaciaapolo70.pt,+351 217 993 002,www.farmaciaapolo70.pt,10-A Avenida Júlio Dinis 1069-216 Nossa Senhora de Fátima,38.7423,-9.14801,,,osm,email,2,new,ok,"category ""Pharmacy"" is not a travel-concierge listing — a recipient who was never the audience is the likeliest to report spam"
f4fd62f23cec4d1d4576,Farmácia Associação Protectora dos Diabéticos de Portugal,Pharmacy,lisbon,,PT,Europe,diabetes@apdp.pt,+351 213 816 100,https://www.apdp.pt,118 Rua do Salitre,38.71992,-9.15085,,,osm,email,2,new,ok,"category ""Pharmacy"" is not a travel-concierge listing — a recipient who was never the audience is the likeliest to report spam"
4d228dd14590d7d6f213,Farmácia Atena,Pharmacy,lisbon,,PT,Europe,farmacia.atena.lisboa@gmail.com,+351 218 121 773,https://www.facebook.com/farmacia.atena.lisboa/about/,88-B Avenida Almirante Reis 1150-021,38.72936,-9.13443,,,osm,email,2,new,ok,"category ""Pharmacy"" is not a travel-concierge listing — a recipient who was never the audience is the likeliest to report spam"
1db960a0182ebc6cb80c,Farmácia Aurélio Rego,Pharmacy,lisbon,,PT,Europe,farmacia.aurelio.rego@grupo-holon.pt,+351 213 961 758,http://www.grupo-holon.pt/,139 Calçada da Estrela 1200-662,38.71267,-9.15735,,,osm,email,2,new,ok,"category ""Pharmacy"" is not a travel-concierge listing — a recipient who was never the audience is the likeliest to report spam"
f552a7cfe103acb3853b,Farmácia Avenida Almirante Gago Coutinho,Pharmacy,lisbon,Lisboa,PT,Europe,farmaciaalmirantegagocoutinho@farmaciascuido.pt,,https://farmaciascuido.pt/av-almirante-gago-coutinho/,68a Avenida Almirante Gago Coutinho 1700-031 Lisboa,38.74983,-9.13037,,,osm,email,2,new,ok,"category ""Pharmacy"" is not a travel-concierge listing — a recipient who was never the audience is the likeliest to report spam"
7b0d318ae2647b45bfca,Farmácia Avis,Pharmacy,lisbon,,PT,Europe,avislsb@farmalink.pt,+351 218 495 370,,56 B Avenida de Roma,38.74846,-9.14121,,,osm,email,2,new,ok,"category ""Pharmacy"" is not a travel-concierge listing — a recipient who was never the audience is the likeliest to report spam"
67d5668f9874e17806f3,Farmácia Açoreana,Pharmacy,lisbon,,PT,Europe,acoreanafarmacia@gmail.com,+351 213 961 330,https://www.facebook.com/acoreanafarmacia,2 Largo do Conde Barão 1200-118 São Paulo,38.70879,-9.15083,,,osm,email,2,new,ok,"category ""Pharmacy"" is not a travel-concierge listing — a recipient who was never the audience is the likeliest to report spam"
cec2af7744e03a85cad0,Farmácia Barral,Pharmacy,lisbon,,PT,Europe,farmaciabarral@gmail.com,+351 213 476 141,http://www.farmaciabarral.com/farmacia-barral/,225 Rua Augusta 1100-051 São Nicolau,38.71199,-9.13829,,,osm,email,2,new,ok,"category ""Pharmacy"" is not a travel-concierge listing — a recipient who was never the audience is the likeliest to report spam"
c8c0d4f7496125f7ecb9,Farmácia Barros Gouveia,Pharmacy,lisbon,,PT,Europe,farmaciabg@gmail.com,+351 218 595 180,,79-B Rua do Vale Formoso de Cima 1950-266,38.74724,-9.10432,,,osm,email,2,new,ok,"category ""Pharmacy"" is not a travel-concierge listing — a recipient who was never the audience is the likeliest to report spam"
5ef8c278fd1e257850ed,Farmácia Bela Vista,Pharmacy,lisbon,,PT,Europe,farmaciadabelavista@gmail.com,+351 218 682 241,www.farmaciadabelavista.com,"Lote 12, Loja C Avenida República da Bulgária 1950-442",38.74867,-9.1162,,,osm,email,2,new,ok,"category ""Pharmacy"" is not a travel-concierge listing — a recipient who was never the audience is the likeliest to report spam"
a0d1f64b35bf7a8571de,Farmácia Belo,Pharmacy,lisbon,,PT,Europe,farmacia.belo@gmail.com,+351 217 976 314,https://www.facebook.com/farmaciabelo,53 D Avenida de Roma 1700-342 Alvalade,38.74746,-9.14124,,,osm,email,2,new,ok,"category ""Pharmacy"" is not a travel-concierge listing — a recipient who was never the audience is the likeliest to report spam"
0e2c1a1a0cf7765e54ef,Farmácia Belém,Pharmacy,lisbon,,PT,Europe,farmacia.belem.encomendas@grupo-holon.pt,+351 213 012 248,http://www.grupo-holon.pt,33A Rua Tristão Vaz,38.70764,-9.20611,,,osm,email,2,new,ok,"category ""Pharmacy"" is not a travel-concierge listing — a recipient who was never the audience is the likeliest to report spam"
9a5b88794f49dd902b76,Farmácia Benfiluz,Pharmacy,lisbon,,PT,Europe,farmaciabenfiluz@gmail.com,+351 217 141 206,https://www.facebook.com/Farmácia-Benfiluz-465690890138972,444-A Estrada de Benfica 1500-103,38.74914,-9.19003,,,osm,email,2,new,ok,"category ""Pharmacy"" is not a travel-concierge listing — a recipient who was never the audience is the likeliest to report spam"
4262cef19cc5c3293a05,Farmácia Boa-Hora,Pharmacy,lisbon,Ajuda,PT,Europe,farmaciaboahora@netcabo.pt,+351 213 617 130,http://farmaciaboahora.pai.pt/,25 Rua dos Quartéis 1300-481 Ajuda,38.70292,-9.19417,,,osm,email,2,new,ok,"category ""Pharmacy"" is not a travel-concierge listing — a recipient who was never the audience is the likeliest to report spam"
9243cdc8e74d44a1b430,Farmácia Braamcamp,Pharmacy,lisbon,Lisboa,PT,Europe,braamcamp@iol.pt,+351 213 863 409,http://farmaciabraamcamp.pt/,52C Rua Braamcamp 1250-051 São Mamede Lisboa,38.72237,-9.15202,,,osm,email,2,new,ok,"category ""Pharmacy"" is not a travel-concierge listing — a recipient who was never the audience is the likeliest to report spam"
044cbe9b3612e69c0766,Farmácia Branquinho,Pharmacy,lisbon,,PT,Europe,farmacia.branquinho@grupo-holon.pt,+351 218 142 725,http://farmaciasholon.pt,87 Rua dos Sapadores 1170-339 Graça,38.72107,-9.12737,,,osm,email,2,new,ok,"category ""Pharmacy"" is not a travel-concierge listing — a recipient who was never the audience is the likeliest to report spam"
549913f6da1ff6873727,Farmácia Brisália,Pharmacy,lisbon,,PT,Europe,fprogressoalvalade@gmail.com,+351 218 482 368,http://www.grupoprogressosaude.net/farmcia-brislia,66 A Avenida Rio de Janeiro 1700-338 São João de Brito,38.7579,-9.14047,,,osm,email,2,new,ok,"category ""Pharmacy"" is not a travel-concierge listing — a recipient who was never the audience is the likeliest to report spam"
3d06f1c093b82719b15b,Farmácia Britânica,Pharmacy,lisbon,,PT,Europe,farm.britanica@gmail.com,+351 213 866 128,https://www.facebook.com/farmbritanica,5-B São Mamede 1250-136,38.72316,-9.15629,,,osm,email,2,new,ok,"category ""Pharmacy"" is not a travel-concierge listing — a recipient who was never the audience is the likeliest to report spam"
7dd780757fd0aa2326f7,Farmácia Bruxellas,Pharmacy,lisbon,Lisboa,PT,Europe,farmaciabruxellas@sapo.pt,+351 217 210 561,https://www.facebook.com/Farm%C3%A1cia-Bruxellas-1571679853052820/?fref=ts,11 Rua Manuel da Silva Leal 1600-166 São Domingos de Benfica Lisboa,38.74944,-9.17102,,,osm,email,2,new,ok,"category ""Pharmacy"" is not a travel-concierge listing — a recipient who was never the audience is the likeliest to report spam"
750ceafd414d2373c11c,Farmácia Campo Grande,Pharmacy,lisbon,Lisboa,PT,Europe,farmacianeoterapia@gmail.com,+351 217 974 682,https://www.facebook.com/Farm%C3%A1cia-Campo-Grande-214358862096039/,152-A Campo Grande 1700-094 Lisboa,38.75242,-9.14943,,,osm,email,2,new,ok,"category ""Pharmacy"" is not a travel-concierge listing — a recipient who was never the audience is the likeliest to report spam"
351c43bb9a8a8a575693,Farmácia Carnide,Pharmacy,lisbon,,PT,Europe,farmacia_universitaria@iol.pt,+351 217 978 953,https://www.facebook.com/Farmácia-Carnide-631260250248054,30 B Rua José Farinha,38.76058,-9.19665,,,osm,email,2,new,ok,"category ""Pharmacy"" is not a travel-concierge listing — a recipient who was never the audience is the likeliest to report spam"
110100e9f726fc8e1a69,Farmácia Cartaxo,Pharmacy,lisbon,Lisboa,PT,Europe,cartaxo.lsb@farmalink.pt,+351 21 849 7958,https://www.bairrodasaude.pt/,21 C Avenida da Igreja 1700-231 Lisboa,38.75364,-9.14183,,,osm,email,2,new,ok,"category ""Pharmacy"" is not a travel-concierge listing — a recipient who was never the audience is the likeliest to report spam"
222908e0b487f3a84ac9,Farmácia Castro,Pharmacy,lisbon,,PT,Europe,farmacia.castro@netcabo.pt,+351 218 121 973,,76-A Avenida Almirante Reis 1150-020 Anjos,38.7281,-9.13456,,,osm,email,2,new,ok,"category ""Pharmacy"" is not a travel-concierge listing — a recipient who was never the audience is the likeliest to report spam"
1ed1230997e79419666b,Farmácia Castro Fonseca,Pharmacy,lisbon,Lisboa,PT,Europe,farmacia.c.fonseca@clix.pt,+351 213 888 857,https://www.facebook.com/farmacia.castrofonseca,28-A Rua 4 de Infantaria 1350-272 Santo Condestável Lisboa,38.71809,-9.16474,,,osm,email,2,new,ok,"category ""Pharmacy"" is not a travel-concierge listing — a recipient who was never the audience is the likeliest to report spam"
01b904ef018e149c51fa,Farmácia Castro Sucessor,Pharmacy,lisbon,,PT,Europe,anaportugalcruz@netcabo.pt,+351 213 960 513,,199-A Santa Isabel 1250-219,38.71555,-9.15464,,,osm,email,2,new,ok,"category ""Pharmacy"" is not a travel-concierge listing — a recipient who was never the audience is the likeliest to report spam"
f77d57bcffa0ef4a1dc4,Farmácia Central da Penha,Pharmacy,lisbon,Lisboa,PT,Europe,farmacia.centraldapenha@gmail.com,+351 218 149 245,https://www.facebook.com/farmaciacentraldapenha,58 60 Rua da Penha de França 1170 306 Lisboa,38.72278,-9.12907,,,osm,email,2,new,ok,"category ""Pharmacy"" is not a travel-concierge listing — a recipient who was never the audience is the likeliest to report spam"
f6fd1832b15add22b1ab,Farmácia Central de Campolide,Pharmacy,lisbon,Lisboa,PT,Europe,farmacia.campolide@mail.telepac.pt,+351 213 880 304,,17 Rua General Taborda 1070-137 Lisboa,38.72853,-9.16287,,,osm,email,2,new,ok,"category ""Pharmacy"" is not a travel-concierge listing — a recipient who was never the audience is the likeliest to report spam"
fe4aaec78e4d962baaa8,Farmácia Central de Telheiras,Pharmacy,lisbon,,PT,Europe,fcentraldetelheiras@sapo.pt,+351 218 872 060,https://www.facebook.com/Farmácia-Central-de-Telheiras-394479794031740,Loja 5A 5B Rua Professor Eduardo Araújo Coelho 1600-235 Lumiar,38.76117,-9.16494,,,osm,email,2,new,ok,"category ""Pharmacy"" is not a travel-concierge listing — a recipient who was never the audience is the likeliest to report spam"
74910d5b8226695bdf1f,Farmácia Central do Areeiro,Pharmacy,lisbon,Lisboa,PT,Europe,conchaze@pt.com,+351 218 480 820,,2A Avenida de Paris 1000-228 São João de Deus Lisboa,38.74117,-9.13375,,,osm,email,2,new,ok,"category ""Pharmacy"" is not a travel-concierge listing — a recipient who was never the audience is the likeliest to report spam"
6a41a797a42c4814907e,Farmácia Central do Lumiar,Pharmacy,lisbon,Lisboa,PT,Europe,lisboa.lumiarlargo@santander.pt,+351 217 510 460,,254-B Alameda das Linhas de Torres 1750-152 Lumiar Lisboa,38.77292,-9.16073,,,osm,email,2,new,ok,"category ""Pharmacy"" is not a travel-concierge listing — a recipient who was never the audience is the likeliest to report spam"
14adf90f158dc3db5458,Farmácia Central dos Olivais,Pharmacy,lisbon,,PT,Europe,farmaciacolivais@gmail.com,+351 218 515 539,https://www.facebook.com/Farmácia-Central-dos-Olivais-393413660838514,7 C Rua Alferes Barrilaro Ruas,38.77536,-9.11281,,,osm,email,2,new,ok,"category ""Pharmacy"" is not a travel-concierge listing — a recipient who was never the audience is the likeliest to report spam"
b76305221db39886e9a3,Farmácia Colombo,Pharmacy,lisbon,,PT,Europe,farmaciaccolombo@gmail.com,+351 217 151 301,https://www.facebook.com/farmaciacentrocolombo,2 Rua Galileu Galilei,38.75407,-9.18813,,,osm,email,2,new,ok,"category ""Pharmacy"" is not a travel-concierge listing — a recipient who was never the audience is the likeliest to report spam"
15827e685993b4322364,Farmácia Colonial,Pharmacy,lisbon,Lisboa,PT,Europe,farmacia.colonial@grupo-holon.pt,+351 21 814 1122,https://farmaciasdeservico.net/f/6998/Farmacia_Colonial/,27D Rua Forno do Tijolo 1170-137 Anjos Lisboa,38.72501,-9.13345,,,osm,email,2,new,ok,"category ""Pharmacy"" is not a travel-concierge listing — a recipient who was never the audience is the likeliest to report spam"
428888890f7a6a4a155f,Farmácia Conceição,Pharmacy,lisbon,Beato,PT,Europe,farmacia.conceicao@grupo-holon.pt,+351 218 626 060,http://www.grupo-holon.pt,29 Calçada de Dom Gastão 1900-193 Beato Beato,38.72855,-9.10917,,,osm,email,2,new,ok,"category ""Pharmacy"" is not a travel-concierge listing — a recipient who was never the audience is the likeliest to report spam"
74da8d54b1820ed918b6,Farmácia Conde Barão,Pharmacy,lisbon,,PT,Europe,fcondebarao@gmail.com,+351 213 964 238,https://www.facebook.com/Farmácia-Conde-Barão-444644502265689,36-A Calçada Marquês de Abrantes 1200-719 Santos-o-Velho,38.70836,-9.15314,,,osm,email,2,new,ok,"category ""Pharmacy"" is not a travel-concierge listing — a recipient who was never the audience is the likeliest to report spam"
b25ea4c1a15278abf76c,Farmácia Condestável,Pharmacy,lisbon,,PT,Europe,farmaciacondestavel@gmail.com,+351 213 966 206,https://www.facebook.com/farmaciacondestavel,119 Rua Coelho da Rocha,38.71617,-9.1693,,,osm,email,2,new,ok,"category ""Pharmacy"" is not a travel-concierge listing — a recipient who was never the audience is the likeliest to report spam"
1f06ef278311bd115006,Farmácia Confiança,Pharmacy,lisbon,,PT,Europe,geral@fconfianca.pt,+351 218 121 653;+351 915 701 793,www.fconfianca.pt,46-A C Avenida Almirante Reis 1150-019 Anjos,38.72531,-9.13486,,,osm,email,2,new,ok,"category ""Pharmacy"" is not a travel-concierge listing — a recipient who was never the audience is the likeliest to report spam"
ea3f111da3aa992b22aa,Farmácia Costa Ferreira,Pharmacy,lisbon,,PT,Europe,farmacia.cf@gmail.com,+351 218 149 448,https://www.facebook.com/farmaciacostaferreira,33 Rua Fernão de Magalhães 1170-124 Santa Engrácia,38.7189,-9.12181,,,osm,email,2,new,ok,"category ""Pharmacy"" is not a travel-concierge listing — a recipient who was never the audience is the likeliest to report spam"
3c6190e24d39fc8a1638,Farmácia Cruz Nunes,Pharmacy,lisbon,São Jorge de Arroios,PT,Europe,encomendascruznunes@gmail.com,+351 213 141 845,http://farmaciacruznunes.com,14-15 Praça Duque de Saldanha 1050-094 São Jorge de Arroios,38.73413,-9.14416,,,osm,email,2,new,ok,"category ""Pharmacy"" is not a travel-concierge listing — a recipient who was never the audience is the likeliest to report spam"
9d0f3c04a9ce53e9c712,Farmácia Cruz de Malta,Pharmacy,lisbon,Lisboa,PT,Europe,farmaciacruzmalta@gmail.com,+351 21 886 6126,https://www.facebook.com/farmcruzdemalta,94 Rua do Jardim do Tabaco Lisboa,38.7117,-9.12696,,,osm,email,2,new,ok,"category ""Pharmacy"" is not a travel-concierge listing — a recipient who was never the audience is the likeliest to report spam"
1ed226c859c1b8cbb9b6,Farmácia Curie,Pharmacy,lisbon,Lisboa,PT,Europe,farmacia.currie@gmail.com,+351 21 727 0194,,15A Avenida Madame Curie 1070-166 São Domingos de Benfica Lisboa,38.73906,-9.16241,,,osm,email,2,new,ok,"category ""Pharmacy"" is not a travel-concierge listing — a recipient who was never the audience is the likeliest to report spam"
50b1c76ab6d8ea4b2043,Farmácia Dalva,Pharmacy,lisbon,,PT,Europe,farmacia.dalva@sapo.pt,+351 213 539 865,https://www.facebook.com/farmaciadalva,125 Avenida Duque de Ávila 1050-081 São Sebastião da Pedreira,38.73501,-9.14594,,,osm,email,2,new,ok,"category ""Pharmacy"" is not a travel-concierge listing — a recipient who was never the audience is the likeliest to report spam"
a16cafb342fd8249085f,Farmácia Duque de Ávila,Pharmacy,lisbon,,PT,Europe,farmaciaduquedeavila@farmaciaonline.pt,+351 213 543 495,https://afarmaciaonline.pt/,32C Avenida Duque de Ávila 1000-141 Nossa Senhora de Fátima,38.7353,-9.14471,,,osm,email,2,new,ok,"category ""Pharmacy"" is not a travel-concierge listing — a recipient who was never the audience is the likeliest to report spam"
e8165105a6f6571e120f,Farmácia Esperança,Pharmacy,lisbon,,PT,Europe,geral@farmaesperanca.com,+351 218 482 868,https://www.facebook.com/FarmaciaEsperancaLisboa,101-B Rua Carlos Mardel 1900-119 Alto do Pina,38.73836,-9.13297,,,osm,email,2,new,ok,"category ""Pharmacy"" is not a travel-concierge listing — a recipient who was never the audience is the likeliest to report spam"
9ab445c1ffb302f476b2,Farmácia Estácio,Pharmacy,lisbon,Lisboa,PT,Europe,farmacia.estacio.rossio@gmail.com,+351 213 211 390;+351 913 619 683,https://www.facebook.com/Farmacia-Estacio-721167104564074,60-63 Praça Dom Pedro IV 1100-200 Lisboa,38.71515,-9.14178,,,osm,email,2,new,ok,"category ""Pharmacy"" is not a travel-concierge listing — a recipient who was never the audience is the likeliest to report spam"
b2a29364ed433688f29d,Farmácia Estácio Xabregas,Pharmacy,lisbon,,PT,Europe,farmacia.estacio.xabregas@gmail.com,+351 213 225 540,https://www.facebook.com/Farmacia-Estacio-Xabregas-1711644005725577,1 Rua Bispo de Cochim,38.72436,-9.11257,,,osm,email,2,new,ok,"category ""Pharmacy"" is not a travel-concierge listing — a recipient who was never the audience is the likeliest to report spam"
bba299749c952eaebfdb,Farmácia Europa,Pharmacy,lisbon,,PT,Europe,pcmb@netcabo.pt,+351 218 143 880,https://www.facebook.com/farmaciaeuropalisboa,27-A Avenida General Roçadas 1170-156 Penha de França,38.72492,-9.1287,,,osm,email,2,new,ok,"category ""Pharmacy"" is not a travel-concierge listing — a recipient who was never the audience is the likeliest to report spam"
2f7c7c6215bdf1b8b73b,Farmácia Eusébio,Pharmacy,lisbon,,PT,Europe,farmacia.eusebio@gmail.com,+351 217 110 410,https://www.facebook.com/farmacia.eusebio/,69-C Rua da República da Bolívia 1500-544,38.75395,-9.19772,,,osm,email,2,new,ok,"category ""Pharmacy"" is not a travel-concierge listing — a recipient who was never the audience is the likeliest to report spam"
ea4ef18c2a588d0b722e,Farmácia Exposul,Pharmacy,lisbon,Lisboa,PT,Europe,encomendas.farmaciaexposul@gmail.com,+351 218 967 033,https://www.farmaciasportuguesas.pt/catalogo/ficha-farmacia?code=11266,5A Largo dos Arautos 1990-221 Lisboa,38.76014,-9.09586,,,osm,email,2,new,ok,"category ""Pharmacy"" is not a travel-concierge listing — a recipient who was never the audience is the likeliest to report spam"
49154405ea03121c338b,Farmácia Falcão,Pharmacy,lisbon,Lisboa,PT,Europe,farmacia_falcao@yahoo.com.br,+351 218 596 565,http://falcaofarmacias.pai.pt/,65A Rua Rui de Sousa Lisboa,38.75173,-9.11077,,,osm,email,2,new,ok,"category ""Pharmacy"" is not a travel-concierge listing — a recipient who was never the audience is the likeliest to report spam"
e12afafe8d2ed6b057d8,Farmácia Figueiras,Pharmacy,lisbon,,PT,Europe,vargascabrita@hotmail.com,+351 213 560 223,,20 Avenida Marquês de Tomar,38.73645,-9.1492,,,osm,email,2,new,ok,"category ""Pharmacy"" is not a travel-concierge listing — a recipient who was never the audience is the likeliest to report spam"
1b9a48906e80b37eacb6,Farmácia Fontes Pereira de Melo,Pharmacy,lisbon,Lisboa,PT,Europe,farmaciafontespereirademelo@gmail.com,+351 213 139 290,https://www.farmaciafontespereirademelo.com,15-A;15-B Avenida Fontes Pereira de Melo 1050-115 Lisboa,38.72897,-9.14799,,,osm,email,2,new,ok,"category ""Pharmacy"" is not a travel-concierge listing — a recipient who was never the audience is the likeliest to report spam"
90085f55cf9530acfbf8,Farmácia Frazão,Pharmacy,lisbon,Lisboa,PT,Europe,farmaciafrazao@hotmail.com,+351 213 428 180,https://www.farmaciafrazao.pt,70;72 Rua das Portas de Santo Antão 1150-268 Lisboa,38.71609,-9.14028,,,osm,email,2,new,ok,"category ""Pharmacy"" is not a travel-concierge listing — a recipient who was never the audience is the likeliest to report spam"
83e30b36e452db6810a3,Farmácia Fátima,Pharmacy,lisbon,,PT,Europe,farmacia.fatima.lisboa@gmail.com,+351 217 963 107,https://www.facebook.com/Farmácia-Fátima-169625066568753,147-A Avenida 5 de Outubro 1050-053 Nossa Senhora de Fátima,38.74012,-9.14869,,,osm,email,2,new,ok,"category ""Pharmacy"" is not a travel-concierge listing — a recipient who was never the audience is the likeliest to report spam"
3870d8bfb6d5394b7879,Farmácia Galeno,Pharmacy,lisbon,,PT,Europe,farmaciagalenolisboa@gmail.com,+351 217 976 510,https://www.facebook.com/farmaciagalenolisboa,38 A Avenida Óscar Monteiro Torres,38.74308,-9.14164,,,osm,email,2,new,ok,"category ""Pharmacy"" is not a travel-concierge listing — a recipient who was never the audience is the likeliest to report spam"
f719cef4e7c21f1991f4,Farmácia Galénica,Pharmacy,lisbon,Lisboa,PT,Europe,fgalenicalisboa@gmail.com,+351 213 477 052,https://facebook.com/Farmácia-Galénica-Lisboa-519482218252493,12-14 Rua das Pretas 1150-271 Lisboa,38.71898,-9.14326,,,osm,email,2,new,ok,"category ""Pharmacy"" is not a travel-concierge listing — a recipient who was never the audience is the likeliest to report spam"
a69d7d3a5d8eb66b73c3,Farmácia Gare do Oriente,Pharmacy,lisbon,,PT,Europe,f.gareoriente@grupofarmaspot.pt,+351 218 963 270;+351 915 700 903,https://grupofarmaspot.pt/farmacia-gare-do-oriente/,LT 1.15 Avenida Dom João II 1990-233,38.76756,-9.09942,,,osm,email,2,new,ok,"category ""Pharmacy"" is not a travel-concierge listing — a recipient who was never the audience is the likeliest to report spam"
2275d5fca8331bc383b9,Farmácia Geny,Pharmacy,lisbon,,PT,Europe,farmaciageny@gmail.com,+351 217 111 730,http://farmaciageny.wixsite.com/geny,44 C Rua Fernando Namora,38.76025,-9.17895,,,osm,email,2,new,ok,"category ""Pharmacy"" is not a travel-concierge listing — a recipient who was never the audience is the likeliest to report spam"
ff418f8626fecb8ec364,Farmácia Gomes Sucessores,Pharmacy,lisbon,Santa Maria de Belém,PT,Europe,farmaciagomes@sapo.pt,+351 213 638 193,,326;328 Rua da Junqueira 1300-340 Santa Maria de Belém,38.69757,-9.19592,,,osm,email,2,new,ok,"category ""Pharmacy"" is not a travel-concierge listing — a recipient who was never the audience is the likeliest to report spam"
429e66ce995ed9ffb5ba,Farmácia Gomes da Silva,Pharmacy,lisbon,,PT,Europe,hernani.gomes.silva@sapo.pt,+351 21 797 1873,,235 C Rua da Beneficência,38.7447,-9.15862,,,osm,email,2,new,ok,"category ""Pharmacy"" is not a travel-concierge listing — a recipient who was never the audience is the likeliest to report spam"
7e527938e3a1e5b33698,Farmácia Gouveia,Pharmacy,lisbon,,PT,Europe,farmacia.gouveia@gmail.com,+351 217 607 500,https://www.facebook.com/Farmácia-Gouveia-141581979232026,6 A Rua Augusto Costa,38.75416,-9.20508,,,osm,email,2,new,ok,"category ""Pharmacy"" is not a travel-concierge listing — a recipient who was never the audience is the likeliest to report spam"
de4b07eae160136c0ef7,Farmácia Higiene Olivais,Pharmacy,lisbon,,PT,Europe,farmacia.higiene.olivais@grupo-holon.pt,+351 218 510 026,http://www.grupo-holon.pt/,"Lote 43, Loja A Rua Cidade de Vila Cabral 1800-131 Santa Maria dos Olivais",38.7662,-9.12094,,,osm,email,2,new,ok,"category ""Pharmacy"" is not a travel-concierge listing — a recipient who was never the audience is the likeliest to report spam"
7e48218b330d21d605d8,Farmácia Holon,Pharmacy,lisbon,,PT,Europe,farmacia.holon.moraissoares@grupo-holon.pt,+351 218 150 170,http://www.grupo-holon.pt/,"109, 111 e 113 Rua Morais Soares 1900-344 São Jorge de Arroios",38.73305,-9.13226,,,osm,email,2,new,ok,"category ""Pharmacy"" is not a travel-concierge listing — a recipient who was never the audience is the likeliest to report spam"
99c0035e89463c13d09c,Farmácia Holon Campo Grande,Pharmacy,lisbon,Lisboa,PT,Europe,farmacia.holon.campogrande@grupo-holon.pt,+351 21 600 8371,http://www.grupo-holon.pt/,414 B Campo Grande 1700-098 Lisboa,38.7599,-9.15745,,,osm,email,2,new,ok,"category ""Pharmacy"" is not a travel-concierge listing — a recipient who was never the audience is the likeliest to report spam"
0af8b4f1476848fabe1f,Farmácia Homeopática de Santa Justa,Pharmacy,lisbon,,PT,Europe,homeopatica.santajusta@gmail.com,+351 218 855 333,https://www.farmaciasantajusta.com,8 Rua de Santa Justa 1100-485 São Nicolau,38.7128,-9.13699,,,osm,email,2,new,ok,"category ""Pharmacy"" is not a travel-concierge listing — a recipient who was never the audience is the likeliest to report spam"
bf4c5ed0031ee814e693,Farmácia Ibéria,Pharmacy,lisbon,,PT,Europe,iberiafarmacia@gmail.com,+351 218 488 277,https://www.facebook.com/farmaciaiberia,7 B Rua Cristóvão Falcão 1900-090 Alto do Pina,38.73766,-9.12773,,,osm,email,2,new,ok,"category ""Pharmacy"" is not a travel-concierge listing — a recipient who was never the audience is the likeliest to report spam"
5cddb1d045878a0a48c9,Farmácia Imperial,Pharmacy,lisbon,,PT,Europe,farmaciaimperial.lx@gmail.com,+351 218 486 860,http://www.grupoprogressosaude.net/farmcia-imperial,30 B Avenida Guerra Junqueiro 1000-167,38.73981,-9.13627,,,osm,email,2,new,ok,"category ""Pharmacy"" is not a travel-concierge listing — a recipient who was never the audience is the likeliest to report spam"
a29e8d6e5f0c07db5388,Farmácia Internacional,Pharmacy,lisbon,,PT,Europe,info@farmaciainternacional.pt,+351 213 241 360,https://www.farmaciainternacional.pt,228-230 Rua Áurea,38.71186,-9.13891,,,osm,email,2,new,ok,"category ""Pharmacy"" is not a travel-concierge listing — a recipient who was never the audience is the likeliest to report spam"
8184d005a7be220d9e1c,Farmácia J Ribeiro,Pharmacy,lisbon,Lisboa,PT,Europe,farmaciajribeiro@gmail.com,+351 217 223 523,https://www.facebook.com/pg/farmaciajribeiro,199-A Estrada da Luz 1600-155 Lisboa,38.75661,-9.17792,,,osm,email,2,new,ok,"category ""Pharmacy"" is not a travel-concierge listing — a recipient who was never the audience is the likeliest to report spam"
828bfd51dee96d5bd362,Farmácia Jaime de Matos,Pharmacy,lisbon,,PT,Europe,farmacia.jmatos@gmail.com,+351 218 121 671,https://www.facebook.com/Farmácia-Jaime-de-Matos-639820092850868,8;10 Rua Álvaro Coutinho 1150-025 Anjos,38.72489,-9.13427,,,osm,email,2,new,ok,"category ""Pharmacy"" is not a travel-concierge listing — a recipient who was never the audience is the likeliest to report spam"
9013411f289a599cc84b,Farmácia Labor,Pharmacy,lisbon,,PT,Europe,farmacialabor@hotmail.com,+351 213 423 428,https://www.facebook.com/farmacialabor,37 A;37 B Rua da Venezuela 1500-618,38.74495,-9.2015,,,osm,email,2,new,ok,"category ""Pharmacy"" is not a travel-concierge listing — a recipient who was never the audience is the likeliest to report spam"
bb84ea251b7edcb96f76,Farmácia Lambert,Pharmacy,lisbon,,PT,Europe,farmacialambert@sapo.pt,+351 217 579 628,https://www.facebook.com/pg/Farm.lambert,2-A Rua Pedro Bandeira 1750-217 Lumiar,38.76277,-9.15364,,,osm,email,2,new,ok,"category ""Pharmacy"" is not a travel-concierge listing — a recipient who was never the audience is the likeliest to report spam"
5c9696bff7a65a2014a7,Farmácia Largo do Rato,Pharmacy,lisbon,,PT,Europe,geral@farmacialargodorato.pt,+351 213 863 044,https://www.facebook.com/farmacialargodorato,1 Avenida Alvares Cabral 1250-015 Santa Isabel,38.71951,-9.15574,,,osm,email,2,new,ok,"category ""Pharmacy"" is not a travel-concierge listing — a recipient who was never the audience is the likeliest to report spam"
e71f8fd909551b2d6f59,Farmácia Lavinha,Pharmacy,lisbon,,PT,Europe,farmacialavinha@sapo.pt,+351 217 608 242,https://www.facebook.com/farmacialavinha,28-A Rua Engenheiro Paulo de Barros 1500-264,38.74789,-9.20677,,,osm,email,2,new,ok,"category ""Pharmacy"" is not a travel-concierge listing — a recipient who was never the audience is the likeliest to report spam"
b4298b320adc429ba315,Farmácia Lemos,Pharmacy,lisbon,,PT,Europe,farmacialemos@sapo.pt,+351 218 531 692,https://www.facebook.com/Farmácia-Lemos-Olivais-Sul-350082145088139,46 C Rua Cidade da Beira,38.76624,-9.12419,,,osm,email,2,new,ok,"category ""Pharmacy"" is not a travel-concierge listing — a recipient who was never the audience is the likeliest to report spam"
b9f0eecacfa2665331d2,Farmácia Lisboa,Pharmacy,lisbon,,PT,Europe,farmacialisboatelheiras@gmail.com,+351 217 150 178,https://www.facebook.com/farmacia.lisboa,29 Azinhaga da Torre do Fato,38.76351,-9.17733,,,osm,email,2,new,ok,"category ""Pharmacy"" is not a travel-concierge listing — a recipient who was never the audience is the likeliest to report spam"
9c3c6b49c9909832c9a1,Farmácia Lisbonense,Pharmacy,lisbon,Alcântara,PT,Europe,farmacia.lisbonense@hotmail.com,+351 213 637 020,https://www.facebook.com/Farmácia-Lisbonense-600141033397575,2-B Rua Leão de Oliveira 1300-352 Alcântara,38.70485,-9.17836,,,osm,email,2,new,ok,"category ""Pharmacy"" is not a travel-concierge listing — a recipient who was never the audience is the likeliest to report spam"
ff72f7827aa4d760760b,Farmácia Lobel,Pharmacy,lisbon,,PT,Europe,farmacialobel@gmail.com,+351 213 888 807,http://maisfarmacia.org/,98-B Rua de Infantaria 16 1350-171,38.71841,-9.16791,,,osm,email,2,new,ok,"category ""Pharmacy"" is not a travel-concierge listing — a recipient who was never the audience is the likeliest to report spam"
4e8e5ba1a34a563f184b,Farmácia Luciano Cordeiro,Pharmacy,lisbon,,PT,Europe,farmacia.lucianocordeiro@gmail.com,+351 213 156 381,http://www.facebook.com/farmacia.lucianocordeiro,73 Rua Luciano Cordeiro 1150-213 Coração de Jesus,38.72554,-9.14475,,,osm,email,2,new,ok,"category ""Pharmacy"" is not a travel-concierge listing — a recipient who was never the audience is the likeliest to report spam"
8f98ea5a161e7e1be76a,Farmácia Lusa,Pharmacy,lisbon,,PT,Europe,farmacialusa.lx@gmail.com,+351 218 475 269,,199-A;199-B Avenida Almirante Reis 1000-048 São Jorge de Arroios,38.73587,-9.13417,,,osm,email,2,new,ok,"category ""Pharmacy"" is not a travel-concierge listing — a recipient who was never the audience is the likeliest to report spam"
f774d1b3cd4a2e2de160,Farmácia Lusitana,Pharmacy,lisbon,,PT,Europe,flusitana@gmail.com,+351 218 485 443,https://www.facebook.com/farmacialusitana.lisboa,18-A Avenida de Roma 1000-265 São João de Deus,38.74371,-9.13873,,,osm,email,2,new,ok,"category ""Pharmacy"" is not a travel-concierge listing — a recipient who was never the audience is the likeliest to report spam"
922ffcef5baf057ae106,Farmácia Lídia Almeida,Pharmacy,lisbon,Lisboa,PT,Europe,geral@farmacialidiaalmeida.com,+351 213 637 318,http://www.farmaciaemcasa.pt/index.php/quem-somos/8-quem-somos/156-farmacia-lidia-almeida,170 Calçada da Ajuda 1300-017 Lisboa,38.70374,-9.19934,,,osm,email,2,new,ok,"category ""Pharmacy"" is not a travel-concierge listing — a recipient who was never the audience is the likeliest to report spam"
2d03fad7ffeafd488656,Farmácia Madre Deus,Pharmacy,lisbon,,PT,Europe,farmaciamadredeus@gmail.com,+351 218 619 344,,15-B Rua da Margem 1900-325 Beato,38.73083,-9.10988,,,osm,email,2,new,ok,"category ""Pharmacy"" is not a travel-concierge listing — a recipient who was never the audience is the likeliest to report spam"
0239bd8fcd87671fd44f,Farmácia Maia Palma,Pharmacy,lisbon,,PT,Europe,maiapalma@netcabo.pt,+351 217 122 401,https://www.facebook.com/farmaciamaiapalma,5;6 A Largo José João Farinha Júnior 1600,38.76533,-9.18115,,,osm,email,2,new,ok,"category ""Pharmacy"" is not a travel-concierge listing — a recipient who was never the audience is the likeliest to report spam"
453d6ebc72610435cca4,Farmácia Marbel,Pharmacy,lisbon,,PT,Europe,farmaciamarbel@gmail.com,+351 217 993 770,https://pt-pt.facebook.com/farmaciamarbel/,104-A R/C Avenida de Roma 1700-346 São João de Brito,38.756,-9.14529,,,osm,email,2,new,ok,"category ""Pharmacy"" is not a travel-concierge listing — a recipient who was never the audience is the likeliest to report spam"
f6893e9c04e96ee29321,Farmácia Marques,Pharmacy,lisbon,Lisboa,PT,Europe,farmaciamarques648@gmail.com,+351 217 600 096,https://www.farmaciasportuguesas.pt/farmacia-info/08230,648 Estrada de Benfica 1500-108 Lisboa,38.75066,-9.2008,,,osm,email,2,new,ok,"category ""Pharmacy"" is not a travel-concierge listing — a recipient who was never the audience is the likeliest to report spam"
22afc344a8dfd3279105,Farmácia Marques Freire,Pharmacy,lisbon,,PT,Europe,marques.freire.lsb@farmalink.pt,+351 213 965 196,,96 Rua de Santo António à Estrela 1350-294 Lapa,38.71339,-9.16351,,,osm,email,2,new,ok,"category ""Pharmacy"" is not a travel-concierge listing — a recipient who was never the audience is the likeliest to report spam"
870339dfb1fcd35ea8f0,Farmácia Martim Moniz,Pharmacy,lisbon,,PT,Europe,martimmonizfarmacia@sapo.pt,+351 218 863 350,https://www.facebook.com/Farmácia-Martim-Moniz-174054509655210,194 Rua da Palma 1100-394 Santa Justa,38.71708,-9.13569,,,osm,email,2,new,ok,"category ""Pharmacy"" is not a travel-concierge listing — a recipient who was never the audience is the likeliest to report spam"
8b42577c83846924290a,Farmácia Martins,Pharmacy,lisbon,,PT,Europe,geral@farmaciamartins.com,+351 213 960 823,http://www.farmaciamartins.com/,167 Calçada da Estrela 1200-662,38.71274,-9.15801,,,osm,email,2,new,ok,"category ""Pharmacy"" is not a travel-concierge listing — a recipient who was never the audience is the likeliest to report spam"
449e83667ad9265d8d7c,Farmácia Matos Viegas,Pharmacy,lisbon,,PT,Europe,farmaciamatosviegas@gmail.com,+351 21 757 4476,http://www.redebarral.com/,34-B Avenida Rainha Dona Amélia 1600-679 Lumiar,38.76691,-9.16108,,,osm,email,2,new,ok,"category ""Pharmacy"" is not a travel-concierge listing — a recipient who was never the audience is the likeliest to report spam"
039928745448d8a1c163,Farmácia Morais Sarmento,Pharmacy,lisbon,,PT,Europe,farmacia.morais.sarmento@grupo-holon.pt,+351 213 546 490,http://www.grupo-holon.pt/,21 Loja A Rua Rodrigues de Sampaio 1150-278 São José,38.7219,-9.14586,,,osm,email,2,new,ok,"category ""Pharmacy"" is not a travel-concierge listing — a recipient who was never the audience is the likeliest to report spam"
47ade82a20b23e2acc73,Farmácia Moura,Pharmacy,lisbon,Ajuda,PT,Europe,geral@farmaciamoura.pt,+351 213 630 944,https://www.facebook.com/Farm%C3%A1cia-Moura-Ajuda-191566341005363/,45 B Travessa da Memória 1300-402 Ajuda,38.70217,-9.20169,,,osm,email,2,new,ok,"category ""Pharmacy"" is not a travel-concierge listing — a recipient who was never the audience is the likeliest to report spam"
20250999af82721139f7,Farmácia Mouraria,Pharmacy,lisbon,,PT,Europe,farmaciaferrao@sapo.pt,+351 218 860 464,https://www.facebook.com/Farmácia-Mouraria-ex-Ferrão-469532483244254,12 Rua da Mouraria 1100-364 Socorro,38.71549,-9.13556,,,osm,email,2,new,ok,"category ""Pharmacy"" is not a travel-concierge listing — a recipient who was never the audience is the likeliest to report spam"
c24c6ddf6ea12a381b4f,Farmácia Mourão,Pharmacy,lisbon,Lisboa,PT,Europe,geral@farmaciamorao.com,+351 218 824 924,https://www.farmaciamorao.com,63 E/I Largo da Graça 1170-165 Lisboa,38.71669,-9.13027,,,osm,email,2,new,ok,"category ""Pharmacy"" is not a travel-concierge listing — a recipient who was never the audience is the likeliest to report spam"
31c6610d5d52878c22c0,Farmácia Moz Teixeira,Pharmacy,lisbon,,PT,Europe,farmamozteixeira@gmail.com,+351 213 900 670,https://www.facebook.com/mozteixeira,115;117 Rua Poço dos Negros 1200-337 São Paulo,38.70981,-9.1516,,,osm,email,2,new,ok,"category ""Pharmacy"" is not a travel-concierge listing — a recipient who was never the audience is the likeliest to report spam"
c08961620b8f5ea09421,Farmácia Mundial,Pharmacy,lisbon,Lisboa,PT,Europe,farmacia-mundial@hotmail.com,+351 213 558 086,,10 Largo Dona Estefânia 1000-126 Lisboa,38.73188,-9.14106,,,osm,email,2,new,ok,"category ""Pharmacy"" is not a travel-concierge listing — a recipient who was never the audience is the likeliest to report spam"
45f98497eaf5d6d5b81d,Farmácia Nicolau,Pharmacy,lisbon,,PT,Europe,farmacia.nicolau@grupo-holon.pt,+351 217 540 859,http://www.grupo-holon.pt/,Lote 4 - Loja Esquerda Calçada de Carriche 1750-053 Ameixoeira,38.78128,-9.16404,,,osm,email,2,new,ok,"category ""Pharmacy"" is not a travel-concierge listing — a recipient who was never the audience is the likeliest to report spam"
d6d375152a401612cc07,Farmácia Nova,Pharmacy,lisbon,,PT,Europe,farmacianova1@sapo.pt,+351 213 887 475,,297-C Rua de Campolide 1070-032 Campolide,38.73505,-9.1655,,,osm,email,2,new,ok,"category ""Pharmacy"" is not a travel-concierge listing — a recipient who was never the audience is the likeliest to report spam"
f1a97ca0a166c3db78d8,Farmácia Nova Iorque,Pharmacy,lisbon,,PT,Europe,farmacia.nova.iorque@grupo-holon.pt,+351 217 960 658,http://www.grupo-holon.pt/,14-B2 Avenida dos Estados Unidos da América 1700-180 Campo Grande,38.74865,-9.14745,,,osm,email,2,new,ok,"category ""Pharmacy"" is not a travel-concierge listing — a recipient who was never the audience is the likeliest to report spam"
ff01350683f35b97626f,Farmácia Nova dos Olivais,Pharmacy,lisbon,Lisboa,PT,Europe,farmacia.nova.olivais@grupo-holon.pt,+351 218 516 402,http://www.grupo-holon.pt/,A Rua de Manhiça 1800-245 Lisboa,38.75916,-9.10778,,,osm,email,2,new,ok,"category ""Pharmacy"" is not a travel-concierge listing — a recipient who was never the audience is the likeliest to report spam"
ccdffd524fe6c507a374,Farmácia Oliveira,Pharmacy,lisbon,,PT,Europe,farmaciaprogresso.principereal@gmail.com,+351 21 324 0419,http://www.grupoprogressosaude.net/farmcia-oliveira,123-125 Rua Dom Pedro V 1250-093 Santa Catarina,38.71596,-9.14747,,,osm,email,2,new,ok,"category ""Pharmacy"" is not a travel-concierge listing — a recipient who was never the audience is the likeliest to report spam"
fdb8442094c9abe0a9bb,Farmácia Onilda,Pharmacy,lisbon,,PT,Europe,farmaciaonilda@gmail.com,+351 218 486 848,https://www.facebook.com/farmaciaonilda,13-A Avenida João XXI 1000-298 São João de Deus,38.74223,-9.13658,,,osm,email,2,new,ok,"category ""Pharmacy"" is not a travel-concierge listing — a recipient who was never the audience is the likeliest to report spam"
e52c492ef2d6005b43d2,Farmácia Oriental de Lisboa,Pharmacy,lisbon,,PT,Europe,orientalfarmacia@gmail.com,+351 213 545 079,http://www.farmaciabarral.com/farmacia-oriental,"8A R/C, Loja S5;8B R/C Loja S7 Avenida da Boa Esperança 1900-261 Santa Maria dos Olivais",38.77521,-9.09645,,,osm,email,2,new,ok,"category ""Pharmacy"" is not a travel-concierge listing — a recipient who was never the audience is the likeliest to report spam"
5a7995f98a83b8d7beab,Farmácia Padre Cruz,Pharmacy,lisbon,,PT,Europe,farmacia.padre.cruz@grupo-holon.pt,+351 217 121 520,http://www.grupo-holon.pt/,Lote 138 B Rua Professor Francisco Pereira de Moura 1600-829 Carnide,38.76846,-9.19066,,,osm,email,2,new,ok,"category ""Pharmacy"" is not a travel-concierge listing — a recipient who was never the audience is the likeliest to report spam"
f4a533eb28b19838e0de,Farmácia Paes,Pharmacy,lisbon,,PT,Europe,farmaciapaes@gmail.com,+351 218 483 965,http://www.farmaciapaes.pt,22-A Rua Abade Faria 1900-007 Alto do Pina,38.73905,-9.13104,,,osm,email,2,new,ok,"category ""Pharmacy"" is not a travel-concierge listing — a recipient who was never the audience is the likeliest to report spam"
1bcc704108e45d1c9b3d,Farmácia Palma,Pharmacy,lisbon,Lisboa,PT,Europe,farmaciapalma.lisboa@gmail.com,+351 213 547 088,,197 B;197 C São Jorge de Arroios 1000-155 Lisboa,38.73501,-9.14174,,,osm,email,2,new,ok,"category ""Pharmacy"" is not a travel-concierge listing — a recipient who was never the audience is the likeliest to report spam"
b1fb7ecec510b082ed64,Farmácia Paris,Pharmacy,lisbon,São João de Brito,PT,Europe,farmaciaparis.fb@gmail.com,+351 218 490 131,https://www.facebook.com/Farmácia-Paris-403995869673447,5-A;5-B Rua Reinaldo Ferreira 1700-322 São João de Brito,38.75777,-9.13794,,,osm,email,2,new,ok,"category ""Pharmacy"" is not a travel-concierge listing — a recipient who was never the audience is the likeliest to report spam"
155a3dad9f7d08d7e3b9,Farmácia Parque das Nações,Pharmacy,lisbon,Lisboa,PT,Europe,farmacia.pq.nacoes@sapo.pt,+351 218 947 000,https://www.facebook.com/farmaciaparquenacoes,6A R/C (antigo 4.28.01.H) Jardim dos Jacarandás 1990-237 Lisboa,38.77874,-9.09455,,,osm,email,2,new,ok,"category ""Pharmacy"" is not a travel-concierge listing — a recipient who was never the audience is the likeliest to report spam"
4e6ab102c0ed75efa7eb,Farmácia Patuleia,Pharmacy,lisbon,,PT,Europe,farmaciapatuleia@gmail.com,+351 217 524 103,https://www.facebook.com/FarmaciaPatuleia,262 A Alameda das Linhas de Torres 1750-152 Lumiar,38.77352,-9.16109,,,osm,email,2,new,ok,"category ""Pharmacy"" is not a travel-concierge listing — a recipient who was never the audience is the likeliest to report spam"
ec2d2bd9c30e5a599ab8,Farmácia Picoas,Pharmacy,lisbon,,PT,Europe,farmaciapicoas@gmail.com,+351 213 548 966,https://www.facebook.com/FarmaciaPicoas,29 A;29 B Rua Viriato 1050-234 São Sebastião da Pedreira,38.73194,-9.14744,,,osm,email,2,new,ok,"category ""Pharmacy"" is not a travel-concierge listing — a recipient who was never the audience is the likeliest to report spam"
b242a9cea0858d8101aa,Farmácia Planalto,Pharmacy,lisbon,,PT,Europe,encomendas@farmaciaplanalto.pt,+351 213 462 350,https://www.facebook.com/FarmaciaPlanalto,31 C Rua Frederico George,38.76946,-9.16721,,,osm,email,2,new,ok,"category ""Pharmacy"" is not a travel-concierge listing — a recipient who was never the audience is the likeliest to report spam"
191d1fde21b58014cd26,Farmácia Pontes Leite,Pharmacy,lisbon,,PT,Europe,farmaciapontesleite@gmail.com,+351 218 593 720,https://www.facebook.com/Farmácia-Pontes-Leite-1403663666536145,39-B Avenida François Mitterrand 1950-354,38.7456,-9.1188,,,osm,email,2,new,ok,"category ""Pharmacy"" is not a travel-concierge listing — a recipient who was never the audience is the likeliest to report spam"
785bf61f9a95b84834ee,Farmácia Porfírio,Pharmacy,lisbon,Campo de Ourique,PT,Europe,farma.porfirio@gmail.com,+351 213 963 349,https://pt-pt.facebook.com/Farm%C3%A1cia-Porf%C3%ADrio-151876844877029/,59-B Rua Francisco Metrass 1350-139 Santo Condestável Campo de Ourique,38.71718,-9.16653,,,osm,email,2,new,ok,"category ""Pharmacy"" is not a travel-concierge listing — a recipient who was never the audience is the likeliest to report spam"
086240592cc6def03dd7,Farmácia Portuguesa,Pharmacy,lisbon,,PT,Europe,oliveira.campolide@gmail.com,+351 213 884 424,,54-A Rua de Campolide 1070-037 Campolide,38.72787,-9.16228,,,osm,email,2,new,ok,"category ""Pharmacy"" is not a travel-concierge listing — a recipient who was never the audience is the likeliest to report spam"
94b0161873102a14903c,Farmácia Prates e Mota,Pharmacy,lisbon,,PT,Europe,info@farmaciapratesemota.pt,+351 217 951 145,http://www.farmaciadaluz.pt/farmacia-prates-mota/,91-93 Rua da Beneficência 1600-018 Nossa Senhora de Fátima,38.74162,-9.1563,,,osm,email,2,new,ok,"category ""Pharmacy"" is not a travel-concierge listing — a recipient who was never the audience is the likeliest to report spam"
c4b5f87867f521b01a1f,Farmácia Privada Venerável Ordem Terceira São Francisco Cidade,Pharmacy,lisbon,,PT,Europe,mail@hospitaldaordemterceira.pt,+351 213 230 300,http://www.hospitaldaordemterceira.pt,7 Rua Serpa Pinto,38.70873,-9.14143,,,osm,email,2,new,ok,"category ""Pharmacy"" is not a travel-concierge listing — a recipient who was never the audience is the likeliest to report spam"
fb2ee0676d8036836ed9,Farmácia Privada da Associação de Socorros Mútuos dos Empregados do Estado,Pharmacy,lisbon,Lisboa,PT,Europe,geral@asmee.org.pt,+351 218 861508,https://www.asmee.org.pt,20-22 Rua da Madalena Lisboa,38.70889,-9.1346,,,osm,email,2,new,ok,"category ""Pharmacy"" is not a travel-concierge listing — a recipient who was never the audience is the likeliest to report spam"
e9dcf18513b95caa8a70,Farmácia Probidade,Pharmacy,lisbon,Alcântara,PT,Europe,farmaciaprobidade@gmail.com,+351 213 638 589,https://www.facebook.com/farmaciaprobidade,15-A-B Rua de Alcântara 1300-023 Alcântara,38.70625,-9.1749,,,osm,email,2,new,ok,"category ""Pharmacy"" is not a travel-concierge listing — a recipient who was never the audience is the likeliest to report spam"
d0d49ba3ba124921c72a,Farmácia Progresso,Pharmacy,lisbon,,PT,Europe,farmaciaprogresso.comercial@gmail.com,+351 217 602 226,http://www.grupoprogressosaude.net/untitled-caqe,64-C Estrada de A-da-Maia 1500-004,38.75085,-9.20957,,,osm,email,2,new,ok,"category ""Pharmacy"" is not a travel-concierge listing — a recipient who was never the audience is the likeliest to report spam"
487941fa30450467e139,Farmácia Príncipe Real,Pharmacy,lisbon,,PT,Europe,farmacia.pr@netcabo.pt,+351 213 425 455,https://www.facebook.com/FarmaciaPrincipeReal,16 Rua da Escola Politécnica 1250-102 São Mamede,38.71729,-9.14948,,,osm,email,2,new,ok,"category ""Pharmacy"" is not a travel-concierge listing — a recipient who was never the audience is the likeliest to report spam"
c72d13271d1cd37aed59,Farmácia Pátria,Pharmacy,lisbon,,PT,Europe,farmacia.patria@gmail.com,+351 213 880 627,http://www.facebook.com/farmpatr,30-A Calçada dos Mestres 1070-178 Campolide,38.72697,-9.16544,,,osm,email,2,new,ok,"category ""Pharmacy"" is not a travel-concierge listing — a recipient who was never the audience is the likeliest to report spam"
a687a1aa72ea2dfc65e5,Farmácia Quejas,Pharmacy,lisbon,Lisboa,PT,Europe,fprogressotelheiras@gmail.com,+351 217 584 144,http://www.grupoprogressosaude.net/farmcia-progresso-telheiras,36 Rua Professor Francisco Gentil 1600-626 Lisboa,38.76061,-9.17012,,,osm,email,2,new,ok,"category ""Pharmacy"" is not a travel-concierge listing — a recipient who was never the audience is the likeliest to report spam"
50e4b16dcbb7ba2c7719,Farmácia Rainha Santa,Pharmacy,lisbon,,PT,Europe,farmaciapimpao@gmail.com,+351 217 965 262,https://www.facebook.com/FarmaciaPimpao,57-B Rua Afonso Lopes Vieira 1700-011 Campo Grande,38.75523,-9.14962,,,osm,email,2,new,ok,"category ""Pharmacy"" is not a travel-concierge listing — a recipient who was never the audience is the likeliest to report spam"
8ae2f217f08e8efacd01,Farmácia Rebocho,Pharmacy,lisbon,,PT,Europe,farmaciarebocho@gmail.com,+351 217 781 855,https://www.facebook.com/Farmácia-Rebocho-885187254882957,12-B Rua Tenente Coronel Ribeiro dos Reis 1500-588 São Domingos de Benfica,38.746,-9.18956,,,osm,email,2,new,ok,"category ""Pharmacy"" is not a travel-concierge listing — a recipient who was never the audience is the likeliest to report spam"
a2f9a995bf53458d1740,Farmácia Reis Oliveira,Pharmacy,lisbon,,PT,Europe,reisoliveirafarma@gmail.com,+351 21 855 0680; +351 918 782 570,,Lote 534 A Rua Cidade Nampula 1800-105 Santa Maria dos Olivais,38.76347,-9.12019,,,osm,email,2,new,ok,"category ""Pharmacy"" is not a travel-concierge listing — a recipient who was never the audience is the likeliest to report spam"
5c51e6ab64047e15b098,Farmácia Rio de Janeiro,Pharmacy,lisbon,,PT,Europe,fprogressoriodejaneiro@gmail.com,+351 218 400 198,http://www.grupoprogressosaude.net/farmcia-rio-de-janeiro,4-C Avenida do Rio de Janeiro 1700-334 São João de Brito,38.75013,-9.13722,,,osm,email,2,new,ok,"category ""Pharmacy"" is not a travel-concierge listing — a recipient who was never the audience is the likeliest to report spam"
79daf99984af1995882d,Farmácia Roma,Pharmacy,lisbon,Lisboa,PT,Europe,farmaciaroma85b@gmail.com,+351 217 972 466,https://www.facebook.com/farmaciaromalisboa/,85-B Avenida de Roma 1700-344 Lisboa,38.75118,-9.14323,,,osm,email,2,new,ok,"category ""Pharmacy"" is not a travel-concierge listing — a recipient who was never the audience is the likeliest to report spam"
013cd1b13ac3e25783cf,Farmácia Romano Baptista,Pharmacy,lisbon,,PT,Europe,fromanobatista@gmail.com,+351 21 357 0593,facebook.com/Farmácia-Romano-Batista-353939051360017,8 Rua Passos Manuel,38.72739,-9.13667,,,osm,email,2,new,ok,"category ""Pharmacy"" is not a travel-concierge listing — a recipient who was never the audience is the likeliest to report spam"
24c06596791aa0f8a616,Farmácia Ronil,Pharmacy,lisbon,,PT,Europe,farmaciaronil@gmail.com,+351 21 388 3438,https://www.facebook.com/farmacia.ronil,103 Rua Rodrigo da Fonseca 1099-074 São Sebastião da Pedreira,38.72904,-9.1588,,,osm,email,2,new,ok,"category ""Pharmacy"" is not a travel-concierge listing — a recipient who was never the audience is the likeliest to report spam"
187b60eeb371b515e329,Farmácia Sacramento,Pharmacy,lisbon,Lisboa,PT,Europe,farmacia.sacramento@mail.telepac.pt,+351 218 590 904,,42 Rua Actriz Palmira Bastos 1950-002 Lisboa,38.75433,-9.11362,,,osm,email,2,new,ok,"category ""Pharmacy"" is not a travel-concierge listing — a recipient who was never the audience is the likeliest to report spam"
8725ef9502fa0d730383,Farmácia Salutar,Pharmacy,lisbon,,PT,Europe,farmaciasalutar.lisboa@gmail.com,+351 213 558 122,http://www.afarmaciaonline.pt/quem-somos.html,9-A;9-B Rua Conde de Redondo 1150-101 São Jorge de Arroios,38.72758,-9.14258,,,osm,email,2,new,ok,"category ""Pharmacy"" is not a travel-concierge listing — a recipient who was never the audience is the likeliest to report spam"
870c9b364b4e78924aaa,Farmácia Sanex,Pharmacy,lisbon,Lisboa,PT,Europe,f.sanex@gmail.com,+351 218 497 505,,31C Avenida da Igreja 1700-232 Lisboa,38.75317,-9.14326,,,osm,email,2,new,ok,"category ""Pharmacy"" is not a travel-concierge listing — a recipient who was never the audience is the likeliest to report spam"
84d9bb9e288a7aede552,Farmácia Santa Apolónia,Pharmacy,lisbon,,PT,Europe,farmacia.stapolonia@gmail.com,+351 218 862 376,https://www.facebook.com/farma.santaapolonia,102 Rua dos Caminhos de Ferro,38.71386,-9.12364,,,osm,email,2,new,ok,"category ""Pharmacy"" is not a travel-concierge listing — a recipient who was never the audience is the likeliest to report spam"
98a4a479b678bc7f0ccb,Farmácia Santa Cruz,Pharmacy,lisbon,,PT,Europe,farmaciasantacruz.benfica@gmail.com,+351 217 164 828,http://www.afarmaciaonline.pt/quem-somos.html,34-B Avenida Gomes Pereira 1500-330,38.74889,-9.19781,,,osm,email,2,new,ok,"category ""Pharmacy"" is not a travel-concierge listing — a recipient who was never the audience is the likeliest to report spam"
32aab356dfc04fefe7aa,Farmácia Santa Maria,Pharmacy,lisbon,,PT,Europe,geral@farmaciasantamaria.pt,+351 217 963 016,https://www.facebook.com/farmaciasantamarialisboa,275B Avenida 5 de Outubro,38.7461,-9.15012,,,osm,email,2,new,ok,"category ""Pharmacy"" is not a travel-concierge listing — a recipient who was never the audience is the likeliest to report spam"
598adeb9a1b22710be57,Farmácia Santo António,Pharmacy,lisbon,,PT,Europe,diogomroliveira@netcabo.pt,+351 218 394 314,,14 A Avenida Paulo VI 1950-230,38.7429,-9.11161,,,osm,email,2,new,ok,"category ""Pharmacy"" is not a travel-concierge listing — a recipient who was never the audience is the likeliest to report spam"
42917598d9f3f52f7883,Farmácia Santos,Pharmacy,lisbon,,PT,Europe,farmaciasantos.ameixoeira@gmail.com,+351 217 598 186,https://www.facebook.com/Farmacia-Santos-1633108543575795,Loja 8C Alameda António Sérgio 1750-034 Ameixoeira,38.78077,-9.16006,,,osm,email,2,new,ok,"category ""Pharmacy"" is not a travel-concierge listing — a recipient who was never the audience is the likeliest to report spam"
bdc529b3a561e5146362,Farmácia Santos Silva,Pharmacy,lisbon,,PT,Europe,farmacia.santos.silva.lx@gmail.com,+351 218 591 265,https://www.facebook.com/Farmácia-Santos-Silva-739876282701194,Lote 226 Rua Keil do Amaral,38.75979,-9.12431,,,osm,email,2,new,ok,"category ""Pharmacy"" is not a travel-concierge listing — a recipient who was never the audience is the likeliest to report spam"
30be1f399a49392bc6db,Farmácia Sepol,Pharmacy,lisbon,Alcântara,PT,Europe,sepolfarma@gmail.com,+351 213 631 958,https://www.facebook.com/farmacia.sepol,94-A Calçada da Boa-Hora 1300-096 Alcântara,38.70109,-9.19152,,,osm,email,2,new,ok,"category ""Pharmacy"" is not a travel-concierge listing — a recipient who was never the audience is the likeliest to report spam"
83936933f8d59fa7b53f,Farmácia Serejo,Pharmacy,lisbon,Lisboa,PT,Europe,farmacia.serejo@grupo-holon.pt,+351 218 592 611,http://www.grupo-holon.pt/,B Avenida João Paulo II 1950-157 Lisboa,38.74661,-9.11245,,,osm,email,2,new,ok,"category ""Pharmacy"" is not a travel-concierge listing — a recipient who was never the audience is the likeliest to report spam"
0035ec624aac33b11aba,Farmácia Sete Rios,Pharmacy,lisbon,Lisboa,PT,Europe,farmacia.canto@gmail.com,+351 217 272 082,https://www.facebook.com/farmaciaseterios,202 Estrada das Laranjeiras 1600-139 Lisboa,38.74532,-9.16913,,,osm,email,2,new,ok,"category ""Pharmacy"" is not a travel-concierge listing — a recipient who was never the audience is the likeliest to report spam"
15580822df138c6678b7,Farmácia Silmar,Pharmacy,lisbon,,PT,Europe,farmaciasilmar@mail.telepac.pt,+351 218 852 829,https://www.facebook.com/farmaciasilmar,128 Rua de São Lázaro 1169-104 Pena,38.71935,-9.13719,,,osm,email,2,new,ok,"category ""Pharmacy"" is not a travel-concierge listing — a recipient who was never the audience is the likeliest to report spam"
dabf91e8462c2891868d,Farmácia Simões,Pharmacy,lisbon,,PT,Europe,farmsimoes@gmail.com,+351 217 649 649,,102-A Calçada do Tojal 1500-597,38.75682,-9.2045,,,osm,email,2,new,ok,"category ""Pharmacy"" is not a travel-concierge listing — a recipient who was never the audience is the likeliest to report spam"
2c268423d2cd405d1c57,Farmácia Sousa,Pharmacy,lisbon,,PT,Europe,farmaciasousa.benfica@gmail.com,+351 217 780 027,https://www.afarmaciaonline.pt/farmacias-do-grupo/farmacia-sousa.html,429 A;431 Estrada de Benfica 1500-078 São Domingos de Benfica,38.74667,-9.18483,,,osm,email,2,new,ok,"category ""Pharmacy"" is not a travel-concierge listing — a recipient who was never the audience is the likeliest to report spam"
3e9d01dc0fa0a7871be7,Farmácia São João,Pharmacy,lisbon,,PT,Europe,farmacia_saojoao@sapo.pt,+351 218 147 708,https://www.facebook.com/Farmácia-São-João-1059452754076583,56-C Rua Morais Soares 1900-348 São João,38.73236,-9.12875,,,osm,email,2,new,ok,"category ""Pharmacy"" is not a travel-concierge listing — a recipient who was never the audience is the likeliest to report spam"
b440c9d6cd2b28bd9a3e,Farmácia São Mamede,Pharmacy,lisbon,Lisboa,PT,Europe,farmacia.saomamede@farmaciasgap.pt,+351 213 960 280,http://www.farmaciasgap.pt,82 B Rua da Escola Politécnica 1250-102 Lisboa,38.71825,-9.15207,,,osm,email,2,new,ok,"category ""Pharmacy"" is not a travel-concierge listing — a recipient who was never the audience is the likeliest to report spam"
89ebe93b63bad518de2b,Farmácia São Sebastião,Pharmacy,lisbon,,PT,Europe,farmacias.sebastiao@gmail.com,+351 213 548 642,https://www.facebook.com/farmaciadesaosebastiao,1-3 Largo de São Sebastião da Pedreira 1050-205 São Sebastião da Pedreira,38.73216,-9.15143,,,osm,email,2,new,ok,"category ""Pharmacy"" is not a travel-concierge listing — a recipient who was never the audience is the likeliest to report spam"
86e3b5ffaf5e2ba3110b,Farmácia Teles,Pharmacy,lisbon,Alcântara,PT,Europe,farmaciateles@sapo.pt,+351 213 638 176,https://www.farmaciateles.com,2 A Rua João de Barros 1300-320 Alcântara,38.7057,-9.18514,,,osm,email,2,new,ok,"category ""Pharmacy"" is not a travel-concierge listing — a recipient who was never the audience is the likeliest to report spam"
85c942d814beac3dd533,Farmácia Universal,Pharmacy,lisbon,Lisboa,PT,Europe,farmaciauniversal5@gmail.com,+351 21 317 3990,,5 São Jorge de Arroios 1000-007 Lisboa,38.73217,-9.14272,,,osm,email,2,new,ok,"category ""Pharmacy"" is not a travel-concierge listing — a recipient who was never the audience is the likeliest to report spam"
872eb581c8bf748ef2a2,Farmácia União,Pharmacy,lisbon,,PT,Europe,farmaciauniao.campodeourique@afarmaciaonline.pt,+351 213 902 278,http://www.afarmaciaonline.pt,145-F Rua Saraiva Carvalho 1350-300 Santo Condestável,38.71531,-9.16439,,,osm,email,2,new,ok,"category ""Pharmacy"" is not a travel-concierge listing — a recipient who was never the audience is the likeliest to report spam"
bf6b8365b1724b7b0279,Farmácia União,Pharmacy,lisbon,,PT,Europe,farmaciauniao.benfica@gmail.com,+351 217 111 072,http://www.afarmaciaonline.pt/quem-somos.html,592-594 Estrada de Benfica 1500-107,38.7508,-9.19956,,,osm,email,2,new,ok,"category ""Pharmacy"" is not a travel-concierge listing — a recipient who was never the audience is the likeliest to report spam"
ffaaf8cfddf32be2de8a,Farmácia Uruguai,Pharmacy,lisbon,Lisboa,PT,Europe,farmacia.uruguai@farmaciasgap.pt,+351 217 111 359,http://farmaciasgap.pt/farmacia-uruguai/,18 Avenida do Uruguai Lisboa,38.75175,-9.19717,,,osm,email,2,new,ok,"category ""Pharmacy"" is not a travel-concierge listing — a recipient who was never the audience is the likeliest to report spam"
4c63319a95891f7ed0ec,Farmácia Valle,Pharmacy,lisbon,,PT,Europe,vallefarmacia@gmail.com,+351 217 819 743,https://www.facebook.com/valle.farmacia.lisboa,60-B Avenida Visconde de Valmor 1050-241 Nossa Senhora de Fátima,38.73782,-9.14952,,,osm,email,2,new,ok,"category ""Pharmacy"" is not a travel-concierge listing — a recipient who was never the audience is the likeliest to report spam"
e7016c78645e4259cb1f,Farmácia Vasco da Gama,Pharmacy,lisbon,Lisboa,PT,Europe,farmaciavascodagama@sapo.pt,+351218947000,https://www.facebook.com/FarmaciaVascoDaGama,65B Alameda dos Oceanos Lisboa,38.77187,-9.09576,,,osm,email,2,new,ok,"category ""Pharmacy"" is not a travel-concierge listing — a recipient who was never the audience is the likeliest to report spam"
068cb6cddb5810e8fe34,Farmácia Vieira Borges,Pharmacy,lisbon,,PT,Europe,farmaciavieiraborges@gmail.com,+351 213 140 536,https://www.facebook.com/farmaciavieiraborges,28-30 Rua Alexandre Herculano 1250-011 Coração de Jesus,38.72275,-9.14973,,,osm,email,2,new,ok,"category ""Pharmacy"" is not a travel-concierge listing — a recipient who was never the audience is the likeliest to report spam"
f648508e5089c47fdd19,Farmácia Vila Expo,Pharmacy,lisbon,,PT,Europe,farmaciavilaexpo@hotmail.com,+351 218 869 831,https://www.facebook.com/farmaciavilaexpo,5 C Avenida da Peregrinação,38.78198,-9.09571,,,osm,email,2,new,ok,"category ""Pharmacy"" is not a travel-concierge listing — a recipient who was never the audience is the likeliest to report spam"
d482b1d9d62808f4ea88,Farmácia Vila Rio,Pharmacy,lisbon,Lisboa,PT,Europe,farmaciavilario@hotmail.com,+351 213 543 938,,1B Alameda dos Oceanos 1990-196 Lisboa,38.75535,-9.09708,,,osm,email,2,new,ok,"category ""Pharmacy"" is not a travel-concierge listing — a recipient who was never the audience is the likeliest to report spam"
fe5cbaca1ef0ce652d30,Farmácia Várzea,Pharmacy,lisbon,,PT,Europe,farmaciavarzea@gmail.com,+351 217 279 630,https://www.facebook.com/pg/farmaciavarzea,44A Rua Tomás da Fonseca 1600-258 Campo Grande,38.75529,-9.16634,,,osm,email,2,new,ok,"category ""Pharmacy"" is not a travel-concierge listing — a recipient who was never the audience is the likeliest to report spam"
0289f16c6b52e0a4eee7,Farmácia Zenel,Pharmacy,lisbon,,PT,Europe,fzenel@gmail.com,+351 213 851 840,,182 Rua Inácio Pardelhas Sanchez 1070-146 Campolide,38.73141,-9.17088,,,osm,email,2,new,ok,"category ""Pharmacy"" is not a travel-concierge listing — a recipient who was never the audience is the likeliest to report spam"
6699b28344772aa77f8d,Farmácia Zil,Pharmacy,lisbon,Lisboa,PT,Europe,zil.lisboa@gmail.com,+351 218 491 780,https://bairrodasaude.pt/,9-D;9-E Avenida da Igreja 1700-230 Lisboa,38.75415,-9.14029,,,osm,email,2,new,ok,"category ""Pharmacy"" is not a travel-concierge listing — a recipient who was never the audience is the likeliest to report spam"
edced98018c047935981,Farmácia da Boavista,Pharmacy,lisbon,Quarteirão Central A,PT,Europe,f25348@farmalink.pt,+351 217 622 572,http://farboavista.blogspot.com/,R/C Loja 1 e Loja 2 Rua das Magnólias,38.73472,-9.20438,,,osm,email,2,new,ok,"category ""Pharmacy"" is not a travel-concierge listing — a recipient who was never the audience is the likeliest to report spam"
88d39b927afc84748975,Farmácia da Lapa,Pharmacy,lisbon,,PT,Europe,farmacia.lapa@grupo-holon.pt,+351 213 962 246,http://www.grupo-holon.pt/,52;54 Rua da Lapa 1200-702,38.71046,-9.1597,,,osm,email,2,new,ok,"category ""Pharmacy"" is not a travel-concierge listing — a recipient who was never the audience is the likeliest to report spam"
a105c1aabfe45644c1e9,Farmácia das Avenidas,Pharmacy,lisbon,,PT,Europe,fdasavenidas@gmail.com,+351 213 533 688,,27 A Avenida da República,38.73658,-9.14589,,,osm,email,2,new,ok,"category ""Pharmacy"" is not a travel-concierge listing — a recipient who was never the audience is the likeliest to report spam"
24955d3ad84681696514,Farmácia do Calvário,Pharmacy,lisbon,Alcântara,PT,Europe,farmaciadocalvario@gmail.com,+351 213 631 635,https://www.farmaciacalvario.com,2 Rua José Dias Coelho 1300-328 Alcântara,38.70512,-9.1772,,,osm,email,2,new,ok,"category ""Pharmacy"" is not a travel-concierge listing — a recipient who was never the audience is the likeliest to report spam"
7d703992917be7342e62,Farmácia do Cruzeiro,Pharmacy,lisbon,Ajuda,PT,Europe,farm.cruzeiro@gmail.com,+351 213 610 731,https://www.facebook.com/farmaciadocruzeiro.cruzeiro/,52-A Rua do Cruzeiro 1300-166 Ajuda,38.70638,-9.19055,,,osm,email,2,new,ok,"category ""Pharmacy"" is not a travel-concierge listing — a recipient who was never the audience is the likeliest to report spam"
67e0866a060d16effdf0,Farmácia do Marquês,Pharmacy,lisbon,,PT,Europe,farmaciadomarques@gmail.com,+351 210 465 865,http://farmaciadomarques.com/pt,61-65 Avenida Duque de Loulé 1050-087 Coração de Jesus,38.72742,-9.14577,,,osm,email,2,new,ok,"category ""Pharmacy"" is not a travel-concierge listing — a recipient who was never the audience is the likeliest to report spam"
e13d95be91fbe8bc7367,Farmácia do Monte,Pharmacy,lisbon,Lisboa,PT,Europe,farmaciadomonte.lisboa@gmail.com,+351 218 820 790,https://www.facebook.com/Farm%C3%A1cia-Do-Monte-153395804724648,82 A Rua da Graça 1170-170 Lisboa,38.71979,-9.12979,,,osm,email,2,new,ok,"category ""Pharmacy"" is not a travel-concierge listing — a recipient who was never the audience is the likeliest to report spam"
b68c960350d8b98bfb4f,Farmácia dos Jerónimos,Pharmacy,lisbon,Lisboa,PT,Europe,farmaciadosjeronimos@gmail.com,+351 213 011 454,http://www.farmaciabarral.com/farmacia-dos-jeronimos,89 Rua de Belém 1300-083 Lisboa,38.69725,-9.20307,,,osm,email,2,new,ok,"category ""Pharmacy"" is not a travel-concierge listing — a recipient who was never the audience is the likeliest to report spam"
e8fbd98b426a2560d781,Igreja do Loreto,Place Of Worship,lisbon,Lisboa,PT,Europe,loreto@dehonianos.org,+351 213 423655,https://www.dehonianos.org/portal/pastoral_ver.asp?artigoid=81,Largo do Chiado 1200-108 Lisboa,38.71087,-9.14276,,,osm,email,2,new,ok,"category ""Place Of Worship"" is not a travel-concierge listing — a recipient who was never the audience is the likeliest to report spam"
ae86463397189c2b363e,My Auchan Saúde e Bem-Estar,Pharmacy,lisbon,Lisboa,PT,Europe,apoiocliente@auchan.pt,+351 210 403 270,https://www.auchan.pt/pt/loja?StoreID=448,62 Avenida Almirante Reis 1150-020 Lisboa,38.72704,-9.13468,,,osm,email,2,new,ok,"category ""Pharmacy"" is not a travel-concierge listing — a recipient who was never the audience is the likeliest to report spam"
f8564cda1d6cea6c9fe5,My Auchan Saúde e Bem-Estar,Pharmacy,lisbon,Lisboa,PT,Europe,apoiocliente@auchan.pt,+351 210 403 270,https://www.auchan.pt/pt/loja?StoreID=457,5A Avenida Gomes Pereira 1500-328 Lisboa,38.75011,-9.19736,,,osm,email,2,new,ok,"category ""Pharmacy"" is not a travel-concierge listing — a recipient who was never the audience is the likeliest to report spam"
f0fb5b14791971803e67,My Auchan Saúde e Bem-Estar,Pharmacy,lisbon,Lisboa,PT,Europe,apoiocliente@auchan.pt,+351 210 403 270,https://www.auchan.pt/pt/loja?StoreID=456,92 Avenida Columbano Bordalo Pinheiro 1070-020 Lisboa,38.73897,-9.16485,,,osm,email,2,new,ok,"category ""Pharmacy"" is not a travel-concierge listing — a recipient who was never the audience is the likeliest to report spam"
4122cb871e22991d5b8a,Panteão Nacional,Place Of Worship,lisbon,Lisboa,PT,Europe,geral@panteao.dgpc.pt,+351 218 854 820,https://www.panteaonacional.pt/,Campo de Santa Clara 1100-471 Lisboa,38.71498,-9.12468,,,osm,email,2,new,ok,"category ""Place Of Worship"" is not a travel-concierge listing — a recipient who was never the audience is the likeliest to report spam"
75fdbdf0f87ddc15fb4a,Phillips Chemist,Pharmacy,liverpool,,GB,UK,mail@phillipschemist.co.uk,+44 151 263 2786,,112-114 Breckfield Road North L5 4QZ,53.42523,-2.96419,,,osm,email,2,new,ok,"category ""Pharmacy"" is not a travel-concierge listing — a recipient who was never the audience is the likeliest to report spam"
99542969876b956df234,Lambeth Pharmacy,Pharmacy,london,London,GB,UK,pharmacy.lambeth@gmail.com,+44 207 735 9883,https://chanachemist.co.uk/pharmacy/lambeth-pharmacy,76 Kennington Road SE11 6NL London,51.49601,-0.11191,,,osm,email,2,new,ok,"category ""Pharmacy"" is not a travel-concierge listing — a recipient who was never the audience is the likeliest to report spam"
a18536fd83e884e49578,Massage in Fulham,Clinic,london,London,GB,UK,sylwia.milan@yahoo.com,+447709 034636,https://massage-in-fulham.mytreatwell.co.uk/,137 Dawes Road SW6 7EB London,51.4806,-0.20585,,,osm,email,2,new,ok,"category ""Clinic"" is not a travel-concierge listing — a recipient who was never the audience is the likeliest to report spam"
cdb9808d783c53163624,The Royal Central School of Speech and Drama,University,london,London,GB,UK,enquiries@cssd.ac.uk,+44 20 7722 8183,https://www.cssd.ac.uk/,62-64 Eton Avenue NW3 3HY London,51.5443,-0.17407,,,osm,email,2,new,ok,"category ""University"" is not a travel-concierge listing — a recipient who was never the audience is the likeliest to report spam"
0c92ba8998366d40fbdc,Alcalá 508,Pharmacy,madrid,,ES,Europe,pedidos@farmaciaalcala508.com,+34 635 63 18 48,https://farmaciaalcala508.com/,508 Calle de Alcalá,40.44096,-3.62621,,,osm,email,2,new,ok,"category ""Pharmacy"" is not a travel-concierge listing — a recipient who was never the audience is the likeliest to report spam"
38f28f49bf44c3515f2f,Colegiata de San Isidro,Place Of Worship,madrid,,ES,Europe,pquiabuenconsejoysanisidro@archimadrid.es,+34 913692037,,37 Calle de Toledo 28005,40.41289,-3.7069,,,osm,email,2,new,ok,"category ""Place Of Worship"" is not a travel-concierge listing — a recipient who was never the audience is the likeliest to report spam"
3654ab0bf6de9f57c1c0,Farmacia Bernat | Cuidamos de ti,Pharmacy,madrid,Madrid,ES,Europe,info@farmaciabernat.es,+34 915273748,https://www.farmaciabernat.es/,72 Paseo de las Delicias 28045 Madrid,40.39907,-3.69435,,,osm,email,2,new,ok,"category ""Pharmacy"" is not a travel-concierge listing — a recipient who was never the audience is the likeliest to report spam"
29145c03a039793f3c11,Farmacia La Maquinilla,Pharmacy,madrid,,ES,Europe,farmacia@farmacialamaquinilla.es,+34 91 3140625;+34 638550018,,13 Calle de la Maquinilla,40.38045,-3.63706,,,osm,email,2,new,ok,"category ""Pharmacy"" is not a travel-concierge listing — a recipient who was never the audience is the likeliest to report spam"
459d1d00d42e92a171ee,Farmacia Manso Salinas,Pharmacy,madrid,Madrid,ES,Europe,info@farmaciamansosalinas.es,+34914042825,http://farmaciamansosalinas.es/,63 Calle de Torrelaguna 28027 Madrid,40.44318,-3.65423,,,osm,email,2,new,ok,"category ""Pharmacy"" is not a travel-concierge listing — a recipient who was never the audience is the likeliest to report spam"
81fad736a024b802f2ad,Farmacia Pontones 20,Pharmacy,madrid,Madrid,ES,Europe,info@farmaciapontones20.com,+34 682 506 609,https://www.farmaciapontones20.es,20 Paseo de los Pontones 28005 Madrid,40.40442,-3.7178,,,osm,email,2,new,ok,"category ""Pharmacy"" is not a travel-concierge listing — a recipient who was never the audience is the likeliest to report spam"
66e55f28f85990324883,Farmacia Rosina de la Peña Prieto,Pharmacy,madrid,Madrid,ES,Europe,r.pena@recol.es,+34 914652748,,86 Calle de Ocaña 28047 Madrid,40.38471,-3.75165,,,osm,email,2,new,ok,"category ""Pharmacy"" is not a travel-concierge listing — a recipient who was never the audience is the likeliest to report spam"
37b18d6b23587e7aae55,Farmacia Saniplus,Pharmacy,madrid,Madrid,ES,Europe,mailsaniplus@gmail.com,+34913115270,,93 Avenida de Pablo Iglesias 28039 Madrid,40.45716,-3.71202,,,osm,email,2,new,ok,"category ""Pharmacy"" is not a travel-concierge listing — a recipient who was never the audience is the likeliest to report spam"
3a77f6ab738569ee9ba8,Farmacia del Parque,Pharmacy,madrid,,ES,Europe,info@farmaciadelparque.es,+34 917591042,https://www.farmaciadelparque.es/,16 Calle de Gregorio Benítez 28043,40.45014,-3.64894,,,osm,email,2,new,ok,"category ""Pharmacy"" is not a travel-concierge listing — a recipient who was never the audience is the likeliest to report spam"
8a422b51bdbad530556f,Galenos,Pharmacy,madrid,Madrid,ES,Europe,asesoramiento.galenos@gmail.com,+34 914 02 72 41,,73 Calle de Ayala 28001 Madrid,40.4274,-3.67593,,,osm,email,2,new,ok,"category ""Pharmacy"" is not a travel-concierge listing — a recipient who was never the audience is the likeliest to report spam"
83da90b6b2d5c9d78d89,Madrid Sur,Pharmacy,madrid,Madrid,ES,Europe,aurumfarma@gmail.com,+34 91 507 94 84,https://farmaciasaurum.com,91-97 Avenida de Pablo Neruda 28018 Madrid,40.38118,-3.66225,,,osm,email,2,new,ok,"category ""Pharmacy"" is not a travel-concierge listing — a recipient who was never the audience is the likeliest to report spam"
71e038862fe11f900971,Antica Farmacia di Brera sas,Pharmacy,milan,Milano,IT,Europe,info@farmaciadibrera.com,+39 02 86461949,http://www.farmaciadibrera.com/,3 Via Fiori Oscuri 20121 Milano,45.47245,9.1882,,,osm,email,2,new,ok,"category ""Pharmacy"" is not a travel-concierge listing — a recipient who was never the audience is the likeliest to report spam"
8a91df8c3bf84c363698,Basilica di Sant'Ambrogio,Place Of Worship,milan,,IT,Europe,segreteria@basilicasantambrogio.it,+39 02 86450895,https://www.basilicasantambrogio.it,,45.46237,9.17568,,,osm,email,2,new,ok,"category ""Place Of Worship"" is not a travel-concierge listing — a recipient who was never the audience is the likeliest to report spam"
7a014dbcb980081a6956,Castelmorrone,Pharmacy,milan,Milano,IT,Europe,rottegliasilvia@gmail.com,+39 02 733094,http://www.farmaciacastelmorrone.it/index.asp,6 Via Castel Morrone 20129 Milano,45.46914,9.21492,,,osm,email,2,new,ok,"category ""Pharmacy"" is not a travel-concierge listing — a recipient who was never the audience is the likeliest to report spam"
b21ff95663393dffe533,Castelvetro snc,Pharmacy,milan,Milano,IT,Europe,farm.castelvetro@tin.it,+39 02 342409,http://www.farmaciacastelvetro.it/index.asp,38 Via Piero della Francesca 20154 Milano,45.48409,9.16376,,,osm,email,2,new,ok,"category ""Pharmacy"" is not a travel-concierge listing — a recipient who was never the audience is the likeliest to report spam"
31d0101f1cbf74fe5883,Coop.Farm.Manzoni,Pharmacy,milan,Milano,IT,Europe,manzoni@cofa.it,+39 02 76001265,https://www.cofa.it/farmacie-di-turno-zona-1-milano/farmacia-via-manzoni/farmacia,28 Via Bigli 20121 Milano,45.46972,9.19265,,,osm,email,2,new,ok,"category ""Pharmacy"" is not a travel-concierge listing — a recipient who was never the audience is the likeliest to report spam"
19b49f24104524e19621,Duomo di Milano,Place Of Worship,milan,,IT,Europe,info@duomomilano.it,+39 02 361691,https://www.duomomilano.it/,,45.46418,9.19161,,,osm,email,2,new,ok,"category ""Place Of Worship"" is not a travel-concierge listing — a recipient who was never the audience is the likeliest to report spam"
34d6e9b910750031c72c,Farmacia Bandi,Pharmacy,milan,Milano,IT,Europe,farmacia.bandi@fastwebnet.it,+39 02 2846767,https://www.farmaciabandi.it/,14 Via Rovereto 20127 Milano,45.49504,9.21961,,,osm,email,2,new,ok,"category ""Pharmacy"" is not a travel-concierge listing — a recipient who was never the audience is the likeliest to report spam"
d1c0816197d7cb2e733b,Farmacia Beato Angelico,Pharmacy,milan,Milano,IT,Europe,info@beatoangelico.it,+39 02 70108283,http://www.beatoangelico.it/,4 Via Cesare Saldini 20133 Milano,45.47077,9.22752,,,osm,email,2,new,ok,"category ""Pharmacy"" is not a travel-concierge listing — a recipient who was never the audience is the likeliest to report spam"
cbef4a24ede9445cef67,Farmacia Bergognone,Pharmacy,milan,Milano,IT,Europe,info@farmaciabergognone.it,+39 02 5810 1031,https://www.farmaciabergognone.it/,31 Via Bergognone da Fossano 20144 Milano,45.45335,9.16435,,,osm,email,2,new,ok,"category ""Pharmacy"" is not a travel-concierge listing — a recipient who was never the audience is the likeliest to report spam"
065255dbc03551fe20f3,Farmacia Carlo Alberto,Pharmacy,milan,Milano,IT,Europe,info@farmaciacarloalberto.it,+39 02 86462067,http://www.farmaciacarloalberto.it/,12 Via Giuseppe Mazzini 20123 Milano,45.46261,9.18827,,,osm,email,2,new,ok,"category ""Pharmacy"" is not a travel-concierge listing — a recipient who was never the audience is the likeliest to report spam"
ef83d82ff34cd40cbd17,Farmacia Cenisio srl,Pharmacy,milan,Milano,IT,Europe,info@farmaciacenisio.it,+39 02 3311859,http://www.farmaciacenisio.it/,11 Via San Galdino 20154 Milano,45.48714,9.16657,,,osm,email,2,new,ok,"category ""Pharmacy"" is not a travel-concierge listing — a recipient who was never the audience is the likeliest to report spam"
f95bd6dc3d22892428c4,Farmacia Comotti,Pharmacy,milan,Milano,IT,Europe,farmaciacomotti@libero.it,+39 02 6552601,https://www.farmaciacomotti.it/,5 Piazza Cavour 20121 Milano,45.47309,9.19519,,,osm,email,2,new,ok,"category ""Pharmacy"" is not a travel-concierge listing — a recipient who was never the audience is the likeliest to report spam"
fecd4b702b0131436b62,Farmacia Dr. Carnevale,Pharmacy,milan,Milano,IT,Europe,info@farmaciacarnevale.it,+39 0248003858,https://www.farmaciacarnevale.it/,2/a Via Raffaello Sanzio 20149 Milano,45.46974,9.15411,,,osm,email,2,new,ok,"category ""Pharmacy"" is not a travel-concierge listing — a recipient who was never the audience is the likeliest to report spam"
35588cf76e1dcae73479,Farmacia Europa,Pharmacy,milan,Milano,IT,Europe,farmaciaeuropasas@tiscali.it,+39 02 2571168,,Viale Monza 20126 Milano,45.50385,9.22174,,,osm,email,2,new,ok,"category ""Pharmacy"" is not a travel-concierge listing — a recipient who was never the audience is the likeliest to report spam"
3ed76f9c698480654879,Farmacia Fiduciaria Milano 1907 S.r.l.,Pharmacy,milan,Milano,IT,Europe,giammassimo.giampaolo@crs.lombardia.it,+39 02 6690493,,2 Piazza Caiazzo 20124 Milano,45.48492,9.20949,,,osm,email,2,new,ok,"category ""Pharmacy"" is not a travel-concierge listing — a recipient who was never the audience is the likeliest to report spam"
a0000c020f799df75b9e,Farmacia Genova,Pharmacy,milan,Milano,IT,Europe,farmaciagenovamilano@gmail.com,+39 02 89406979,,27n07 Corso Genova 20123 Milano,45.45624,9.17429,,,osm,email,2,new,ok,"category ""Pharmacy"" is not a travel-concierge listing — a recipient who was never the audience is the likeliest to report spam"
e748a7e9baa432a33926,Farmacia Legnani,Pharmacy,milan,Milano,IT,Europe,info@farmacialegnani.com,+39 02 48013888,https://www.farmacialegnani.com/,2 Via Giovanni Rasori 20145 Milano,45.4677,9.16445,,,osm,email,2,new,ok,"category ""Pharmacy"" is not a travel-concierge listing — a recipient who was never the audience is the likeliest to report spam"
9ed4d9544ecfa0510a84,Farmacia Milano Solferino,Pharmacy,milan,Milano,IT,Europe,info@farmaciasolferino.it,+39 02 6555567,,25 Via Solferino 20121 Milano,45.47811,9.18805,,,osm,email,2,new,ok,"category ""Pharmacy"" is not a travel-concierge listing — a recipient who was never the audience is the likeliest to report spam"
df849ca8eec27f2f2498,Farmacia Missori,Pharmacy,milan,Milano,IT,Europe,farmacia.missori@gmail.com,,https://www.farmaciamissori.it/,3 Piazza Giuseppe Missori 20123 Milano,45.46038,9.18888,,,osm,email,2,new,ok,"category ""Pharmacy"" is not a travel-concierge listing — a recipient who was never the audience is the likeliest to report spam"
5cedda775fdcf1ea7f07,Farmacia Olona,Pharmacy,milan,Milano,IT,Europe,info.farmaciaolona@gmail.com,+390258100740,https://www.farmaciaolona.com/,43 Viale Coni Zugna 20144 Milano,45.45733,9.1693,,,osm,email,2,new,ok,"category ""Pharmacy"" is not a travel-concierge listing — a recipient who was never the audience is the likeliest to report spam"
0f246db37ce3c50d60be,Farmacia Orio,Pharmacy,milan,Milano,IT,Europe,info@farmaciaorio.com,+39 02 342458,http://www.farmaciaorio.com/index.asp,16 Piazza Sei Febbraio 20145 Milano,45.47774,9.16163,,,osm,email,2,new,ok,"category ""Pharmacy"" is not a travel-concierge listing — a recipient who was never the audience is the likeliest to report spam"
63d49c3ade04512187b2,Farmacia Ospedaliera per i Pazienti,Pharmacy,milan,,IT,Europe,farmacia@policlinico.mi.it,+39 02 5503 2314,,,45.4573,9.197,,,osm,email,2,new,ok,"category ""Pharmacy"" is not a travel-concierge listing — a recipient who was never the audience is the likeliest to report spam"
789cbf9274a49e3593e2,Farmacia Procaccini,Pharmacy,milan,Milano,IT,Europe,info@farmaciaprocaccini.it,+39 02 3495137,http://www.farmaciaprocaccini.it/,44 Via Paolo Lomazzo 20154 Milano,45.48379,9.17055,,,osm,email,2,new,ok,"category ""Pharmacy"" is not a travel-concierge listing — a recipient who was never the audience is the likeliest to report spam"
6ed140c52a2f6571b721,Farmacia Raimondi,Pharmacy,milan,Milano,IT,Europe,info@farmaciaraimondi.com,+39 02 6554454,https://www.farmaciaraimondi.com/,1 Largo La Foppa 20121 Milano,45.47811,9.18423,,,osm,email,2,new,ok,"category ""Pharmacy"" is not a travel-concierge listing — a recipient who was never the audience is the likeliest to report spam"
323d7e250c6b1cc2224a,Farmacia Rubattino,Pharmacy,milan,Milano,IT,Europe,farmaciarubattino@gmail.com,+39 02 83964533,https://www.farmaciarubattino.it/,93 Via Riccardo Pitteri 20134 Milano,45.47944,9.24555,,,osm,email,2,new,ok,"category ""Pharmacy"" is not a travel-concierge listing — a recipient who was never the audience is the likeliest to report spam"
ceaae2204e7eadc1a16f,Farmacia S. Celso,Pharmacy,milan,Milano,IT,Europe,farmacia.sancelso@libero.it,+3902862509,,1 Via Crocefisso 20122 Milano,45.4569,9.18732,,,osm,email,2,new,ok,"category ""Pharmacy"" is not a travel-concierge listing — a recipient who was never the audience is the likeliest to report spam"
b7da50946dae2e920ad4,Farmacia Sant'Eustorgio,Pharmacy,milan,Milano,IT,Europe,farmaciasanteustorgio.coll@gmail.com,+390258101134,https://farmiss.it/,98 Corso di Porta Ticinese 20123 Milano,45.4537,9.18028,,,osm,email,2,new,ok,"category ""Pharmacy"" is not a travel-concierge listing — a recipient who was never the audience is the likeliest to report spam"
5b8029eff7acabc8f994,Farmacia Ticinese,Pharmacy,milan,Milano,IT,Europe,infofarmaciaticinese@enterpoint.it,+390289403433,https://www.farmaciaticinesemilano.it/,1 Corso San Gottardo 20136 Milano,45.45173,9.18021,,,osm,email,2,new,ok,"category ""Pharmacy"" is not a travel-concierge listing — a recipient who was never the audience is the likeliest to report spam"
831ecbaa5857922ec713,Ferrarini snc di Viganò Sofia & c.,Pharmacy,milan,Milano,IT,Europe,farmacia.ferrarini@libero.it,+39 02 55194867,https://www.farmaciaferrarinisnc.it/,6 Piazza Cinque Giornate 20129 Milano,45.46174,9.20742,,,osm,email,2,new,ok,"category ""Pharmacy"" is not a travel-concierge listing — a recipient who was never the audience is the likeliest to report spam"
6c17c4e53937c11a9ac4,Lafarmacia.,Pharmacy,milan,Milano,IT,Europe,amministrazione.wagner@gmail.com,+39 02 48006037,http://www.farmaciawagner.com/,5 Via Michelangelo Buonarroti 20149 Milano,45.46761,9.15493,,,osm,email,2,new,ok,"category ""Pharmacy"" is not a travel-concierge listing — a recipient who was never the audience is the likeliest to report spam"
1e3e798dff2eb0ff4d09,Lafarmacia.,Pharmacy,milan,Milano,IT,Europe,conizugna@lafarmacia.it,+390258101273,https://www.lafarmacia.it/trova-farmacia/coni-zugna-milano?utm_source=facebook&utm_campaign=localmarketing&utm_medium=localrecord,56 Viale Coni Zugna 20144 Milano,45.45625,9.17057,,,osm,email,2,new,ok,"category ""Pharmacy"" is not a travel-concierge listing — a recipient who was never the audience is the likeliest to report spam"
a1eb0e68712d8f3e7996,Lafarmacia.,Pharmacy,milan,Milano,IT,Europe,portagenova@lafarmacia.it,+390258101634,https://portagenova.lafarmacia.it/,5/3 Piazzale Stazione Genova 20144 Milano,45.45295,9.17026,,,osm,email,2,new,ok,"category ""Pharmacy"" is not a travel-concierge listing — a recipient who was never the audience is the likeliest to report spam"
b11ac1d7f325e69601e8,Lafarmacia.,Pharmacy,milan,Milano,IT,Europe,info@farmaciafoglia.eu,+39 02 58309712,https://www.farmaciafoglia.eu/,56 Corso di Porta Romana 20122 Milano,45.45747,9.19341,,,osm,email,2,new,ok,"category ""Pharmacy"" is not a travel-concierge listing — a recipient who was never the audience is the likeliest to report spam"
3330ea8631182ecd05d3,Lafarmacia.,Pharmacy,milan,Milano,IT,Europe,sanmichelemilano@lafarmacia.it,+390248005204,https://www.lafarmacia.it/trova-farmacia/san-michele-milano-milano,12 Viale Coni Zugna 20144 Milano,45.45985,9.16508,,,osm,email,2,new,ok,"category ""Pharmacy"" is not a travel-concierge listing — a recipient who was never the audience is the likeliest to report spam"
00a06362f84256193bbf,Madia,Pharmacy,milan,Milano,IT,Europe,farmaciamadia@gmail.com,+39 02 608 1454,https://www.farmaciamadia.it/,38 Viale Zara 20124 Milano,45.49211,9.19304,,,osm,email,2,new,ok,"category ""Pharmacy"" is not a travel-concierge listing — a recipient who was never the audience is the likeliest to report spam"
7bca8e9ec8f3d011c8cf,Malpighi,Pharmacy,milan,Milano,IT,Europe,farmaciamalpighi@libero.it,+39 02 2049517,https://www.farmaciamalpighi.it/,2 Via Marcello Malpighi 20129 Milano,45.47487,9.20811,,,osm,email,2,new,ok,"category ""Pharmacy"" is not a travel-concierge listing — a recipient who was never the audience is the likeliest to report spam"
8b5f8bb72df356202b61,Nizza sas,Pharmacy,milan,Milano,IT,Europe,farmacia.nizza@gmail.com,,,85 Via Gioacchino Murat 20159 Milano,45.50271,9.18932,,,osm,email,2,new,ok,"category ""Pharmacy"" is not a travel-concierge listing — a recipient who was never the audience is the likeliest to report spam"
55e704730c1185f3e986,Parafarmacia PharmaLite,Pharmacy,milan,Milano,IT,Europe,direzione@pharmalite.com,+393393841753,https://pharmalite.com/,39 Via Giovanni Battista Morgagni 20129 Milano,45.48025,9.21355,,,osm,email,2,new,ok,"category ""Pharmacy"" is not a travel-concierge listing — a recipient who was never the audience is the likeliest to report spam"
4afebfd2718d5af8dcb8,Parafarmacia Più Medical,Pharmacy,milan,Milano,IT,Europe,portagaribaldi@piumedical.it,+39 02 83548365,https://www.piumedical.it/i-nostri-punti-vendita/Pi%C3%B9Medical%20Milano%20Porta%20Garibaldi/,20154 Milano,45.48427,9.18685,,,osm,email,2,new,ok,"category ""Pharmacy"" is not a travel-concierge listing — a recipient who was never the audience is the likeliest to report spam"
f5c8d92e80c14276347e,Parafarmacia San Riccardo,Pharmacy,milan,Milano,IT,Europe,info@sanriccardo.it,+39 02 23951453,https://www.sanriccardo.it/,1 Via Antonio Bazzini 20131 Milano,45.48115,9.22497,,,osm,email,2,new,ok,"category ""Pharmacy"" is not a travel-concierge listing — a recipient who was never the audience is the likeliest to report spam"
bc54c3c7a28927227f96,Roma snc,Pharmacy,milan,,IT,Europe,info@farmaciaroma.org,+39 02 59900565,https://www.farmaciaroma.org/,,45.44925,9.20575,,,osm,email,2,new,ok,"category ""Pharmacy"" is not a travel-concierge listing — a recipient who was never the audience is the likeliest to report spam"
658791709016e4d78697,Salvi,Pharmacy,milan,Milano,IT,Europe,farsalvi@netadsl.biz,+39 02 6554222,http://www.farmaciasalvi.it,18 Via San Marco 20121 Milano,45.47524,9.18856,,,osm,email,2,new,ok,"category ""Pharmacy"" is not a travel-concierge listing — a recipient who was never the audience is the likeliest to report spam"
e0a1ee1b599ea2b4e965,Santa Maria delle Grazie,Place Of Worship,milan,,IT,Europe,info.legrazie@gmail.com,+39 02 467 6111,https://legraziemilano.it/,,45.46597,9.17118,,,osm,email,2,new,ok,"category ""Place Of Worship"" is not a travel-concierge listing — a recipient who was never the audience is the likeliest to report spam"
92c1335ca5ea1c29b62e,Agnes-Bernauer-Apotheke,Pharmacy,munich,,DE,Europe,ab-apo@gmx.de,+49 89 575 316,https://www.ab-apo.de/,,48.13936,11.51209,,,osm,email,2,new,ok,"category ""Pharmacy"" is not a travel-concierge listing — a recipient who was never the audience is the likeliest to report spam"
c36b8f67ce6a69079d49,Apotheke FORUM Schwanthalerhöhe,Pharmacy,munich,München,DE,Europe,info@apo-fsth.de,+498932609044,,111 Schwanthalerstraße 80339 München,48.13707,11.54772,,,osm,email,2,new,ok,"category ""Pharmacy"" is not a travel-concierge listing — a recipient who was never the audience is the likeliest to report spam"
23634cabb773bfe95940,Apotheke Maxvorstadt,Pharmacy,munich,München,DE,Europe,info@apothekemaxvorstadt.de,+49 89 284259,https://apothekemaxvorstadt.de,42 Türkenstraße 80799 München,48.14871,11.5751,,,osm,email,2,new,ok,"category ""Pharmacy"" is not a travel-concierge listing — a recipient who was never the audience is the likeliest to report spam"
96fdab85d36c52737828,Apotheke am Bonner Platz,Pharmacy,munich,München,DE,Europe,apo.bonnerplatz@t-online.de,+49 89 307 17 73,https://www.apotheke-am-bonner-platz-muenchen.de/,2 Bonner Platz 80803 München,48.16716,11.57803,,,osm,email,2,new,ok,"category ""Pharmacy"" is not a travel-concierge listing — a recipient who was never the audience is the likeliest to report spam"
9a5c3f34e89d90893f7e,Apotheke am Haderner Stern,Pharmacy,munich,,DE,Europe,info@apothekeamhadernerstern.de,+49 89 32708940,https://www.apothekeamhadernerstern.de,35 Stiftsbogen 81375,48.11992,11.49189,,,osm,email,2,new,ok,"category ""Pharmacy"" is not a travel-concierge listing — a recipient who was never the audience is the likeliest to report spam"
5fb6cf46b7f5833ec1d1,Apotheke am Thierschplatz,Pharmacy,munich,München,DE,Europe,jost.grudzus@arcor.de,+49 89 221774,https://www.apotheke-am-thierschplatz.de/,55 Thierschstraße 80538 München,48.13955,11.58846,,,osm,email,2,new,ok,"category ""Pharmacy"" is not a travel-concierge listing — a recipient who was never the audience is the likeliest to report spam"
c3c83030c065205223e3,Apotheke an der Berliner Straße,Pharmacy,munich,München,DE,Europe,info@apotheke-berlinerstr.de,+49 89 3618 251,https://www.apotheke-muenchen-schwabing.de/,75 Ungererstraße 80805 München,48.17322,11.59498,,,osm,email,2,new,ok,"category ""Pharmacy"" is not a travel-concierge listing — a recipient who was never the audience is the likeliest to report spam"
75f24ed2cfcf86c25efd,Apothekerei,Pharmacy,munich,München,DE,Europe,schwabing@apothekerei.de,+49 89 30658710,https://www.apothekerei.de/schwabing,22 Nordendstraße 80801 München,48.1566,11.57457,,,osm,email,2,new,ok,"category ""Pharmacy"" is not a travel-concierge listing — a recipient who was never the audience is the likeliest to report spam"
43b018a31ba82bee39bf,Barbara Apotheke,Pharmacy,munich,München,DE,Europe,info@barbara-apotheke-muenchen.de,,,17 Keuslinstraße 80798 München,48.15772,11.5626,,,osm,email,2,new,ok,"category ""Pharmacy"" is not a travel-concierge listing — a recipient who was never the audience is the likeliest to report spam"
a42d0fa32cf6fbefbca6,Barer Apotheke,Pharmacy,munich,München,DE,Europe,info@barer-apotheke.de,+49 89 273 213-0,https://www.barer-apotheke.de/,20 Blütenstraße 80799 München,48.15227,11.57423,,,osm,email,2,new,ok,"category ""Pharmacy"" is not a travel-concierge listing — a recipient who was never the audience is the likeliest to report spam"
03a831fbf98d580159f5,Behring-Apotheke,Pharmacy,munich,München,DE,Europe,service@behring-apo.com,+49 89 765 300,https://www.behring-apo.com,34 Plinganserstraße 81369 München,48.11847,11.54029,,,osm,email,2,new,ok,"category ""Pharmacy"" is not a travel-concierge listing — a recipient who was never the audience is the likeliest to report spam"
8b502cfec454a57e3f79,Bienen-Apotheke Candidplatz,Pharmacy,munich,München,DE,Europe,candidplatz@bienenapotheke.de,+49 89 62500631,https://www.bienenapotheke-candidplatz.de,2a Schönstraße 81543 München,48.11145,11.56891,,,osm,email,2,new,ok,"category ""Pharmacy"" is not a travel-concierge listing — a recipient who was never the audience is the likeliest to report spam"
e7785bf33bbe2afea249,Bären-Apotheke,Pharmacy,munich,München,DE,Europe,bestellung@baerenapotheke-muenchen.com,+49 89 7605576,https://www.baerenapotheke-muenchen.de/,20a Hinterbärenbadstraße 81373 München,48.12072,11.52796,,,osm,email,2,new,ok,"category ""Pharmacy"" is not a travel-concierge listing — a recipient who was never the audience is the likeliest to report spam"
592ccfe46eabaee48b60,City-Apotheke,Pharmacy,munich,München,DE,Europe,info@cityapotheke.net,+49 89 555521,,9 Schillerstraße 80336 München,48.13808,11.56121,,,osm,email,2,new,ok,"category ""Pharmacy"" is not a travel-concierge listing — a recipient who was never the audience is the likeliest to report spam"
7fc873feeafee6b19c49,Einhorn-Apotheke,Pharmacy,munich,München,DE,Europe,info@einhorn-apotheke-muenchen.de,+49 89 153 237,https://www.einhorn-apotheke-muenchen.de,6 Franz-Marc-Straße 80637 München,48.17009,11.53444,,,osm,email,2,new,ok,"category ""Pharmacy"" is not a travel-concierge listing — a recipient who was never the audience is the likeliest to report spam"
45b89d69a5887c8611e6,Engel Apotheke,Pharmacy,munich,München,DE,Europe,info@engel-apotheke-muenchen.de,+49 89 222163,https://engel-apotheke-muenchen.de,45 Theatinerstraße 80333 München,48.1396,11.57608,,,osm,email,2,new,ok,"category ""Pharmacy"" is not a travel-concierge listing — a recipient who was never the audience is the likeliest to report spam"
5749de59408eb0578ad6,Flora Apotheke,Pharmacy,munich,,DE,Europe,info@flora-apotheke-muenchen.de,+49 89 6929970,https://www.flora-apotheke-muenchen.de/,3 Wettersteinplatz,48.10948,11.57584,,,osm,email,2,new,ok,"category ""Pharmacy"" is not a travel-concierge listing — a recipient who was never the audience is the likeliest to report spam"
f7b7312eef22481aba14,Fraunhofer Apotheke,Pharmacy,munich,München,DE,Europe,info@fraunhoferapotheke.de,+49 89 201 23 27,https://fraunhoferapotheke.de,38 Fraunhoferstraße 80469 München,48.12848,11.57519,,,osm,email,2,new,ok,"category ""Pharmacy"" is not a travel-concierge listing — a recipient who was never the audience is the likeliest to report spam"
43c5f284aca5c62ca60c,Hablas español?,Language School,munich,München,DE,Europe,info@hablasespanol.de,+49 172 6058319,https://www.hablasespanolspanischschule.de/,67 Hohenzollernstraße 80796 München,48.16044,11.57245,,,osm,email,2,new,ok,"category ""Language School"" is not a travel-concierge listing — a recipient who was never the audience is the likeliest to report spam"
23b9005641032c16270d,Heideck-Apotheke,Pharmacy,munich,München,DE,Europe,info@heideckapo.de,+49 89 1575252,https://www.heideckapo.de,31 Heideckstraße 80637 München,48.16117,11.54043,,,osm,email,2,new,ok,"category ""Pharmacy"" is not a travel-concierge listing — a recipient who was never the audience is the likeliest to report spam"
9876be0c8f68b6bbc05a,Hellas Apotheke,Pharmacy,munich,,DE,Europe,info@hellas-apotheke.de,+49 89 72669597,https://www.hellasapotheke.de/,2a Passauerstraße,48.11649,11.53333,,,osm,email,2,new,ok,"category ""Pharmacy"" is not a travel-concierge listing — a recipient who was never the audience is the likeliest to report spam"
478576ee4a9bf32a2937,Hohenzollern Apotheke,Pharmacy,munich,München,DE,Europe,hohenzollern.apotheke@web.de,+49 89 395 123,https://17858.apotheken-website-vorschau.de/,38 Hohenzollernstraße 80801 München,48.16,11.58088,,,osm,email,2,new,ok,"category ""Pharmacy"" is not a travel-concierge listing — a recipient who was never the audience is the likeliest to report spam"
3972372075e6deddcdec,Inter-Apotheke,Pharmacy,munich,München,DE,Europe,info@inter-apotheke.de,+49 89 595444,https://www.inter-apotheke.de,5 Elisenstraße 80335 München,48.1419,11.56112,,,osm,email,2,new,ok,"category ""Pharmacy"" is not a travel-concierge listing — a recipient who was never the audience is the likeliest to report spam"
d614847f384805f13cea,Isartal-Apotheke,Pharmacy,munich,München,DE,Europe,info@isartal-apotheke.de,+49 89 7231393,https://isartal-apotheke.de,8 Pullacher Platz München,48.10521,11.54464,,,osm,email,2,new,ok,"category ""Pharmacy"" is not a travel-concierge listing — a recipient who was never the audience is the likeliest to report spam"
857bbcfbfa1d79d79457,Isartor Apotheke,Pharmacy,munich,München,DE,Europe,isartor.apo@t-online.de,+49 89 2199290,https://www.isartor-apotheke.de,6 Isartorplatz 80331 München,48.13399,11.58341,,,osm,email,2,new,ok,"category ""Pharmacy"" is not a travel-concierge listing — a recipient who was never the audience is the likeliest to report spam"
5c8315ee6b3f6a349cf8,Kaiser Apotheke,Pharmacy,munich,München,DE,Europe,service@kaiserapotheke-muenchen.de,+49 89 344136,https://www.kaiserapotheke-muenchen.de/,26 Kaiserstraße 80801 München,48.16108,11.58243,,,osm,email,2,new,ok,"category ""Pharmacy"" is not a travel-concierge listing — a recipient who was never the audience is the likeliest to report spam"
455de46da3ac98df8d79,Karlstadt Apotheke,Pharmacy,munich,München,DE,Europe,info@karlstadtapotheke.de,+49 89 1292800,https://www.karlstadtapotheke-app.de/,57 Elisabethstraße 80796 München,48.15962,11.56327,,,osm,email,2,new,ok,"category ""Pharmacy"" is not a travel-concierge listing — a recipient who was never the audience is the likeliest to report spam"
81d50432c0bae3103539,Klosterapotheke,Pharmacy,munich,München,DE,Europe,info@klosterapotheke-muenchen.de,+49 89 4801642,https://www.klosterapotheke-muenchen.de/,12 Max-Planck-Straße 81675 München,48.13584,11.59771,,,osm,email,2,new,ok,"category ""Pharmacy"" is not a travel-concierge listing — a recipient who was never the audience is the likeliest to report spam"
604e5af1964d298f5c53,Kurfürsten Apotheke,Pharmacy,munich,München,DE,Europe,info@kurfuerstenapotheke.de,,https://www.kurfuerstenapotheke.de/,48 Franz-Joseph-Straße 80801 München,48.15778,11.57513,,,osm,email,2,new,ok,"category ""Pharmacy"" is not a travel-concierge listing — a recipient who was never the audience is the likeliest to report spam"
f4feb9c04e17ea6ecc62,Liebig-Apotheke,Pharmacy,munich,München,DE,Europe,liebig.apotheke@t-online.de,+49 89 221813,,5 Liebigstraße 80538 München,48.14157,11.58651,,,osm,email,2,new,ok,"category ""Pharmacy"" is not a travel-concierge listing — a recipient who was never the audience is the likeliest to report spam"
a42c1e9d82c55879f7d7,Mariahilf Apotheke,Pharmacy,munich,München,DE,Europe,kontakt@mariahilf-apotheke.de,+49 89 653542,https://mariahilf-apotheke.de/,16 Ohlmüllerstraße 81541 München,48.12517,11.57966,,,osm,email,2,new,ok,"category ""Pharmacy"" is not a travel-concierge listing — a recipient who was never the audience is the likeliest to report spam"
19c54d5cf890f4de8fff,Marien Apotheke,Pharmacy,munich,München,DE,Europe,info@marien-apotheke-muenchen.de,+49 89 557 565,https://www.marien-apotheke-muenchen.de/,7 Sendlinger-Tor-Platz 80336 München,48.1337,11.56526,,,osm,email,2,new,ok,"category ""Pharmacy"" is not a travel-concierge listing — a recipient who was never the audience is the likeliest to report spam"
4ddb9ca0b61ccd88ce4d,Merkur-Apotheke,Pharmacy,munich,München,DE,Europe,merkurapotheke@t-online.de,+49 89 6701430,,140 Ottobrunner Straße 81737 München,48.10105,11.62928,,,osm,email,2,new,ok,"category ""Pharmacy"" is not a travel-concierge listing — a recipient who was never the audience is the likeliest to report spam"
b0c07a1cdb9d3b424fc7,Monaco Apotheke,Pharmacy,munich,München,DE,Europe,info@monaco-apotheke.de,+49 89 51088520,https://www.monacoapotheke.de/,132 Hansastraße 81373 München,48.12123,11.53458,,,osm,email,2,new,ok,"category ""Pharmacy"" is not a travel-concierge listing — a recipient who was never the audience is the likeliest to report spam"
17a07727b0cc53b2b497,Neureuther-Apotheke,Pharmacy,munich,München,DE,Europe,neureuther-apo@web.de,+49 89 271 03 66,https://www.neureuther-apotheke.de,90 Barer Straße 80799 München,48.15387,11.57525,,,osm,email,2,new,ok,"category ""Pharmacy"" is not a travel-concierge listing — a recipient who was never the audience is the likeliest to report spam"
1ae0a3a798f99e746553,Ostbahnhof Apotheke,Pharmacy,munich,München,DE,Europe,info@ostbahnhofapotheke.de,+49 89 4482448,https://www.ostbahnhof-apotheke.de/,5 Orleansplatz 81667 München,48.12897,11.60371,,,osm,email,2,new,ok,"category ""Pharmacy"" is not a travel-concierge listing — a recipient who was never the audience is the likeliest to report spam"
4b8cdc84f66c3bfd2fae,Preysing-Apotheke,Pharmacy,munich,München,DE,Europe,apotheke@preysing-apotheke.de,+49 89 4484107,https://preysing-apotheke.de/,3 Wörthstraße 81667 München,48.13194,11.5984,,,osm,email,2,new,ok,"category ""Pharmacy"" is not a travel-concierge listing — a recipient who was never the audience is the likeliest to report spam"
b9376cb5b5df00612717,Rathaus-Apotheke,Pharmacy,munich,München,DE,Europe,info@rathausapotheke-muenchen.de,+49 89 553520,https://www.rathausapotheke-muenchen.de/,8 Marienplatz 80331 München,48.13741,11.57597,,,osm,email,2,new,ok,"category ""Pharmacy"" is not a travel-concierge listing — a recipient who was never the audience is the likeliest to report spam"
bf10c9da86305d238f55,Regenbogenapotheke,Pharmacy,munich,München,DE,Europe,info@hieristsgesund.de,+49 89 593659,https://www.hieristsgesund.de/,31 Sonnenstraße 80331 München,48.13466,11.56622,,,osm,email,2,new,ok,"category ""Pharmacy"" is not a travel-concierge listing — a recipient who was never the audience is the likeliest to report spam"
9660f55c5f51e5780eb0,Renner'sche Apotheke,Pharmacy,munich,München,DE,Europe,info@rennersche-apotheke.de,+49 89 132 036,https://www.rennersche-apotheke.de/,5 Volkartstraße 80634 München,48.15446,11.53113,,,osm,email,2,new,ok,"category ""Pharmacy"" is not a travel-concierge listing — a recipient who was never the audience is the likeliest to report spam"
b843ecdfac39d3f99424,Robert-Koch-Apotheke,Pharmacy,munich,München,DE,Europe,info@robertkochapo-muenchen.de,+49 89 522306,https://www.robertkochapo-muenchen.de/,126 Theresienstraße 80333 München,48.15129,11.56401,,,osm,email,2,new,ok,"category ""Pharmacy"" is not a travel-concierge listing — a recipient who was never the audience is the likeliest to report spam"
0c932a65ade8ca29c0dd,Rosenapotheke,Pharmacy,munich,München,DE,Europe,info@rosenapotheke.com,+49 89 230 027 00,https://www.rosenapotheke.com/,6 Rosenstraße 80331 München,48.1365,11.57384,,,osm,email,2,new,ok,"category ""Pharmacy"" is not a travel-concierge listing — a recipient who was never the audience is the likeliest to report spam"
8393680ad5eb49c3002f,SaniPlus,Pharmacy,munich,Unterföhring,DE,Europe,apo.foehring@saniplus.de,+49 89 90 42 95 567,https://saniplusdirekt.de/app/stores/SaniPlus_Apotheke_F%C3%B6hring,16 Feringastraße 85774 Unterföhring,48.1778,11.63679,,,osm,email,2,new,ok,"category ""Pharmacy"" is not a travel-concierge listing — a recipient who was never the audience is the likeliest to report spam"
69132bd4c9ed3d8c972d,Schweiger Apotheke,Pharmacy,munich,München,DE,Europe,kontakt@schweiger-apotheke.de,+49 89 653937,https://schweiger-apotheke.de/,16 Schweigerstraße München,48.12657,11.58285,,,osm,email,2,new,ok,"category ""Pharmacy"" is not a travel-concierge listing — a recipient who was never the audience is the likeliest to report spam"
0dddd4eeb1b277102078,Schworm Apotheke,Pharmacy,munich,Moosach,DE,Europe,info@schworm-apotheke.de,+49 89 149 5500,http://www.schworm-apotheke.de/start.htm,413 Dachauer Straße 80992 München,48.17992,11.51302,,,osm,email,2,new,ok,"category ""Pharmacy"" is not a travel-concierge listing — a recipient who was never the audience is the likeliest to report spam"
5a4b6b991024d6c8769f,St. Anna Apotheke 1828,Pharmacy,munich,München,DE,Europe,info@stannaapotheke.de,+49 89 292760,https://www.stannaapotheke-muenchen.de/,13 Tal 80331 München,48.13624,11.57921,,,osm,email,2,new,ok,"category ""Pharmacy"" is not a travel-concierge listing — a recipient who was never the audience is the likeliest to report spam"
11216bc540ec672e40d8,St. Emmeram Apotheke,Pharmacy,munich,München,DE,Europe,apotheke_st.emmeram@yahoo.de,+49 89 95 24 30,https://www.apotheke-st-emmeram.de/,168b Oberföhringer Straße 81925 München,48.16722,11.62422,,,osm,email,2,new,ok,"category ""Pharmacy"" is not a travel-concierge listing — a recipient who was never the audience is the likeliest to report spam"
825cfa5659ff1c4d5477,St. Johannis Apotheke,Pharmacy,munich,,DE,Europe,hallo@sanktjohannisapotheke.de,+49 89 44478770,https://sanktjohannisapotheke.de/,,48.1295,11.60207,,,osm,email,2,new,ok,"category ""Pharmacy"" is not a travel-concierge listing — a recipient who was never the audience is the likeliest to report spam"
86bfb27a36dfad6b30d7,St. Korbinian,Pharmacy,munich,München,DE,Europe,info@korbinian-apotheke.de,+49 89 763041,https://www.korbinian-apo.de,200 Thalkirchner Straße 81371 München,48.1123,11.54841,,,osm,email,2,new,ok,"category ""Pharmacy"" is not a travel-concierge listing — a recipient who was never the audience is the likeliest to report spam"
5e1429b55dbce3080e23,St. Mauritius-Apotheke,Pharmacy,munich,München,DE,Europe,st.mauritius_apotheke@online.de,+49 89 300 14 83,https://www.meineapotheke.de/shop/st-mauritius-apotheke-muenchen-80804/,5 Rümannstraße 80804 München,48.17578,11.57417,,,osm,email,2,new,ok,"category ""Pharmacy"" is not a travel-concierge listing — a recipient who was never the audience is the likeliest to report spam"
ab33a28514ce8c5293d9,St. Veit Apotheke,Pharmacy,munich,,DE,Europe,st.veitapotheke@freenet.de,+49 89 4313678,http://www.st-veit-apotheke-online.de,81673,48.12825,11.64627,,,osm,email,2,new,ok,"category ""Pharmacy"" is not a travel-concierge listing — a recipient who was never the audience is the likeliest to report spam"
7ed0815cfab1ac227dd9,St. Vitus Apotheke,Pharmacy,munich,München,DE,Europe,bestellung@stvitus-online.de,+49 89 725 11 66,https://www.stvitus-online.de/,47 Plinganserstraße 81369 München,48.11726,11.54033,,,osm,email,2,new,ok,"category ""Pharmacy"" is not a travel-concierge listing — a recipient who was never the audience is the likeliest to report spam"
11dc11420d7c86c28189,Stachus Apotheke am Goetheplatz,Pharmacy,munich,München,DE,Europe,goetheplatz@stachus-apotheke.de,+49 89 557511,https://www.stachus-apotheke.de/apotheke-am-goetheplatz/,32a Waltherstraße 80337 München,48.12913,11.5594,,,osm,email,2,new,ok,"category ""Pharmacy"" is not a travel-concierge listing — a recipient who was never the audience is the likeliest to report spam"
f098c89580d07b44db44,Stachus-Apotheke,Pharmacy,munich,München,DE,Europe,info@stachus-apotheke.de,+49 89 596319,https://www.stachus-apotheke.de,Karlsplatz 80335 München,48.13986,11.56671,,,osm,email,2,new,ok,"category ""Pharmacy"" is not a travel-concierge listing — a recipient who was never the audience is the likeliest to report spam"
f26d8f84ea1d73402328,Theatiner Apotheke,Pharmacy,munich,München,DE,Europe,info@theatiner-apotheke.de,+49 89 330 290 29,https://theatiner-apotheke.de,27 Theatinerstraße 80333 München,48.14161,11.57707,,,osm,email,2,new,ok,"category ""Pharmacy"" is not a travel-concierge listing — a recipient who was never the audience is the likeliest to report spam"
4ad7a2e18f7926ba90f1,Theatinerkirche St. Kajetan,Place Of Worship,munich,München,DE,Europe,info@theatinerkirche.de,+49 89 210 69 60,https://www.theatinerkirche.de/,22 Theatinerstraße 80333 München,48.14204,11.5766,,,osm,email,2,new,ok,"category ""Place Of Worship"" is not a travel-concierge listing — a recipient who was never the audience is the likeliest to report spam"
4a3eb9b6c3f211ed1349,Troger Apotheke,Pharmacy,munich,München,DE,Europe,troger-apotheke@t-online.de,+49 160 8961140,https://www.troger-apotheke-muenchen.de/,70 Prinzregentenstraße 81675 München,48.14021,11.6016,,,osm,email,2,new,ok,"category ""Pharmacy"" is not a travel-concierge listing — a recipient who was never the audience is the likeliest to report spam"
6bc9922812d0ed2e190f,Ungerer-Bad-Apotheke,Pharmacy,munich,München,DE,Europe,mail@ungerer-bad-apotheke.de,+49 89 369885,https://www.ungerer-bad-apotheke.de/,90 Ungererstraße 80805 München,48.16939,11.5936,,,osm,email,2,new,ok,"category ""Pharmacy"" is not a travel-concierge listing — a recipient who was never the audience is the likeliest to report spam"
0bd0cae5dcfdbf251f23,Weißenburger Apotheke,Pharmacy,munich,München,DE,Europe,info@weissenburger-apotheke.de,+49 89 4480 714,https://www.apopark.com/weissenburger-apotheke/,29 Weißenburger Straße 81667 München,48.12852,11.59935,,,osm,email,2,new,ok,"category ""Pharmacy"" is not a travel-concierge listing — a recipient who was never the audience is the likeliest to report spam"
9ee5d9a1b89b4829dbca,aquila Apotheke,Pharmacy,munich,München,DE,Europe,info@aquila-apotheke.de,+49 89 62000-145,https://www.aquila-apotheke.net/,7 Giesinger Bahnhofplatz 81539 München,48.11105,11.59509,,,osm,email,2,new,ok,"category ""Pharmacy"" is not a travel-concierge listing — a recipient who was never the audience is the likeliest to report spam"
6f5e3d8933507fb63de6,farma-plus,Pharmacy,munich,München,DE,Europe,info@farma-plus-muc.de,+49 89 296 029,https://www.farma-plus-muc.de/,47 Hohenzollernstraße 80801 München,48.16016,11.57605,,,osm,email,2,new,ok,"category ""Pharmacy"" is not a travel-concierge listing — a recipient who was never the audience is the likeliest to report spam"
a6fa6055e331a52a244d,Pharmacie Angely,Pharmacy,nice,Nice,FR,Europe,pharmacieangelynice@gmail.com,+33493263031,,22 Rue Jules et Aline Avigdor 06300 Nice,43.70923,7.28743,,,osm,email,2,new,ok,"category ""Pharmacy"" is not a travel-concierge listing — a recipient who was never the audience is the likeliest to report spam"
15699f044455a39f07d0,Pharmacie Nice Gare du Sud,Pharmacy,nice,,FR,Europe,pharmacienicegaredusud@gmail.com,+33 4 28 70 61 13,https://pharmacienicegaredusud.universpharmacie.com/,,43.7089,7.26021,,,osm,email,2,new,ok,"category ""Pharmacy"" is not a travel-concierge listing — a recipient who was never the audience is the likeliest to report spam"
39903340b96f7a14110c,Pharmacie Verdi,Pharmacy,nice,,FR,Europe,pharmacie.verdi@gmail.com,,https://pharmacie-verdi.fr/,21 Rue Verdi,43.6995,7.25953,,,osm,email,2,new,ok,"category ""Pharmacy"" is not a travel-concierge listing — a recipient who was never the audience is the likeliest to report spam"
a7102d28cace79e40356,Alésia Plaisance,Pharmacy,paris,,FR,Europe,phiealesiaplaisance@gmail.com,+33 1 45 43 19 24,,,48.83196,2.31404,,,osm,email,2,new,ok,"category ""Pharmacy"" is not a travel-concierge listing — a recipient who was never the audience is the likeliest to report spam"
836fe16cf6f99e533339,Aprium Pharmacie de l'Europe,Pharmacy,paris,,FR,Europe,pharmacie.europe92@orange.fr,+33 1 47 48 06 07,https://aprium-pharmacie.fr/,20 Avenue de l’Europe,48.89785,2.28273,,,osm,email,2,new,ok,"category ""Pharmacy"" is not a travel-concierge listing — a recipient who was never the audience is the likeliest to report spam"
548d4954c0ab6745de0a,Dahan,Pharmacy,paris,,FR,Europe,monordo.escudier@gmail.com,+33 1 46 05 03 91,,,48.84355,2.23774,,,osm,email,2,new,ok,"category ""Pharmacy"" is not a travel-concierge listing — a recipient who was never the audience is the likeliest to report spam"
dff4e8768c1091272080,Grande Pharmacie Marcadet,Pharmacy,paris,,FR,Europe,pharmacie@marcadetparis.com,+331 46 06 58 20,,75018,48.89113,2.34001,,,osm,email,2,new,ok,"category ""Pharmacy"" is not a travel-concierge listing — a recipient who was never the audience is the likeliest to report spam"
a5ce88e065e3dbc0231a,Les Artisans du Faubourg,Pharmacy,paris,,FR,Europe,pharmacielesartisans@gmail.com,+33 1 43 72 42 79,https://pharmacie-artisandufaubourg-paris.mesoigner.fr,238 Rue du Faubourg Saint-Antoine,48.84926,2.38913,,,osm,email,2,new,ok,"category ""Pharmacy"" is not a travel-concierge listing — a recipient who was never the audience is the likeliest to report spam"
fe63ca07357ef6f0ad04,PharmAvance,Pharmacy,paris,,FR,Europe,paul.reynaud@pharmavance.fr,+33 1 46 51 64 08,,,48.83873,2.26098,,,osm,email,2,new,ok,"category ""Pharmacy"" is not a travel-concierge listing — a recipient who was never the audience is the likeliest to report spam"
5a8bd86828d48ccddb89,Pharmacie 137,Pharmacy,paris,,FR,Europe,pharmacie137@gmail.com,+33 1 42 08 70 06,https://pharmaciemetrojourdain.wellandwell.fr/,137 Rue de Belleville,48.87513,2.389,,,osm,email,2,new,ok,"category ""Pharmacy"" is not a travel-concierge listing — a recipient who was never the audience is the likeliest to report spam"
1ba729266f04a1baa814,Pharmacie Amar,Pharmacy,paris,,FR,Europe,pharmacie.amar@orange.fr,+33 1 46 42 16 51,,,48.82411,2.27263,,,osm,email,2,new,ok,"category ""Pharmacy"" is not a travel-concierge listing — a recipient who was never the audience is the likeliest to report spam"
3b4b65ef4f6901ecfade,Pharmacie Beaurepaire,Pharmacy,paris,,FR,Europe,pharmacie4beaurepaire@gmail.com,+33 1 40 40 00 35,https://www.pharmaciebeaurepaire.fr/,,48.86903,2.36341,,,osm,email,2,new,ok,"category ""Pharmacy"" is not a travel-concierge listing — a recipient who was never the audience is the likeliest to report spam"
37e613d75d07a228fe68,Pharmacie Bravo,Pharmacy,paris,,FR,Europe,pharmacie.bravo@free.fr,+33 1 45 48 12 76,https://www.pharmaciebravo.com/,,48.84852,2.32479,,,osm,email,2,new,ok,"category ""Pharmacy"" is not a travel-concierge listing — a recipient who was never the audience is the likeliest to report spam"
866a405cf747769234a5,Pharmacie Centrale Martyrs,Pharmacy,paris,,FR,Europe,equipemartyrs@gmail.com,+33 1 48 78 10 04,,36 Rue des Martyrs 75009,48.87885,2.33994,,,osm,email,2,new,ok,"category ""Pharmacy"" is not a travel-concierge listing — a recipient who was never the audience is the likeliest to report spam"
f7f02880715b247ba380,Pharmacie Centrale de Pantin,Pharmacy,paris,,FR,Europe,pharmaciecentraledepantin@gmail.com,+33148452667,,,48.89253,2.40921,,,osm,email,2,new,ok,"category ""Pharmacy"" is not a travel-concierge listing — a recipient who was never the audience is the likeliest to report spam"
181078651a5c45b4a92a,Pharmacie Centrale de la Bastille,Pharmacy,paris,Paris,FR,Europe,pharmacie.bastille.75004@gmail.com,+33 1 42 72 38 31,,3 Boulevard Beaumarchais 75004 Paris,48.85409,2.36856,,,osm,email,2,new,ok,"category ""Pharmacy"" is not a travel-concierge listing — a recipient who was never the audience is the likeliest to report spam"
f77d7fbbee2239a45dd4,Pharmacie Charrier,Pharmacy,paris,,FR,Europe,ordo.republique@gmail.com,+33 1 43 28 07 77,,,48.8497,2.43444,,,osm,email,2,new,ok,"category ""Pharmacy"" is not a travel-concierge listing — a recipient who was never the audience is the likeliest to report spam"
7e13a119d79f1e4852b1,Pharmacie Corentin,Pharmacy,paris,Issy-les-Moulineaux,FR,Europe,hassine.radjibaly@wanadoo.fr,+33 1 40 93 02 42,https://pharmaciecorentin.fr/,Rue du Général Leclerc 92130 Issy-les-Moulineaux,48.82651,2.27872,,,osm,email,2,new,ok,"category ""Pharmacy"" is not a travel-concierge listing — a recipient who was never the audience is the likeliest to report spam"
70958d036f74f04845e0,Pharmacie Edgar Quinet,Pharmacy,paris,,FR,Europe,pharmaedgar@gmail.com,+33 1 43 20 70 12,https://pharmacie.parispharma.com/454462-pharmacie-edgar-quinet,,48.84124,2.3253,,,osm,email,2,new,ok,"category ""Pharmacy"" is not a travel-concierge listing — a recipient who was never the audience is the likeliest to report spam"
6f9e025b8d617bdc9dfa,Pharmacie Fouché,Pharmacy,paris,,FR,Europe,pharmacie@fouche.fr,,,,48.88385,2.39673,,,osm,email,2,new,ok,"category ""Pharmacy"" is not a travel-concierge listing — a recipient who was never the audience is the likeliest to report spam"
521a71a78544c8c879b8,Pharmacie Gay-Lussac,Pharmacy,paris,,FR,Europe,pharmagaylussac@gmail.com,+33 1 43 29 32 26,,,48.84389,2.34207,,,osm,email,2,new,ok,"category ""Pharmacy"" is not a travel-concierge listing — a recipient who was never the audience is the likeliest to report spam"
f9ed03ca5f6f1e2979a0,Pharmacie Lourmel,Pharmacy,paris,,FR,Europe,lourmel@parispharma.com,+33 1 45 57 45 45,https://pharmacielourmel.pharminfo.fr,105 Avenue Félix Faure 75015,48.83892,2.28289,,,osm,email,2,new,ok,"category ""Pharmacy"" is not a travel-concierge listing — a recipient who was never the audience is the likeliest to report spam"
d03a58fd6bb5a4ff481a,Pharmacie Louvre Victoire,Pharmacy,paris,Paris,FR,Europe,contact@pharmalv.fr,+33142331150,,7 Rue Coq Héron Paris,48.86443,2.34233,,,osm,email,2,new,ok,"category ""Pharmacy"" is not a travel-concierge listing — a recipient who was never the audience is the likeliest to report spam"
a4d49220e803f48b60b3,Pharmacie Manin,Pharmacy,paris,Paris,FR,Europe,pharmaciemanin@gmail.com,,,Paris,48.88332,2.38772,,,osm,email,2,new,ok,"category ""Pharmacy"" is not a travel-concierge listing — a recipient who was never the audience is the likeliest to report spam"
7078ed8e9c98e5b74700,Pharmacie Métro La Chapelle,Pharmacy,paris,,FR,Europe,pharmametrolachapelle@gmail.com,+33 1 49 70 06 89,https://pharmacielachapellelouisblanc-75010.fr/,,48.88358,2.36025,,,osm,email,2,new,ok,"category ""Pharmacy"" is not a travel-concierge listing — a recipient who was never the audience is the likeliest to report spam"
29cd8042b56a3628f064,Pharmacie Métropolis,Pharmacy,paris,,FR,Europe,pharmaciemetropolis@gmail.com,+33 1 43 96 28 82,,,48.81088,2.43181,,,osm,email,2,new,ok,"category ""Pharmacy"" is not a travel-concierge listing — a recipient who was never the audience is the likeliest to report spam"
6f1a2d90e9339430809a,Pharmacie Nouvelle de Lyon,Pharmacy,paris,Paris,FR,Europe,pharmalyon43@gmail.com,+33 143436647,,43 Rue de Lyon 75012 Paris,48.84888,2.37074,,,osm,email,2,new,ok,"category ""Pharmacy"" is not a travel-concierge listing — a recipient who was never the audience is the likeliest to report spam"
9dbef655c3e2282c09db,Pharmacie Paris Rive Gauche,Pharmacy,paris,Paris,FR,Europe,pharmabader@wanadoo.fr,+33 1 43 26 92 66,https://pharmaciebader.com,10-12 Boulevard Saint-Michel 75005 Paris,48.85248,2.34343,,,osm,email,2,new,ok,"category ""Pharmacy"" is not a travel-concierge listing — a recipient who was never the audience is the likeliest to report spam"
b9001e164ff41e6c927e,Pharmacie Paris-Charonne,Pharmacy,paris,,FR,Europe,contact@pharmacieparischaronne.com,+33 1 43 71 09 56,http://pharmacieparischaronne.com,,48.85519,2.38815,,,osm,email,2,new,ok,"category ""Pharmacy"" is not a travel-concierge listing — a recipient who was never the audience is the likeliest to report spam"
7bf2b4c178cdeda0af59,Pharmacie Saint-Just,Pharmacy,paris,Ivry-sur-Seine,FR,Europe,martine.sultan@wanadoo.fr,+33146723382,,14 Rue Saint-Just 94200 Ivry-sur-Seine,48.8121,2.39136,,,osm,email,2,new,ok,"category ""Pharmacy"" is not a travel-concierge listing — a recipient who was never the audience is the likeliest to report spam"
2cfadfd40dc56a5ed076,Pharmacie Saint-Maur Oberkampf,Pharmacy,paris,Paris,FR,Europe,pharmaober1@gmail.com,+33149238825,,102 Rue Saint-Maur 75011 Paris,48.8659,2.37741,,,osm,email,2,new,ok,"category ""Pharmacy"" is not a travel-concierge listing — a recipient who was never the audience is the likeliest to report spam"
c01ca54d6df7b2d920ca,Pharmacie Saint-Paul,Pharmacy,paris,Paris,FR,Europe,lapharmaciesaintpaul@gmail.com,+33 1 48 87 79 55,,71 Rue Saint-Antoine 75004 Paris,48.8543,2.36326,,,osm,email,2,new,ok,"category ""Pharmacy"" is not a travel-concierge listing — a recipient who was never the audience is the likeliest to report spam"
b559cf5edb5f2ae3f5b1,Pharmacie Soussan-Aizenman,Pharmacy,paris,Paris,FR,Europe,phiesoussan@wanadoo.fr,+33 1 42 54 07 68,,18 Rue Simart 75018 Paris,48.89098,2.34787,,,osm,email,2,new,ok,"category ""Pharmacy"" is not a travel-concierge listing — a recipient who was never the audience is the likeliest to report spam"
93ae4ff08afe3ec7f182,Pharmacie Vavin,Pharmacy,paris,,FR,Europe,pharmacievavin@gmail.com,+33 1 43 26 70 07,,,48.84393,2.3303,,,osm,email,2,new,ok,"category ""Pharmacy"" is not a travel-concierge listing — a recipient who was never the audience is the likeliest to report spam"
aba4bde435753deaaacd,Pharmacie Verte de Reuilly,Pharmacy,paris,,FR,Europe,Pharmacievertereuilly@gmail.com,+33 1 43 43 24 42,,,48.8403,2.39531,,,osm,email,2,new,ok,"category ""Pharmacy"" is not a travel-concierge listing — a recipient who was never the audience is the likeliest to report spam"
c7dc3fe86b6281b93c9e,Pharmacie Voltaire Nation,Pharmacy,paris,,FR,Europe,pharmacievoltairenation@orange.fr,+33 1 43 73 51 73,,264 Boulevard Voltaire,48.85003,2.39269,,,osm,email,2,new,ok,"category ""Pharmacy"" is not a travel-concierge listing — a recipient who was never the audience is the likeliest to report spam"
f9eeda044856dc9dfa4b,Pharmacie de Bercy,Pharmacy,paris,,FR,Europe,pharmaciedebercy@yahoo.fr,+33 1 43 43 19 48,https://pharmacies.giphar.fr/ile-de-france/paris/paris/pharmacie-de-bercy-paris-12-503,,48.84109,2.37404,,,osm,email,2,new,ok,"category ""Pharmacy"" is not a travel-concierge listing — a recipient who was never the audience is the likeliest to report spam"
07d987180458a561d16c,Pharmacie de La Croix d'Or,Pharmacy,paris,,FR,Europe,pharmaciecroixdor48@gmail.com,+33 1 47 63 06 92,,,48.88488,2.3157,,,osm,email,2,new,ok,"category ""Pharmacy"" is not a travel-concierge listing — a recipient who was never the audience is the likeliest to report spam"
5ae214baf853b46ae7e2,Pharmacie de Liège,Pharmacy,paris,,FR,Europe,pharmaciedeliege@hotmail.com,+33 1 42 82 00 05,https://pharmacie-de-liege-paris.mesoigner.fr,21 Rue de Liège,48.87949,2.32671,,,osm,email,2,new,ok,"category ""Pharmacy"" is not a travel-concierge listing — a recipient who was never the audience is the likeliest to report spam"
423e2e336473dad9aeee,Pharmacie de Roland Garros,Pharmacy,paris,,FR,Europe,ordoprg@gmail.com,+33 1 46 05 04 59,,,48.84639,2.23802,,,osm,email,2,new,ok,"category ""Pharmacy"" is not a travel-concierge listing — a recipient who was never the audience is the likeliest to report spam"
e671073208b3def552eb,Pharmacie de l'Olivier,Pharmacy,paris,Paris,FR,Europe,pharmaciedelolivier@hotmail.fr,+33 143314796,,65 Rue Monge 75005 Paris,48.84403,2.35251,,,osm,email,2,new,ok,"category ""Pharmacy"" is not a travel-concierge listing — a recipient who was never the audience is the likeliest to report spam"
2f51f25efabbe979c2bb,Pharmacie de la Croix Bleue,Pharmacy,paris,Paris,FR,Europe,pharmaciedelacroixbleue@gmail.com,+33 1 42 88 07 96,https://pharmaciedelacroixbleue.mesoigner.fr/,43 Rue d'Auteuil 75016 Paris,48.84769,2.26527,,,osm,email,2,new,ok,"category ""Pharmacy"" is not a travel-concierge listing — a recipient who was never the audience is the likeliest to report spam"
b96a6573c7c95f83a943,Pharmacie de la Folie-Regnault,Pharmacy,paris,Paris,FR,Europe,pharmaciedelafoliereregnault@gmail.com,+33 1 43 79 05 29,https://pharmaciedelafolieregnault.fr/,52 Rue de la Folie Regnault 75011 Paris,48.85966,2.38681,,,osm,email,2,new,ok,"category ""Pharmacy"" is not a travel-concierge listing — a recipient who was never the audience is the likeliest to report spam"
2ebde882f430b9aa1413,Pharmacie de la Mairie,Pharmacy,paris,,FR,Europe,mairie.issy@gmail.com,+33 1 46 42 20 95,,,48.82473,2.27295,,,osm,email,2,new,ok,"category ""Pharmacy"" is not a travel-concierge listing — a recipient who was never the audience is the likeliest to report spam"
9b92260d2e6ea833c91b,Pharmacie de la Place des Fêtes,Pharmacy,paris,,FR,Europe,commande.placedesfetes@gmail.com,+33142398767,,,48.8765,2.39385,,,osm,email,2,new,ok,"category ""Pharmacy"" is not a travel-concierge listing — a recipient who was never the audience is the likeliest to report spam"
2c3d73f71862f6d39998,Pharmacie de la Porte de Montreuil,Pharmacy,paris,,FR,Europe,pharmaciemontreuil75@gmail.com,+33 1 43 73 81 04,,,48.85334,2.41101,,,osm,email,2,new,ok,"category ""Pharmacy"" is not a travel-concierge listing — a recipient who was never the audience is the likeliest to report spam"
c08f9275edb9a890ab51,Pharmacie de la Terrasse,Pharmacy,paris,,FR,Europe,pharmacieterrasse@orange.fr,+33 1 47 63 24 12,https://pharmacie-de-la-terrasse-paris17.mesoigner.fr,,48.88272,2.31479,,,osm,email,2,new,ok,"category ""Pharmacy"" is not a travel-concierge listing — a recipient who was never the audience is the likeliest to report spam"
67a12a58bd787f0732d0,Pharmacie de la Trinité,Pharmacy,paris,Paris,FR,Europe,pharmtrinite@orange.fr,+33 1 48 74 13 13,,57 Rue de Châteaudun Paris,48.87621,2.33283,,,osm,email,2,new,ok,"category ""Pharmacy"" is not a travel-concierge listing — a recipient who was never the audience is the likeliest to report spam"
ca83c458262f8c3d33d1,Pharmacie des Arts Élysées,Pharmacy,paris,Paris,FR,Europe,contact@pharmaparis8.fr,+33 1 42 65 27 49,https://pharmaparis8.fr/,27 Rue de Miromesnil 75008 Paris,48.87295,2.31585,,,osm,email,2,new,ok,"category ""Pharmacy"" is not a travel-concierge listing — a recipient who was never the audience is the likeliest to report spam"
a04b54c7d586b9704a56,Pharmacie des Bords de Seine,Pharmacy,paris,Issy-les-Moulineaux,FR,Europe,pharma-bordsdeseine@hotmail.fr,+33146385556,,10 Cours de l'Ancienne Boulangerie 92130 Issy-les-Moulineaux,48.82505,2.25937,,,osm,email,2,new,ok,"category ""Pharmacy"" is not a travel-concierge listing — a recipient who was never the audience is the likeliest to report spam"
7959a5c2a878c152f62a,Pharmacie des Bouvets,Pharmacy,paris,Puteaux,FR,Europe,pharmaciedesbouvets@hotmail.com,+33 1 47 75 02 42,,1 Rue Nélaton 92800 Puteaux,48.88906,2.23154,,,osm,email,2,new,ok,"category ""Pharmacy"" is not a travel-concierge listing — a recipient who was never the audience is the likeliest to report spam"
f5ec7f857f629edbb8d1,Pharmacie des Épinettes,Pharmacy,paris,,FR,Europe,pharmacie.epinettes@gmail.com,+33 1 46 38 75 19,,,48.81784,2.26018,,,osm,email,2,new,ok,"category ""Pharmacy"" is not a travel-concierge listing — a recipient who was never the audience is the likeliest to report spam"
049a71041b6252d55280,Pharmacie du Haut Moulin,Pharmacy,paris,,FR,Europe,pharmacie.moulin1@orange.fr,+33146421616,,1 Rue Jules Guesde 92130,48.82259,2.27656,,,osm,email,2,new,ok,"category ""Pharmacy"" is not a travel-concierge listing — a recipient who was never the audience is the likeliest to report spam"
d370f0249f02851fe26d,Pharmacie du Pont Neuf,Pharmacy,paris,,FR,Europe,pharmapontneuf@gmail.com,+33 1 42 33 06 50,,,48.86001,2.34428,,,osm,email,2,new,ok,"category ""Pharmacy"" is not a travel-concierge listing — a recipient who was never the audience is the likeliest to report spam"
e7adc48b93b6779f26bb,Pharmacie du Sentier,Pharmacy,paris,,FR,Europe,pharmaciedusentier@orange.fr,,,247 Rue Saint-Denis,48.86796,2.35161,,,osm,email,2,new,ok,"category ""Pharmacy"" is not a travel-concierge listing — a recipient who was never the audience is the likeliest to report spam"
0523499b1434dae2ee13,Pharmacie du Soldat Laboureur,Pharmacy,paris,,FR,Europe,ordo.npsl@orange.fr,+33 1 45 22 49 14,,,48.8856,2.3259,,,osm,email,2,new,ok,"category ""Pharmacy"" is not a travel-concierge listing — a recipient who was never the audience is the likeliest to report spam"
390ea5e4ed0e02fb0c8d,Pharmacie du Square Clignancourt,Pharmacy,paris,,FR,Europe,pharmaciesquare@gmail.com,+33 1 46 06 38 66,https://pharmaciesquare.fr,43 Rue Simart 75018,48.89187,2.34635,,,osm,email,2,new,ok,"category ""Pharmacy"" is not a travel-concierge listing — a recipient who was never the audience is the likeliest to report spam"
0f968c03136035633bb4,Pharmacie du Théâtre Français,Pharmacy,paris,Paris,FR,Europe,pharma1901@gmail.com,,,75001 Paris,48.86401,2.33571,,,osm,email,2,new,ok,"category ""Pharmacy"" is not a travel-concierge listing — a recipient who was never the audience is the likeliest to report spam"
873a4403cf531aa3a67a,Pharmacie du Val de Seine,Pharmacy,paris,,FR,Europe,pharmacievaldeseine@gmail.com,+33 1 46 42 21 03,,,48.8287,2.26561,,,osm,email,2,new,ok,"category ""Pharmacy"" is not a travel-concierge listing — a recipient who was never the audience is the likeliest to report spam"
29fde22c8c2ba7c0eaf4,Pharmacie du centre commercial Jeanne Hachette,Pharmacy,paris,,FR,Europe,pharmaciejeannehachette@wanadoo.fr,+33 1 46 72 00 90,https://pharmaciehachette.pharminfo.fr/,,48.81135,2.38545,,,osm,email,2,new,ok,"category ""Pharmacy"" is not a travel-concierge listing — a recipient who was never the audience is the likeliest to report spam"
d2fefe94a31ccab72c2b,Pharmacie du quartier Saint-Martin,Pharmacy,paris,,FR,Europe,pharmaqsm75@mailo.com,+33 1 42 08 22 72,https://pharmacie-quartiersaintmartin-paris.mesoigner.fr/,,48.87045,2.35943,,,osm,email,2,new,ok,"category ""Pharmacy"" is not a travel-concierge listing — a recipient who was never the audience is the likeliest to report spam"
89701b7f63e3bd88cd34,Rennes-Assas,Pharmacy,paris,,FR,Europe,pharmacie.rennes.assas@gmail.com,+33 1 45 48 80 76,,,48.84875,2.32874,,,osm,email,2,new,ok,"category ""Pharmacy"" is not a travel-concierge listing — a recipient who was never the audience is the likeliest to report spam"
cff3b2d6f788d8df813a,Saint-Médard,Pharmacy,paris,Paris,FR,Europe,pharmacieherboriste.stmedard@gmail.com,+33 1 43 31 28 84,,146 Rue Mouffetard 75005 Paris,48.83913,2.34981,,,osm,email,2,new,ok,"category ""Pharmacy"" is not a travel-concierge listing — a recipient who was never the audience is the likeliest to report spam"
a17c3eb7d5ca170c47bc,Sarl Pharmacie Place Denfert-Rochereau,Pharmacy,paris,,FR,Europe,pharmacie.parisdenfert@gmail.com,+33 143542971,,,48.83465,2.33307,,,osm,email,2,new,ok,"category ""Pharmacy"" is not a travel-concierge listing — a recipient who was never the audience is the likeliest to report spam"
05fd23311cc049183705,Slakmon,Pharmacy,paris,,FR,Europe,gilbert.slakmon@free.fr,+33 1 45 48 97 25,,,48.84583,2.32604,,,osm,email,2,new,ok,"category ""Pharmacy"" is not a travel-concierge listing — a recipient who was never the audience is the likeliest to report spam"
85d4be9e39ecf70a3549,Victoire Opéra,Pharmacy,paris,,FR,Europe,pharmavictoireopera@wellandwell.fr,+33 1 42 96 89 99,https://pharmacievictoireopera.fr/,,48.86697,2.33624,,,osm,email,2,new,ok,"category ""Pharmacy"" is not a travel-concierge listing — a recipient who was never the audience is the likeliest to report spam"
031522be701084024352,Farmácia Estação,Pharmacy,porto,,PT,Europe,farm.estacaotrindade@gmail.com,+351 222 000 432; +351 222 007 936,,485 Rua do Bonjardim,41.1514,-8.60856,,,osm,email,2,new,ok,"category ""Pharmacy"" is not a travel-concierge listing — a recipient who was never the audience is the likeliest to report spam"
f161b346330b65b5ca6f,Sé do Porto,Place Of Worship,porto,,PT,Europe,catedraldoporto@gmail.com,+351 222 059 028,,,41.1428,-8.61121,,,osm,email,2,new,ok,"category ""Place Of Worship"" is not a travel-concierge listing — a recipient who was never the audience is the likeliest to report spam"
1e30a4c8c93cb6e971bd,Adamova lékárna,Pharmacy,prague,Praha,CZ,Europe,lek.adamova@seznam.cz,,,8 Wenceslas Square 11000 Praha,50.08352,14.42401,,,osm,email,2,new,ok,"category ""Pharmacy"" is not a travel-concierge listing — a recipient who was never the audience is the likeliest to report spam"
cfae72299c599d07eb94,Agel,Pharmacy,prague,,CZ,Europe,lekarna.italska@rph.agel.cz,+420 724 824 613,https://lekarna.agel.cz/lekarny/praha/,,50.08075,14.43757,,,osm,email,2,new,ok,"category ""Pharmacy"" is not a travel-concierge listing — a recipient who was never the audience is the likeliest to report spam"
23c7bfc524a0b339a336,Ave,Pharmacy,prague,,CZ,Europe,masarykova@lekarnaave.cz,+420 601 201 489,http://www.lekarnaave.cz,,50.0881,14.4323,,,osm,email,2,new,ok,"category ""Pharmacy"" is not a travel-concierge listing — a recipient who was never the audience is the likeliest to report spam"
31b2280061e4eaa71193,Ave,Pharmacy,prague,,CZ,Europe,jungmannova@lekarnaave.cz,+420 601 201 485,https://www.lekarnaave.cz/,,50.08322,14.42261,,,osm,email,2,new,ok,"category ""Pharmacy"" is not a travel-concierge listing — a recipient who was never the audience is the likeliest to report spam"
32efa768b32427145301,Benu,Pharmacy,prague,,CZ,Europe,praha.rubensova@benu.cz,+420 731 638 072,https://www.benu.cz/lekarna-benu-praha-10-rubensova,2238 Rubensova 100 00,50.06806,14.50965,,,osm,email,2,new,ok,"category ""Pharmacy"" is not a travel-concierge listing — a recipient who was never the audience is the likeliest to report spam"
23f4c9a87357a0281681,Benu,Pharmacy,prague,Praha 6,CZ,Europe,praha.viteznenam@benu.cz,+420 731 638 108,https://www.benu.cz/,817/9 Vítězné náměstí 16000 Praha,50.1013,14.39661,,,osm,email,2,new,ok,"category ""Pharmacy"" is not a travel-concierge listing — a recipient who was never the audience is the likeliest to report spam"
f7485c3e71756c497691,Benu,Pharmacy,prague,Praha 3,CZ,Europe,praha.vinohradska@benu.cz,+420 731 638 151,http://www.benu.cz,1784/2 Vinohradská 13000 Praha 3,50.07763,14.46078,,,osm,email,2,new,ok,"category ""Pharmacy"" is not a travel-concierge listing — a recipient who was never the audience is the likeliest to report spam"
d04ae2b1eceb717706ef,Benu,Pharmacy,prague,,CZ,Europe,praha.andel@benu.cz,+420 731 638 060,https://www.benu.cz/lekarna-benu-praha-5-andel,,50.0726,14.40406,,,osm,email,2,new,ok,"category ""Pharmacy"" is not a travel-concierge listing — a recipient who was never the audience is the likeliest to report spam"
8adaef938106c8766bd9,Benu,Pharmacy,prague,Praha 7,CZ,Europe,praha.frkrizka@benu.cz,+420 731 638 010,https://www.benu.cz/,683/22 Františka Křížka 17000 Praha,50.09949,14.43064,,,osm,email,2,new,ok,"category ""Pharmacy"" is not a travel-concierge listing — a recipient who was never the audience is the likeliest to report spam"
9b0240e0337bf7cf877e,Benu,Pharmacy,prague,Praha 8,CZ,Europe,praha.ladvi@benu.cz,+420 731 638 192,,1664/8 Burešova 18200 Praha 8,50.12832,14.46942,,,osm,email,2,new,ok,"category ""Pharmacy"" is not a travel-concierge listing — a recipient who was never the audience is the likeliest to report spam"
5231d4faa0d1e49a0d8e,Benu,Pharmacy,prague,Praha,CZ,Europe,praha.dlouhylan@benu.cz,+420 731 638 034,https://www.benu.cz/lekarna-benu-praha-6-na-dlouhem-lanu,11 Na Dlouhém lánu 16000 Praha,50.09649,14.36497,,,osm,email,2,new,ok,"category ""Pharmacy"" is not a travel-concierge listing — a recipient who was never the audience is the likeliest to report spam"
fb91d5ff18f90a5f60a0,Benu,Pharmacy,prague,,CZ,Europe,praha.ockaufland3@benu.cz,+420 703 462 221,https://www.benu.cz,,50.12794,14.48164,,,osm,email,2,new,ok,"category ""Pharmacy"" is not a travel-concierge listing — a recipient who was never the audience is the likeliest to report spam"
c5cebbfa919bd7a02729,Benu,Pharmacy,prague,Praha 9,CZ,Europe,praha.jablonecka@benu.cz,+420 286 891 923,https://www.benu.cz/lekarna-benu-praha-9-jablonecka,423/70 Jablonecká 19000 Praha 9,50.12547,14.4933,,,osm,email,2,new,ok,"category ""Pharmacy"" is not a travel-concierge listing — a recipient who was never the audience is the likeliest to report spam"
a357d453990a78b169be,Benu,Pharmacy,prague,Praha,CZ,Europe,praha.volsinach@benu.cz,+420 731 638 052,https://www.benu.cz/lekarna-benu-praha-10-v-olsinach,41 V olšinách 10000 Praha,50.07185,14.48644,,,osm,email,2,new,ok,"category ""Pharmacy"" is not a travel-concierge listing — a recipient who was never the audience is the likeliest to report spam"
769111edbb0e87eb2c55,Benu,Pharmacy,prague,Praha 6,CZ,Europe,praha.ockaufland2@benu.cz,+420 703 462 208,https://www.benu.cz/lekarna-benu-praha-6-oc-kaufland,2426/205 Bělohorská 16900 Praha,50.07744,14.34003,,,osm,email,2,new,ok,"category ""Pharmacy"" is not a travel-concierge listing — a recipient who was never the audience is the likeliest to report spam"
afcb623592b64e2a15d6,Benu,Pharmacy,prague,,CZ,Europe,praha.dlouha@benu.cz,+420 736 538 881,https://www.benu.cz,,50.09056,14.42659,,,osm,email,2,new,ok,"category ""Pharmacy"" is not a travel-concierge listing — a recipient who was never the audience is the likeliest to report spam"
64316855acda9ffea057,Benu,Pharmacy,prague,Praha 8,CZ,Europe,praha.thamova@benu.cz,+420 775 430 211,https://www.benu.cz/praha-8-thamova,118/17 Thámova 18000 Praha 8,50.09323,14.45167,,,osm,email,2,new,ok,"category ""Pharmacy"" is not a travel-concierge listing — a recipient who was never the audience is the likeliest to report spam"
48e15894a318ee8ada2f,Benu,Pharmacy,prague,,CZ,Europe,praha.petrzilkova@benu.cz,+420 731 638 150,https://www.benu.cz/lekarna-benu-praha-5-petrzilkova,,50.05117,14.34785,,,osm,email,2,new,ok,"category ""Pharmacy"" is not a travel-concierge listing — a recipient who was never the audience is the likeliest to report spam"
caf3570c4797b6079a90,Benu,Pharmacy,prague,,CZ,Europe,praha.ohrada@benu.cz,+420 731 638 188,https://www.benu.cz/lekarna-benu-praha-3-ohrada,,50.08955,14.46861,,,osm,email,2,new,ok,"category ""Pharmacy"" is not a travel-concierge listing — a recipient who was never the audience is the likeliest to report spam"
52e0d831dc21230aa0c1,Benu,Pharmacy,prague,,CZ,Europe,praha.billaP9@benu.cz,+420 731 638 086,https://www.benu.cz/lekarna-benu-praha-9-billa-prosek-vysocanska,,50.11966,14.49979,,,osm,email,2,new,ok,"category ""Pharmacy"" is not a travel-concierge listing — a recipient who was never the audience is the likeliest to report spam"
a604f12d3c36f31e298b,Benu,Pharmacy,prague,,CZ,Europe,praha.bozdechova@benu.cz,+420 731 638 063,https://www.benu.cz/lekarna-benu-praha-5-bozdechova,,50.07041,14.40397,,,osm,email,2,new,ok,"category ""Pharmacy"" is not a travel-concierge listing — a recipient who was never the audience is the likeliest to report spam"
f69c1cf57bcfdbc8ca06,Benu,Pharmacy,prague,,CZ,Europe,praha.bozkovska@benu.cz,+420 705 837 300,https://www.benu.cz/,,50.04501,14.48738,,,osm,email,2,new,ok,"category ""Pharmacy"" is not a travel-concierge listing — a recipient who was never the audience is the likeliest to report spam"
36d641c6ac27178c5d7f,Benu,Pharmacy,prague,,CZ,Europe,trevinpharm@seznam.cz,+420 731 486 484,https://www.benu.cz/praha-10-ukrajinska,,50.06528,14.45121,,,osm,email,2,new,ok,"category ""Pharmacy"" is not a travel-concierge listing — a recipient who was never the audience is the likeliest to report spam"
15fd1ed1a69b5914bade,Benu,Pharmacy,prague,,CZ,Europe,praha.ocfenix@benu.cz,+420 703 462 291,https://www.benu.cz/,,50.11044,14.50092,,,osm,email,2,new,ok,"category ""Pharmacy"" is not a travel-concierge listing — a recipient who was never the audience is the likeliest to report spam"
676c049fe7921f256589,Benu,Pharmacy,prague,,CZ,Europe,praha.stroupeznickeho2@benu.cz,+420 703 462 232,https://www.benu.cz/,,50.07055,14.40319,,,osm,email,2,new,ok,"category ""Pharmacy"" is not a travel-concierge listing — a recipient who was never the audience is the likeliest to report spam"
c9e56ad6e3c71b21154b,Benu,Pharmacy,prague,,CZ,Europe,praha.arkady@benu.cz,+420 703 462 235,https://www.benu.cz/,,50.05063,14.43822,,,osm,email,2,new,ok,"category ""Pharmacy"" is not a travel-concierge listing — a recipient who was never the audience is the likeliest to report spam"
34425b5565ae5c2eb48e,Benu,Pharmacy,prague,,CZ,Europe,praha.metronom@benu.cz,+420703462299,https://www.benu.cz/praha-13-metronom-bucharova-1702547262,2817/9 Bucharova,50.051,14.35091,,,osm,email,2,new,ok,"category ""Pharmacy"" is not a travel-concierge listing — a recipient who was never the audience is the likeliest to report spam"
ca08e6df487031362cfe,Benu,Pharmacy,prague,,CZ,Europe,praha.ocflora@benu.cz,+420 731 638 123,https://www.benu.cz/,,50.07911,14.46078,,,osm,email,2,new,ok,"category ""Pharmacy"" is not a travel-concierge listing — a recipient who was never the audience is the likeliest to report spam"
534592ee54aa0ae7dc6e,Benu,Pharmacy,prague,Praha 10,CZ,Europe,Praha10.occil@benu.cz,+420 705 837 322,https://www.benu.cz/praha-10-oc-cil-topolova,2915/16 Topolová 10600 Praha 10,50.05707,14.50734,,,osm,email,2,new,ok,"category ""Pharmacy"" is not a travel-concierge listing — a recipient who was never the audience is the likeliest to report spam"
32dee24d95eedee566ff,Bruska,Pharmacy,prague,,CZ,Europe,praha@mojelekarna.cz,+420 233 335 115,https://www.lekarnabruska.cz/,,50.09798,14.40331,,,osm,email,2,new,ok,"category ""Pharmacy"" is not a travel-concierge listing — a recipient who was never the audience is the likeliest to report spam"
c1378ef72222adbae45a,Břevnovská lékárna,Pharmacy,prague,Praha 6,CZ,Europe,brevnovskalekarna@volny.cz,+420 220 513 383,http://www.lekarna-na-internetu.cz/,Bělohorská 16900 Praha,50.08446,14.37417,,,osm,email,2,new,ok,"category ""Pharmacy"" is not a travel-concierge listing — a recipient who was never the audience is the likeliest to report spam"
45ab85e0160576cb42d6,Cithara,Pharmacy,prague,,CZ,Europe,harfa@cithara.cz,+420 234 132 536,https://www.cithara.cz/lekarna-cithara-v-oc-harfa/,,50.1043,14.49004,,,osm,email,2,new,ok,"category ""Pharmacy"" is not a travel-concierge listing — a recipient who was never the audience is the likeliest to report spam"
0fde2d676e08b38253af,Císařská lékárna,Pharmacy,prague,Praha 2,CZ,Europe,lekarna.cisarska@lekarnawpk.cz,+420 222 231 369,https://www.lekarnawpk.cz/,557/30 Karlovo náměstí 12000 Praha,50.07674,14.42123,,,osm,email,2,new,ok,"category ""Pharmacy"" is not a travel-concierge listing — a recipient who was never the audience is the likeliest to report spam"
daa580a7c1dfe61f67d1,Dejvická lékárna,Pharmacy,prague,,CZ,Europe,dejvicka.lekarnaarnika@iex.cz,+420 224 323 786,,,50.09933,14.39731,,,osm,email,2,new,ok,"category ""Pharmacy"" is not a travel-concierge listing — a recipient who was never the audience is the likeliest to report spam"
a9afc76eee5201a9fb7e,Dr. Max,Pharmacy,prague,,CZ,Europe,lek269@drmax.cz,+420 225 574 269,https://www.drmax.cz/,Jugoslávských partyzánů,50.10464,14.39523,,,osm,email,2,new,ok,"category ""Pharmacy"" is not a travel-concierge listing — a recipient who was never the audience is the likeliest to report spam"
029710f2aff6779c89f6,Dr. Max,Pharmacy,prague,Praha 7,CZ,Europe,praha.dukelskychhrdinu@drmax.cz,+420 233 310 698,https://www.drmax.cz/,691/33 Dukelských hrdinů 17000 Praha,50.09904,14.43306,,,osm,email,2,new,ok,"category ""Pharmacy"" is not a travel-concierge listing — a recipient who was never the audience is the likeliest to report spam"
a9b1042d0b26e92e03d4,Dr. Max,Pharmacy,prague,,CZ,Europe,praha11@drmax.cz,+420 233 380 710,https://www.drmax.cz/,,50.0982,14.43285,,,osm,email,2,new,ok,"category ""Pharmacy"" is not a travel-concierge listing — a recipient who was never the audience is the likeliest to report spam"
55666cf61f479c7590ee,Dr. Max,Pharmacy,prague,Praha 9,CZ,Europe,info@drmax.cz,+420 225 574 234,https://www.drmax.cz/,242/111 Vysočanská 19000 Praha 9,50.12654,14.48907,,,osm,email,2,new,ok,"category ""Pharmacy"" is not a travel-concierge listing — a recipient who was never the audience is the likeliest to report spam"
7f287376198f33232f32,Dr. Max,Pharmacy,prague,Praha 8,CZ,Europe,praha.buresova@drmax.cz,+420 286 580 950,https://www.drmax.cz/,1660/1 Burešova 18200 Praha 8,50.12675,14.46957,,,osm,email,2,new,ok,"category ""Pharmacy"" is not a travel-concierge listing — a recipient who was never the audience is the likeliest to report spam"
2f87f4196f6a1ce970cf,Dr. Max,Pharmacy,prague,Praha 6,CZ,Europe,praha.podmarjankou@drmax.cz,+420 225 574 540,,1906/12 Pod Marjánkou 16900 Praha,50.0849,14.36653,,,osm,email,2,new,ok,"category ""Pharmacy"" is not a travel-concierge listing — a recipient who was never the audience is the likeliest to report spam"
f20003abe4a9b3e18b1d,Dr. Max,Pharmacy,prague,,CZ,Europe,praha.kobylisy@drmax.cz,+420 284 683 160,https://www.drmax.cz/lekarny/praha-8-kobylisy-pod-sidlistem-188-8,188/8 Pod Sídlištěm,50.12456,14.45561,,,osm,email,2,new,ok,"category ""Pharmacy"" is not a travel-concierge listing — a recipient who was never the audience is the likeliest to report spam"
f094a0e82212ede86d72,Dr. Max,Pharmacy,prague,,CZ,Europe,lek704@drmax.cz,+420 225 574 704,https://www.drmax.cz/,,50.12774,14.41866,,,osm,email,2,new,ok,"category ""Pharmacy"" is not a travel-concierge listing — a recipient who was never the audience is the likeliest to report spam"
570bf6b87e6070e4d07b,Dr. Max,Pharmacy,prague,Praha,CZ,Europe,praha.narodni@drmax.cz,+420 224240593,https://www.drmax.cz/,35 Národní 11000 Praha,50.08268,14.41981,,,osm,email,2,new,ok,"category ""Pharmacy"" is not a travel-concierge listing — a recipient who was never the audience is the likeliest to report spam"
0de4792337bcf77a7a50,Dr. Max,Pharmacy,prague,,CZ,Europe,praha.naporici@drmax.cz,+420 222 318 568,https://www.drmax.cz/,,50.08975,14.43433,,,osm,email,2,new,ok,"category ""Pharmacy"" is not a travel-concierge listing — a recipient who was never the audience is the likeliest to report spam"
bdd727df41a4f2f93615,Dr. Max,Pharmacy,prague,,CZ,Europe,prahavod@drmax.cz,+420 224 267 129,https://www.drmax.cz/,,50.08185,14.42587,,,osm,email,2,new,ok,"category ""Pharmacy"" is not a travel-concierge listing — a recipient who was never the audience is the likeliest to report spam"
7b383f2099d8488903cb,Dr. Max,Pharmacy,prague,,CZ,Europe,praha.revolucni@drmax.cz,+420 224 810 315,https://www.drmax.cz/,,50.09159,14.42736,,,osm,email,2,new,ok,"category ""Pharmacy"" is not a travel-concierge listing — a recipient who was never the audience is the likeliest to report spam"
e930bea4f455beed6674,Dr. Max,Pharmacy,prague,,CZ,Europe,praha.krcska@drmax.cz,+420 241 441 888,https://www.drmax.cz/,,50.04215,14.44168,,,osm,email,2,new,ok,"category ""Pharmacy"" is not a travel-concierge listing — a recipient who was never the audience is the likeliest to report spam"
c814e9fd9e2938dabc51,Dr. Max,Pharmacy,prague,,CZ,Europe,michle@drmax.cz,+420 272 653 693,https://www.drmax.cz/,,50.05627,14.47078,,,osm,email,2,new,ok,"category ""Pharmacy"" is not a travel-concierge listing — a recipient who was never the audience is the likeliest to report spam"
906f45e7d59e82b760ee,Dr. Max,Pharmacy,prague,,CZ,Europe,praha.cestmirova@drmax.cz,+420 241 416 106,https://www.drmax.cz/,,50.06426,14.4415,,,osm,email,2,new,ok,"category ""Pharmacy"" is not a travel-concierge listing — a recipient who was never the audience is the likeliest to report spam"
e5095146d4778f37394f,Dr. Max,Pharmacy,prague,,CZ,Europe,prahavoc@drmax.cz,+420 266 315 370,https://www.drmax.cz/,,50.10244,14.46833,,,osm,email,2,new,ok,"category ""Pharmacy"" is not a travel-concierge listing — a recipient who was never the audience is the likeliest to report spam"
4d903ef179b1294c5cc1,Dr. Max,Pharmacy,prague,,CZ,Europe,praha.slunecninam@drmax.cz,+420 225 574 627,https://www.drmax.cz/,,50.05033,14.34203,,,osm,email,2,new,ok,"category ""Pharmacy"" is not a travel-concierge listing — a recipient who was never the audience is the likeliest to report spam"
d6ce20b4aef27576c1d1,Dr. Max,Pharmacy,prague,,CZ,Europe,LEK525@drmax.cz,+420 225 574 525,https://www.drmax.cz/,,50.05614,14.37229,,,osm,email,2,new,ok,"category ""Pharmacy"" is not a travel-concierge listing — a recipient who was never the audience is the likeliest to report spam"
bcc2cd068618a077cec1,Dr. Max,Pharmacy,prague,Praha,CZ,Europe,LEK648@drmax.cz,+420 225 574 648,https://www.drmax.cz/,38 Starostrašnická 10000 Praha,50.07414,14.49077,,,osm,email,2,new,ok,"category ""Pharmacy"" is not a travel-concierge listing — a recipient who was never the audience is the likeliest to report spam"
f4b9de22ed8de7405285,Dr. Max,Pharmacy,prague,,CZ,Europe,praha.sokolovska@drmax.cz,+420 284 681 747,https://www.drmax.cz/lekarny/praha-9-sokolovska-312,,50.11011,14.49783,,,osm,email,2,new,ok,"category ""Pharmacy"" is not a travel-concierge listing — a recipient who was never the audience is the likeliest to report spam"
3963337066a23e91c778,Dr. Max,Pharmacy,prague,,CZ,Europe,praha.vinohradska2@drmax.cz,+420 272 690 805,https://www.drmax.cz/lekarny/praha-3-vinohradska-2577-178,,50.07812,14.4702,,,osm,email,2,new,ok,"category ""Pharmacy"" is not a travel-concierge listing — a recipient who was never the audience is the likeliest to report spam"
07c6a849d50da0e56166,Dr. Max,Pharmacy,prague,Praha,CZ,Europe,praha.wilsonova@drmax.cz,+420 224 210 040,https://www.drmax.cz/,300/8 Wilsonova 11000 Praha,50.0831,14.43455,,,osm,email,2,new,ok,"category ""Pharmacy"" is not a travel-concierge listing — a recipient who was never the audience is the likeliest to report spam"
42f01f71762085c52286,Dr. Max,Pharmacy,prague,,CZ,Europe,praha.radlicka@drmax.cz,+420 225 574 194,https://www.drmax.cz/,,50.04751,14.35342,,,osm,email,2,new,ok,"category ""Pharmacy"" is not a travel-concierge listing — a recipient who was never the audience is the likeliest to report spam"
1549d9dd791ebbcf623f,Dr. Max,Pharmacy,prague,,CZ,Europe,praha.uslavie@drmax.cz,+420 225 574 303,https://www.drmax.cz/,1527/3 U Slavie,50.06791,14.46924,,,osm,email,2,new,ok,"category ""Pharmacy"" is not a travel-concierge listing — a recipient who was never the audience is the likeliest to report spam"
0fa364873e7b983416fe,Dr. Max,Pharmacy,prague,,CZ,Europe,LEK651@drmax.cz,+420 225 574 651,https://www.drmax.cz/,,50.07522,14.43265,,,osm,email,2,new,ok,"category ""Pharmacy"" is not a travel-concierge listing — a recipient who was never the audience is the likeliest to report spam"
64a03767dbe9689c6f9a,Dr. Max,Pharmacy,prague,,CZ,Europe,LEk649@drmax.cz,+420 225 574 649,https://www.drmax.cz/,,50.09844,14.36685,,,osm,email,2,new,ok,"category ""Pharmacy"" is not a travel-concierge listing — a recipient who was never the audience is the likeliest to report spam"
8a1695edc0582e706d53,Dr. Max,Pharmacy,prague,Praha 4,CZ,Europe,info@drmax.cz,+420 225 574 706,https://www.drmax.cz/lekarny/praha-4-nusle-nuselska-1754-53c,1754/53c Nuselská 14000 Praha 4,50.06094,14.44823,,,osm,email,2,new,ok,"category ""Pharmacy"" is not a travel-concierge listing — a recipient who was never the audience is the likeliest to report spam"
616cfe1a42b6971160e4,Dr. Max,Pharmacy,prague,,CZ,Europe,lek243@drmax.cz,+420 225 574 243,https://www.drmax.cz/,,50.10476,14.4729,,,osm,email,2,new,ok,"category ""Pharmacy"" is not a travel-concierge listing — a recipient who was never the audience is the likeliest to report spam"
c6564c2c94446ee7a625,Dr. Max,Pharmacy,prague,,CZ,Europe,lek647@drmax.cz,+420 225 574 647,https://www.drmax.cz/,,50.10168,14.39562,,,osm,email,2,new,ok,"category ""Pharmacy"" is not a travel-concierge listing — a recipient who was never the audience is the likeliest to report spam"
cc49d82b0d577bd76c41,Dr. Max,Pharmacy,prague,,CZ,Europe,lek715@drmax.cz,+420 225 574 715,https://www.drmax.cz/,,50.08174,14.41922,,,osm,email,2,new,ok,"category ""Pharmacy"" is not a travel-concierge listing — a recipient who was never the audience is the likeliest to report spam"
7e97e6d23cd336c9007c,Dr. Max,Pharmacy,prague,,CZ,Europe,praha.hybernska@drmax.cz,+420 225 574 562,https://www.drmax.cz,,50.08751,14.43357,,,osm,email,2,new,ok,"category ""Pharmacy"" is not a travel-concierge listing — a recipient who was never the audience is the likeliest to report spam"
e8d78485ab5d3c0dda69,Dr. Max,Pharmacy,prague,,CZ,Europe,praha.jablonova@drmax.cz,+420 272 701 851,https://www.drmax.cz/,,50.05669,14.49623,,,osm,email,2,new,ok,"category ""Pharmacy"" is not a travel-concierge listing — a recipient who was never the audience is the likeliest to report spam"
2965af6939bc77865295,EUC,Pharmacy,prague,,CZ,Europe,lekarna.kartouzska.praha@eucklinika.cz,+420 257 288 635,https://www.eucklinika.cz/,,50.0744,14.40173,,,osm,email,2,new,ok,"category ""Pharmacy"" is not a travel-concierge listing — a recipient who was never the audience is the likeliest to report spam"
ddb851f616058e011596,EUC Lékárna,Pharmacy,prague,Praha 10,CZ,Europe,lekarna.plananska.praha@eucklinika.cz,+420 724 210 499,https://euc.cz/nase-zarizeni/lekarny/euc-lekarna-praha-plananska/,573/1 Plaňanská 10800 Praha,50.08023,14.50136,,,osm,email,2,new,ok,"category ""Pharmacy"" is not a travel-concierge listing — a recipient who was never the audience is the likeliest to report spam"
1faa7cefc4b8d32c4b37,EUC Lékárna,Pharmacy,prague,,CZ,Europe,lekarna.florenc.praha@euc.cz,+420 222 314 877,https://euc.cz/nase-zarizeni/lekarny/euc-lekarna-praha-florenc/,Pasáž Oasis,50.09227,14.43982,,,osm,email,2,new,ok,"category ""Pharmacy"" is not a travel-concierge listing — a recipient who was never the audience is the likeliest to report spam"
e7141e2193843f90af04,EUC Lékárna,Pharmacy,prague,,CZ,Europe,lekarna.pocernicka.praha@eucklinika.cz,+420 274 770 188,https://euc.cz/nase-zarizeni/lekarny/euc-lekarna-praha-pocernicka/,,50.08043,14.5009,,,osm,email,2,new,ok,"category ""Pharmacy"" is not a travel-concierge listing — a recipient who was never the audience is the likeliest to report spam"
71cd8f066be054e401c5,Galenika,Pharmacy,prague,,CZ,Europe,info@lekarnagalenika.cz,+420 251 625 065,https://www.lekarnagalenika.cz/,,50.08781,14.36633,,,osm,email,2,new,ok,"category ""Pharmacy"" is not a travel-concierge listing — a recipient who was never the audience is the likeliest to report spam"
1d260c46094a6c23122d,Havlik,Pharmacy,prague,,CZ,Europe,palladium@havlikovaapoteka.cz,+420607284644,https://www.havlikovaapoteka.cz/,1 náměstí Republiky 11000,50.08974,14.42962,,,osm,email,2,new,ok,"category ""Pharmacy"" is not a travel-concierge listing — a recipient who was never the audience is the likeliest to report spam"
2d437612bf8eb50213dd,Hradčanská lékárenská společnost,Pharmacy,prague,Praha,CZ,Europe,info@hradcanskalekarna.cz,+420 233 322 713,https://www.magistra.cz/,109 Milady Horákové 16000 Praha,50.09702,14.40475,,,osm,email,2,new,ok,"category ""Pharmacy"" is not a travel-concierge listing — a recipient who was never the audience is the likeliest to report spam"
d43e7945a0826565fbe6,Iscare,Pharmacy,prague,,CZ,Europe,lekarna@iscare.cz,+420 234 770 231,http://www.iscare.cz/lekarna,,50.10315,14.49505,,,osm,email,2,new,ok,"category ""Pharmacy"" is not a travel-concierge listing — a recipient who was never the audience is the likeliest to report spam"
500fe9ae37beb7172ccf,Lemon,Pharmacy,prague,,CZ,Europe,praha.zitomirska@lekarnalemon.cz,+420 602 283 774,https://www.lekarnalemon.cz/,,50.0692,14.4563,,,osm,email,2,new,ok,"category ""Pharmacy"" is not a travel-concierge listing — a recipient who was never the audience is the likeliest to report spam"
a4e648aad57684771873,Lemon,Pharmacy,prague,Praha,CZ,Europe,praha.vodickova@lekarnalemon.cz,+420 224 948 653,https://www.lekarnalemon.cz/,23 Vodičkova 11000 Praha,50.08081,14.42411,,,osm,email,2,new,ok,"category ""Pharmacy"" is not a travel-concierge listing — a recipient who was never the audience is the likeliest to report spam"
3af7077dd437385b7ab7,Lemon,Pharmacy,prague,Praha 4,CZ,Europe,praha.hlavni@lekarnalemon.cz,+420 272 655 227;+420 727 923 448,https://www.lekarnalemon.cz/,2459/108 Hlavní 14100 Praha 4,50.0468,14.48815,,,osm,email,2,new,ok,"category ""Pharmacy"" is not a travel-concierge listing — a recipient who was never the audience is the likeliest to report spam"
eb4f1d701bcb24237b04,Lemon Lékárna,Pharmacy,prague,,CZ,Europe,praha.narodni@lekarnalemon.cz,+420 725 116 210,https://www.lekarnalemon.cz/,,50.08222,14.41972,,,osm,email,2,new,ok,"category ""Pharmacy"" is not a travel-concierge listing — a recipient who was never the audience is the likeliest to report spam"
92cacbb69f46683db712,Lékárna Bělohorská,Pharmacy,prague,,CZ,Europe,lekarna.belohorska@seznam.cz,+420 252 549 480,,,50.08419,14.36607,,,osm,email,2,new,ok,"category ""Pharmacy"" is not a travel-concierge listing — a recipient who was never the audience is the likeliest to report spam"
0c2627b8924374b08a37,Lékárna Cithara,Pharmacy,prague,,CZ,Europe,stromovka@kpharma.cz,+420 222 262 194,https://www.magistra.cz/,,50.10181,14.43021,,,osm,email,2,new,ok,"category ""Pharmacy"" is not a travel-concierge listing — a recipient who was never the audience is the likeliest to report spam"
7f2ec60c61b9e28f2ed2,Lékárna Erbenova,Pharmacy,prague,,CZ,Europe,lekarna.vmt@gmail.com,+420 251 555 898,,,50.07175,14.38947,,,osm,email,2,new,ok,"category ""Pharmacy"" is not a travel-concierge listing — a recipient who was never the audience is the likeliest to report spam"
7cfe2966b16dfa13a07c,Lékárna Evropská,Pharmacy,prague,,CZ,Europe,evropska@mojelekarna.cz,+420 222 766 998,https://www.mojelekarna.cz/,,50.09656,14.35482,,,osm,email,2,new,ok,"category ""Pharmacy"" is not a travel-concierge listing — a recipient who was never the audience is the likeliest to report spam"
9b09ec153a439c456280,Lékárna FN Bulovka,Pharmacy,prague,Praha 8,CZ,Europe,j.kralova@bulovka.cz,+420 266082017,,2 Budínova 18000 Praha 8,50.11548,14.46448,,,osm,email,2,new,ok,"category ""Pharmacy"" is not a travel-concierge listing — a recipient who was never the audience is the likeliest to report spam"
19cea5df29593fcc7fb8,Lékárna FNKV,Pharmacy,prague,,CZ,Europe,lekarna@fnkv.cz,+420 267 162 823,http://www.fnkv.cz/ustavni-lekarna-kontakty.php,1150/50 Šrobárova 10000,50.07415,14.47572,,,osm,email,2,new,ok,"category ""Pharmacy"" is not a travel-concierge listing — a recipient who was never the audience is the likeliest to report spam"
e1c8ed002fa845ea8288,Lékárna FNKV u hlavního vchodu,Pharmacy,prague,,CZ,Europe,lekarna@fnkv.cz,+420 267 163 163,http://www.fnkv.cz/ustavni-lekarna-kontakty.php,1150/50 Šrobárova 10000,50.07623,14.47586,,,osm,email,2,new,ok,"category ""Pharmacy"" is not a travel-concierge listing — a recipient who was never the audience is the likeliest to report spam"
2a2726121116a24a94f0,Lékárna Hvězda Petřiny,Pharmacy,prague,Praha 6,CZ,Europe,lekarna@hvezdapetriny.cz,+420 220 611 472,,438/3 Křenova 16200 Praha,50.08855,14.34417,,,osm,email,2,new,ok,"category ""Pharmacy"" is not a travel-concierge listing — a recipient who was never the audience is the likeliest to report spam"
6168d57613d632540f0c,Lékárna INEP,Pharmacy,prague,,CZ,Europe,lekarna@inep.cz,+420 720 146 488,https://www.mistnilekarna.cz/,,50.09132,14.44634,,,osm,email,2,new,ok,"category ""Pharmacy"" is not a travel-concierge listing — a recipient who was never the audience is the likeliest to report spam"
c537ff69b285a7b4e315,Lékárna Komunardů,Pharmacy,prague,,CZ,Europe,komunardu@neopharm.cz,+420 602 633 445,https://www.mojelekarna.cz/,,50.1049,14.45012,,,osm,email,2,new,ok,"category ""Pharmacy"" is not a travel-concierge listing — a recipient who was never the audience is the likeliest to report spam"
9102db29a53f769afd18,Lékárna Krupská,Pharmacy,prague,,CZ,Europe,lekarnakrupska@seznam.cz,+420 739 463 150,https://www.lekarnakrupska.cz/,,50.06877,14.49414,,,osm,email,2,new,ok,"category ""Pharmacy"" is not a travel-concierge listing — a recipient who was never the audience is the likeliest to report spam"
0c8ef783e1915be5eabc,Lékárna Krupská 28,Pharmacy,prague,,CZ,Europe,info@lekarna-krupska28.cz,+420 222 966 233,https://lekarna-krupska28.cz/,1978/28 Krupská 10000,50.06795,14.49838,,,osm,email,2,new,ok,"category ""Pharmacy"" is not a travel-concierge listing — a recipient who was never the audience is the likeliest to report spam"
51847d59e7ea49a4a097,Lékárna Královka,Pharmacy,prague,,CZ,Europe,bazjuk@volny.cz,+420 286 880 001,http://www.lekarny.zdravcentra.cz/kralovka/,,50.12161,14.49331,,,osm,email,2,new,ok,"category ""Pharmacy"" is not a travel-concierge listing — a recipient who was never the audience is the likeliest to report spam"
aefbd70b50b0153aa360,Lékárna Lékařský dům,Pharmacy,prague,,CZ,Europe,lekarna@ld.cz,+420 242 426 413,http://www.ld.cz/lekarna/,,50.10373,14.4332,,,osm,email,2,new,ok,"category ""Pharmacy"" is not a travel-concierge listing — a recipient who was never the audience is the likeliest to report spam"
623de83f2e161e72fc1d,Lékárna METRO Petřiny,Pharmacy,prague,,CZ,Europe,lekarnapetriny@seznam.cz,+420 222 268 547,http://www.lekarna-praha6.cz,,50.08901,14.3471,,,osm,email,2,new,ok,"category ""Pharmacy"" is not a travel-concierge listing — a recipient who was never the audience is the likeliest to report spam"
b34e5d8b9a9d9b8943ce,Lékárna Moráň,Pharmacy,prague,Praha 2,CZ,Europe,lekarnamoran@volny.cz,+420 222 162 280,https://lekarnamoran.cz/,325/7 Karlovo náměstí 12000 Praha,50.07481,14.41868,,,osm,email,2,new,ok,"category ""Pharmacy"" is not a travel-concierge listing — a recipient who was never the audience is the likeliest to report spam"
ae6952806a22d01fdd46,Lékárna Nemocnice Na Homolce,Pharmacy,prague,,CZ,Europe,renata.semerakova@homolka.cz,+420 257 272 819,http://www.homolka.cz,,50.07498,14.35395,,,osm,email,2,new,ok,"category ""Pharmacy"" is not a travel-concierge listing — a recipient who was never the audience is the likeliest to report spam"
033eb68ea28a4e5ab295,Lékárna Olšanská,Pharmacy,prague,,CZ,Europe,lekarna.olsanska@seznam.cz,+420 271 772 106,http://www.pharmapoint.cz/,,50.08418,14.46763,,,osm,email,2,new,ok,"category ""Pharmacy"" is not a travel-concierge listing — a recipient who was never the audience is the likeliest to report spam"
a134e218ceeeb23a4176,Lékárna Pod Vyšehradem,Pharmacy,prague,Praha,CZ,Europe,vysehrad@marhopharm.cz,+420 224 920 765,,2 Vratislavova 12800 Praha,50.06697,14.41656,,,osm,email,2,new,ok,"category ""Pharmacy"" is not a travel-concierge listing — a recipient who was never the audience is the likeliest to report spam"
849fa28da5822e569fe1,Lékárna S City,Pharmacy,prague,,CZ,Europe,info@city-lekarna.cz,,,,50.06802,14.40646,,,osm,email,2,new,ok,"category ""Pharmacy"" is not a travel-concierge listing — a recipient who was never the audience is the likeliest to report spam"
6d9e29b245dbd7d81a81,Lékárna Studentský dům,Pharmacy,prague,,CZ,Europe,lekarna@lekarnasd.cz,+420 222 766 997,,,50.10587,14.38888,,,osm,email,2,new,ok,"category ""Pharmacy"" is not a travel-concierge listing — a recipient who was never the audience is the likeliest to report spam"
86bf53043bd2d551ec2a,Lékárna U Kaštanu,Pharmacy,prague,Praha 6,CZ,Europe,info@lekarnaukastanu.cz,+420 220 513 838,https://www.lekarnaukastanu.cz/,723/132 Bělohorská 16900 Praha,50.08387,14.36369,,,osm,email,2,new,ok,"category ""Pharmacy"" is not a travel-concierge listing — a recipient who was never the audience is the likeliest to report spam"
cf3714247c62a6d7b416,Lékárna U Matky Boží,Pharmacy,prague,Praha 3,CZ,Europe,lekarna.umatkybozi@seznam.cz,+420 222 782 522,https://www.alphega.cz/012963,75 Seifertova 130 00 Praha 3,50.08457,14.44985,,,osm,email,2,new,ok,"category ""Pharmacy"" is not a travel-concierge listing — a recipient who was never the audience is the likeliest to report spam"
97e70c57dbf6da3475ef,Lékárna U lávky,Pharmacy,prague,,CZ,Europe,info@lekarnaulavky.cz,+420 251 550 344,www.lekarnaulavky.cz,,50.06179,14.40412,,,osm,email,2,new,ok,"category ""Pharmacy"" is not a travel-concierge listing — a recipient who was never the audience is the likeliest to report spam"
86b0dde57aceea4181dc,Lékárna Veletržní,Pharmacy,prague,,CZ,Europe,lekarna.veletrzni@volny.cz,+420 233 371 806,http://www.lekarna-veletrzni.cz/,,50.10091,14.4256,,,osm,email,2,new,ok,"category ""Pharmacy"" is not a travel-concierge listing — a recipient who was never the audience is the likeliest to report spam"
8588d184fe122869edc3,Lékárna Vodičkova,Pharmacy,prague,Praha 1,CZ,Europe,lekarna.vodickova38@gmail.com,+420 773 288 024,http://www.lekarna-praha1.cz/,1935/38 Vodičkova 11000 Praha,50.08169,14.42559,,,osm,email,2,new,ok,"category ""Pharmacy"" is not a travel-concierge listing — a recipient who was never the audience is the likeliest to report spam"
8506dfaf8625b413a658,Lékárna Vršovice,Pharmacy,prague,Praha,CZ,Europe,eshop@lekarnavrsovice.cz,+420223000896,https://www.lekarnavrsovice.cz/,1327/15 Kubánské náměstí 10000 Praha,50.07072,14.47939,,,osm,email,2,new,ok,"category ""Pharmacy"" is not a travel-concierge listing — a recipient who was never the audience is the likeliest to report spam"
afec3416f9f67772c0a4,Lékárna Všeobecné fakultní nemocnice,Pharmacy,prague,Praha 2,CZ,Europe,informace.leky@vfn.cz,+420 224 963 290,https://www.vfn.cz/,499/2 U nemocnice 12800 Praha,50.07343,14.4213,,,osm,email,2,new,ok,"category ""Pharmacy"" is not a travel-concierge listing — a recipient who was never the audience is the likeliest to report spam"
23919cfa6811913e3cff,Lékárna Všeobecné fakultní nemocnice v Praze,Pharmacy,prague,Praha 2,CZ,Europe,martina.lisa@vfn.cz,+420 224 966 702,https://www.vfn.cz/,554/32 Karlovo náměstí 12000 Praha,50.07646,14.4212,,,osm,email,2,new,ok,"category ""Pharmacy"" is not a travel-concierge listing — a recipient who was never the audience is the likeliest to report spam"
e3976e9dad83a691f391,Lékárna u sv. Pankráce,Pharmacy,prague,,CZ,Europe,usv.pankrace@centrum.cz,+420 241 405 689,,,50.05549,14.43596,,,osm,email,2,new,ok,"category ""Pharmacy"" is not a travel-concierge listing — a recipient who was never the audience is the likeliest to report spam"
ed6ba0bb6f75132642ca,Lékárna v Dlouhé,Pharmacy,prague,Praha,CZ,Europe,lekarna@lekarnavdlouhe.cz,+420 222 327 325,https://www.lekarnavdlouhe.cz/cz/akce-a-slevy,743/9 Dlouhá 110 00 Praha,50.08972,14.42291,,,osm,email,2,new,ok,"category ""Pharmacy"" is not a travel-concierge listing — a recipient who was never the audience is the likeliest to report spam"
30875846eb458e07cd36,Lékárna v Rumunské,Pharmacy,prague,Praha 2,CZ,Europe,lekrumunska@volny.cz,+420 222 522 942,,16 Rumunská 12000 Praha 2,50.07383,14.43214,,,osm,email,2,new,ok,"category ""Pharmacy"" is not a travel-concierge listing — a recipient who was never the audience is the likeliest to report spam"
fc5f33d99034f457418e,Lékárna ÚPMD,Pharmacy,prague,,CZ,Europe,lekarna@upmd.eu,+420 296 511 153,https://www.upmd.cz/,157/36 Podolské nábřeží 14700,50.06213,14.41931,,,osm,email,2,new,ok,"category ""Pharmacy"" is not a travel-concierge listing — a recipient who was never the audience is the likeliest to report spam"
95d74b8c8f7f1901e7bd,Lékárna Ústavu leteckého zdravotnictví,Pharmacy,prague,,CZ,Europe,lekarna@ulz.cz,+420 973 212 472,,,50.09801,14.39428,,,osm,email,2,new,ok,"category ""Pharmacy"" is not a travel-concierge listing — a recipient who was never the audience is the likeliest to report spam"
520848d4ec7b916bc409,Mapo,Pharmacy,prague,,CZ,Europe,praha@mapolekarna.cz,+420 226 201 545,,,50.10291,14.45675,,,osm,email,2,new,ok,"category ""Pharmacy"" is not a travel-concierge listing — a recipient who was never the audience is the likeliest to report spam"
cf72e7a4cdf3d96fa34b,Medispot,Pharmacy,prague,,CZ,Europe,lekarna@medispot.cz,+420 724 930 705,https://lekarna.medispot.cz,,50.0426,14.45683,,,osm,email,2,new,ok,"category ""Pharmacy"" is not a travel-concierge listing — a recipient who was never the audience is the likeliest to report spam"
1541f7e6a6753357e7cc,Na Florenci,Pharmacy,prague,,CZ,Europe,pharmamed@volny.cz,+420 224 255 033,,,50.09145,14.44024,,,osm,email,2,new,ok,"category ""Pharmacy"" is not a travel-concierge listing — a recipient who was never the audience is the likeliest to report spam"
5aa4a0a5bdcbffe35287,Na Petřinách,Pharmacy,prague,Praha 6,CZ,Europe,lekarna@napetrinach.cz,+420 235 350 089,https://www.napetrinach.cz/,1968 Stamicova 16200 Praha,50.08982,14.35789,,,osm,email,2,new,ok,"category ""Pharmacy"" is not a travel-concierge listing — a recipient who was never the audience is the likeliest to report spam"
1ce12af02f0eeee66da2,Nad Knížecí,Pharmacy,prague,,CZ,Europe,nad_knizeci@c-box.cz,+420 251 564 219,,,50.06877,14.40054,,,osm,email,2,new,ok,"category ""Pharmacy"" is not a travel-concierge listing — a recipient who was never the audience is the likeliest to report spam"
fb8eaabf9db2b7a7421a,Nemocniční lékárna,Pharmacy,prague,,CZ,Europe,lekarna@nnfp.cz,+420 222 311 870,http://www.nnfp.cz,,50.09279,14.42192,,,osm,email,2,new,ok,"category ""Pharmacy"" is not a travel-concierge listing — a recipient who was never the audience is the likeliest to report spam"
d572054f9a33dd50502f,Nemocniční lékárna Fakultní nemocnice Motol,Pharmacy,prague,Praha 5,CZ,Europe,lekarna@fnmotol.cz,+420 224 435 736,https://www.fnmotol.cz/,15000 Praha,50.07388,14.34091,,,osm,email,2,new,ok,"category ""Pharmacy"" is not a travel-concierge listing — a recipient who was never the audience is the likeliest to report spam"
ed024ea62cc89fc431ce,Neopharm Letná,Pharmacy,prague,Praha 7,CZ,Europe,letna@neopharm.cz,+420 233 370 200,http://www.neopharm.cz/,71 Milady Horákové 17000 Praha 7,50.0999,14.42399,,,osm,email,2,new,ok,"category ""Pharmacy"" is not a travel-concierge listing — a recipient who was never the audience is the likeliest to report spam"
32567f2b2bf3f41007c3,Next,Pharmacy,prague,,CZ,Europe,lekarna@lekarnanext.cz,+420 702 243 770,https://lekarnanext.cz/,,50.06177,14.40991,,,osm,email,2,new,ok,"category ""Pharmacy"" is not a travel-concierge listing — a recipient who was never the audience is the likeliest to report spam"
206608b2f714145b8e30,Oliva,Pharmacy,prague,,CZ,Europe,tomas.rysl@seznam.cz,+420 725 046 118,,,50.04608,14.46041,,,osm,email,2,new,ok,"category ""Pharmacy"" is not a travel-concierge listing — a recipient who was never the audience is the likeliest to report spam"
f5e9fca8cba6028a830a,Palladium,Pharmacy,prague,,CZ,Europe,palladium@ipcnet.cz,+420 224 829 073,https://www.ipcgroup.cz/lekarna/lekarna-ipc-palladium,,50.08923,14.42919,,,osm,email,2,new,ok,"category ""Pharmacy"" is not a travel-concierge listing — a recipient who was never the audience is the likeliest to report spam"
8e8956fc83f576a0765a,PharmaPoint,Pharmacy,prague,,CZ,Europe,lekarna.olsanka@centrum.cz,+420 605 457 437,https://lekarnyprovas.cz/pobocky/lekarna-olsanka-praha-3/,,50.08232,14.45779,,,osm,email,2,new,ok,"category ""Pharmacy"" is not a travel-concierge listing — a recipient who was never the audience is the likeliest to report spam"
11a46b9ca14ca67e15a4,Pharmacentrum Budějovická,Pharmacy,prague,,CZ,Europe,pharmacentrum@mediconpharm.cz,+420 261 006 330,https://www.pharmacentrum.cz/,,50.04276,14.44976,,,osm,email,2,new,ok,"category ""Pharmacy"" is not a travel-concierge listing — a recipient who was never the audience is the likeliest to report spam"
5760a8102b36cd7507bc,Pharmacentrum DBK,Pharmacy,prague,,CZ,Europe,pharmacentrum.dbk@mediconpharm.cz,+420 296 825 318,https://www.pharmacentrum.cz/cs/detail-lekarny-dbk,,50.04371,14.44958,,,osm,email,2,new,ok,"category ""Pharmacy"" is not a travel-concierge listing — a recipient who was never the audience is the likeliest to report spam"
2286cd24d6d1f071d7be,Pharmacentrum Holešovice,Pharmacy,prague,,CZ,Europe,pharmacentrum.holesovice@mediconpharm.cz,+420 227 777 699,https://www.pharmacentrum.cz/,,50.10778,14.44295,,,osm,email,2,new,ok,"category ""Pharmacy"" is not a travel-concierge listing — a recipient who was never the audience is the likeliest to report spam"
b9132fb394f2018d265e,Pharmacentrum Vysočany,Pharmacy,prague,,CZ,Europe,vysocany@pharmacentrum.cz,+420 227 777 321,http://www.pharmacenrum.cz,,50.10821,14.49439,,,osm,email,2,new,ok,"category ""Pharmacy"" is not a travel-concierge listing — a recipient who was never the audience is the likeliest to report spam"
064ccac4d0b0c53ffd8b,Pharmacy Plus,Pharmacy,prague,Praha,CZ,Europe,lekarnaplus@email.cz,+420 296 180 249,https://www.pharmacyplus.cz/,2 Na bojišti 12000 Praha,50.0729,14.42747,,,osm,email,2,new,ok,"category ""Pharmacy"" is not a travel-concierge listing — a recipient who was never the audience is the likeliest to report spam"
de5af8c85fcf6248e569,Pilulka,Pharmacy,prague,Praha,CZ,Europe,pilulka.komunardu@gmail.com,+420 732 776 480,https://www.pilulka.cz/pilulka-lekarna-komunardu,442/16 Komunardů 17000 Praha,50.10247,14.45021,,,osm,email,2,new,ok,"category ""Pharmacy"" is not a travel-concierge listing — a recipient who was never the audience is the likeliest to report spam"
d7959817921d8d3e0740,Pinkasova synagoga,Place Of Worship,prague,Praha,CZ,Europe,irc@jewishmuseum.cz,+420 222 749 460,https://www.jewishmuseum.cz/,141/1 U Staré Školy 11000 Praha,50.08926,14.417,,,osm,email,2,new,ok,"category ""Place Of Worship"" is not a travel-concierge listing — a recipient who was never the audience is the likeliest to report spam"
10cea37f383c472d38ad,Pod platany,Pharmacy,prague,,CZ,Europe,mk@urologickaklinika.cz,+420 608 760 601,https://www.lekarna-podplatany.cz/,,50.07562,14.46437,,,osm,email,2,new,ok,"category ""Pharmacy"" is not a travel-concierge listing — a recipient who was never the audience is the likeliest to report spam"
3cd9de8ea2bb6ca601d3,Slunečná lékárna,Pharmacy,prague,,CZ,Europe,slunecna@intec.cz,+420 274 775 656,http://www.ipcgroup.cz/lekarna-info/lekarna-slunecna/?lekarnaId=46,,50.08008,14.49045,,,osm,email,2,new,ok,"category ""Pharmacy"" is not a travel-concierge listing — a recipient who was never the audience is the likeliest to report spam"
c5b78aaed0557e08b6cb,Sv. Anna,Pharmacy,prague,,CZ,Europe,lekarna.sv.anna@ahde.cz,+420 722 927 707,,,50.09268,14.49543,,,osm,email,2,new,ok,"category ""Pharmacy"" is not a travel-concierge listing — a recipient who was never the audience is the likeliest to report spam"
60471cdbd609f71e1d0b,U Brány,Pharmacy,prague,,CZ,Europe,ivana.vlckova@bulovka.cz,+420 736 274 062,lekarnabulovka.cz,,50.11572,14.4664,,,osm,email,2,new,ok,"category ""Pharmacy"" is not a travel-concierge listing — a recipient who was never the audience is the likeliest to report spam"
05c7161d280f4e90b12d,U Palmy,Pharmacy,prague,Praha,CZ,Europe,upalmy@seznam.cz,+420 224 220 353,,11 Jindřišská 11000 Praha,50.08369,14.42768,,,osm,email,2,new,ok,"category ""Pharmacy"" is not a travel-concierge listing — a recipient who was never the audience is the likeliest to report spam"
2201bc67c5d05d5d516b,U muzea,Pharmacy,prague,,CZ,Europe,info@lekarnamuzeum.cz,+420 605 555 885,,,50.07943,14.42957,,,osm,email,2,new,ok,"category ""Pharmacy"" is not a travel-concierge listing — a recipient who was never the audience is the likeliest to report spam"
888523d11346fb2e318e,U České Koruny,Pharmacy,prague,,CZ,Europe,korunalekarna@seznam.cz,+420 722 904 520,https://www.pharmapoint.cz/lekarny/,,50.09327,14.44723,,,osm,email,2,new,ok,"category ""Pharmacy"" is not a travel-concierge listing — a recipient who was never the audience is the likeliest to report spam"
5978e68bd38282e28e6a,Ve Spálené,Pharmacy,prague,Praha 1,CZ,Europe,chudobova.h@seznam.cz,+420 224 948 122,,78/12 Spálená 11000 Praha,50.08023,14.41998,,,osm,email,2,new,ok,"category ""Pharmacy"" is not a travel-concierge listing — a recipient who was never the audience is the likeliest to report spam"
f59b7c678cd61a10de80,Vitapharma,Pharmacy,prague,,CZ,Europe,vitapharma@vitapharma.cz,+420 283 022 112,,,50.10132,14.44929,,,osm,email,2,new,ok,"category ""Pharmacy"" is not a travel-concierge listing — a recipient who was never the audience is the likeliest to report spam"
b5754611d2e28ef98efe,Ústřední vojenská nemocnice,Pharmacy,prague,Praha 6,CZ,Europe,lekarna@uvn.cz,+420 973 202 755,https://lekarna.uvn.cz/,1200 U vojenské nemocnice 16902 Praha,50.09041,14.36339,,,osm,email,2,new,ok,"category ""Pharmacy"" is not a travel-concierge listing — a recipient who was never the audience is the likeliest to report spam"
16dba8dc48fec25b8be5,Černá Růže,Pharmacy,prague,,CZ,Europe,lekarnacernaruze@seznam.cz,+420 224 212 311,,,50.08477,14.42657,,,osm,email,2,new,ok,"category ""Pharmacy"" is not a travel-concierge listing — a recipient who was never the audience is the likeliest to report spam"
f3618519d8240e74c839,Španělská synagoga,Place Of Worship,prague,Praha,CZ,Europe,reservations@jewishmuseum.cz,+420 222 749 211,https://www.jewishmuseum.cz/,1 Vězeňská Praha,50.09037,14.42082,,,osm,email,2,new,ok,"category ""Place Of Worship"" is not a travel-concierge listing — a recipient who was never the audience is the likeliest to report spam"
c7c390b97a5ba79798d8,Bæjarapótek,Pharmacy,reykjavik,,IS,Europe,apotek@baejarapotek.is,+354 561 5561,,,64.15042,-21.9854,,,osm,email,2,new,ok,"category ""Pharmacy"" is not a travel-concierge listing — a recipient who was never the audience is the likeliest to report spam"
47c514e566e8d8146bc1,Efstaleitis apótek,Pharmacy,reykjavik,Reykjavík,IS,Europe,apotek@efstaleitisapotek.is,+354 425 1010,https://www.efstaleitisapotek.is/,27B Efstaleiti 103 Reykjavík,64.12675,-21.89221,,,osm,email,2,new,ok,"category ""Pharmacy"" is not a travel-concierge listing — a recipient who was never the audience is the likeliest to report spam"
f1e19e30c4199f5a34ab,Lyfja,Pharmacy,reykjavik,Reykjavík,IS,Europe,lyfja@lyfja.is,+354 533 2300,https://www.lyfja.is,5 Lágmúli 108 Reykjavík,64.13896,-21.89081,,,osm,email,2,new,ok,"category ""Pharmacy"" is not a travel-concierge listing — a recipient who was never the audience is the likeliest to report spam"
9d15927c2b7c5ed61b51,Lyfja,Pharmacy,reykjavik,Kópavogur,IS,Europe,lyfja@lyfja.is,+354 530 5800,https://www.lyfja.is,1 Hagasmári 201 Kópavogur,64.10132,-21.88536,,,osm,email,2,new,ok,"category ""Pharmacy"" is not a travel-concierge listing — a recipient who was never the audience is the likeliest to report spam"
3d9edf6ec5bd90b91d49,Lyfja,Pharmacy,reykjavik,Kópavogur,IS,Europe,lyfja@lyfja.is,+354 564 5600,https://www.lyfja.is,1 Smáratorg 201 Kópavogur,64.10404,-21.87868,,,osm,email,2,new,ok,"category ""Pharmacy"" is not a travel-concierge listing — a recipient who was never the audience is the likeliest to report spam"
03c348b0f812d03fc3d1,Lyfja,Pharmacy,reykjavik,Reykjavík,IS,Europe,lyfja@lyfja.is,+354 512 3770,https://www.lyfja.is,3 Fiskislóð 101 Reykjavík,64.15444,-21.95156,,,osm,email,2,new,ok,"category ""Pharmacy"" is not a travel-concierge listing — a recipient who was never the audience is the likeliest to report spam"
b5ce180e80e47d81421c,Lyfja,Pharmacy,reykjavik,Reykjavík,IS,Europe,lyfja@lyfja.is,+354 552 4045,https://www.lyfja.is,19 Hafnarstræti 101 Reykjavík,64.14805,-21.93719,,,osm,email,2,new,ok,"category ""Pharmacy"" is not a travel-concierge listing — a recipient who was never the audience is the likeliest to report spam"
91a0985427e13f64c25e,Lyfja,Pharmacy,reykjavik,Kópavogur,IS,Europe,lyfja@lyfja.is,+354 527 2755,https://www.lyfja.is,4 Nýbýlavegur 200 Kópavogur,64.11436,-21.89762,,,osm,email,2,new,ok,"category ""Pharmacy"" is not a travel-concierge listing — a recipient who was never the audience is the likeliest to report spam"
967cbfbd0febffec9e62,Lyfja,Pharmacy,reykjavik,Reykjavík,IS,Europe,lyfja@lyfja.is,+354 556 4500,https://www.lyfja.is,11B Skeifan 108 Reykjavík,64.13098,-21.86955,,,osm,email,2,new,ok,"category ""Pharmacy"" is not a travel-concierge listing — a recipient who was never the audience is the likeliest to report spam"
8c499c3a97f6445e65ec,Lyfja,Pharmacy,reykjavik,Reykjavík,IS,Europe,lyfja@lyfja.is,+354 577 2600,https://www.lyfja.is,2-6 Lóuhólar 111 Reykjavík,64.10886,-21.81696,,,osm,email,2,new,ok,"category ""Pharmacy"" is not a travel-concierge listing — a recipient who was never the audience is the likeliest to report spam"
584fab0686de5f184d89,Lyfjaval,Pharmacy,reykjavik,Reykjavík,IS,Europe,vesturlandsvegur@lyfjaval.is,+354 516 5500,https://www.lyfjaval.is,8 Grjótháls 110 Reykjavík,64.12387,-21.80298,,,osm,email,2,new,ok,"category ""Pharmacy"" is not a travel-concierge listing — a recipient who was never the audience is the likeliest to report spam"
e69386a9bec801db9a5b,Lyfjaval,Pharmacy,reykjavik,Reykjavík,IS,Europe,sudurfell@lyfjaval.is,+354 516 5510,https://www.lyfjaval.is,4 Suðurfell 111 Reykjavík,64.10171,-21.8306,,,osm,email,2,new,ok,"category ""Pharmacy"" is not a travel-concierge listing — a recipient who was never the audience is the likeliest to report spam"
6fe4a8fceb553c9431c0,Lyfjaval,Pharmacy,reykjavik,Reykjavík,IS,Europe,glaesibaer@lyfjaval.is,+354 517 5500,https://www.lyfjaval.is,74 Álfheimar 104 Reykjavík,64.13398,-21.86887,,,osm,email,2,new,ok,"category ""Pharmacy"" is not a travel-concierge listing — a recipient who was never the audience is the likeliest to report spam"
b3fba26a010546a3a9c0,Basilica di San Paolo fuori le mura,Place Of Worship,rome,Roma,IT,Europe,info@basilicasanpaolo.org,,https://www.basilicasanpaolo.org/,1 Piazzale San Paolo 00146 Roma,41.85868,12.47683,,,osm,email,2,new,ok,"category ""Place Of Worship"" is not a travel-concierge listing — a recipient who was never the audience is the likeliest to report spam"
73068d74714e4ac6e3a6,Basilica di Santa Maria Maggiore,Place Of Worship,rome,Roma,IT,Europe,sagrestiasmm@org.va,+39 06 698 86800,https://www.basilicasantamariamaggiore.va,Piazza di Santa Maria Maggiore 00185 Roma,41.89761,12.49846,,,osm,email,2,new,ok,"category ""Place Of Worship"" is not a travel-concierge listing — a recipient who was never the audience is the likeliest to report spam"
245ef4d0cdb89eb3d246,Essere Benessere,Pharmacy,rome,Roma,IT,Europe,info@esserebenessere.it,,www.esserebenessere.it,112 Circonvallazione Trionfale 00195 Roma,41.91345,12.45108,,,osm,email,2,new,ok,"category ""Pharmacy"" is not a travel-concierge listing — a recipient who was never the audience is the likeliest to report spam"
19b9fd194ee80be6022b,Farmacia Allo Statuto,Pharmacy,rome,Roma,IT,Europe,amministrazione@farmaciastatuto.com,+39 06 44 65 788,https://www.farmaciastatuto.com/,33 Via dello Statuto 00185 Roma,41.89505,12.50116,,,osm,email,2,new,ok,"category ""Pharmacy"" is not a travel-concierge listing — a recipient who was never the audience is the likeliest to report spam"
4525745f627711e34205,Farmacia Altesi,Pharmacy,rome,Roma,IT,Europe,altesifarmacia95@gmail.com,+39 06 4743477,https://www.altesifarmacia.it/,2 Via Castelfidardo 00185 Roma,41.90781,12.4994,,,osm,email,2,new,ok,"category ""Pharmacy"" is not a travel-concierge listing — a recipient who was never the audience is the likeliest to report spam"
6fd14f98665587641811,Farmacia Ceccarelli,Pharmacy,rome,Roma,IT,Europe,info@farmaciaceccarelli.com,+39 06 4112728,http://www.farmaciaceccarelli.com/,7 Via Bartolo Longo 00156 Roma,41.93062,12.5668,,,osm,email,2,new,ok,"category ""Pharmacy"" is not a travel-concierge listing — a recipient who was never the audience is the likeliest to report spam"
79420bc4da7663da9ed7,Farmacia Cipro,Pharmacy,rome,Roma,IT,Europe,farmacieroma@gmail.com,+39 06 39749631,https://www.farmaciacipro.it/,33 Viale degli Ammiragli 00136 Roma,41.90499,12.44483,,,osm,email,2,new,ok,"category ""Pharmacy"" is not a travel-concierge listing — a recipient who was never the audience is the likeliest to report spam"
8aa1bc196d4b1c414b57,Farmacia Colli Aniene,Pharmacy,rome,,IT,Europe,info@farmaciacollianiene.it,+39 06 40800586,,,41.91449,12.56945,,,osm,email,2,new,ok,"category ""Pharmacy"" is not a travel-concierge listing — a recipient who was never the audience is the likeliest to report spam"
3964d8446ebe5a7c6fff,Farmacia Fettarappa,Pharmacy,rome,Roma,IT,Europe,farmaciafettarappa@gmail.com,+39 06 3729615,,12 Via Fulcieri Paulucci de' Calboli 00195 Roma,41.91721,12.46187,,,osm,email,2,new,ok,"category ""Pharmacy"" is not a travel-concierge listing — a recipient who was never the audience is the likeliest to report spam"
e342c4b019e385906e19,Farmacia Fratelli Marchetti,Pharmacy,rome,Roma,IT,Europe,marchemirti@tiscali.it,,https://www.farmaciafratellimarchetti.it/,2 Piazza dei Mirti 00172 Roma,41.88129,12.56604,,,osm,email,2,new,ok,"category ""Pharmacy"" is not a travel-concierge listing — a recipient who was never the audience is the likeliest to report spam"
1038fcc758aea048a24c,Farmacia Giovanni Ialacci,Pharmacy,rome,Roma,IT,Europe,farmacia.ialacci@tiscali.it,+39 06 7001908,https://www.farmaciaialacci.com,36 Via Etruria 00183 Roma,41.87937,12.51172,,,osm,email,2,new,ok,"category ""Pharmacy"" is not a travel-concierge listing — a recipient who was never the audience is the likeliest to report spam"
1b0178efe2dc5d5a2c05,Farmacia Leonida Bissolati,Pharmacy,rome,Roma,IT,Europe,info@farmaciabissolati.it,+39 06 40049195,https://www.farmaciabissolati.it/,10 Via di San Nicola da Tolentino 00187 Roma,41.90525,12.49201,,,osm,email,2,new,ok,"category ""Pharmacy"" is not a travel-concierge listing — a recipient who was never the audience is the likeliest to report spam"
e81a17e7170140a433a4,Farmacia Macedonio,Pharmacy,rome,,IT,Europe,farmamacedonio@gmail.com,+39 06 7720 7365,https://farmaciamacedonio.it,14 Via Gabi,41.88169,12.50876,,,osm,email,2,new,ok,"category ""Pharmacy"" is not a travel-concierge listing — a recipient who was never the audience is the likeliest to report spam"
31e66cbfb47bb5ae50e6,Farmacia Mazzini,Pharmacy,rome,Roma,IT,Europe,info@farmaciamazziniroma.it,+39 06 372 9475; +39 06 372 4433,https://www.farmaciamazziniroma.it,19 Piazza Giuseppe Mazzini 00195 Roma,41.91527,12.46289,,,osm,email,2,new,ok,"category ""Pharmacy"" is not a travel-concierge listing — a recipient who was never the audience is the likeliest to report spam"
1386bf37f51e4adf99c1,Farmacia Pharma Experience Monteverde,Pharmacy,rome,Roma,IT,Europe,info@farmaciamazziniroma.it,+39 06 44 20 74 77,https://www.farmaciamazziniroma.it,42 Piazza San Giovanni di Dio 00152 Roma,41.87414,12.44776,,,osm,email,2,new,ok,"category ""Pharmacy"" is not a travel-concierge listing — a recipient who was never the audience is the likeliest to report spam"
9f38d7e5f3c4b94c868b,Farmacia Pineta Sacchetti,Pharmacy,rome,Roma,IT,Europe,farmaciapinetasacchetti@virgilio.it,+39 06 3550 6025; +39 06 5272 6308,https://www.farmaciapinetasacchetti.it/,464 Via della Pineta Sacchetti 00168 Roma,41.92551,12.42637,,,osm,email,2,new,ok,"category ""Pharmacy"" is not a travel-concierge listing — a recipient who was never the audience is the likeliest to report spam"
ba6b380d46247555634e,Farmacia Santa Emerenziana - Dott. Dario Camisasca,Pharmacy,rome,Roma,IT,Europe,farmacia.emerenziana@libero.it,,https://www.farmaciasantaemerenziana.com/,176;178;180;182;184;186 Via Nemorense 00199 Roma,41.92905,12.51517,,,osm,email,2,new,ok,"category ""Pharmacy"" is not a travel-concierge listing — a recipient who was never the audience is the likeliest to report spam"
c58b57b9ef40f5941c74,Farmacia Tuscolana,Pharmacy,rome,Roma,IT,Europe,farmaciatuscolana@gmail.com,+39 06 7801682,https://farmaciatuscolana.it/,490 Via Tuscolana 00181 Roma,41.87056,12.53536,,,osm,email,2,new,ok,"category ""Pharmacy"" is not a travel-concierge listing — a recipient who was never the audience is the likeliest to report spam"
d12f4e018a9665186add,Farmacia Vaticana,Pharmacy,rome,Città del Vaticano,IT,Europe,farmacia@scv.va,+39 06 698 89806,https://www.farmaciavaticana.va/,Via della Posta 00120 Città del Vaticano,41.90483,12.4562,,,osm,email,2,new,ok,"category ""Pharmacy"" is not a travel-concierge listing — a recipient who was never the audience is the likeliest to report spam"
e154e28ccc03b050ff3f,Farmacia del parco,Pharmacy,rome,Roma,IT,Europe,farmaciadelparcosrl@gmail.com,+39 06 7831 2691,https://farmaciadelparco.com/,454 Via Ugo Ojetti 00137 Roma,41.94961,12.55778,,,osm,email,2,new,ok,"category ""Pharmacy"" is not a travel-concierge listing — a recipient who was never the audience is the likeliest to report spam"
148e3043331818bcdabc,Farmacia della Serenissima,Pharmacy,rome,Roma,IT,Europe,direzione.phserenissima@gruppofarmacieitaliane.it,+39062593878,,365 Via Prenestina Roma,41.89522,12.55879,,,osm,email,2,new,ok,"category ""Pharmacy"" is not a travel-concierge listing — a recipient who was never the audience is the likeliest to report spam"
a6cd5e6e27ad801996a6,ORTOPEDIA RONCONI,Pharmacy,rome,,IT,Europe,info@ortopediaronconi.it,+39 0686320680,https://www.ortopediaronconi.it/,188 Circonvallazione Nomentana 00162,41.92226,12.52613,,,osm,email,2,new,ok,"category ""Pharmacy"" is not a travel-concierge listing — a recipient who was never the audience is the likeliest to report spam"
93f35dd2ce6f70726e25,Ortopedia Ronconi,Pharmacy,rome,,IT,Europe,info@ortopediaronconi.it,+39 0623232929,https://www.ortopediaronconi.it/,147 Via dei Castani 00172,41.8834,12.56663,,,osm,email,2,new,ok,"category ""Pharmacy"" is not a travel-concierge listing — a recipient who was never the audience is the likeliest to report spam"
8fc7b82c7e1ce1efed58,Scala Santa,Place Of Worship,rome,,IT,Europe,scalasantaroma@gmail.com,,https://www.scala-santa.com/,14 Piazza San Giovanni in Laterano,41.88717,12.50688,,,osm,email,2,new,ok,"category ""Place Of Worship"" is not a travel-concierge listing — a recipient who was never the audience is the likeliest to report spam"
5f53ecc4d4e0db50594d,Farmacia Las Setas,Pharmacy,seville,Sevilla,ES,Europe,farmaciaperezsolano@hotmail.com,+34954221818,,10 Plaza de la Encarnación 41003 Sevilla,37.39357,-5.99127,,,osm,email,2,new,ok,"category ""Pharmacy"" is not a travel-concierge listing — a recipient who was never the audience is the likeliest to report spam"
b80f50ab9ce36984ae25,Farmacia Metro,Pharmacy,seville,San Juan de Aznalfarache,ES,Europe,info@farmaciametro.com,+34 620 829 329,http://www.farmaciametro.com,1 Calle Brihuega 41920 San Juan de Aznalfarache,37.36907,-6.02689,,,osm,email,2,new,ok,"category ""Pharmacy"" is not a travel-concierge listing — a recipient who was never the audience is the likeliest to report spam"
9058c8e6de84c9fb74db,La Botica de Triana,Pharmacy,seville,Sevilla,ES,Europe,armaciamercedesarredondo@gmail.com,+34 954333053,https://laboticadetriana.com,3 Calle Fray Tomás de Berlanga 41010 Sevilla,37.38308,-6.01246,,,osm,email,2,new,ok,"category ""Pharmacy"" is not a travel-concierge listing — a recipient who was never the audience is the likeliest to report spam"
069263fdf7751a5e08d7,Essingens Apotek,Pharmacy,stockholm,Stockholm,SE,Europe,info@essingensapotek.se,+46 81 2112 100,https://essingensapotek.se,8 Essinge Brogata 112 61 Stockholm,59.32521,18.00694,,,osm,email,2,new,ok,"category ""Pharmacy"" is not a travel-concierge listing — a recipient who was never the audience is the likeliest to report spam"
a62eb38a2316efa8034b,Hagalunds apotek,Pharmacy,stockholm,,SE,Europe,info@hagalundsapotek.se,+46 8 277 816,https://www.hagalundsapotek.se/,,59.36264,18.01179,,,osm,email,2,new,ok,"category ""Pharmacy"" is not a travel-concierge listing — a recipient who was never the audience is the likeliest to report spam"
b303b4a7d745c72c71f2,Kronans Apotek,Pharmacy,stockholm,,SE,Europe,kundservice@kronansapotek.se,+46771612612,https://www.kronansapotek.se/,,59.32913,18.04304,,,osm,email,2,new,ok,"category ""Pharmacy"" is not a travel-concierge listing — a recipient who was never the audience is the likeliest to report spam"
f82df415cfe5eb9a3fba,Kronans Apotek,Pharmacy,stockholm,,SE,Europe,kundservice@kronansapotek.se,+46771612612,https://www.kronansapotek.se/hitta-apotek/kronans-apotek-stockholm-drottninggatan-1930/,,59.33415,18.06096,,,osm,email,2,new,ok,"category ""Pharmacy"" is not a travel-concierge listing — a recipient who was never the audience is the likeliest to report spam"
7a8d8efdb304e44f2620,Svea Vaccin,Pharmacy,stockholm,,SE,Europe,karlavagen@sveavaccin.se,+46735426693,https://sveavaccin.se/vara-mottagningar/stockholm/karlavagen/,,59.34452,18.06424,,,osm,email,2,new,ok,"category ""Pharmacy"" is not a travel-concierge listing — a recipient who was never the audience is the likeliest to report spam"
d850f159b5d504b463c4,Västra Skogens apotek,Pharmacy,stockholm,Solna,SE,Europe,info@akallaapotek.se,+46 8 277705,http://www.västraskogensapotek.se/,24 Johan Enbergs väg 17161 Solna,59.34761,18.00304,,,osm,email,2,new,ok,"category ""Pharmacy"" is not a travel-concierge listing — a recipient who was never the audience is the likeliest to report spam"
c04d9b6343f539ccf542,Chiesa di Santa Maria dei Miracoli,Place Of Worship,venice,,IT,Europe,info@chorusvenezia.org,,,,45.4395,12.33924,,,osm,email,2,new,ok,"category ""Place Of Worship"" is not a travel-concierge listing — a recipient who was never the audience is the likeliest to report spam"
130136ab09a9ea239b0a,APO1170 Apotheke OG,Pharmacy,vienna,Wien,AT,Europe,office@apo1170.at,+43 1 4861485,https://www.apo1170.at/,6 Parhamerplatz 1170 Wien,48.21556,16.3279,,,osm,email,2,new,ok,"category ""Pharmacy"" is not a travel-concierge listing — a recipient who was never the audience is the likeliest to report spam"
0cdd0cd9f14d775b6427,Adler-Apotheke,Pharmacy,vienna,Wien,AT,Europe,info@adler-apotheke.at,+43 1 4931889,https://www.adler-apotheke.at/,36 Kirchstetterngasse 1160 Wien,48.20795,16.33268,,,osm,email,2,new,ok,"category ""Pharmacy"" is not a travel-concierge listing — a recipient who was never the audience is the likeliest to report spam"
f749596c57d470509bd6,Agnes Apotheke,Pharmacy,vienna,Wien,AT,Europe,agnes-19@aponet.at,+43 1 3683268,http://www.agnes-apotheke-online.at,15 Silbergasse 1190 Wien,48.24497,16.3494,,,osm,email,2,new,ok,"category ""Pharmacy"" is not a travel-concierge listing — a recipient who was never the audience is the likeliest to report spam"
9e831686d12c1d11f85e,Allerheiligen Apotheke,Pharmacy,vienna,,AT,Europe,allerheiligen.apotheke@aon.at,+4313304323,https://apotheke.wien,4 Allerheiligenplatz 1200,48.23806,16.38408,,,osm,email,2,new,ok,"category ""Pharmacy"" is not a travel-concierge listing — a recipient who was never the audience is the likeliest to report spam"
756621db066c9c657dab,Alsegger Apotheke,Pharmacy,vienna,Wien,AT,Europe,info@alsegger-apotheke.at,+43 1 4792138,https://www.alsegger-apotheke.at/,31 Herbeckstraße 1180 Wien,48.23157,16.32403,,,osm,email,2,new,ok,"category ""Pharmacy"" is not a travel-concierge listing — a recipient who was never the audience is the likeliest to report spam"
dd705c37f5272720191e,"Alt-Hietzinger Apotheke ""Zum Auge Gottes""",Pharmacy,vienna,Wien,AT,Europe,info@alt-hietzinger-apotheke.at,+43 1 8771441,https://alt-hietzinger-apotheke.at/,24 Hietzinger Hauptstraße 1130 Wien,48.1864,16.29996,,,osm,email,2,new,ok,"category ""Pharmacy"" is not a travel-concierge listing — a recipient who was never the audience is the likeliest to report spam"
6f04f10626c12b4a8a31,Alte Hofmühl-Apotheke,Pharmacy,vienna,Wien,AT,Europe,alte_hofmuehlapotheke@speed.at,+43 1 5975402,https://www.hofmuehl-apo.at/,9 Hofmühlgasse 1060 Wien,48.19343,16.35217,,,osm,email,2,new,ok,"category ""Pharmacy"" is not a travel-concierge listing — a recipient who was never the audience is the likeliest to report spam"
1774bb5a2aaddf4a6210,Alte Leopoldsapotheke,Pharmacy,vienna,Wien,AT,Europe,info@apoleo.wien,+43 1 5121381,https://www.alte-leopoldsapotheke.at,6 Plankengasse 1010 Wien,48.20667,16.36955,,,osm,email,2,new,ok,"category ""Pharmacy"" is not a travel-concierge listing — a recipient who was never the audience is the likeliest to report spam"
4006918eba44eb882c96,Alte Löwen-Apotheke,Pharmacy,vienna,Wien,AT,Europe,info@alte-loewen-apotheke.at,+43 1 4053412,https://www.alte-loewen-apotheke.at/,25 Josefstädter Straße 1080 Wien,48.20938,16.35043,,,osm,email,2,new,ok,"category ""Pharmacy"" is not a travel-concierge listing — a recipient who was never the audience is the likeliest to report spam"
96317329159867069bec,Alte Remise,Pharmacy,vienna,Wien,AT,Europe,alte.remise@apohofer.at,+43 1 4941492,https://alteremise.apotheke.wien/,53 Maroltingergasse 1160 Wien,48.21056,16.30535,,,osm,email,2,new,ok,"category ""Pharmacy"" is not a travel-concierge listing — a recipient who was never the audience is the likeliest to report spam"
f6b02bb8afa89f8a3aef,Am Naschmarkt,Pharmacy,vienna,Wien,AT,Europe,office@naschmarkt-apotheke.at,+43 1 5865159,https://www.naschmarkt-apotheke.at/,20 Linke Wienzeile 1060 Wien,48.19857,16.36266,,,osm,email,2,new,ok,"category ""Pharmacy"" is not a travel-concierge listing — a recipient who was never the audience is the likeliest to report spam"
52d50f33df225ce97101,Ameis-Apotheke,Pharmacy,vienna,Wien,AT,Europe,office@ameisapotheke.at,+43 1 4162370,https://www.ameisapotheke.at/,140 Linzer Straße 1140 Wien,48.19446,16.29694,,,osm,email,2,new,ok,"category ""Pharmacy"" is not a travel-concierge listing — a recipient who was never the audience is the likeliest to report spam"
1079460306fd729db5e2,Antonius-Apotheke,Pharmacy,vienna,Wien,AT,Europe,office@antonius-apotheke.at,+43 1 4931349,https://antonius-apotheke.at/,4 Stillfriedplatz 1160 Wien,48.21221,16.30964,,,osm,email,2,new,ok,"category ""Pharmacy"" is not a travel-concierge listing — a recipient who was never the audience is the likeliest to report spam"
c8843d14714b39383b52,"Apotheke ""Am Fuchsenfeld""",Pharmacy,vienna,Wien,AT,Europe,info@apofuchs.at,+43 1 8131077,https://www.fuchsenfeld.at/,33 Längenfeldgasse 1120 Wien,48.17806,16.34102,,,osm,email,2,new,ok,"category ""Pharmacy"" is not a travel-concierge listing — a recipient who was never the audience is the likeliest to report spam"
ddc53dc3626e8d9a9a60,"Apotheke ""Zum Einhorn""",Pharmacy,vienna,Wien,AT,Europe,office@einhornapotheke.at,+43 1 5874647,https://www.einhornapotheke.at/,31 Margaretenstraße 1040 Wien,48.19546,16.36394,,,osm,email,2,new,ok,"category ""Pharmacy"" is not a travel-concierge listing — a recipient who was never the audience is the likeliest to report spam"
bcff10b44ecc4d6a8fcb,"Apotheke ""Zum Einsiedler""",Pharmacy,vienna,Wien,AT,Europe,office@einsiedlerapotheke.at,+43 1 5442716,https://www.einsiedlerapotheke.at/,22 Arbeitergasse 1050 Wien,48.18622,16.35202,,,osm,email,2,new,ok,"category ""Pharmacy"" is not a travel-concierge listing — a recipient who was never the audience is the likeliest to report spam"
5ff5909cd90dd3462d46,"Apotheke ""Zum Papst""",Pharmacy,vienna,Wien,AT,Europe,info@apozumpapst.at,+43 1 4062425,https://www.apozumpapst.at/,4 Neulerchenfelder Straße 1160 Wien,48.21094,16.33798,,,osm,email,2,new,ok,"category ""Pharmacy"" is not a travel-concierge listing — a recipient who was never the audience is the likeliest to report spam"
3ad0d7fef8cafa5612db,"Apotheke ""Zum Schutzengel""",Pharmacy,vienna,Wien,AT,Europe,apo.schutzengel12@inode.at,+43 1 8136374,https://www.apotheke-schutzengel.at,45 Meidlinger Hauptstraße 1120 Wien,48.17803,16.33022,,,osm,email,2,new,ok,"category ""Pharmacy"" is not a travel-concierge listing — a recipient who was never the audience is the likeliest to report spam"
4fb300e6166ab81cd607,"Apotheke ""Zum heiligen Josef""",Pharmacy,vienna,Wien,AT,Europe,apotheke@zumheiligenjoseph.at,+43 1 8131068,https://www.zumheiligenjoseph.at/,194-196 Schönbrunner Straße 1120 Wien,48.18545,16.33619,,,osm,email,2,new,ok,"category ""Pharmacy"" is not a travel-concierge listing — a recipient who was never the audience is the likeliest to report spam"
7a7df5601fb84251dc83,"Apotheke ""Zum heiligen Paulus""",Pharmacy,vienna,Wien,AT,Europe,office@apo-hl-paulus.at,+43 1 8150226,https://apo-hl-paulus.at/kontakt/,15 Steinbauergasse 1120 Wien,48.18296,16.34319,,,osm,email,2,new,ok,"category ""Pharmacy"" is not a travel-concierge listing — a recipient who was never the audience is the likeliest to report spam"
f95dd99189fc2e1dbb69,"Apotheke ""Zum heiligen Rochus""",Pharmacy,vienna,Wien,AT,Europe,rochusapotheke@aon.at,+43 1 8946256,https://apotheke-zum-hl-rochus.stadtausstellung.at/,17 Nisselgasse 1140 Wien,48.18965,16.3045,,,osm,email,2,new,ok,"category ""Pharmacy"" is not a travel-concierge listing — a recipient who was never the audience is the likeliest to report spam"
0f237b3864d50658d73b,"Apotheke ""Zum lachenden Pinguin""",Pharmacy,vienna,Wien,AT,Europe,info@pinguin-apo.at,+43 1 8130641,https://www.pinguin-apo.at/,11 Hohenbergstraße 1120 Wien,48.17596,16.31756,,,osm,email,2,new,ok,"category ""Pharmacy"" is not a travel-concierge listing — a recipient who was never the audience is the likeliest to report spam"
aec14f387bea43a12da0,"Apotheke ""Zur Mariazell""",Pharmacy,vienna,Wien,AT,Europe,office@apomariazell.at,+43 1 8932391,http://www.apomariazell.at,41 Sechshauser Straße 1150 Wien,48.18736,16.3309,,,osm,email,2,new,ok,"category ""Pharmacy"" is not a travel-concierge listing — a recipient who was never the audience is the likeliest to report spam"
342ac83e575968ae2f2b,"Apotheke ""Zur Spinnerin am Kreuz""",Pharmacy,vienna,Wien,AT,Europe,office@apotheke-spinnerin.at,+43 1 6043345,https://www.apotheke-spinnerin.at/,6 Wienerbergstraße 1100 Wien,48.16977,16.34625,,,osm,email,2,new,ok,"category ""Pharmacy"" is not a travel-concierge listing — a recipient who was never the audience is the likeliest to report spam"
e4975509077c8e7bfd09,"Apotheke ""Zur heiligen Corona""",Pharmacy,vienna,Wien,AT,Europe,office@coronaapo.at,+43 1 8936026,https://coronaapo.at/,104 Sechshauser Straße 1150 Wien,48.1864,16.32437,,,osm,email,2,new,ok,"category ""Pharmacy"" is not a travel-concierge listing — a recipient who was never the audience is the likeliest to report spam"
042249fb36919607ac9f,"Apotheke ""Zur heiligen Johanna""",Pharmacy,vienna,Wien,AT,Europe,office@www.apo-josefstadt.at,+43 1 4064598,https://www.apo-josefstadt.at,13 Florianigasse 1080 Wien,48.21196,16.35275,,,osm,email,2,new,ok,"category ""Pharmacy"" is not a travel-concierge listing — a recipient who was never the audience is the likeliest to report spam"
0c04e2eaca01ba9a7f1e,"Apotheke ""Zur heiligen Martha""",Pharmacy,vienna,Wien,AT,Europe,hl.martha.apo@aon.at,+43 1 8932589,https://www.zur-heiligen-martha.at/,190 Mariahilfer Straße 1150 Wien,48.19142,16.32703,,,osm,email,2,new,ok,"category ""Pharmacy"" is not a travel-concierge listing — a recipient who was never the audience is the likeliest to report spam"
aa8cf248da86a2f691e3,Apotheke Altmannsdorf,Pharmacy,vienna,Wien,AT,Europe,apo-altmannsdorf@aon.at,+43 1 8046841,https://www.apotheke-altmannsdorf.com/,46-56 Breitenfurter Straße 1120 Wien,48.16518,16.31549,,,osm,email,2,new,ok,"category ""Pharmacy"" is not a travel-concierge listing — a recipient who was never the audience is the likeliest to report spam"
c4f0d75cfa542a54654a,Apotheke Donauzentrum,Pharmacy,vienna,Wien,AT,Europe,info@pillendreher.at,+43 1 203 3688,https://www.pillendreher.at/index.php,1 Bernoullistraße 1220 Wien,48.24116,16.43853,,,osm,email,2,new,ok,"category ""Pharmacy"" is not a travel-concierge listing — a recipient who was never the audience is the likeliest to report spam"
e80c669e673a87089390,Apotheke Hernals,Pharmacy,vienna,Wien,AT,Europe,info@apotheke-hernals.at,+43 1 4893797,https://www.apotheke-hernals.at/,212 Hernalser Hauptstraße 1170 Wien,48.22515,16.31158,,,osm,email,2,new,ok,"category ""Pharmacy"" is not a travel-concierge listing — a recipient who was never the audience is the likeliest to report spam"
a0a0cfe381cbf7e0bbd8,Apotheke Maria vom Siege,Pharmacy,vienna,Wien,AT,Europe,info@tcm-apotheke1150.at,+43 1 8923447,https://www.tcm-apotheke1150.at/,154 Mariahilfer Straße 1150 Wien,48.19374,16.33423,,,osm,email,2,new,ok,"category ""Pharmacy"" is not a travel-concierge listing — a recipient who was never the audience is the likeliest to report spam"
01a2d666ad61ad68645d,Apotheke Regenwald,Pharmacy,vienna,Wien,AT,Europe,apotheke-rw@vitalpartner.at,+43 1 2022813,https://www.apotheke-regenwald.at/,81 Wagramer Straße 1220 Wien,48.24253,16.43452,,,osm,email,2,new,ok,"category ""Pharmacy"" is not a travel-concierge listing — a recipient who was never the audience is the likeliest to report spam"
a481540f945e6ce43188,"Apotheke Schwenk ""Zum hl. Johann von Nepomuk""",Pharmacy,vienna,Wien,AT,Europe,apothekeschwenk1120@teamsante.at,+43 1 8134149,https://www.apotheke-schwenk.at/,259 Schönbrunner Straße 1120 Wien,48.18311,16.32911,,,osm,email,2,new,ok,"category ""Pharmacy"" is not a travel-concierge listing — a recipient who was never the audience is the likeliest to report spam"
29cf7112b8a0228cf045,Apotheke U1 Troststraße,Pharmacy,vienna,Wien,AT,Europe,info@apotheke-u1.at,+43 1 6042322,https://www.apotheke-u1.at/,163 Favoritenstraße 1100 Wien,48.1683,16.38092,,,osm,email,2,new,ok,"category ""Pharmacy"" is not a travel-concierge listing — a recipient who was never the audience is the likeliest to report spam"
40d6e87cf8cd973d1125,Apotheke Wienerberg City,Pharmacy,vienna,Wien,AT,Europe,service@apo-wienerbergcity.at,+43 1 6033131,https://apo-wienerbergcity.at,10 Hertha-Firnberg-Straße 1100 Wien,48.16758,16.34432,,,osm,email,2,new,ok,"category ""Pharmacy"" is not a travel-concierge listing — a recipient who was never the audience is the likeliest to report spam"
0f59034baf2d1233ff47,Apotheke am Handelskai,Pharmacy,vienna,Wien,AT,Europe,handelskai@apotheke.wien,+43 1 212 55 73,https://handelskai.apotheke.wien,130 Handelskai 1020 Wien,48.23376,16.39461,,,osm,email,2,new,ok,"category ""Pharmacy"" is not a travel-concierge listing — a recipient who was never the audience is the likeliest to report spam"
8a7e65c29685376b1b0b,Apotheke am Schuhmeierplatz,Pharmacy,vienna,Wien,AT,Europe,office@aposchuhmeierplatz.at,+43 1 4863374,http://www.aposchuhmeierplatz.at/,14 Schuhmeierplatz 1160 Wien,48.21166,16.31913,,,osm,email,2,new,ok,"category ""Pharmacy"" is not a travel-concierge listing — a recipient who was never the audience is the likeliest to report spam"
449be0f8cf13d1632092,Apotheke am Spittelberg,Pharmacy,vienna,Wien,AT,Europe,service@apospittelberg.at,+43 1 5269208,https://www.apospittelberg.at/,23 Stiftgasse 1070 Wien,48.20247,16.35437,,,osm,email,2,new,ok,"category ""Pharmacy"" is not a travel-concierge listing — a recipient who was never the audience is the likeliest to report spam"
fb434b8bb997c9c9aa63,Apotheke am Werdertor,Pharmacy,vienna,Wien,AT,Europe,office@werdertor-apotheke.at,+43 1 5337550,https://www.werdertor-apotheke.at/,19 Werdertorgasse 1010 Wien,48.21577,16.37153,,,osm,email,2,new,ok,"category ""Pharmacy"" is not a travel-concierge listing — a recipient who was never the audience is the likeliest to report spam"
c760fdc44e3b7784458b,Apotheke in der Lugner City,Pharmacy,vienna,Wien,AT,Europe,apo@apolugnercity.at,+43 1 7863427,,5-13 Gablenzgasse 1150 Wien,48.20388,16.33458,,,osm,email,2,new,ok,"category ""Pharmacy"" is not a travel-concierge listing — a recipient who was never the audience is the likeliest to report spam"
39eb924ea9712d300de3,Apotheke zu unserer lieben Frau bei den Schotten,Pharmacy,vienna,Wien,AT,Europe,info@schottenapotheke.at,+43 1 533 24 57,http://www.schottenapotheke.at/,7 Freyung 1010 Wien,48.21191,16.36569,,,osm,email,2,new,ok,"category ""Pharmacy"" is not a travel-concierge listing — a recipient who was never the audience is the likeliest to report spam"
c8eb3d4415b8ec9f51e6,Apotheke zum Weissen Kreuz,Pharmacy,vienna,Wien,AT,Europe,apoweisseskreuz@hotmail.com,+43 1 4863386,https://apoweisseskreuz.at,99 Hernalser Hauptstraße 1170 Wien,48.21932,16.3263,,,osm,email,2,new,ok,"category ""Pharmacy"" is not a travel-concierge listing — a recipient who was never the audience is the likeliest to report spam"
230f9e47fbdfc7842f17,Apotheke zum goldenen Elephanten,Pharmacy,vienna,Wien,AT,Europe,apotheke@goldenerelephant.at,+43 1 3179214,https://www.goldenerelephant.at/,93 Liechtensteinstraße 1090 Wien,48.22694,16.35635,,,osm,email,2,new,ok,"category ""Pharmacy"" is not a travel-concierge listing — a recipient who was never the audience is the likeliest to report spam"
487ff5851185816dfdfb,Apotheke zum weissen Storch,Pharmacy,vienna,Wien,AT,Europe,office@apothekeweisserstorch.at,+43 1 5354022,https://www.apomediaverlag.at/weisserstorch/,9 Tuchlauben 1010 Wien,48.21022,16.36997,,,osm,email,2,new,ok,"category ""Pharmacy"" is not a travel-concierge listing — a recipient who was never the audience is the likeliest to report spam"
88c83b14521037c9e6d0,Apotheke zur Kaisermühle,Pharmacy,vienna,Wien,AT,Europe,info@apotheke-kaisermuehle.at,+4312632032,https://www.apotheke-kaisermuehle.at/,87 Am Kaisermühlendamm 1220 Wien,48.2234,16.42387,,,osm,email,2,new,ok,"category ""Pharmacy"" is not a travel-concierge listing — a recipient who was never the audience is the likeliest to report spam"
e870ddb3299ed388fdce,Babenberger-Apotheke,Pharmacy,vienna,Wien,AT,Europe,office@apotheke-und-mehr.at,+43 1 5232732,https://www.apotheke-und-mehr.at,8 Mariahilfer Straße 1070 Wien,48.20146,16.35976,,,osm,email,2,new,ok,"category ""Pharmacy"" is not a travel-concierge listing — a recipient who was never the audience is the likeliest to report spam"
bac290e5690a77d58161,Bach-Apotheke,Pharmacy,vienna,Wien,AT,Europe,kontakt@bachapotheke.at,+43 1 9820900,https://www.bachapotheke.at/,6 Steinbruchstraße 1160 Wien,48.20428,16.30792,,,osm,email,2,new,ok,"category ""Pharmacy"" is not a travel-concierge listing — a recipient who was never the audience is the likeliest to report spam"
46b37d8738dcab2ae3b5,Bahnhof-Apotheke,Pharmacy,vienna,Wien,AT,Europe,info@bahnhof-apotheke.wien,+43 1 3175211,https://www.bahnhof-apotheke.wien/,10 Julius-Tandler-Platz 1090 Wien,48.22526,16.36077,,,osm,email,2,new,ok,"category ""Pharmacy"" is not a travel-concierge listing — a recipient who was never the audience is the likeliest to report spam"
53b9d08c26dec53b8c10,Bartholomäus-Apotheke,Pharmacy,vienna,Wien,AT,Europe,info@bartholomaeus-apotheke.at,+43 1 4022400,https://www.bartholomaeus-apotheke.at/,12 Elterleinplatz 1170 Wien,48.21847,16.33158,,,osm,email,2,new,ok,"category ""Pharmacy"" is not a travel-concierge listing — a recipient who was never the audience is the likeliest to report spam"
53082402065ba293298f,Beethoven-Apotheke,Pharmacy,vienna,Wien,AT,Europe,info@beethoven-apo.at,+43 1 3683167,https://beethoven-apo.at/,82 Heiligenstädter Straße 1190 Wien,48.24681,16.36239,,,osm,email,2,new,ok,"category ""Pharmacy"" is not a travel-concierge listing — a recipient who was never the audience is the likeliest to report spam"
990cb77c7dd4459d0b08,Belvedere-Apotheke,Pharmacy,vienna,Wien,AT,Europe,info@belvedere-apotheke.at,+43 1 5050145,https://www.belvedere-apotheke.at/,24 Prinz-Eugen-Straße 1040 Wien,48.1944,16.37706,,,osm,email,2,new,ok,"category ""Pharmacy"" is not a travel-concierge listing — a recipient who was never the audience is the likeliest to report spam"
76b3746d2634000690ca,Brady-Apotheke,Pharmacy,vienna,Wien,AT,Europe,office@brady-apotheke.at,+43 1 5338165,http://www.brady-apotheke.at,23 Rotenturmstraße 1010 Wien,48.21114,16.37526,,,osm,email,2,new,ok,"category ""Pharmacy"" is not a travel-concierge listing — a recipient who was never the audience is the likeliest to report spam"
5a7791891ece7876d264,Carolinen Apotheke,Pharmacy,vienna,Wien,AT,Europe,office@carolinen-apotheke.at,+43 1 6070580,http://carolinen-apotheke.at/,20 Kundratstraße 1100 Wien,48.17496,16.34789,,,osm,email,2,new,ok,"category ""Pharmacy"" is not a travel-concierge listing — a recipient who was never the audience is the likeliest to report spam"
3bb5953b449e01c9a594,Christinen-Apotheke,Pharmacy,vienna,Wien,AT,Europe,info@christinen.apotheke.wien,+43 1 2186531,https://christinen.apotheke.wien/,132 Vorgartenstraße 1020 Wien,48.22533,16.40001,,,osm,email,2,new,ok,"category ""Pharmacy"" is not a travel-concierge listing — a recipient who was never the audience is the likeliest to report spam"
37f5e03a6a778cf71e10,Dreifaltigkeits-Apotheke,Pharmacy,vienna,Wien,AT,Europe,info@die-andere-apo.at,+43 1 8936300,https://www.die-andere-apo.at/,191 Mariahilfer Straße 1150 Wien,48.19143,16.33053,,,osm,email,2,new,ok,"category ""Pharmacy"" is not a travel-concierge listing — a recipient who was never the audience is the likeliest to report spam"
f8bd142654f097018d0d,Essenz Apotheke Mariahilf,Pharmacy,vienna,Wien,AT,Europe,mariahilfapo@magjobs.at,+43 1 5864240,https://www.essenzshop.at/essenz-apotheke-mariahilf,55 Mariahilfer Straße 1060 Wien,48.19934,16.35315,,,osm,email,2,new,ok,"category ""Pharmacy"" is not a travel-concierge listing — a recipient who was never the audience is the likeliest to report spam"
7a958265bb66956f97b7,Essenz Apotheke Neubau,Pharmacy,vienna,Wien,AT,Europe,essenzneubau@magjobs.at,+43 1 5233310,https://www.essenzshop.at/pages/essenz-apotheke-neubau,72 Mariahilfer Straße 1070 Wien,48.19827,16.34951,,,osm,email,2,new,ok,"category ""Pharmacy"" is not a travel-concierge listing — a recipient who was never the audience is the likeliest to report spam"
d12ea06e30c00781c6b5,Falken-Apotheke,Pharmacy,vienna,Wien,AT,Europe,mail@falken-apotheke.at,+43 1 4863160,https://www.falken-apotheke.at/,76 Wilhelminenstraße 1160 Wien,48.21753,16.31023,,,osm,email,2,new,ok,"category ""Pharmacy"" is not a travel-concierge listing — a recipient who was never the audience is the likeliest to report spam"
e74a9fd167e52182c425,Favorita-Apotheke,Pharmacy,vienna,Wien,AT,Europe,office@favorita-apotheke.at,+43 1 6043377,https://www.favorita-apotheke.at/,213 Favoritenstraße 1100 Wien,48.16337,16.38302,,,osm,email,2,new,ok,"category ""Pharmacy"" is not a travel-concierge listing — a recipient who was never the audience is the likeliest to report spam"
3196212855f4242e71bb,Fidelia Apotheke,Pharmacy,vienna,Wien,AT,Europe,apotheke@fidelia.at,+43 1 5231372,https://fidelia-apotheke.at/,73-75 Kaiserstraße 1070 Wien,48.20412,16.33991,,,osm,email,2,new,ok,"category ""Pharmacy"" is not a travel-concierge listing — a recipient who was never the audience is the likeliest to report spam"
3646323caca7f85f4482,Flora-Apotheke,Pharmacy,vienna,Wien,AT,Europe,info@flora-apotheke.wien,+43 1 9145207,https://www.flora-apotheke.wien/,175 Hütteldorfer Straße 1140 Wien,48.1978,16.30108,,,osm,email,2,new,ok,"category ""Pharmacy"" is not a travel-concierge listing — a recipient who was never the audience is the likeliest to report spam"
4c6f2afc91d6b899bf17,Gasometer-Apotheke,Pharmacy,vienna,Wien,AT,Europe,gasometer-apotheke@aon.at,+43 1 7436766,,6 Guglgasse 1110 Wien,48.18494,16.41791,,,osm,email,2,new,ok,"category ""Pharmacy"" is not a travel-concierge listing — a recipient who was never the audience is the likeliest to report spam"
9b0fc40e555a2d03c03f,Germania-Apotheke,Pharmacy,vienna,Wien,AT,Europe,germaniaapotheke1150@teamsante.at,+43 1 9824558,https://www.germania-apotheke.at/,76 Hütteldorfer Straße 1150 Wien,48.19921,16.31924,,,osm,email,2,new,ok,"category ""Pharmacy"" is not a travel-concierge listing — a recipient who was never the audience is the likeliest to report spam"
3147b56e63174ad7091d,Gersthofer-Apotheke,Pharmacy,vienna,Wien,AT,Europe,apo.gersthof@aon.at,+43 1 4791310,,61 Gersthofer Straße 1180 Wien,48.23218,16.32826,,,osm,email,2,new,ok,"category ""Pharmacy"" is not a travel-concierge listing — a recipient who was never the audience is the likeliest to report spam"
c085c2c579d762df0393,Haydn-Apotheke,Pharmacy,vienna,Wien,AT,Europe,office@haydn-apo.at,+43 1 5454646,https://www.haydn-apo.at/,98 Margaretengürtel 1050 Wien,48.18159,16.34854,,,osm,email,2,new,ok,"category ""Pharmacy"" is not a travel-concierge listing — a recipient who was never the audience is the likeliest to report spam"
f959b8b8448b7767aa32,Heilfried-Apotheke,Pharmacy,vienna,Wien,AT,Europe,apotheke@heilfriedapotheke.at,+43 1 6044480,https://www.heilfriedapotheke.at/,110 Van-der-Nüll-Gasse 1100 Wien,48.16652,16.36648,,,osm,email,2,new,ok,"category ""Pharmacy"" is not a travel-concierge listing — a recipient who was never the audience is the likeliest to report spam"
4b00432d437ac944eae7,Herminen Apotheke,Pharmacy,vienna,Wien,AT,Europe,office@herminenapo.at,+43 1 3304519,,1 Webergasse 1200 Wien,48.2286,16.36546,,,osm,email,2,new,ok,"category ""Pharmacy"" is not a travel-concierge listing — a recipient who was never the audience is the likeliest to report spam"
2876abc2e11eb711dab0,IZD Tower Apotheke,Pharmacy,vienna,Wien,AT,Europe,kontakt@apotheke-izd-tower.at,+43 1 2632030,http://www.apotheke-izd-tower.at/,19 Wagramer Straße 1220 Wien,48.2351,16.42156,,,osm,email,2,new,ok,"category ""Pharmacy"" is not a travel-concierge listing — a recipient who was never the audience is the likeliest to report spam"
c11f864df3a430d32d64,Igel-Apotheke,Pharmacy,vienna,Wien,AT,Europe,office@igelapotheke.at,+43 1 4863299,,21 Hormayrgasse 1170 Wien,48.22094,16.33142,,,osm,email,2,new,ok,"category ""Pharmacy"" is not a travel-concierge listing — a recipient who was never the audience is the likeliest to report spam"
d4daed8e7e5b0998b36c,Johann Strauß-Apotheke,Pharmacy,vienna,Wien,AT,Europe,office@johann-strauss-apotheke.at,+43 1 5052164,https://johann-strauss-apotheke.at/,32 Johann-Strauß-Gasse 1040 Wien,48.18671,16.36886,,,osm,email,2,new,ok,"category ""Pharmacy"" is not a travel-concierge listing — a recipient who was never the audience is the likeliest to report spam"
acdc6095872aea977970,Josefinen Apotheke,Pharmacy,vienna,Wien,AT,Europe,josefinen.apotheke@aon.at,+43 1 3179207,http://josefinen-apotheke.at/,17 Sechsschimmelgasse 1090 Wien,48.22558,16.3519,,,osm,email,2,new,ok,"category ""Pharmacy"" is not a travel-concierge listing — a recipient who was never the audience is the likeliest to report spam"
10bc8fe73b5033df19b3,Kaiser-Josef-Apotheke,Pharmacy,vienna,Wien,AT,Europe,office@apokaiserjosef.at,+43 1 4056377,https://www.apokaiserjosef.at,51 Alser Straße 1080 Wien,48.21517,16.34545,,,osm,email,2,new,ok,"category ""Pharmacy"" is not a travel-concierge listing — a recipient who was never the audience is the likeliest to report spam"
a338c41eaea96b6458b8,Klimt-Apotheke,Pharmacy,vienna,Wien,AT,Europe,info@klimtapotheke.at,+43 1 8042750,,75a Hetzendorfer Straße 1120 Wien,48.16682,16.31043,,,osm,email,2,new,ok,"category ""Pharmacy"" is not a travel-concierge listing — a recipient who was never the audience is the likeliest to report spam"
44fb5c9c59e59ff416e9,Krim-Apotheke,Pharmacy,vienna,Wien,AT,Europe,krim@doskar.at,+43 1 3682202,https://www.doskar.at/de/apotheken.html,62 Krottenbachstraße 1190 Wien,48.24082,16.33508,,,osm,email,2,new,ok,"category ""Pharmacy"" is not a travel-concierge listing — a recipient who was never the audience is the likeliest to report spam"
afa0fcbf8dbd6cd70715,Lindwurm-Apotheke,Pharmacy,vienna,Wien,AT,Europe,lindwurm.apotheke@aon.at,+43 1 9822421,https://www.lindwurm-apo.at/,31 Gablenzgasse 1150 Wien,48.20465,16.32852,,,osm,email,2,new,ok,"category ""Pharmacy"" is not a travel-concierge listing — a recipient who was never the audience is the likeliest to report spam"
230b8586e070086a48a3,Madonnen-Apotheke,Pharmacy,vienna,Wien,AT,Europe,info@madonnen-apotheke.at,+43 1 6043276,https://www.madonnen-apotheke.at/,12 Keplerplatz 1100 Wien,48.17885,16.37651,,,osm,email,2,new,ok,"category ""Pharmacy"" is not a travel-concierge listing — a recipient who was never the audience is the likeliest to report spam"
e581d43e71a899d7bde9,Margareten Apotheke,Pharmacy,vienna,Wien,AT,Europe,info@margaretenapo.at,+43 1 5445103,https://margaretenapo.at/,75 Margaretenstraße 1050 Wien,48.19188,16.35937,,,osm,email,2,new,ok,"category ""Pharmacy"" is not a travel-concierge listing — a recipient who was never the audience is the likeliest to report spam"
ad1da5586ac08b91f6fc,Maria Lourdes Apotheke,Pharmacy,vienna,Wien,AT,Europe,office@mla.at,+43 1 8137218,https://www.mla.at/,50 Tivoligasse 1120 Wien,48.18061,16.32171,,,osm,email,2,new,ok,"category ""Pharmacy"" is not a travel-concierge listing — a recipient who was never the audience is the likeliest to report spam"
a4d90e4a61b8d056a0d0,Maria-Schutz-Apotheke,Pharmacy,vienna,Wien,AT,Europe,service@maria-schutz-apotheke.at,+43 1 5455521,https://www.maria-schutz-apotheke.at/,2 Reinprechtsdorfer Straße 1050 Wien,48.18173,16.35826,,,osm,email,2,new,ok,"category ""Pharmacy"" is not a travel-concierge listing — a recipient who was never the audience is the likeliest to report spam"
73d837aa184f1d7770ee,Maria-Treu-Apotheke,Pharmacy,vienna,Wien,AT,Europe,mta@maria-treu-apotheke.com,+43 1 405 26 80,http://www.maria-treu-apotheke.com/,68 Josefstädter Straße 1080 Wien,48.21079,16.34324,,,osm,email,2,new,ok,"category ""Pharmacy"" is not a travel-concierge listing — a recipient who was never the audience is the likeliest to report spam"
8b7b494d68bc644d404f,"Mariatroster Apotheke ""Zum Hl. Ulrich""",Pharmacy,vienna,Wien,AT,Europe,office@ulrichs-apotheke.at,+43 1 5238300,https://www.ulrichs-apotheke.at,22 Burggasse 1070 Wien,48.2043,16.3529,,,osm,email,2,new,ok,"category ""Pharmacy"" is not a travel-concierge listing — a recipient who was never the audience is the likeliest to report spam"
74426f3bc69489babd7b,Marien Apotheke,Pharmacy,vienna,Wien,AT,Europe,info@marienapo.eu,+43 1 5970207,https://www.marienapo.eu/,1 Schmalzhofgasse 1060 Wien,48.19607,16.34837,,,osm,email,2,new,ok,"category ""Pharmacy"" is not a travel-concierge listing — a recipient who was never the audience is the likeliest to report spam"
e481429be41b36cef973,Meine Marienapotheke,Pharmacy,vienna,Wien,AT,Europe,office@meine-marienapo.at,+43 1 33002850,https://www.meine-marienapo.at/,25 Hartlgasse 1200 Wien,48.23321,16.37304,,,osm,email,2,new,ok,"category ""Pharmacy"" is not a travel-concierge listing — a recipient who was never the audience is the likeliest to report spam"
7756bd535063b5d2e459,Millennium-Apotheke,Pharmacy,vienna,,AT,Europe,millennium.apotheke@aon.at,+43 1 240 90 80,,,48.24134,16.38574,,,osm,email,2,new,ok,"category ""Pharmacy"" is not a travel-concierge listing — a recipient who was never the audience is the likeliest to report spam"
a0cd08116fd146809ebc,Opern Apotheke,Pharmacy,vienna,Wien,AT,Europe,opern@apotheke.wien,+43 1 5126864,https://www.opern-apotheke.at,55 Kärntner Straße 1010 Wien,48.20264,16.37007,,,osm,email,2,new,ok,"category ""Pharmacy"" is not a travel-concierge listing — a recipient who was never the audience is the likeliest to report spam"
072f0c4201509beff212,Park-Apotheke,Pharmacy,vienna,Wien,AT,Europe,office@park-apotheke.wien,+43 1 9825338,,145 Hütteldorfer Straße 1140 Wien,48.19888,16.30719,,,osm,email,2,new,ok,"category ""Pharmacy"" is not a travel-concierge listing — a recipient who was never the audience is the likeliest to report spam"
d64ca191cb40bc4b9325,Paulaner Apotheke,Pharmacy,vienna,Wien,AT,Europe,office@paulaner-apotheke.at,+43 1 5879139,https://paulaner-apotheke.at/,18 Wiedner Hauptstraße 1040 Wien,48.19678,16.36721,,,osm,email,2,new,ok,"category ""Pharmacy"" is not a travel-concierge listing — a recipient who was never the audience is the likeliest to report spam"
5c1d928ae3b2629beb2d,ProSante Apotheke,Pharmacy,vienna,Wien,AT,Europe,office@prosante.at,+43 1 603 49 40,https://www.prosante.at/,49 Knöllgasse 1100 Wien,48.17192,16.35317,,,osm,email,2,new,ok,"category ""Pharmacy"" is not a travel-concierge listing — a recipient who was never the audience is the likeliest to report spam"
513b43308f260445ad07,Rathaus Apotheke,Pharmacy,vienna,Wien,AT,Europe,rathausapotheke@doskar.at,+43 1 4056678,https://www.doskar.at/de/apotheken.html,10 Stadiongasse 1010 Wien,48.20939,16.35572,,,osm,email,2,new,ok,"category ""Pharmacy"" is not a travel-concierge listing — a recipient who was never the audience is the likeliest to report spam"
25b6e17cfe0f1624834c,Rax-Apotheke,Pharmacy,vienna,Wien,AT,Europe,office@rax-apotheke.at,+43 1 6008000,https://www.rax-apotheke.at/,30 Raxstraße 1100 Wien,48.16643,16.35931,,,osm,email,2,new,ok,"category ""Pharmacy"" is not a travel-concierge listing — a recipient who was never the audience is the likeliest to report spam"
51048d16ee36ec4044b5,Richard-Wagner-Apotheke,Pharmacy,vienna,Wien,AT,Europe,office@richardwagnerapo.at,+43 1 4864217,http://www.richardwagnerapo.at,62 Thaliastraße 1160 Wien,48.21023,16.32841,,,osm,email,2,new,ok,"category ""Pharmacy"" is not a travel-concierge listing — a recipient who was never the audience is the likeliest to report spam"
c2b080703dd0c7afc239,Rosenhügel-Apotheke,Pharmacy,vienna,Wien,AT,Europe,rosenhuegelapotheke@aon.at,+43 1 8043139,,10 Münchenstraße 1120 Wien,48.16837,16.29932,,,osm,email,2,new,ok,"category ""Pharmacy"" is not a travel-concierge listing — a recipient who was never the audience is the likeliest to report spam"
977ed857a5667a21cca0,Rotenhof-Apotheke,Pharmacy,vienna,Wien,AT,Europe,apo@rotenhofapotheke.at,+43 1 6023870,https://www.rotenhofapotheke.at/,70 Rotenhofgasse 1100 Wien,48.17486,16.36421,,,osm,email,2,new,ok,"category ""Pharmacy"" is not a travel-concierge listing — a recipient who was never the audience is the likeliest to report spam"
48ca276b90136eadfa3b,Rotunden-Apotheke,Pharmacy,vienna,Wien,AT,Europe,apotheke@rotunde.at,+43 1 7280193,https://www.rotunde.at/,53 Ausstellungsstraße 1020 Wien,48.21817,16.40604,,,osm,email,2,new,ok,"category ""Pharmacy"" is not a travel-concierge listing — a recipient who was never the audience is the likeliest to report spam"
a8bb1ab489857c411db3,Saint Charles Apotheke,Pharmacy,vienna,Wien,AT,Europe,service@saint.info,+43 1 5861363,https://saint-charles.eu/wien/,30 Gumpendorfer Straße 1060 Wien,48.19899,16.35827,,,osm,email,2,new,ok,"category ""Pharmacy"" is not a travel-concierge listing — a recipient who was never the audience is the likeliest to report spam"
16ace568d468db7c9faa,Salvator-Apotheke,Pharmacy,vienna,Wien,AT,Europe,office@salvator9.at,+43 1 4055292,https://www.salvator9.at/,1 Zimmermannplatz 1090 Wien,48.21661,16.34354,,,osm,email,2,new,ok,"category ""Pharmacy"" is not a travel-concierge listing — a recipient who was never the audience is the likeliest to report spam"
c780872e8c4f589b8a0a,Schubert-Apotheke,Pharmacy,vienna,Wien,AT,Europe,office@schubertapotheke.at,+43 1 8137232,http://www.schubertapotheke.at/,88 Arndtstraße 1120 Wien,48.18222,16.33261,,,osm,email,2,new,ok,"category ""Pharmacy"" is not a travel-concierge listing — a recipient who was never the audience is the likeliest to report spam"
9cdc80e6f867521ef84f,Schutzengel-Apotheke,Pharmacy,vienna,Wien,AT,Europe,h.zich@aon.at,+43 1 5050124,https://www.apotheke-zum-schutzengel.at/,11 Favoritenstraße 1040 Wien,48.19483,16.36997,,,osm,email,2,new,ok,"category ""Pharmacy"" is not a travel-concierge listing — a recipient who was never the audience is the likeliest to report spam"
ff6644af3c885418ecf9,Schutzengel-Apotheke,Pharmacy,vienna,Wien,AT,Europe,office@schutzengelapo.at,+43 1 9824173,https://www.schutzengelapo.at/,10 Breitenseer Straße 1140 Wien,48.19974,16.31221,,,osm,email,2,new,ok,"category ""Pharmacy"" is not a travel-concierge listing — a recipient who was never the audience is the likeliest to report spam"
3e9e80e873d6be6ebaf2,Segen-Gottes-Apotheke,Pharmacy,vienna,Wien,AT,Europe,info@diefreundlicheapotheke.at,+43 1 7125291,https://diefreundlicheapotheke.at/,7 Boerhaavegasse 1030 Wien,48.19709,16.39261,,,osm,email,2,new,ok,"category ""Pharmacy"" is not a travel-concierge listing — a recipient who was never the audience is the likeliest to report spam"
b74c7e24db383c1151ec,Siebenbrunnen-Apotheke,Pharmacy,vienna,Wien,AT,Europe,info@siebenbrunnen-apotheke.at,+43 1 5442319,https://www.siebenbrunnen-apotheke.at/,32 Siebenbrunnengasse 1050 Wien,48.18668,16.35711,,,osm,email,2,new,ok,"category ""Pharmacy"" is not a travel-concierge listing — a recipient who was never the audience is the likeliest to report spam"
caff6ffa06218bb2a833,Sonnen-Apotheke,Pharmacy,vienna,Wien,AT,Europe,office@sonnenapotheke.co.at,+43 1 4794241,https://sonnenapotheke.co.at/,13 Pötzleinsdorfer Straße 1180 Wien,48.23915,16.31622,,,osm,email,2,new,ok,"category ""Pharmacy"" is not a travel-concierge listing — a recipient who was never the audience is the likeliest to report spam"
f2fd626dea59611e4069,Sonnenhof Apotheke,Pharmacy,vienna,Wien,AT,Europe,kontakt@sonnenhof-apotheke.at,+43 1 5446348,https://www.sonnenhof-apotheke.at/,50 Schönbrunner Straße 1050 Wien,48.191,16.35533,,,osm,email,2,new,ok,"category ""Pharmacy"" is not a travel-concierge listing — a recipient who was never the audience is the likeliest to report spam"
0aa89342a6cc364cef87,St. Hubertus Apotheke,Pharmacy,vienna,Wien,AT,Europe,info@apotheke22.at,+43 1 263 35 51,https://apotheke-kaisermuehlen.at/,54 Schüttaustraße 1220 Wien,48.22711,16.42195,,,osm,email,2,new,ok,"category ""Pharmacy"" is not a travel-concierge listing — a recipient who was never the audience is the likeliest to report spam"
f1f9bd4dd089800e89cd,St. Lucas-Apotheke,Pharmacy,vienna,Wien,AT,Europe,office@lucasapotheke.at,+43 1 8946190,https://lucasapotheke.at/,99 Penzinger Straße 1140 Wien,48.19001,16.29859,,,osm,email,2,new,ok,"category ""Pharmacy"" is not a travel-concierge listing — a recipient who was never the audience is the likeliest to report spam"
de7facc08c4e20f6cf22,St.-Anna-Apotheke,Pharmacy,vienna,Wien,AT,Europe,st.anna@doskar.at,+43 1 3177428,https://www.doskar.at/de/apotheken.html,56 Währinger Straße 1090 Wien,48.22247,16.35315,,,osm,email,2,new,ok,"category ""Pharmacy"" is not a travel-concierge listing — a recipient who was never the audience is the likeliest to report spam"
c7d8a0b3f67e733291c8,St.-Anna-Apotheke,Pharmacy,vienna,Wien,AT,Europe,info@apotheke-st-anna.at,+43 1 8131062,https://www.apotheke-st-anna.at/,86 Meidlinger Hauptstraße 1120 Wien,48.17448,16.33009,,,osm,email,2,new,ok,"category ""Pharmacy"" is not a travel-concierge listing — a recipient who was never the audience is the likeliest to report spam"
c9620e5d081e266e349b,Thalia-Apotheke,Pharmacy,vienna,Wien,AT,Europe,office@thaliaapo.at,+43 1 4920892,http://www.thaliaapo.at,35 Lerchenfelder Gürtel 1160 Wien,48.20853,16.3379,,,osm,email,2,new,ok,"category ""Pharmacy"" is not a travel-concierge listing — a recipient who was never the audience is the likeliest to report spam"
484d875dab5c6bbd38a0,Tiger-Apotheke,Pharmacy,vienna,Wien,AT,Europe,office@tigerapotheke.at,+43 1 4057123,https://www.tigerapotheke.at,12 Alser Straße 1090 Wien,48.2152,16.34988,,,osm,email,2,new,ok,"category ""Pharmacy"" is not a travel-concierge listing — a recipient who was never the audience is the likeliest to report spam"
b3e7132bd2d2cb3d5e32,Trost-Apotheke,Pharmacy,vienna,Wien,AT,Europe,office@trost-apotheke.at,+43 1 6042822,https://www.trost-apotheke.at/,66 Neilreichgasse 1100 Wien,48.17045,16.36435,,,osm,email,2,new,ok,"category ""Pharmacy"" is not a travel-concierge listing — a recipient who was never the audience is the likeliest to report spam"
5cca0c2bdcca5397efd7,Urania Apotheke,Pharmacy,vienna,Wien,AT,Europe,office@urania-apotheke.at,+43 1 5124463,https://www.urania-apotheke.at/,2 Stubenring 1010 Wien,48.21084,16.38225,,,osm,email,2,new,ok,"category ""Pharmacy"" is not a travel-concierge listing — a recipient who was never the audience is the likeliest to report spam"
c20137fd63eb7595ace4,Verdi-Apotheke,Pharmacy,vienna,Wien,AT,Europe,office@verdi-apotheke.at,+43 1 6042790,https://www.verdi-apotheke.at/,123-125 Laxenburger Straße 1100 Wien,48.16861,16.37081,,,osm,email,2,new,ok,"category ""Pharmacy"" is not a travel-concierge listing — a recipient who was never the audience is the likeliest to report spam"
3cddab3600f4a54f7627,Vierburgen-Apotheke,Pharmacy,vienna,Wien,AT,Europe,office@vierburgen-apotheke.at,+43 1 8133106,https://www.vierburgen-apotheke.at/,2 Kranichberggasse 1120 Wien,48.16986,16.33313,,,osm,email,2,new,ok,"category ""Pharmacy"" is not a travel-concierge listing — a recipient who was never the audience is the likeliest to report spam"
926dccc04c230b219494,Vindobona-Apotheke,Pharmacy,vienna,Wien,AT,Europe,apo@vindobona-apotheke.at,+43 1 3175191,https://www.vindobona-apotheke.at,4 Bauernfeldplatz 1090 Wien,48.22071,16.3606,,,osm,email,2,new,ok,"category ""Pharmacy"" is not a travel-concierge listing — a recipient who was never the audience is the likeliest to report spam"
13f1a122a73877489820,Vita Apotheke,Pharmacy,vienna,Wien,AT,Europe,info@vita-apotheke.at,+43 1 6073400,https://www.vita-apotheke.at/,43 Laaer-Berg-Straße 1100 Wien,48.16706,16.38776,,,osm,email,2,new,ok,"category ""Pharmacy"" is not a travel-concierge listing — a recipient who was never the audience is the likeliest to report spam"
66f799e9f838e1ba6bb4,Weltapotheke,Pharmacy,vienna,Wien,AT,Europe,office@weltapotheke.at,+43 1 4052118,https://www.weltapotheke.at,120 Lerchenfelder Straße 1080 Wien,48.20776,16.34298,,,osm,email,2,new,ok,"category ""Pharmacy"" is not a travel-concierge listing — a recipient who was never the audience is the likeliest to report spam"
822836ba6fd2b3337ef7,Wilhelminen-Apotheke,Pharmacy,vienna,Wien,AT,Europe,office@wilhelminen-apotheke.at,+43 1 4863172,https://www.wilhelminen-apotheke.at/,176 Ottakringer Straße 1160 Wien,48.21344,16.3145,,,osm,email,2,new,ok,"category ""Pharmacy"" is not a travel-concierge listing — a recipient who was never the audience is the likeliest to report spam"
58715ea7ed2ab57ddaa8,Willkommens-Apotheke,Pharmacy,vienna,Wien,AT,Europe,service@willkommens-apotheke.at,+43 1 9825405,https://www.willkommens-apotheke.at/,49 Märzstraße 1150 Wien,48.19796,16.32757,,,osm,email,2,new,ok,"category ""Pharmacy"" is not a travel-concierge listing — a recipient who was never the audience is the likeliest to report spam"
4fe6734a2548651862af,Zum Schwan,Pharmacy,vienna,Wien,AT,Europe,office@apotheke-schwan.at,+43 1 5333541,https://www.apotheke-schwan.at,14 Schottenring 1010 Wien,48.21479,16.36516,,,osm,email,2,new,ok,"category ""Pharmacy"" is not a travel-concierge listing — a recipient who was never the audience is the likeliest to report spam"
d71afae629d6984cd214,Zum heiligen Josef,Pharmacy,vienna,Wien,AT,Europe,office@josefapotheke.at,+43 1 3681427,https://www.josefapotheke.at/,70 Döblinger Hauptstraße 1190 Wien,48.2394,16.35507,,,osm,email,2,new,ok,"category ""Pharmacy"" is not a travel-concierge listing — a recipient who was never the audience is the likeliest to report spam"
603f67cb33691bbb59f8,Zum heiligen Konstantin,Pharmacy,vienna,Wien,AT,Europe,office@konstantinapo.at,+43 1 3303 360,https://www.konstantinapo.at/,118 Klosterneuburger Straße 1200 Wien,48.23886,16.36507,,,osm,email,2,new,ok,"category ""Pharmacy"" is not a travel-concierge listing — a recipient who was never the audience is the likeliest to report spam"
745884979ef7fa98dd46,Zum weißen Hirschen,Pharmacy,vienna,Wien,AT,Europe,apotheke@zum-weissen-hirschen.at,+43 1 5237668,,32 Westbahnstraße 1070 Wien,48.20193,16.34371,,,osm,email,2,new,ok,"category ""Pharmacy"" is not a travel-concierge listing — a recipient who was never the audience is the likeliest to report spam"
fb3300e7a1ada6ec8c02,Zur Kaiserkrone,Pharmacy,vienna,Wien,AT,Europe,apo@kaiserkrone.at,+43 1 5262646,https://www.kaiserkrone.at/,110 Mariahilfer Straße 1070 Wien,48.19677,16.34347,,,osm,email,2,new,ok,"category ""Pharmacy"" is not a travel-concierge listing — a recipient who was never the audience is the likeliest to report spam"
67224a343b7d9d9216e3,Zur Maria Trost,Pharmacy,vienna,Wien,AT,Europe,office@mariatrost-apotheke.at,+43 1 4921093,https://www.mariatrost-apotheke.at/,71 Hasnerstraße 1160 Wien,48.20924,16.32455,,,osm,email,2,new,ok,"category ""Pharmacy"" is not a travel-concierge listing — a recipient who was never the audience is the likeliest to report spam"
d88765eca6e516807bf0,Zur goldenen Krone,Pharmacy,vienna,Wien,AT,Europe,info@apo-goldene-krone.at,+43 1 5124710,https://www.apo-goldene-krone.at/,7 Himmelpfortgasse 1010 Wien,48.20576,16.37261,,,osm,email,2,new,ok,"category ""Pharmacy"" is not a travel-concierge listing — a recipient who was never the audience is the likeliest to report spam"
bc46cd4456c5fad8ed61,Zur heiligen Brigitta,Pharmacy,vienna,Wien,AT,Europe,info@brigitta-apotheke.at,+43 1 3325185,https://www.brigitta-apotheke.at/,2 Wallensteinplatz 1200 Wien,48.23014,16.37119,,,osm,email,2,new,ok,"category ""Pharmacy"" is not a travel-concierge listing — a recipient who was never the audience is the likeliest to report spam"
034116e07110eee6568d,Apotheke Schaffhauserplatz,Pharmacy,zurich,Zürich,CH,Europe,info@apothekeschaffhauserplatz.ch,+41 44 361 61 61,https://www.apothekeschaffhauserplatz.ch/,1 Seminarstrasse 8057 Zürich,47.39169,8.53836,,,osm,email,2,new,ok,"category ""Pharmacy"" is not a travel-concierge listing — a recipient who was never the audience is the likeliest to report spam"
14648c248f335b937309,Apotheke Utogrund,Pharmacy,zurich,,CH,Europe,utogrund@bluemail.ch,+41 44 492 52 32,https://www.apotheke-utogrund.ch/,,47.3789,8.49439,,,osm,email,2,new,ok,"category ""Pharmacy"" is not a travel-concierge listing — a recipient who was never the audience is the likeliest to report spam"
e857646e3688636f0950,Bellevue Apotheke,Pharmacy,zurich,Zürich,CH,Europe,info@bellevue-apotheke.ch,+41 44 266 62 22,http://www.bellevue-apotheke.ch/,14 Theaterstrasse 8001 Zürich,47.3668,8.54614,,,osm,email,2,new,ok,"category ""Pharmacy"" is not a travel-concierge listing — a recipient who was never the audience is the likeliest to report spam"
e6b7515c0c6884a96b68,TopPharm,Pharmacy,zurich,Zürich,CH,Europe,info@europaallee.apotheke.ch,+41 44 810 20 00,https://www.apotheke.ch/europaallee,11 Europaallee 8004 Zürich,47.37824,8.53447,,,osm,email,2,new,ok,"category ""Pharmacy"" is not a travel-concierge listing — a recipient who was never the audience is the likeliest to report spam"
2c89932808d5231be5d3,Wartau Apotheke,Pharmacy,zurich,Zürich,CH,Europe,info@wartauapotheke.ch,+41 44 341 76 46,https://www.wartauapotheke.ch/,242 Limmattalstrasse 8049 Zürich,47.40258,8.49325,,,osm,email,2,new,ok,"category ""Pharmacy"" is not a travel-concierge listing — a recipient who was never the audience is the likeliest to report spam"
