id,name,category,dest,area,country,region,email,phone,website,address,lat,lng,hygiene,rating,source,channel,priority,status,email_status,segment_reason
be7da99b1b1dce9bc40a,Adels Takeaway,Street food,bath,Bath,GB,UK,info@adelstakeaway.co.uk,+441225446455,http://www.adelstakeaway.co.uk/,34 Shaftesbury Road BA2 3LJ Bath,51.37669,-2.37746,3,,osm,email,1,new,ok,"GB: role address at a business — corporate subscriber, lawful with sender identity + working opt-out (PECR reg.22 / SI 336/2011 reg.13)"
3c879d5f8059123f848b,Alice Park,Café,bath,Bath,GB,UK,hello@alicepark.co.uk,+441225465613,https://linktr.ee/aliceparkcafe,"Gloucester Rd, Bath, BA1 7BL",51.39787,-2.34079,5,,overture,email,1,new,ok,"GB: role address at a business — corporate subscriber, lawful with sender identity + working opt-out (PECR reg.22 / SI 336/2011 reg.13)"
b24dcc50cf6ae6829fa4,Bath on the Beach,Bar,bath,,GB,UK,hello@bathonthebeach.co.uk,+441225436888,https://www.bathonthebeach.co.uk/,Royal Avenue BA1 2NR,51.38478,-2.36586,2,,osm,email,1,new,ok,"GB: role address at a business — corporate subscriber, lawful with sender identity + working opt-out (PECR reg.22 / SI 336/2011 reg.13)"
90965ce8399e80625ace,Bathen House,Guesthouse,bath,,GB,UK,info@bathenhouse.co.uk,+441225805549,https://www.bathenhouse.co.uk/,Newbridge Hill BA1 3QA,51.38821,-2.39535,5,,osm,email,1,new,ok,"GB: role address at a business — corporate subscriber, lawful with sender identity + working opt-out (PECR reg.22 / SI 336/2011 reg.13)"
29ac731131a72a82a4ce,Bear Inn,Gastropub,bath,Bath,GB,UK,info@bearbath.co.uk,+441225432100,http://www.bearbath.co.uk,"8 Wellsway, Bath, BA2 4",51.37379,-2.36666,5,,overture,email,1,new,ok,"GB: role address at a business — corporate subscriber, lawful with sender identity + working opt-out (PECR reg.22 / SI 336/2011 reg.13)"
58fa809c7a25fed1bdf9,Best of British,Street food,bath,,GB,UK,info@bestofbritishdeli.co.uk,+441225448055,http://www.bestofbritishdeli.co.uk/,12 Broad Street BA1 5LJ,51.3845,-2.36059,5,,osm,email,1,new,ok,"GB: role address at a business — corporate subscriber, lawful with sender identity + working opt-out (PECR reg.22 / SI 336/2011 reg.13)"
709fe761cfe22ea9c5f1,Bijou Bikeworks,Bicycle Shop,bath,Bath,GB,UK,info@bijoubikeworks.com,+441225251536,http://bijoubikeworks.com/,"Unit 1 South Building, River View Court, Victoria Bridge Rd, Bath, BA1 3FA",51.3839,-2.37316,4,,overture,email,1,new,ok,"GB: role address at a business — corporate subscriber, lawful with sender identity + working opt-out (PECR reg.22 / SI 336/2011 reg.13)"
2e3def2b642f4519f15b,Bikano’s Indian Cuisine,Restaurant,bath,Widcombe,GB,UK,info@bikanos.co.uk,+441225533591,https://bikanos.co.uk/,25 BA2 4LD Bath,51.37662,-2.35407,5,,osm,email,1,new,ok,"GB: role address at a business — corporate subscriber, lawful with sender identity + working opt-out (PECR reg.22 / SI 336/2011 reg.13)"
9a4a96705e4866123c63,Blaax Coffee Co,Café,bath,,GB,UK,hello@blaaxcoffee.co.uk,+447802711369,,7 Cork Place BA1 3BB,51.38537,-2.38025,4,,osm,email,1,new,ok,"GB: role address at a business — corporate subscriber, lawful with sender identity + working opt-out (PECR reg.22 / SI 336/2011 reg.13)"
4be7193eee697cbf4c20,Black Fox,Bar,bath,,GB,UK,info@blackfoxbath.com,+441225442365,https://www.blackfoxbath.com/,47 Saint James's Parade BA1 1UQ,51.37997,-2.36148,5,,osm,email,1,new,ok,"GB: role address at a business — corporate subscriber, lawful with sender identity + working opt-out (PECR reg.22 / SI 336/2011 reg.13)"
dfbb51fbb002ab321157,Brindleys,Guesthouse,bath,,GB,UK,info@brindleysbath.co.uk,+44 1225 310444,https://www.brindleysbath.co.uk/,14 Pulteney Gardens BA2 4HG,51.37977,-2.34995,5,,osm,email,1,new,ok,"GB: role address at a business — corporate subscriber, lawful with sender identity + working opt-out (PECR reg.22 / SI 336/2011 reg.13)"
4fd61c2e4d3a40feaf7e,Brooks Guest House,Guesthouse,bath,Bath,GB,UK,info@brooksguesthouse.com,+44 1225 425 543,https://www.brooksguesthouse.com/,1 Upper Bristol Road BA1 2NA Bath,51.38414,-2.37116,5,,osm,email,1,new,ok,"GB: role address at a business — corporate subscriber, lawful with sender identity + working opt-out (PECR reg.22 / SI 336/2011 reg.13)"
81f273c95a3e4e8feddd,Cafe au Lait,Café,bath,,GB,UK,mail@cafeaulait.co.uk,+441225571808,https://www.cafeaulait.co.uk/,12-14 Dorchester Street BA1 1SS,51.37803,-2.35728,5,,osm,email,1,new,ok,"GB: role address at a business — corporate subscriber, lawful with sender identity + working opt-out (PECR reg.22 / SI 336/2011 reg.13)"
ae932c83262a9d37ce78,Caffè Nero,Café,bath,,GB,UK,enquiries@caffenero.com,+441225470390,https://www.caffenero.com/uk/stores/bath-old-bond-st,11 Old Bond Street BA1 1BP,51.38255,-2.36116,4,,osm,email,1,new,ok,"GB: role address at a business — corporate subscriber, lawful with sender identity + working opt-out (PECR reg.22 / SI 336/2011 reg.13)"
1e13e166f21db64b1154,Caliunity,Gym & fitness,bath,,GB,UK,hello@caliunity.com,+447401491806,https://www.caliunity.com/,93-95 Walcot Street BA1 5BW,51.38727,-2.35942,5,,osm,email,1,new,ok,"GB: role address at a business — corporate subscriber, lawful with sender identity + working opt-out (PECR reg.22 / SI 336/2011 reg.13)"
c774e91ef209a44ea5ac,Chelsea road deli,Delicatessen,bath,Bath,GB,UK,info@chelseadeli.co.uk,+441225482045,http://www.chelsearoad-deli.co.uk,"8 Chelsea Road, Bath, BA1 3DU",51.38517,-2.38873,5,,overture,email,1,new,ok,"GB: role address at a business — corporate subscriber, lawful with sender identity + working opt-out (PECR reg.22 / SI 336/2011 reg.13)"
363d65aa73ea0e54b0c6,Chestnuts House,Guesthouse,bath,,GB,UK,reservations@chestnutshouse.co.uk,+441225334279,www.chestnutshouse.co.uk/,BA2 6LY,51.38738,-2.35406,5,,osm,email,1,new,ok,"GB: role address at a business — corporate subscriber, lawful with sender identity + working opt-out (PECR reg.22 / SI 336/2011 reg.13)"
838f0e43c6cf98fc8fec,Clayton’s Kitchen,Restaurant,bath,,GB,UK,info@theporter.co.uk,+441225724386,https://www.claytonskitchen.com/,15a George Street BA1 2EN,51.38488,-2.36276,5,,osm,email,1,new,ok,"GB: role address at a business — corporate subscriber, lawful with sender identity + working opt-out (PECR reg.22 / SI 336/2011 reg.13)"
1e59fec6b5d77f13886c,Colonna & Small's,Café,bath,,GB,UK,enquiries@colonnaandsmalls.co.uk,+44 7766 808 067,http://www.colonnaandsmalls.co.uk/,6 Chapel Row BA1 1HN,51.38271,-2.3644,5,,osm,email,1,new,ok,"GB: role address at a business — corporate subscriber, lawful with sender identity + working opt-out (PECR reg.22 / SI 336/2011 reg.13)"
796d7b3b1c8221d255a0,Colosseo Italian Restaurant,Italian Restaurant,bath,Bath,GB,UK,info@colosseobath.co.uk,+441225461567,https://colosseobath.co.uk/,"30 Milsom Street, Bath, BA1 1DG",51.38446,-2.36157,4,,overture,email,1,new,ok,"GB: role address at a business — corporate subscriber, lawful with sender identity + working opt-out (PECR reg.22 / SI 336/2011 reg.13)"
4d702b12432d6dde29f3,Crafted Guitars,Musical Instrument Store,bath,Bath,GB,UK,info@craftedguitars.co.uk,+441225667837,http://www.craftedguitars.co.uk/,"21 Claverton Buildings, Bath, BA2 4",51.37661,-2.35435,5,,overture,email,1,new,ok,"GB: role address at a business — corporate subscriber, lawful with sender identity + working opt-out (PECR reg.22 / SI 336/2011 reg.13)"
3e3bbdb7baefd129aa7e,Dexter's Coffee Shop,Café,bath,Bath,GB,UK,hello@dexterscoffeeshop.com,+441225413134,https://dexterscoffeeshop.com/,"1 George Street, Bath, BA2 6",51.38276,-2.34933,5,,overture,email,1,new,ok,"GB: role address at a business — corporate subscriber, lawful with sender identity + working opt-out (PECR reg.22 / SI 336/2011 reg.13)"
4111a66b1b71de972249,Didicakes,Bakery,bath,,GB,UK,contact@didicakesbath.com,+441225444465,https://www.didicakesbath.com/,132 Walcot Street BA1 5BG,51.38799,-2.35899,4,,osm,email,1,new,ok,"GB: role address at a business — corporate subscriber, lawful with sender identity + working opt-out (PECR reg.22 / SI 336/2011 reg.13)"
f961c52f820338ab0541,Dos Dedos,Bar,bath,,GB,UK,info@dosdedos.co.uk,,https://dosdedos.co.uk/,8 Bartlett Street BA1 2QZ,51.38547,-2.36184,3,,osm,email,1,new,ok,"GB: role address at a business — corporate subscriber, lawful with sender identity + working opt-out (PECR reg.22 / SI 336/2011 reg.13)"
4e668e7a74f47ae8f078,Edesia,Restaurant,bath,,GB,UK,info@edesiabath.co.uk,+441225839204,https://edesiabath.co.uk/,13-14 High Street BA1 5AQ,51.38198,-2.35939,4,,osm,email,1,new,ok,"GB: role address at a business — corporate subscriber, lawful with sender identity + working opt-out (PECR reg.22 / SI 336/2011 reg.13)"
39b6a539c74d51bcc9d6,Emberwood,Restaurant,bath,,GB,UK,hello@emberwoodbath.com,+44 1225 473351,https://www.emberwoodbath.com/,5 Queen Square BA1 2HH,51.38295,-2.36294,5,,osm,email,1,new,ok,"GB: role address at a business — corporate subscriber, lawful with sender identity + working opt-out (PECR reg.22 / SI 336/2011 reg.13)"
724671f6077979bd79d8,Garricks Head,Bar,bath,,GB,UK,info@garricksheadpub.com,+441225318368,http://www.garricksheadpub.com/,7-8 St Johns Place BA1 1ET,51.38198,-2.36278,3,,osm,email,1,new,ok,"GB: role address at a business — corporate subscriber, lawful with sender identity + working opt-out (PECR reg.22 / SI 336/2011 reg.13)"
c61bbaca74ba242a7d9d,Gillards of Bath,Café,bath,Bath,GB,UK,info@gillardsofbath.co.uk,+441225463430,http://www.gillards.co.uk,"55-57 Guildhall Market, Bath, BA2 4AW",51.38253,-2.35822,5,,overture,email,1,new,ok,"GB: role address at a business — corporate subscriber, lawful with sender identity + working opt-out (PECR reg.22 / SI 336/2011 reg.13)"
12296529a79696e14454,Good Day Cafe,Café,bath,,GB,UK,contact@gooddaycafe.co.uk,+441225684284,https://www.gooddaycoffee.co.uk/,12 Upper Borough Walls BA1 1RH,51.38273,-2.36048,5,,osm,email,1,new,ok,"GB: role address at a business — corporate subscriber, lawful with sender identity + working opt-out (PECR reg.22 / SI 336/2011 reg.13)"
967d9f5b14d6d899ba35,Grape Tree Bath,Supermarket,bath,Bath,GB,UK,info@jg-foods.com,+441225571050,https://www.grapetree.co.uk/stores/locator/store/l/bath/20-21-cheap-street/3423605?utm_source=facebook&utm_medium=locator&utm_campaign=bath,"20 Cheap Street, Bath, BA1 1NA",51.3815,-2.36017,5,,overture,email,1,new,ok,"GB: role address at a business — corporate subscriber, lawful with sender identity + working opt-out (PECR reg.22 / SI 336/2011 reg.13)"
eb0eec28e6dd4a41ac0f,Gray's,Guesthouse,bath,Bath,GB,UK,info@graysbath.co.uk,+441225403020,https://graysbath.co.uk/,9 Upper Oldfield Park BA2 3JX Bath,51.37521,-2.37011,5,,osm,email,1,new,ok,"GB: role address at a business — corporate subscriber, lawful with sender identity + working opt-out (PECR reg.22 / SI 336/2011 reg.13)"
a6512c0d992a7f8a2099,Great Western Wine,Wine & spirits,bath,,GB,UK,orders@greatwesternwine.co.uk,+44 1225 322810,https://www.greatwesternwine.co.uk,Unit 3-4 Wells Road BA2 3AP,51.37708,-2.36174,4,,osm,email,1,new,ok,"GB: role address at a business — corporate subscriber, lawful with sender identity + working opt-out (PECR reg.22 / SI 336/2011 reg.13)"
11c3f57292c1b2d4e395,Green Park Brasserie,Restaurant,bath,Bath,GB,UK,reservations@greenparkbrasserie.com,+441225338565,http://www.greenparkbrasserie.com/,"Green Park Brasserie, 6 Green Park Station, Bath, BA1 1",51.3814,-2.36617,5,,overture,email,1,new,ok,"GB: role address at a business — corporate subscriber, lawful with sender identity + working opt-out (PECR reg.22 / SI 336/2011 reg.13)"
66b7f945677c03daac04,Green Street Butchers,Butcher Shop,bath,Bath,GB,UK,shop@greenstreetbath.com,+441225432493,http://www.greenstreetbath.com/,"10 Green Street, Bath, BA1 2JZ",51.38344,-2.36015,5,,overture,email,1,new,ok,"GB: role address at a business — corporate subscriber, lawful with sender identity + working opt-out (PECR reg.22 / SI 336/2011 reg.13)"
1ed7ef5b22cfaf1cd25c,Grosvenor Villa,Guesthouse,bath,Bath,GB,UK,info@grosvenorvillabath.co.uk,+441225330092,http://grosvenorvillabath.co.uk/,"Grosvenor Bridge Rd, Bath, BA1 6BB",51.39534,-2.34319,5,,overture,email,1,new,ok,"GB: role address at a business — corporate subscriber, lawful with sender identity + working opt-out (PECR reg.22 / SI 336/2011 reg.13)"
289056cff1d8eb02d55a,Haringtons Hotel,Hotel,bath,,GB,UK,post@haringtonshotel.co.uk,+441225461728,https://www.haringtonshotel.co.uk/,BA1 1HE,51.38303,-2.36215,3,,osm,email,1,new,ok,"GB: role address at a business — corporate subscriber, lawful with sender identity + working opt-out (PECR reg.22 / SI 336/2011 reg.13)"
85444739c7dfc3ca1c8b,Harvest Natural Foods,Health Food Store,bath,Bath,GB,UK,info@harvest-bath.coop,+441225465519,http://www.harvest-bath.coop/,"37 Walcot Street, Bath, BA1 5BN",51.38493,-2.35969,5,,overture,email,1,new,ok,"GB: role address at a business — corporate subscriber, lawful with sender identity + working opt-out (PECR reg.22 / SI 336/2011 reg.13)"
5c0d11394eaf80ef931d,Holland & Barrett,Health Food Store,bath,Bath,GB,UK,customerservices@hollandandbarrett.com,+443300582640,https://www.hollandandbarrett.com/stores/bath-3201/,"34 Stall Street, Bath, BA1 1",51.38074,-2.36018,5,,overture,email,1,new,ok,"GB: role address at a business — corporate subscriber, lawful with sender identity + working opt-out (PECR reg.22 / SI 336/2011 reg.13)"
2d8570d54699bd67480a,Hotel Indigo,Hotel,bath,Bath,GB,UK,enquiries@bath.hotelindigo.com,+441225460441,https://www.ihg.com/hotelindigo/hotels/gb/en/bath/qqxuk/hoteldetail,2-8 South Parade BA2 4AA Bath,51.3803,-2.35658,2,,osm,email,1,new,ok,"GB: role address at a business — corporate subscriber, lawful with sender identity + working opt-out (PECR reg.22 / SI 336/2011 reg.13)"
d94cce426b3811e81df8,Independent Spirit,Wine & spirits,bath,,GB,UK,shop@independentspiritofbath.co.uk,+441225340636,https://shop.independentspiritofbath.co.uk/,7 Terrace Walk BA1 1LN,51.38128,-2.35781,5,,osm,email,1,new,ok,"GB: role address at a business — corporate subscriber, lawful with sender identity + working opt-out (PECR reg.22 / SI 336/2011 reg.13)"
f136b4eae086079186cf,Jars Meze,Restaurant,bath,Bath,GB,UK,info@jarsmeze.com,+441225 471 434,https://www.jarsmeze.com/,6-7 Northumberland Place BA1 5AR Bath,51.38228,-2.35981,4,,osm,email,1,new,ok,"GB: role address at a business — corporate subscriber, lawful with sender identity + working opt-out (PECR reg.22 / SI 336/2011 reg.13)"
3173d5ab515011dbb94b,Komedia,Theatre,bath,Bath,GB,UK,info@komediabath.co.uk,+44 845 293 8480,http://www.komedia.co.uk/bath/,22-23 Westgate Street BA1 1EP Bath,51.38158,-2.36223,5,,osm,email,1,new,ok,"GB: role address at a business — corporate subscriber, lawful with sender identity + working opt-out (PECR reg.22 / SI 336/2011 reg.13)"
edccaba7d14ef22dc771,La Terra,Restaurant,bath,,GB,UK,info@laterra.co.uk,+441225482070,https://www.laterra.co.uk/,2 John Street BA1 2JL,51.38337,-2.36207,5,,osm,email,1,new,ok,"GB: role address at a business — corporate subscriber, lawful with sender identity + working opt-out (PECR reg.22 / SI 336/2011 reg.13)"
093fad49d38fda3a0229,Labyrinth Bar & Nightclub,Bar,bath,Bath,GB,UK,info@labyrinthbath.com,+441225965813,https://labyrinthbath.com/safety/,"8 North Parade, Bath, BA2 4AL",51.38075,-2.35677,5,,overture,email,1,new,ok,"GB: role address at a business — corporate subscriber, lawful with sender identity + working opt-out (PECR reg.22 / SI 336/2011 reg.13)"
a50d038f1a50a902d500,Lansdown Cricket Club,Cricket Ground,bath,Bath,GB,UK,enquiries@lansdowncricketclub.co.uk,+441225425439,http://www.lansdowncricketclub.co.uk/,"Combe Park, Bath, BA1 3NE",51.38913,-2.38999,5,,overture,email,1,new,ok,"GB: role address at a business — corporate subscriber, lawful with sender identity + working opt-out (PECR reg.22 / SI 336/2011 reg.13)"
f92d66e4a3d4ef4f3217,Larkhall Butchers,Butcher Shop,bath,Bath,GB,UK,info@larkhallbutchers.co.uk,+441225313987,http://larkhallbutchers.co.uk/,"11 Lambridge, Bath, BA1 6BJ",51.39725,-2.34524,4,,overture,email,1,new,ok,"GB: role address at a business — corporate subscriber, lawful with sender identity + working opt-out (PECR reg.22 / SI 336/2011 reg.13)"
26bca4fa0a29487e3e37,Ludo Sports Bar & Kitchen,Bar,bath,Bath,GB,UK,info@ludobath.co.uk,+441225335972,https://ludobath.co.uk/,"9 Brunel Square, Bath, BA1 1SX",51.37756,-2.35784,5,,overture,email,1,new,ok,"GB: role address at a business — corporate subscriber, lawful with sender identity + working opt-out (PECR reg.22 / SI 336/2011 reg.13)"
9f9eb493a6003268e4e2,Mantra,Restaurant,bath,Bath,GB,UK,info@mantraofbath.co.uk,+44 1225 446 332,https://mantraofbath.co.uk/,5 BA1 5LS Bath,51.38534,-2.3604,3,,osm,email,1,new,ok,"GB: role address at a business — corporate subscriber, lawful with sender identity + working opt-out (PECR reg.22 / SI 336/2011 reg.13)"
0447fbb9cbc48fb52418,Menu Gordon Jones,Restaurant,bath,,GB,UK,info@menugordonjones.co.uk,+441225480871,http://www.menugordonjones.co.uk/index.php/home/,2 Wellsway BA2 3AQ,51.37414,-2.36677,5,,osm,email,1,new,ok,"GB: role address at a business — corporate subscriber, lawful with sender identity + working opt-out (PECR reg.22 / SI 336/2011 reg.13)"
b0f238c9704cc04c6f31,Net & Line,Fishmonger,bath,Bath,GB,UK,info@netandline.com,+447852875224,http://www.netandline.com/,"2 Third Avenue, Bath, BA2 3NY",51.37667,-2.37739,3,,overture,email,1,new,ok,"GB: role address at a business — corporate subscriber, lawful with sender identity + working opt-out (PECR reg.22 / SI 336/2011 reg.13)"
3f96577c22ac3f896146,Opium Bar,Bar,bath,,GB,UK,booking@opiumbars.co.uk,+441225332321,https://opiumbars.co.uk/,Spring Gardens Road BA2 6PJ,51.38366,-2.35745,3,,osm,email,1,new,ok,"GB: role address at a business — corporate subscriber, lawful with sender identity + working opt-out (PECR reg.22 / SI 336/2011 reg.13)"
80b2d813fb8a0cbe88d5,Palette,Café,bath,,GB,UK,hello@palettable.co.uk,,https://www.palettable.co.uk/,98 Walcot Street BA1 5BG,51.38662,-2.35932,3,,osm,email,1,new,ok,"GB: role address at a business — corporate subscriber, lawful with sender identity + working opt-out (PECR reg.22 / SI 336/2011 reg.13)"
001e98b1ad7632b79a5c,Picnic Coffee,Café,bath,Bath,GB,UK,hello@picniccoffee.co.uk,+441225330128,http://linktr.ee/picniccoffee,"9 Saracen Street, Bath, BA1 5BR",51.38458,-2.35969,3,,overture,email,1,new,ok,"GB: role address at a business — corporate subscriber, lawful with sender identity + working opt-out (PECR reg.22 / SI 336/2011 reg.13)"
dc099c3e0fdb69778e0e,Picnic In The Park,Café,bath,,GB,UK,info@picnicinthepark.co,+441225461620,www.picnicintheparkbath.co.uk/,16 Upper Bristol Road BA1 3BA,51.38564,-2.37866,4,,osm,email,1,new,ok,"GB: role address at a business — corporate subscriber, lawful with sender identity + working opt-out (PECR reg.22 / SI 336/2011 reg.13)"
f77f6963db5ca452808c,Ponte Vecchio,Restaurant,bath,,GB,UK,info@pontevecchiobath.com,+44 1225 424800,https://www.pontevecchiobath.com/,Spring Gardens Road BA2 6PW,51.383,-2.35658,5,,osm,email,1,new,ok,"GB: role address at a business — corporate subscriber, lawful with sender identity + working opt-out (PECR reg.22 / SI 336/2011 reg.13)"
28ce6450d6d7fdbf13a1,Queensberry Hotel,Hotel,bath,,GB,UK,reservations@thequeensberry.co.uk,+44 1225 447928,https://www.thequeensberry.co.uk/,4-7 Russell Street BA1 2QF,51.38712,-2.36315,5,,osm,email,1,new,ok,"GB: role address at a business — corporate subscriber, lawful with sender identity + working opt-out (PECR reg.22 / SI 336/2011 reg.13)"
d69e19931329f2a37a2c,Rach's Café,Café,bath,,GB,UK,contact@lunchcompanybath.co.uk,+441225482505,https://www.lunchcompanybath.co.uk/,102 Mount Road BA2 1LN,51.37161,-2.3962,4,,osm,email,1,new,ok,"GB: role address at a business — corporate subscriber, lawful with sender identity + working opt-out (PECR reg.22 / SI 336/2011 reg.13)"
5476b47ef9616f143243,Robun,Restaurant,bath,,GB,UK,info@robun.co.uk,+441225433200,https://www.robun.co.uk/,4a George Street BA1 2ED,51.38528,-2.36123,1,,osm,email,1,new,ok,"GB: role address at a business — corporate subscriber, lawful with sender identity + working opt-out (PECR reg.22 / SI 336/2011 reg.13)"
ae60169fac454506c4fa,Root Spice,Restaurant,bath,Bath,GB,UK,contact@rootspice.co.uk,+441225698127,https://rootspice.co.uk,15 Argyle Street BA2 4BQ Bath,51.38312,-2.35738,2,,osm,email,1,new,ok,"GB: role address at a business — corporate subscriber, lawful with sender identity + working opt-out (PECR reg.22 / SI 336/2011 reg.13)"
2115bc3881a7616465a4,Royal Victoria Park Golf and Footgolf,Golf,bath,Bath,GB,UK,info@royalvictoriaparkgolfandfootgolf.com,+441225975874,https://www.futuregolfventures.com/royal-victoria-park-footgolf-pitchandputt-book-now,"Weston Road, Bath, BA12DS",51.3886,-2.37188,5,,overture,email,1,new,ok,"GB: role address at a business — corporate subscriber, lawful with sender identity + working opt-out (PECR reg.22 / SI 336/2011 reg.13)"
c710c19f5d3f3aa34f1c,"Same Same, But Different",Café,bath,Bath,GB,UK,info@same-same.co.uk,+44 1225 466856,https://same-same.co.uk/,7a Bartlett Street BA1 2ED Bath,51.38523,-2.36153,4,,osm,email,1,new,ok,"GB: role address at a business — corporate subscriber, lawful with sender identity + working opt-out (PECR reg.22 / SI 336/2011 reg.13)"
aefbea3c0b2f7e2b5bbd,San Francisco Fudge Factory,Candy Store,bath,Bath,GB,UK,info@sanfranciscofudge.co.uk,+441225425714,http://www.sanfranciscofudge.co.uk/,"6 Church Street, Bath, BA1 1NL",51.38087,-2.35883,5,,overture,email,1,new,ok,"GB: role address at a business — corporate subscriber, lawful with sender identity + working opt-out (PECR reg.22 / SI 336/2011 reg.13)"
1cf4da7ff70da15e8c0c,Schwartz Bros,Burger Restaurant,bath,Bath,GB,UK,info@schwartzbros.co.uk,+441225461726,http://www.schwartzbros.co.uk,"4 Sawclose, Bath, BA1 1",51.38155,-2.36241,5,,overture,email,1,new,ok,"GB: role address at a business — corporate subscriber, lawful with sender identity + working opt-out (PECR reg.22 / SI 336/2011 reg.13)"
91f8ec0ff91b9f95af67,Second Bridge Nightclub,Nightlife,bath,Bath,GB,UK,mail@secondbridge.co.uk,+447464120574,http://www.secondbridge.co.uk,"10 Manvers Street, Bath, BA1 1JQ",51.37897,-2.35717,1,,overture,email,1,new,ok,"GB: role address at a business — corporate subscriber, lawful with sender identity + working opt-out (PECR reg.22 / SI 336/2011 reg.13)"
76784c3c5e42293f2615,Silcox Coffee,Café,bath,,GB,UK,hello@silcoxcoffee.co.uk,+441225302895,,5-7 New Street BA1 2AF,51.38119,-2.36389,5,,osm,email,1,new,ok,"GB: role address at a business — corporate subscriber, lawful with sender identity + working opt-out (PECR reg.22 / SI 336/2011 reg.13)"
2695eef26ef803bcb175,Smashburger,Street food,bath,,GB,UK,info@smashburger.co.uk,+441225311990,https://smashburger.co.uk/,8-9 Southgate Street BA1 1AQ,51.37878,-2.35949,5,,osm,email,1,new,ok,"GB: role address at a business — corporate subscriber, lawful with sender identity + working opt-out (PECR reg.22 / SI 336/2011 reg.13)"
488723b9ecfc654e42fe,Society Cafe,Café,bath,Bath,GB,UK,contact@society-cafe.com,+441225442433,https://www.society-cafe.com/,4-5 Kingsmead Square BA1 2AB Bath,51.38101,-2.36312,5,,osm,email,1,new,ok,"GB: role address at a business — corporate subscriber, lawful with sender identity + working opt-out (PECR reg.22 / SI 336/2011 reg.13)"
d40e6577ff6b0bb7dc03,Sotto Sotto,Restaurant,bath,Bath,GB,UK,info@sottosotto.co.uk,+44 1225 330236,https://sottosotto.co.uk,10 North Parade BA2 4AL Bath,51.38069,-2.35657,5,,osm,email,1,new,ok,"GB: role address at a business — corporate subscriber, lawful with sender identity + working opt-out (PECR reg.22 / SI 336/2011 reg.13)"
082fd48050c753659f94,Sound Church,Attraction · church,bath,Bath,GB,UK,hello@soundchurch.co.uk,+441225445577,http://www.soundchurch.co.uk/,"Freedom House, Lower Bristol Rd, Bath, BA2 1EP",51.38063,-2.39076,5,,overture,email,1,new,ok,"GB: role address at a business — corporate subscriber, lawful with sender identity + working opt-out (PECR reg.22 / SI 336/2011 reg.13)"
d8d81abe2fe3bca3e917,Spirit Bar,Bar,bath,Bath,GB,UK,admin@secondbridge.co.uk,+447464120574,http://www.secondbridge.co.uk/,"10 Manvers Street, Bath, BA1 1JQ",51.37895,-2.35721,4,,overture,email,1,new,ok,"GB: role address at a business — corporate subscriber, lawful with sender identity + working opt-out (PECR reg.22 / SI 336/2011 reg.13)"
246b70fbcf51ab4aa0fa,St Philip & St James' Church,Attraction · church,bath,Bath,GB,UK,office@stphilipstjames.org,+441225835228,http://www.stphilipstjames.org/,"35 Frome Road, Bath, BA2 2QF",51.3609,-2.38076,5,,overture,email,1,new,ok,"GB: role address at a business — corporate subscriber, lawful with sender identity + working opt-out (PECR reg.22 / SI 336/2011 reg.13)"
47b46554d627fa10ffe1,Starbucks,Café,bath,,GB,UK,info@starbucks.com,+441225336933,https://www.starbucks.com/store-locator/store/1006241/bath-avon-street-unit-b-strahan-house-avon-street-bath-eng-ba-1-1-u,Avon Street BA1 1UN,51.3808,-2.36316,5,,osm,email,1,new,ok,"GB: role address at a business — corporate subscriber, lawful with sender identity + working opt-out (PECR reg.22 / SI 336/2011 reg.13)"
cc7bd5a152fe3a3d7489,Sugarcane Studio,Café,bath,,GB,UK,info@sugarcanestudio.co.uk,+441225251707,https://www.sugarcanestudio.co.uk/,1 Grove Street BA2 6PJ,51.38357,-2.35728,5,,osm,email,1,new,ok,"GB: role address at a business — corporate subscriber, lawful with sender identity + working opt-out (PECR reg.22 / SI 336/2011 reg.13)"
5828b359f356ff4f40b7,Sukko,Bakery,bath,Bath,GB,UK,info@sukko.co.uk,+447525976973,,"5 Terrace Walk, Bath, BA1 1LN",51.38117,-2.35776,5,,overture,email,1,new,ok,"GB: role address at a business — corporate subscriber, lawful with sender identity + working opt-out (PECR reg.22 / SI 336/2011 reg.13)"
3bc45d2d3b542c594964,Sweet Little Things,Café,bath,,GB,UK,mail@sltbath.co.uk,+441225592108,https://www.sltbath.co.uk/,5 Old Bond Street BA1 1BW,51.38292,-2.36105,5,,osm,email,1,new,ok,"GB: role address at a business — corporate subscriber, lawful with sender identity + working opt-out (PECR reg.22 / SI 336/2011 reg.13)"
de8dc8a951ac1ba3b029,Sydney's,Bar,bath,,GB,UK,hello@sydneysbath.co.uk,+441225260260,https://www.sydneysbath.co.uk/,23-24 Monmouth Place BA1 2AY,51.38287,-2.36561,5,,osm,email,1,new,ok,"GB: role address at a business — corporate subscriber, lawful with sender identity + working opt-out (PECR reg.22 / SI 336/2011 reg.13)"
c8123869e9dc107daa77,Teahouse Emporium,Café,bath,Bath,GB,UK,info@teahouseemporium.co.uk,+441225334402,http://www.teahouseemporium.co.uk,"18 Union Street, Bath, BA1 1RS",51.38243,-2.36021,5,,overture,email,1,new,ok,"GB: role address at a business — corporate subscriber, lawful with sender identity + working opt-out (PECR reg.22 / SI 336/2011 reg.13)"
f3c1b1b7a95bf3df5c24,Tealith Bubble Tea,Café,bath,Bath,GB,UK,info@tealith.com,+441225571770,https://www.tealith.com/,20 Union Passage BA1 1RD Bath,51.38207,-2.3601,4,,osm,email,1,new,ok,"GB: role address at a business — corporate subscriber, lawful with sender identity + working opt-out (PECR reg.22 / SI 336/2011 reg.13)"
3e6222150fa55692aa7a,The Bath Chocolate Co.,Café,bath,,GB,UK,info@bathchoc.com,+441225445620,http://bathchoc.com/,1 Railway Street BA1 1PF,51.37867,-2.35736,3,,osm,email,1,new,ok,"GB: role address at a business — corporate subscriber, lawful with sender identity + working opt-out (PECR reg.22 / SI 336/2011 reg.13)"
e5f0fd333c01f8d0946b,The Bath Priory,Hotel,bath,,GB,UK,info@thebathpriory.co.uk,+44 1225 331922,https://www.thebathpriory.co.uk/,BA1 2XT,51.38983,-2.38228,5,,osm,email,1,new,ok,"GB: role address at a business — corporate subscriber, lawful with sender identity + working opt-out (PECR reg.22 / SI 336/2011 reg.13)"
924be51f078d24f7a4b9,The Bath Sweet Shop,Dessert,bath,,GB,UK,info@john-bull.com,+441225428040,http://www.john-bull.com,BA1 1NX,51.38063,-2.35868,5,,osm,email,1,new,ok,"GB: role address at a business — corporate subscriber, lawful with sender identity + working opt-out (PECR reg.22 / SI 336/2011 reg.13)"
27b238a10392e27feb3b,The Bertinet Bakery,Bakery,bath,,GB,UK,info@bertinet.com,+441225313296,https://bertinetbakery.com/bath-bakery/,1 New Bond Street Place BA1 1BH,51.38293,-2.36035,5,,osm,email,1,new,ok,"GB: role address at a business — corporate subscriber, lawful with sender identity + working opt-out (PECR reg.22 / SI 336/2011 reg.13)"
5b1d9842417920a6c54c,The Claremont,Bar,bath,,GB,UK,info@theclaremont.pub,+441225437246,https://theclaremont.pub/,5 Camden Road BA1 6EH,51.39504,-2.35279,5,,osm,email,1,new,ok,"GB: role address at a business — corporate subscriber, lawful with sender identity + working opt-out (PECR reg.22 / SI 336/2011 reg.13)"
983a3c028265ba17d68e,The Coconut Tree,Restaurant,bath,Bath,GB,UK,reservations@thecoconut-tree.com,+44 1225 258855,https://www.thecoconut-tree.com/bath,36 Broad Street BA1 5LP Bath,51.38415,-2.36011,4,,osm,email,1,new,ok,"GB: role address at a business — corporate subscriber, lawful with sender identity + working opt-out (PECR reg.22 / SI 336/2011 reg.13)"
1f42ccd26d8aa490a3b5,The Colombian Company,Café,bath,,GB,UK,info@thecolombiancompany.com,+441225316774,https://www.thecolombiancompany.com/,6 Abbey Gate Street BA1 1NP,51.38031,-2.359,5,,osm,email,1,new,ok,"GB: role address at a business — corporate subscriber, lawful with sender identity + working opt-out (PECR reg.22 / SI 336/2011 reg.13)"
bbee4a075d1b7fb606de,The Common Room,Bar,bath,,GB,UK,info@commonroombath.co.uk,+441225425550,https://commonroombath.co.uk/,2 Saville Row BA1 2QP,51.3862,-2.36201,5,,osm,email,1,new,ok,"GB: role address at a business — corporate subscriber, lawful with sender identity + working opt-out (PECR reg.22 / SI 336/2011 reg.13)"
e00154ad85cbb81e8939,The Curfew,Bar,bath,Bath,GB,UK,info@thecurfewbath.co.uk,+441225251505,https://www.thecurfewbath.co.uk/about-us/our-bar/,11 Cleveland Place BA1 5DG Bath,51.38986,-2.35723,5,,osm,email,1,new,ok,"GB: role address at a business — corporate subscriber, lawful with sender identity + working opt-out (PECR reg.22 / SI 336/2011 reg.13)"
d33dd4330641eaa1272d,The Dark Horse,Bar,bath,,GB,UK,info@darkhorsebar.co.uk,+441225302820,https://darkhorsebar.co.uk/,7a Kingsmead Square BA1 2AB,51.38106,-2.36326,3,,osm,email,1,new,ok,"GB: role address at a business — corporate subscriber, lawful with sender identity + working opt-out (PECR reg.22 / SI 336/2011 reg.13)"
88a71374e60061390db0,The Fudge Kitchen,Dessert,bath,,GB,UK,info@fudgekitchen.co.uk,+44 1225 462 277,https://fudgekitchen.co.uk/,10 Abbey Churchyard BA1 1LY,51.38143,-2.36002,5,,osm,email,1,new,ok,"GB: role address at a business — corporate subscriber, lawful with sender identity + working opt-out (PECR reg.22 / SI 336/2011 reg.13)"
4be75588bafd38d550c1,The George on George Street,Seafood Restaurant,bath,Bath,GB,UK,info@thegeorgebath.com,+441225400193,https://www.thegeorgebath.com/,"9a George Street, Bath, BA1 2EE",51.38514,-2.36164,4,,overture,email,1,new,ok,"GB: role address at a business — corporate subscriber, lawful with sender identity + working opt-out (PECR reg.22 / SI 336/2011 reg.13)"
d2c79f26b5aab0c32c90,The Good Bear Cafe,Café,bath,Bath,GB,UK,info@thegoodbear.co.uk,+441225330255,https://the-good-bear-cafe.business.site/,7 Hayes Place BA2 4QW Bath,51.37456,-2.3665,5,,osm,email,1,new,ok,"GB: role address at a business — corporate subscriber, lawful with sender identity + working opt-out (PECR reg.22 / SI 336/2011 reg.13)"
d4c6c212e1bc1bd6c640,The Griffin Inn,Bar,bath,,GB,UK,office@idealtradeco.com,+44 1225 420919,https://thegriffinbath.co.uk/,Monmouth Street BA1 2AP,51.38227,-2.36393,4,,osm,email,1,new,ok,"GB: role address at a business — corporate subscriber, lawful with sender identity + working opt-out (PECR reg.22 / SI 336/2011 reg.13)"
e4e8bee94514556d74b1,The Hare & Hounds,Bar,bath,,GB,UK,reservations@hareandhoundsbath.com,+44 1225 482682,https://www.hareandhoundsbath.com/,Lansdown Road BA1 5TJ,51.4024,-2.37103,4,,osm,email,1,new,ok,"GB: role address at a business — corporate subscriber, lawful with sender identity + working opt-out (PECR reg.22 / SI 336/2011 reg.13)"
ace78ad3a883ce3c0ed2,The Hideout,Bar,bath,Bath,GB,UK,info@hideoutbath.co.uk,+447967048802,https://hideoutbath.co.uk/,1 Lilliput Court BA1 1ND Bath,51.38066,-2.35843,5,,osm,email,1,new,ok,"GB: role address at a business — corporate subscriber, lawful with sender identity + working opt-out (PECR reg.22 / SI 336/2011 reg.13)"
126db783cb376694c4f8,The Kennard Hotel,Guesthouse,bath,,GB,UK,reception@kennard.co.uk,+441225310472,https://www.kennard.co.uk/,11 Henrietta Street BA2 6LL,51.38437,-2.35693,5,,osm,email,1,new,ok,"GB: role address at a business — corporate subscriber, lawful with sender identity + working opt-out (PECR reg.22 / SI 336/2011 reg.13)"
39bdb677c6e108fff351,The Marlborough Tavern,Bar,bath,,GB,UK,reservations@marlborough-tavern.com,+441225423731,https://www.marlborough-tavern.com/,BA1 2LY,51.3883,-2.36987,5,,osm,email,1,new,ok,"GB: role address at a business — corporate subscriber, lawful with sender identity + working opt-out (PECR reg.22 / SI 336/2011 reg.13)"
fde22400d94776c1c4a5,The Mint Room,Restaurant,bath,Bath,GB,UK,info@themintroom.co.uk,+44 1225 446 656,https://mintroombath.co.uk/,Lower Bristol Road BA2 3EB Bath,51.38102,-2.37344,4,,osm,email,1,new,ok,"GB: role address at a business — corporate subscriber, lawful with sender identity + working opt-out (PECR reg.22 / SI 336/2011 reg.13)"
6a19acc1fe54fcdb2be0,The Old Crown,Bar,bath,,GB,UK,info@theoldcrownweston.co.uk,+441225481858,https://theoldcrownweston.pub/,BA1 4BP,51.39434,-2.38807,4,,osm,email,1,new,ok,"GB: role address at a business — corporate subscriber, lawful with sender identity + working opt-out (PECR reg.22 / SI 336/2011 reg.13)"
8697ff4cf0c36acbb337,The Oven,Restaurant,bath,Bath,GB,UK,enquiries@theovenpizzeria.co.uk,+441225311181,http://www.theovenpizzeria.co.uk,3-4 Saw Close BA1 1EY Bath,51.38169,-2.3627,4,,osm,email,1,new,ok,"GB: role address at a business — corporate subscriber, lawful with sender identity + working opt-out (PECR reg.22 / SI 336/2011 reg.13)"
59fc9ac82b9bf7fc8c8f,The Pulteney Arms,Bar,bath,,GB,UK,contact@thepulteneyarms.co.uk,+441225463923,https://www.thepulteneyarms.co.uk/,BA2 6ND,51.38584,-2.35269,4,,osm,email,1,new,ok,"GB: role address at a business — corporate subscriber, lawful with sender identity + working opt-out (PECR reg.22 / SI 336/2011 reg.13)"
6a1c6dc7fc7110bacd5d,The Ram,Bar,bath,Widcombe,GB,UK,hello@therambath.com,+441225426456,http://www.therambath.co.uk/,20 BA2 4LD Bath,51.37667,-2.35449,5,,osm,email,1,new,ok,"GB: role address at a business — corporate subscriber, lawful with sender identity + working opt-out (PECR reg.22 / SI 336/2011 reg.13)"
4636fbfa6bdb1253b41c,The Raven,Bar,bath,Bath,GB,UK,enquiries@theravenofbath.co.uk,+441225425045,https://www.theravenofbath.co.uk/,6-7 Queen Street BA1 1HE Bath,51.38311,-2.36197,4,,osm,email,1,new,ok,"GB: role address at a business — corporate subscriber, lawful with sender identity + working opt-out (PECR reg.22 / SI 336/2011 reg.13)"
45f3356851c29fd83085,The Real Italian Pizza Co.,Restaurant,bath,Bath,GB,UK,info@realitalianpizza.co.uk,+441225330121,https://www.realitalianpizza.co.uk/,16 York Street BA1 1NG Bath,51.38109,-2.35815,5,,osm,email,1,new,ok,"GB: role address at a business — corporate subscriber, lawful with sender identity + working opt-out (PECR reg.22 / SI 336/2011 reg.13)"
28bab57e5f82306fa9c4,The Rose & Crown,Bar,bath,,GB,UK,info@roseandcrownlarkhall.co.uk,+441225681886,https://www.roseandcrownlarkhall.co.uk/,6-8 Brougham Place BA1 6SJ,51.39904,-2.34455,5,,osm,email,1,new,ok,"GB: role address at a business — corporate subscriber, lawful with sender identity + working opt-out (PECR reg.22 / SI 336/2011 reg.13)"
c1a755752fc4ef99c891,The Roseate Villa Bath,Hotel,bath,Bath,GB,UK,reception@villahenriettapark.co.uk,+441225466329,https://www.roseatehotels.com/bath/theroseatevilla/,"  Henrietta Road , Bath, BA2 6LX",51.38588,-2.3567,3,,overture,email,1,new,ok,"GB: role address at a business — corporate subscriber, lawful with sender identity + working opt-out (PECR reg.22 / SI 336/2011 reg.13)"
755372e5df8cecabc3d1,The Whole Bagel,Street food,bath,,GB,UK,info@thewholebagel.co.uk,+441225333259,https://www.thewholebagel.co.uk/,8 Upper Borough Walls BA1 1RG,51.38277,-2.36017,4,,osm,email,1,new,ok,"GB: role address at a business — corporate subscriber, lawful with sender identity + working opt-out (PECR reg.22 / SI 336/2011 reg.13)"
c840d4471df7aea271a6,Tyndall Villa Boutique B&B,Guesthouse,bath,Bath,GB,UK,hello@tyndallvilla.co.uk,+441225421238,http://www.tyndallvilla.co.uk,"143 Wells Road, Bath, BA2 3AL",51.37542,-2.36836,5,,overture,email,1,new,ok,"GB: role address at a business — corporate subscriber, lawful with sender identity + working opt-out (PECR reg.22 / SI 336/2011 reg.13)"
491b6af4508f62a14bf1,Victoria Pub and Kitchen,Bar,bath,,GB,UK,info@victoriabath.co.uk,+441225422563,https://www.victoriabath.co.uk/,BA1 3AT,51.38539,-2.37803,4,,osm,email,1,new,ok,"GB: role address at a business — corporate subscriber, lawful with sender identity + working opt-out (PECR reg.22 / SI 336/2011 reg.13)"
2894c4f1e66b368bfd59,Vino Vino,Bar,bath,,GB,UK,enquiries@vinovinowinebar.co.uk,+441225312341,www.vinovinowinebar.co.uk/,5-6 Saw Close BA1 1EN,51.38183,-2.36273,5,,osm,email,1,new,ok,"GB: role address at a business — corporate subscriber, lawful with sender identity + working opt-out (PECR reg.22 / SI 336/2011 reg.13)"
f54136a33b6ad0569603,Walcot House,Restaurant,bath,Bath,GB,UK,info@walcothousebath.com,+441225530499,http://www.walcothousebath.com/,"Walcot House, 90b Walcot Street, Bath, BA1 5",51.38636,-2.35949,5,,overture,email,1,new,ok,"GB: role address at a business — corporate subscriber, lawful with sender identity + working opt-out (PECR reg.22 / SI 336/2011 reg.13)"
0a74f7694716cb88ec15,Wild Cafe,Café,bath,Bath,GB,UK,info@wildcafe.co.uk,+44 1225 448673,http://www.wildcafe.co.uk/,10a Queen Street BA1 1HE Bath,51.38285,-2.36207,4,,osm,email,1,new,ok,"GB: role address at a business — corporate subscriber, lawful with sender identity + working opt-out (PECR reg.22 / SI 336/2011 reg.13)"
6e81e5dcd8b46dcd856e,eight,Hotel,bath,,GB,UK,info@eightinbath.co.uk,+441225724111,https://www.eightinbath.co.uk/,3 North Parade Passage BA1 1NX,51.38075,-2.35841,5,,osm,email,1,new,ok,"GB: role address at a business — corporate subscriber, lawful with sender identity + working opt-out (PECR reg.22 / SI 336/2011 reg.13)"
abeb1c3e218ea8224cab,se7en,Bar And Grill Restaurant,bath,Bath,GB,UK,info@se7enbath.com,+441225484433,https://se7enbath.com/,"7 Edgar Buildings, Bath, BA1 2EE",51.38499,-2.36185,3,,overture,email,1,new,ok,"GB: role address at a business — corporate subscriber, lawful with sender identity + working opt-out (PECR reg.22 / SI 336/2011 reg.13)"
c35c00e38419ae5838b9,Baltic Market,Street food,liverpool,Liverpool,GB,UK,hello@balticmarket.co.uk,,https://www.balticmarket.co.uk,Stanhope Street L8 5XJ Liverpool,53.39316,-2.97794,5,,osm,email,1,new,ok,"GB: role address at a business — corporate subscriber, lawful with sender identity + working opt-out (PECR reg.22 / SI 336/2011 reg.13)"
16b6ea06dcf756db4893,British Music Experience,Attraction,liverpool,,GB,UK,info@britishmusicexperience.com,+44 151 519 0915,https://www.britishmusicexperience.com/,Water Street,53.40524,-2.99481,5,,osm,email,1,new,ok,"GB: role address at a business — corporate subscriber, lawful with sender identity + working opt-out (PECR reg.22 / SI 336/2011 reg.13)"
0c3cd722e51727f61dfd,Cargo,Restaurant,liverpool,Liverpool,GB,UK,info@cargoseafoodrestaurant.co.uk,+44 151 227 4448,https://www.cargoseafoodrestaurant.co.uk/,19 Princes Parade L3 1BD Liverpool,53.41115,-3.0016,4,,osm,email,1,new,ok,"GB: role address at a business — corporate subscriber, lawful with sender identity + working opt-out (PECR reg.22 / SI 336/2011 reg.13)"
818c75ff435c822deb39,DoubleTree by Hilton Hotel & Spa Liverpool,Hotel,liverpool,Liverpool,GB,UK,sales@doubletreeliverpool.com,+44 151 556 1222,https://www.hilton.com/en/hotels/lpldldi-doubletree-hotel-and-spa-liverpool/,6 Sir Thomas Street L1 6BR Liverpool,53.40818,-2.98694,5,,osm,email,1,new,ok,"GB: role address at a business — corporate subscriber, lawful with sender identity + working opt-out (PECR reg.22 / SI 336/2011 reg.13)"
9ab6c191e4fb65c965ed,Hard Days Night Hotel,Hotel,liverpool,Liverpool,GB,UK,enquiries@harddaysnighthotel.com,+44 151 236 1964,https://www.harddaysnighthotel.com/,North John Street L2 6RR Liverpool,53.40599,-2.98817,5,,osm,email,1,new,ok,"GB: role address at a business — corporate subscriber, lawful with sender identity + working opt-out (PECR reg.22 / SI 336/2011 reg.13)"
e5ed229cbbe082db0c61,Ma Boyles Alehouse & Eatery,Bar,liverpool,Liverpool,GB,UK,hello@mapubgroup.co.uk,+44 151 236 0070,https://www.maboyles.co.uk/,7 Tower Gardens L3 1LG Liverpool,53.40661,-2.99432,2,,osm,email,1,new,ok,"GB: role address at a business — corporate subscriber, lawful with sender identity + working opt-out (PECR reg.22 / SI 336/2011 reg.13)"
d56170ca8fa6f265a4d2,The Halyard Liverpool,Hotel,liverpool,Liverpool,GB,UK,hello@thehalyardliverpool.com,+44 151 2946622,https://www.ihg.com/vignettecollection/hotels/gb/en/liverpool/lpldu/hoteldetail,123 Duke Street L1 4JR Liverpool,53.40154,-2.98042,5,,osm,email,1,new,ok,"GB: role address at a business — corporate subscriber, lawful with sender identity + working opt-out (PECR reg.22 / SI 336/2011 reg.13)"
4ba46baece2a63f4beaa,Windmill Wholefoods,Supermarket,liverpool,Liverpool,GB,UK,hello@windmillorganic.co.uk,+44 151 727 2723,https://www.windmillorganic.co.uk,162 Aigburth Road L17 7BR Liverpool,53.37894,-2.94939,5,,osm,email,1,new,ok,"GB: role address at a business — corporate subscriber, lawful with sender identity + working opt-out (PECR reg.22 / SI 336/2011 reg.13)"
c3062cab9e8df1c7795a,21 Sid Tarot & Coffee,Café,london,London,GB,UK,hello@21sid.co.uk,,,21 Sidworth Street E8 3SD London,51.53933,-0.05734,3,,osm,email,1,new,ok,"GB: role address at a business — corporate subscriber, lawful with sender identity + working opt-out (PECR reg.22 / SI 336/2011 reg.13)"
fb52bede41b47359a4de,ABC Hyde Park Hotel,Hotel,london,London,GB,UK,info@abchydeparkhotel.co.uk,+44 20 7706 4660,https://abchydeparkhotel.co.uk/,119 - 121 London,51.5154,-0.17155,5,,osm,email,1,new,ok,"GB: role address at a business — corporate subscriber, lawful with sender identity + working opt-out (PECR reg.22 / SI 336/2011 reg.13)"
499d32f95becb56140e7,Ambassador's Clubhouse,Restaurant,london,London,GB,UK,info@ambassadorsclubhouse.com,+44 20 3319 8100,https://ambassadorsclubhouse.com/,25 Heddon Street W1B 4BH London,51.5111,-0.13978,5,,osm,email,1,new,ok,"GB: role address at a business — corporate subscriber, lawful with sender identity + working opt-out (PECR reg.22 / SI 336/2011 reg.13)"
d5733c64710d3e636dec,Amora Gusto,Restaurant,london,London,GB,UK,info@amoragusto.com,+44 20 7620 2220,https://www.amoragusto.com/,94-95 Isabella street SE1 8DD London,51.50417,-0.1056,5,,osm,email,1,new,ok,"GB: role address at a business — corporate subscriber, lawful with sender identity + working opt-out (PECR reg.22 / SI 336/2011 reg.13)"
548825eaf57c14daede1,Antalya Restaurant,Restaurant,london,London,GB,UK,booking@antalyarestaurant.co.uk,+44 2075805355,https://antalyarestaurant.co.uk/,103-105 Southampton Row WC1B 4HH London,51.52109,-0.12392,3,,osm,email,1,new,ok,"GB: role address at a business — corporate subscriber, lawful with sender identity + working opt-out (PECR reg.22 / SI 336/2011 reg.13)"
79f8957ffee72d81e471,Ara Restaurant,Restaurant,london,London,GB,UK,info@ararestaurant.co.uk,+44 20 4597 0116,https://ararestaurant.co.uk/,1 New Drum Street E1 7AY London,51.5152,-0.07122,5,,osm,email,1,new,ok,"GB: role address at a business — corporate subscriber, lawful with sender identity + working opt-out (PECR reg.22 / SI 336/2011 reg.13)"
a4da1a3c8779f0acc2bf,Arlington,Restaurant,london,London,GB,UK,reservations@arlington.london,+44 20 3856 1000,https://www.arlington.london/,20 Arlington Street SW1A 1RJ London,51.50648,-0.14051,5,,osm,email,1,new,ok,"GB: role address at a business — corporate subscriber, lawful with sender identity + working opt-out (PECR reg.22 / SI 336/2011 reg.13)"
c27e33e1a88907781e0a,Arosfa Hotel,Hotel,london,London,GB,UK,info@arosfalondon.com,+44 20 7636 2115,https://www.arosfalondon.com/,83 Gower Street WC1E 6HJ London,51.52224,-0.13265,5,,osm,email,1,new,ok,"GB: role address at a business — corporate subscriber, lawful with sender identity + working opt-out (PECR reg.22 / SI 336/2011 reg.13)"
cf7ad0a13e6f977fbb80,B Bagel Bakery Bar,Café,london,London,GB,UK,info@BBagel.co.uk,+44 20 7351 2931,https://www.bbagel.co.uk,236D Fulham Road SW10 9NB London,51.4852,-0.18251,5,,osm,email,1,new,ok,"GB: role address at a business — corporate subscriber, lawful with sender identity + working opt-out (PECR reg.22 / SI 336/2011 reg.13)"
484f0f3311e6dcf30f04,Badger Badger,Bar,london,London,GB,UK,info@badgerbadger.org,+44 20 8691 5642,https://www.badgerbadger.org/,139-145 Deptford High Street SE8 3NU London,51.47908,-0.02622,5,,osm,email,1,new,ok,"GB: role address at a business — corporate subscriber, lawful with sender identity + working opt-out (PECR reg.22 / SI 336/2011 reg.13)"
52589ee468d53bdc423c,Banh Mi Bay,Street food,london,London,GB,UK,hello@banhmibay.co.uk,+44 20 3609 4830,https://www.banhmibay.co.uk/,21 Rathbone Street W1T 1NF London,51.51811,-0.13516,4,,osm,email,1,new,ok,"GB: role address at a business — corporate subscriber, lawful with sender identity + working opt-out (PECR reg.22 / SI 336/2011 reg.13)"
6c04ee35e3ba9d804261,Barrafina Drury Lane,Restaurant,london,,GB,UK,info@barrafina.co.uk,,https://www.barrafina.co.uk/,"BASEMENT AND GROUND FLOOR 43 DRURY LANE, LONDON, WC2B 5RT",51.51436,-0.12182,5,,osm,email,1,new,ok,"GB: role address at a business — corporate subscriber, lawful with sender identity + working opt-out (PECR reg.22 / SI 336/2011 reg.13)"
ed77f33a1f9171bc51a1,Beans & Beyond,Café,london,London,GB,UK,info@bbcafe.co.uk,+44 20 3089 6961,https://www.bbcafe.co.uk/,819-821 Commercial Road E14 7HG London,51.51213,-0.02821,3,,osm,email,1,new,ok,"GB: role address at a business — corporate subscriber, lawful with sender identity + working opt-out (PECR reg.22 / SI 336/2011 reg.13)"
c8f1cedb753d750ff38e,Beeyond,Café,london,London,GB,UK,info@beeyondcafe.com,+447594705020,https://beeyondcafe.com/,2 Hercules Road SE1 7DP London,51.49852,-0.1127,4,,osm,email,1,new,ok,"GB: role address at a business — corporate subscriber, lawful with sender identity + working opt-out (PECR reg.22 / SI 336/2011 reg.13)"
45e0057ce999a6655917,Berber & Q Shawarma Bar,Restaurant,london,London,GB,UK,reservations@berberandq.com,+44 20 7923 0829,https://www.berberandq.com/,46 Exmouth Market EC1R 4QE London,51.52598,-0.10871,3,,osm,email,1,new,ok,"GB: role address at a business — corporate subscriber, lawful with sender identity + working opt-out (PECR reg.22 / SI 336/2011 reg.13)"
0a3e047aaaee60cf29ba,Betsey Trotwood,Bar,london,Islington,GB,UK,bookings@thebetsey.com,+44 20 7253 4285,https://www.thebetsey.com,56 Farringdon Road EC1R 3BL London,51.52337,-0.10806,3,,osm,email,1,new,ok,"GB: role address at a business — corporate subscriber, lawful with sender identity + working opt-out (PECR reg.22 / SI 336/2011 reg.13)"
0fb8e8bca7af98b97b60,Black Cab Coffee Co,Café,london,London,GB,UK,info@theblackcabcoffeeco.com,+44 20 7498 8760,https://www.theblackcabcoffeeco.com/,1 Riverlight Quay SW11 8AU London,51.48262,-0.13636,5,,osm,email,1,new,ok,"GB: role address at a business — corporate subscriber, lawful with sender identity + working opt-out (PECR reg.22 / SI 336/2011 reg.13)"
591c936117f834a844e4,Blacklock,Restaurant,london,London,GB,UK,reservations@theblacklock.com,,https://theblacklock.com/,24 Great Windmill Street W1D 7LG London,51.51177,-0.13464,5,,osm,email,1,new,ok,"GB: role address at a business — corporate subscriber, lawful with sender identity + working opt-out (PECR reg.22 / SI 336/2011 reg.13)"
9f9c964e4a0833d2981e,Bleecker,Street food,london,London,GB,UK,hello@bleecker.co.uk,,https://www.bleecker.co.uk/locations/baker-street/,195 Baker Street NW1 6UY London,51.52254,-0.15791,5,,osm,email,1,new,ok,"GB: role address at a business — corporate subscriber, lawful with sender identity + working opt-out (PECR reg.22 / SI 336/2011 reg.13)"
15dc6573dd956dd9ac2b,Bob's Cafe,Café,london,London,GB,UK,hello@bobscafe.net,+44 20 7372 3442,https://www.bobscafe.net/,77 Salusbury Road NW6 6NH London,51.53551,-0.20494,5,,osm,email,1,new,ok,"GB: role address at a business — corporate subscriber, lawful with sender identity + working opt-out (PECR reg.22 / SI 336/2011 reg.13)"
c7c3d3b49cb4a3038a8f,Bocconcino Mayfair,Restaurant,london,London,GB,UK,Reservations@bocconcinorestaurant.co.uk,+44 20 7499 4510,https://bocconcinorestaurant.co.uk/mayfair,Berkeley Street W1J 8ED London,51.50884,-0.14364,5,,osm,email,1,new,ok,"GB: role address at a business — corporate subscriber, lawful with sender identity + working opt-out (PECR reg.22 / SI 336/2011 reg.13)"
ce855fc6b1e8e803433f,Books for Cooks,Shopping,london,London,GB,UK,info@bookforcooks.com,+44 20 7221 1992,https://www.booksforcooks.com/,4 Blenheim Crescent W11 1NN London,51.5159,-0.2054,5,,osm,email,1,new,ok,"GB: role address at a business — corporate subscriber, lawful with sender identity + working opt-out (PECR reg.22 / SI 336/2011 reg.13)"
cc5e193be67915b285ef,Bottarga,Restaurant,london,London,GB,UK,hello@bottarga.london,+44 20 3874 2000,https://bottarga.london/,383 King's Road SW10 0LP London,51.48339,-0.17661,5,,osm,email,1,new,ok,"GB: role address at a business — corporate subscriber, lawful with sender identity + working opt-out (PECR reg.22 / SI 336/2011 reg.13)"
76ad16a778f9f04e61f8,Botwa restaurant Notting Hill,Restaurant,london,London,GB,UK,info@botwa.co.uk,+447709190000,https://botwa.co.uk/,115 Westbourne Grove W2 4UP London,51.51505,-0.19415,5,,osm,email,1,new,ok,"GB: role address at a business — corporate subscriber, lawful with sender identity + working opt-out (PECR reg.22 / SI 336/2011 reg.13)"
dc5b17a4b0bcaeb26dbf,Brigadiers,Restaurant,london,London,GB,UK,info@brigadierslondon.com,+44 20 3319 8140,https://brigadierslondon.com/,1-5 Bloomberg Arcade EC4N 8AR London,51.51262,-0.09178,5,,osm,email,1,new,ok,"GB: role address at a business — corporate subscriber, lawful with sender identity + working opt-out (PECR reg.22 / SI 336/2011 reg.13)"
790b3e59dd13cdd8d534,Buster Mantis,Restaurant,london,London,GB,UK,hello@bustermantis.com,+44 20 8691 5191,https://www.bustermantis.com/,3-4 Resolution Way SE8 4NT London,51.47871,-0.02571,5,,osm,email,1,new,ok,"GB: role address at a business — corporate subscriber, lawful with sender identity + working opt-out (PECR reg.22 / SI 336/2011 reg.13)"
5970f9e7872cf223809e,BÓHA London,Restaurant,london,London,GB,UK,hello@bohalondon.com,+44 20 3819 6644,https://bohalondon.com/,562 King's Road SW6 2DZ London,51.47937,-0.1876,5,,osm,email,1,new,ok,"GB: role address at a business — corporate subscriber, lawful with sender identity + working opt-out (PECR reg.22 / SI 336/2011 reg.13)"
9bfa043219855156a848,BúnBúnBún,Restaurant,london,London,GB,UK,hello@bunbunbun.co,,http://www.bunbunbun.co/,511 Kingsland Road London,51.54522,-0.07609,3,,osm,email,1,new,ok,"GB: role address at a business — corporate subscriber, lawful with sender identity + working opt-out (PECR reg.22 / SI 336/2011 reg.13)"
195ed2b07870b1aa7c6b,Bĕrūt Bistro,Restaurant,london,London,GB,UK,info@berut.co.uk,+44 20 3457 6243,https://www.berut.co.uk/,32 Paddington Street W1U 4HE London,51.5205,-0.15607,4,,osm,email,1,new,ok,"GB: role address at a business — corporate subscriber, lawful with sender identity + working opt-out (PECR reg.22 / SI 336/2011 reg.13)"
a92d1a4f671958ba047e,Cafe Pacifico,Restaurant,london,London,GB,UK,info@cafe-pacifico.com,,https://www.cafe-pacifico.com,5 Langley Street WC2H 9JA London,51.51315,-0.1251,4,,osm,email,1,new,ok,"GB: role address at a business — corporate subscriber, lawful with sender identity + working opt-out (PECR reg.22 / SI 336/2011 reg.13)"
fbd60388d284aae11bd8,Café Luca,Restaurant,london,London,GB,UK,info@cafe-luca.co.uk,+44 20 8075 8721,https://www.cafe-luca.co.uk/,17 Devonshire Square EC2M 4SQ London,51.51677,-0.07973,5,,osm,email,1,new,ok,"GB: role address at a business — corporate subscriber, lawful with sender identity + working opt-out (PECR reg.22 / SI 336/2011 reg.13)"
718d57aef5aabd3a8e70,Calong,Restaurant,london,Hackney,GB,UK,info@calonglondon.com,+44 20 3561 4798,https://www.calonglondon.com/,35 Stoke Newington Church Street N16 0NX London,51.56206,-0.07539,5,,osm,email,1,new,ok,"GB: role address at a business — corporate subscriber, lawful with sender identity + working opt-out (PECR reg.22 / SI 336/2011 reg.13)"
d750814ceebc96ddb3b7,Camel & Artichoke,Bar,london,London,GB,UK,enquiries@camelandartichoke.com,+44 20 7620 3296,https://camelandartichoke.co.uk/,121 Lower Marsh SE1 7AE London,51.5007,-0.11325,4,,osm,email,1,new,ok,"GB: role address at a business — corporate subscriber, lawful with sender identity + working opt-out (PECR reg.22 / SI 336/2011 reg.13)"
17127f73cbbb6b1c36d0,Caminata,Restaurant,london,London,GB,UK,Info@caminata.co.uk,+44 20 8772 0701,https://caminata.pcs-bg.com/,96 Bedford Hill SW12 9HR London,51.44166,-0.14914,5,,osm,email,1,new,ok,"GB: role address at a business — corporate subscriber, lawful with sender identity + working opt-out (PECR reg.22 / SI 336/2011 reg.13)"
66844abbdbd396cf5197,Caravan,Restaurant,london,London,GB,UK,reservations@caravanrestaurants.co.uk,+44 20 7833 8115,https://www.caravanrestaurants.co.uk/,11-13 Exmouth Market EC1R 4QD London,51.52547,-0.11009,5,,osm,email,1,new,ok,"GB: role address at a business — corporate subscriber, lawful with sender identity + working opt-out (PECR reg.22 / SI 336/2011 reg.13)"
2ac4d277ee9f4da17f9b,Carlton Tavern,Bar,london,London,GB,UK,hello@carltontavern.co.uk,+44 20 7625 4760,https://carltontavern.co.uk/,33 Carlton Vale NW6 5EU London,51.53203,-0.19146,4,,osm,email,1,new,ok,"GB: role address at a business — corporate subscriber, lawful with sender identity + working opt-out (PECR reg.22 / SI 336/2011 reg.13)"
43385d094ae4c3026898,Carmel,Restaurant,london,London,GB,UK,reservations@carmelrestaurant.co.uk,+44 20 3848 2090,https://www.carmelrestaurant.co.uk/,21-25 Lonsdale Road NW6 6RA London,51.53716,-0.20325,4,,osm,email,1,new,ok,"GB: role address at a business — corporate subscriber, lawful with sender identity + working opt-out (PECR reg.22 / SI 336/2011 reg.13)"
822cc42551365f33c596,Chapter 72,Café,london,London,GB,UK,info@chapter-72.com,+44 20 7403 1100,https://www.chapter-72.com/,72 Bermondsey Street SE1 3UD London,51.50142,-0.08227,5,,osm,email,1,new,ok,"GB: role address at a business — corporate subscriber, lawful with sender identity + working opt-out (PECR reg.22 / SI 336/2011 reg.13)"
35671627ce80353516a3,Cherry On,Café,london,London,GB,UK,info@cherryon.co.uk,+44 20 7229 1511,https://cherryon.co.uk/,6 Pembridge Road W11 3HL London,51.50929,-0.19702,5,,osm,email,1,new,ok,"GB: role address at a business — corporate subscriber, lawful with sender identity + working opt-out (PECR reg.22 / SI 336/2011 reg.13)"
f5745cdcb17762e5ac95,Chicome,Restaurant,london,London,GB,UK,reservations@chicome.co.uk,+44 20 3031 7601,https://chicome.co.uk/,2 St. Katharine's Way E1W 1AA London,51.50838,-0.07324,5,,osm,email,1,new,ok,"GB: role address at a business — corporate subscriber, lawful with sender identity + working opt-out (PECR reg.22 / SI 336/2011 reg.13)"
f234bde1cccbe9ed9dfe,Chiltern Street Deli,Café,london,London,GB,UK,hello@thedelis.co.uk,,https://www.thedelis.co.uk,27 Chiltern Street W1U 7PJ London,51.51928,-0.15516,5,,osm,email,1,new,ok,"GB: role address at a business — corporate subscriber, lawful with sender identity + working opt-out (PECR reg.22 / SI 336/2011 reg.13)"
6e95dc6f052873f7bae8,Chokhi Dhani,Restaurant,london,London,GB,UK,info@chokhidhani.co.uk,+44 20 3795 9000,https://www.chokhidhani.co.uk/,2 Riverlight Quay SW11 8AW London,51.48211,-0.137,5,,osm,email,1,new,ok,"GB: role address at a business — corporate subscriber, lawful with sender identity + working opt-out (PECR reg.22 / SI 336/2011 reg.13)"
49f15bdf211f77b29c51,Cirrik,Restaurant,london,London,GB,UK,info@cirrik.co.uk,+442072490400,https://www.cirrik.co.uk/,34 Stoke Newington Road N16 7XJ London,51.55162,-0.07481,5,,osm,email,1,new,ok,"GB: role address at a business — corporate subscriber, lawful with sender identity + working opt-out (PECR reg.22 / SI 336/2011 reg.13)"
faa27e4eb726fe702a06,City Bouldering,Gym & fitness,london,London,GB,UK,info@citybouldering.co.uk,+44 20 7247 3121,https://www.citybouldering.co.uk/,33 Aldgate High Street EC3N 1AH London,51.51439,-0.07497,5,,osm,email,1,new,ok,"GB: role address at a business — corporate subscriber, lawful with sender identity + working opt-out (PECR reg.22 / SI 336/2011 reg.13)"
da2cd34951750af003b5,Clapton Craft,Wine & spirits,london,London,GB,UK,info@claptoncraft.co.uk,+44 20 3643 2669,https://www.claptoncraft.co.uk/,97 Lower Clapton Road E5 0NP London,51.55188,-0.05235,5,,osm,email,1,new,ok,"GB: role address at a business — corporate subscriber, lawful with sender identity + working opt-out (PECR reg.22 / SI 336/2011 reg.13)"
1aad523389a4c9d1cd31,Clapton Square Brasserie,Restaurant,london,London,GB,UK,info@claptonsquarebrasserie.com,+44 20 8985 9674,https://www.claptonsquarebrasserie.com/,19 Lower Clapton Road E5 0NS London,51.55079,-0.05317,3,,osm,email,1,new,ok,"GB: role address at a business — corporate subscriber, lawful with sender identity + working opt-out (PECR reg.22 / SI 336/2011 reg.13)"
48d31f8d801db307d23c,Clipstone,Restaurant,london,London,GB,UK,info@clipstonerestaurant.co.uk,+44 20 7637 0871,https://clipstonerestaurant.co.uk/,5 Clipstone Street W1W 6BB London,51.52083,-0.14221,5,,osm,email,1,new,ok,"GB: role address at a business — corporate subscriber, lawful with sender identity + working opt-out (PECR reg.22 / SI 336/2011 reg.13)"
2afbcf6e75219267f57f,Coal Office,Restaurant,london,London,GB,UK,hello@coaloffice.com,+44 20 3848 6085,https://coaloffice.com/,2 Bagley Walk N1C 4PQ London,51.53492,-0.1264,5,,osm,email,1,new,ok,"GB: role address at a business — corporate subscriber, lawful with sender identity + working opt-out (PECR reg.22 / SI 336/2011 reg.13)"
c5b19c4c613a064bd0a9,Crumble Mania,Restaurant,london,London,GB,UK,info@crumblemania.com,+44 20 8694 1160,https://crumblemania.com/,395A New Cross Road SE14 6LA London,51.47602,-0.03364,5,,osm,email,1,new,ok,"GB: role address at a business — corporate subscriber, lawful with sender identity + working opt-out (PECR reg.22 / SI 336/2011 reg.13)"
2f27b33adf39a317c7bc,D1 Coffee,Café,london,London,GB,UK,info@d1coffee.co.uk,,https://d1coffee.co.uk,1d Aberdeen Place London,51.52483,-0.1761,1,,osm,email,1,new,ok,"GB: role address at a business — corporate subscriber, lawful with sender identity + working opt-out (PECR reg.22 / SI 336/2011 reg.13)"
d33dc68fc4d025083ca6,Darjeeling Express,Restaurant,london,London,GB,UK,reservations@darjeeling-express.com,+44 20 33753772,https://www.darjeeling-express.com/,Kingly Court W1B 5PW London,51.51219,-0.1383,4,,osm,email,1,new,ok,"GB: role address at a business — corporate subscriber, lawful with sender identity + working opt-out (PECR reg.22 / SI 336/2011 reg.13)"
887be71ed9c28124442a,De Amicis,Restaurant,london,London,GB,UK,info@deamicis.co.uk,+44 20 7229 8205,https://www.deamicis.co.uk,14 Notting Hill Gate W11 3JE London,51.50975,-0.19348,5,,osm,email,1,new,ok,"GB: role address at a business — corporate subscriber, lawful with sender identity + working opt-out (PECR reg.22 / SI 336/2011 reg.13)"
5d75d234eac56240ab99,Delamina East,Restaurant,london,London,GB,UK,info@delaminaeast.co.uk,+44 20 7078 0770,https://www.delaminaeast.co.uk/,151-153 Commercial Street E1 6BJ London,51.52129,-0.07573,5,,osm,email,1,new,ok,"GB: role address at a business — corporate subscriber, lawful with sender identity + working opt-out (PECR reg.22 / SI 336/2011 reg.13)"
75b139f707b809346aff,Dilara Uyghur Restaurant,Restaurant,london,London,GB,UK,info@dilarauyghurrestaurant.co.uk,+44 20 7226 2446,https://dilarauyghurrestaurant.co.uk/,27 Blackstock Road N4 2JF London,51.56408,-0.10318,2,,osm,email,1,new,ok,"GB: role address at a business — corporate subscriber, lawful with sender identity + working opt-out (PECR reg.22 / SI 336/2011 reg.13)"
118c0940685882127a6b,Don't Tell Dad,Restaurant,london,London,GB,UK,hello@donttelldad.co.uk,,https://www.donttelldad.co.uk/,10-14 Lonsdale Road NW6 6RD London,51.53728,-0.20341,5,,osm,email,1,new,ok,"GB: role address at a business — corporate subscriber, lawful with sender identity + working opt-out (PECR reg.22 / SI 336/2011 reg.13)"
a6fafbd77392181cc7d3,Duke of York,Bar,london,London,GB,UK,Info@thedukeofyork.pub,+44207 403 3590,https://4and20restaurants.com/the-duke-of-york,47 Borough Road SE1 1DR London,51.49924,-0.09961,5,,osm,email,1,new,ok,"GB: role address at a business — corporate subscriber, lawful with sender identity + working opt-out (PECR reg.22 / SI 336/2011 reg.13)"
4c07de460c57dbcb475c,Dulwich Vintners,Wine & spirits,london,Dulwich,GB,UK,info@dulwichvintners.co.uk,+44 20 8299 1051,https://www.dulwichvintners.co.uk/,85-87 Dulwich Village SE21 7BJ London,51.44906,-0.08498,5,,osm,email,1,new,ok,"GB: role address at a business — corporate subscriber, lawful with sender identity + working opt-out (PECR reg.22 / SI 336/2011 reg.13)"
9f967defce1ad60386be,Exmouth Arms,Bar,london,London,GB,UK,info@exmoutharms.com,+44 20 3551 4772,https://www.exmoutharms.com/,23 Exmouth Market EC1R 4QL London,51.52576,-0.10966,5,,osm,email,1,new,ok,"GB: role address at a business — corporate subscriber, lawful with sender identity + working opt-out (PECR reg.22 / SI 336/2011 reg.13)"
50fd4c6cd61d5db90397,Farm Girl,Café,london,London,GB,UK,hello@thefarmgirl.co.uk,,https://www.thefarmgirl.co.uk/,59 Portobello Road W11 3DB London,51.51204,-0.20076,5,,osm,email,1,new,ok,"GB: role address at a business — corporate subscriber, lawful with sender identity + working opt-out (PECR reg.22 / SI 336/2011 reg.13)"
58ac0177d8c7b778bf79,Fishcotheque,Street food,london,London,GB,UK,admin@thefishcotheque.com,+44 20 7803 9892,https://thefishcotheque.com/,79A Waterloo Road SE1 8UD London,51.50396,-0.11171,5,,osm,email,1,new,ok,"GB: role address at a business — corporate subscriber, lawful with sender identity + working opt-out (PECR reg.22 / SI 336/2011 reg.13)"
bdc4cc0de037703dd2dc,Frog by Adam Handling,Restaurant,london,London,GB,UK,info@frogbyadamhandling.com,+44 20 7199 8370,https://www.frogbyadamhandling.com/,34-38 Southampton Street WC2E 7HG London,51.51076,-0.12203,5,,osm,email,1,new,ok,"GB: role address at a business — corporate subscriber, lawful with sender identity + working opt-out (PECR reg.22 / SI 336/2011 reg.13)"
83466b0c0e636ca6d2e1,German Gymnasium,Restaurant,london,London,GB,UK,reservations@germangymnasium.com,+44 20 7287 8000,https://www.germangymnasium.com/,1 King's Boulevard N1C 4BU London,51.5324,-0.12543,5,,osm,email,1,new,ok,"GB: role address at a business — corporate subscriber, lawful with sender identity + working opt-out (PECR reg.22 / SI 336/2011 reg.13)"
71f27f0b6ccd11c36da3,Goldsmiths Café,Café,london,New Cross,GB,UK,contact@goldsmithscafe.co.uk,+44 20 8694 6940,https://www.goldsmithscafe.co.uk/,25-27 Lewisham Way SE14 6PP London,51.47517,-0.03514,5,,osm,email,1,new,ok,"GB: role address at a business — corporate subscriber, lawful with sender identity + working opt-out (PECR reg.22 / SI 336/2011 reg.13)"
6736c8b5c9b5cfec328d,Granger & Co.,Restaurant,london,London,GB,UK,info@grangerandco.com,+44 20 3058 2567,https://grangerandco.com,7 Pancras Square N1C 4AG London,51.53271,-0.12542,5,,osm,email,1,new,ok,"GB: role address at a business — corporate subscriber, lawful with sender identity + working opt-out (PECR reg.22 / SI 336/2011 reg.13)"
4f49a7353a4520a81f1f,Granger & Co. Chelsea,Restaurant,london,London,GB,UK,info@grangerandco.com,+44 20 3848 1060,https://grangerandco.com/chelsea,237 Pavilion Road SW1X 0BP London,51.49381,-0.15877,5,,osm,email,1,new,ok,"GB: role address at a business — corporate subscriber, lawful with sender identity + working opt-out (PECR reg.22 / SI 336/2011 reg.13)"
d8457dd948620601a475,Gunpowder,Restaurant,london,London,GB,UK,hello@gunpowderlondon.com,+44 20 7426 0542,http://gunpowderlondon.com/,11 White's Row E1 7NF London,51.51828,-0.07478,5,,osm,email,1,new,ok,"GB: role address at a business — corporate subscriber, lawful with sender identity + working opt-out (PECR reg.22 / SI 336/2011 reg.13)"
03cbe99a3733778933ac,HWK Coffee,Café,london,London,GB,UK,info@hwklondon.com,+44 20 8533 4685,https://www.hwklondon.com/,29 White Post Lane E9 5EN London,51.54308,-0.02484,5,,osm,email,1,new,ok,"GB: role address at a business — corporate subscriber, lawful with sender identity + working opt-out (PECR reg.22 / SI 336/2011 reg.13)"
5a9f0c45205c025913ee,Habesha,Restaurant,london,London,GB,UK,info@habesha-restaurant.co.uk,,,41 Camberwell Church Street SE5 8TR London,51.47393,-0.08961,5,,osm,email,1,new,ok,"GB: role address at a business — corporate subscriber, lawful with sender identity + working opt-out (PECR reg.22 / SI 336/2011 reg.13)"
7b4230646e775af16b3b,Hakata Ramen,Restaurant,london,London,GB,UK,contact@hakata.co.uk,+44 20 7234 0244,https://www.hakata.co.uk/,177 Bermondsey Street SE1 3UW London,51.49883,-0.0809,5,,osm,email,1,new,ok,"GB: role address at a business — corporate subscriber, lawful with sender identity + working opt-out (PECR reg.22 / SI 336/2011 reg.13)"
88b202113cd443b1ab5c,Heaven,Nightlife,london,London,GB,UK,info@heavennightclublondon.com,+44 20 7930 2020,http://www.heavennightclub-london.com,Villiers Street London,51.50787,-0.12456,4,,osm,email,1,new,ok,"GB: role address at a business — corporate subscriber, lawful with sender identity + working opt-out (PECR reg.22 / SI 336/2011 reg.13)"
186fc6bcf0952af27aac,Henson’s Bar,Bar,london,London,GB,UK,info@mimishotelsoho.com,+44 20 8017 9100,https://mimishotelsoho.com/,56-57 Frith Street W1D 3JG London,51.51406,-0.13196,3,,osm,email,1,new,ok,"GB: role address at a business — corporate subscriber, lawful with sender identity + working opt-out (PECR reg.22 / SI 336/2011 reg.13)"
4cd7ed7de1da755b1ccc,Holiday Inn London - Camden Lock,Hotel,london,,GB,UK,info@hicamdenlock.co.uk,,https://www.ihg.com/holidayinn/hotels/gb/en/london/loncl/hoteldetail,"30 Jamestown Road, London, NW1 7BY",51.54046,-0.14606,5,,osm,email,1,new,ok,"GB: role address at a business — corporate subscriber, lawful with sender identity + working opt-out (PECR reg.22 / SI 336/2011 reg.13)"
c152b87fa124d3106ed9,Holloway Model Bakery,Bakery,london,London,GB,UK,team@hollowaymodelbakery.co.uk,+447751 057215,,66 Georges Road N7 8HX London,51.55032,-0.11272,5,,osm,email,1,new,ok,"GB: role address at a business — corporate subscriber, lawful with sender identity + working opt-out (PECR reg.22 / SI 336/2011 reg.13)"
001a43588fcd78b68d46,Holy Cow,Restaurant,london,London,GB,UK,info@holycowonline.com,+44 20 7263 7007,http://holycowonline.com,87 Junction Road N19 5QU London,51.56324,-0.13543,5,,osm,email,1,new,ok,"GB: role address at a business — corporate subscriber, lawful with sender identity + working opt-out (PECR reg.22 / SI 336/2011 reg.13)"
0a9fcdb13ea0fd23e271,Holy Cow,Street food,london,London,GB,UK,info@holycowonline.com,+44 20 7837 3473,https://www.holycowonline.com/,98 Chapel Market N1 9EY London,51.53324,-0.11105,5,,osm,email,1,new,ok,"GB: role address at a business — corporate subscriber, lawful with sender identity + working opt-out (PECR reg.22 / SI 336/2011 reg.13)"
8920b001b67c29026d66,Hop Kingdom,Bar,london,London,GB,UK,info@hopking.org,+44 20 3730 4129,https://hopking.org,16 Druid Street SE1 2EY London,51.50195,-0.07976,5,,osm,email,1,new,ok,"GB: role address at a business — corporate subscriber, lawful with sender identity + working opt-out (PECR reg.22 / SI 336/2011 reg.13)"
7683e22942051591a6fd,Hoppers,Restaurant,london,London,GB,UK,reservations@hopperslondon.com,+44 20 3319 8110,https://www.hopperslondon.com,77 Wigmore Street W1U 1QE London,51.51589,-0.15086,5,,osm,email,1,new,ok,"GB: role address at a business — corporate subscriber, lawful with sender identity + working opt-out (PECR reg.22 / SI 336/2011 reg.13)"
9d4cb6f43de753b936bd,Hotel Indigo,Hotel,london,London,GB,UK,info@in1lslondon.com,+44 20 3953 4200,https://www.ihg.com/hotelindigo/hotels/gb/en/london/lonls/hoteldetail,1 Leicester Square WC2H 7NA London,51.51081,-0.13092,1,,osm,email,1,new,ok,"GB: role address at a business — corporate subscriber, lawful with sender identity + working opt-out (PECR reg.22 / SI 336/2011 reg.13)"
859dc867f96ac36742b6,ICA Café Bar,Café,london,,GB,UK,info@ica.art,,https://www.ica.art/,"NASH HOUSE 12 CARLTON HOUSE TERRACE, LONDON, SW1Y 5AH",51.50637,-0.13063,5,,osm,email,1,new,ok,"GB: role address at a business — corporate subscriber, lawful with sender identity + working opt-out (PECR reg.22 / SI 336/2011 reg.13)"
d05f661d55c56be64c47,Intermission,Café,london,London,GB,UK,info@intermission.coffee,,https://www.intermission.coffee/,Unit 2 West Hampstead Square NW6 2BR London,51.54721,-0.19139,5,,osm,email,1,new,ok,"GB: role address at a business — corporate subscriber, lawful with sender identity + working opt-out (PECR reg.22 / SI 336/2011 reg.13)"
a4547b4485be56b863df,Irene,Bakery,london,London,GB,UK,hello@irenebakery.co.uk,+44 20 3489 8065,https://www.irenebakery.co.uk,82 Bell Street London,51.5215,-0.16721,4,,osm,email,1,new,ok,"GB: role address at a business — corporate subscriber, lawful with sender identity + working opt-out (PECR reg.22 / SI 336/2011 reg.13)"
dc093f0c1162d7d684bf,Jamaica Patty Co,Street food,london,London,GB,UK,info@jamaicapatty.co.uk,+44 20 7836 3334,https://jamaicapatty.co.uk/,26 New Row WC2N 4LA London,51.51111,-0.12669,5,,osm,email,1,new,ok,"GB: role address at a business — corporate subscriber, lawful with sender identity + working opt-out (PECR reg.22 / SI 336/2011 reg.13)"
abb63ee76b72f4ea3edd,Jamaica Patty Co,Restaurant,london,London,GB,UK,info@jamaicapatty.co.uk,+44 20 7836 3334,https://jamaicapatty.co.uk/,27 Liverpool Street London,51.51728,-0.08218,4,,osm,email,1,new,ok,"GB: role address at a business — corporate subscriber, lawful with sender identity + working opt-out (PECR reg.22 / SI 336/2011 reg.13)"
b4d064d642e209e9cf63,Jazzbourne,Bar,london,London,GB,UK,info@jazzbourne.com,,https://www.jazzbourne.com/,443 New Cross Road SE14 6TA London,51.47578,-0.03017,5,,osm,email,1,new,ok,"GB: role address at a business — corporate subscriber, lawful with sender identity + working opt-out (PECR reg.22 / SI 336/2011 reg.13)"
44910c15402632c57895,KOI Ramen Bar,Restaurant,london,London,GB,UK,info@koiramenbar.co.uk,+44 7367 094962,https://www.koiramenbar.co.uk/,6 New Drum Street E1 7AT London,51.51498,-0.0711,5,,osm,email,1,new,ok,"GB: role address at a business — corporate subscriber, lawful with sender identity + working opt-out (PECR reg.22 / SI 336/2011 reg.13)"
213e333ae9943a293da6,Kibele Restaurant & Bar,Restaurant,london,London,GB,UK,reservation@kibelerestaurant.com,+44 20 7436 0600,https://www.kibele.co.uk/,175-177 Great Portland Street W1W 5PJ London,51.52185,-0.1437,5,,osm,email,1,new,ok,"GB: role address at a business — corporate subscriber, lawful with sender identity + working opt-out (PECR reg.22 / SI 336/2011 reg.13)"
062a2191524a55736acf,Kitchen Table,Restaurant,london,London,GB,UK,info@kitchentablelondon.co.uk,,https://kitchentablelondon.co.uk/,70 Charlotte Street W1T 4QG London,51.52039,-0.13648,5,,osm,email,1,new,ok,"GB: role address at a business — corporate subscriber, lawful with sender identity + working opt-out (PECR reg.22 / SI 336/2011 reg.13)"
1c458c93fb50c90a186a,Koi Ramen Bar,Restaurant,london,Herne Hill,GB,UK,info@koiramenbar.co.uk,+447367094962,https://www.koiramenbar.co.uk/,41 Norwood Road SE24 9AJ London,51.45151,-0.10058,4,,osm,email,1,new,ok,"GB: role address at a business — corporate subscriber, lawful with sender identity + working opt-out (PECR reg.22 / SI 336/2011 reg.13)"
dd67f552a24d6b06dce2,Kolae,Restaurant,london,London,GB,UK,hello@kolae.com,+44 20 3325 3933,https://www.kolae.com/,6 Park Street SE1 9AB London,51.50544,-0.09159,5,,osm,email,1,new,ok,"GB: role address at a business — corporate subscriber, lawful with sender identity + working opt-out (PECR reg.22 / SI 336/2011 reg.13)"
93042ac542142f68a41e,Kolamba East,Restaurant,london,London,GB,UK,hello@kolambaeast.co.uk,+44 20 3435 7174,https://www.kolamba.co.uk/kolamba-east,12 Blossom Street E1 6PL London,51.52157,-0.07768,5,,osm,email,1,new,ok,"GB: role address at a business — corporate subscriber, lawful with sender identity + working opt-out (PECR reg.22 / SI 336/2011 reg.13)"
11c9036719117529bec1,Korean BBQ House,Restaurant,london,London,GB,UK,info@kbbqhouse.co.uk,+44 20 7256 5179,https://www.kbbqhouse.co.uk,107 Whitecross Street EC1Y 8JD London,51.5222,-0.09288,5,,osm,email,1,new,ok,"GB: role address at a business — corporate subscriber, lawful with sender identity + working opt-out (PECR reg.22 / SI 336/2011 reg.13)"
ffeed1fdc6b1eb3473a9,Kotta Sushi,Restaurant,london,London,GB,UK,info@kottasushi.co.uk,+44 20 7624 1031,http://www.kottasushi.co.uk,1 Violet Hill NW8 9EB London,51.53255,-0.18118,5,,osm,email,1,new,ok,"GB: role address at a business — corporate subscriber, lawful with sender identity + working opt-out (PECR reg.22 / SI 336/2011 reg.13)"
3db59cf38b3cb200b92c,Kruk,Restaurant,london,London,GB,UK,info@krukthai.com,+44 7802 704814,https://krukthai.com/,213 Blenheim Grove SE15 4QL London,51.46957,-0.06997,5,,osm,email,1,new,ok,"GB: role address at a business — corporate subscriber, lawful with sender identity + working opt-out (PECR reg.22 / SI 336/2011 reg.13)"
8d769b4f343cae721431,Kêu,Street food,london,London,GB,UK,info@keudeli.co.uk,+44 20 3657 8888,https://banhmikeu.co.uk/,19 Borough High Street SE1 9SE London,51.50525,-0.08916,5,,osm,email,1,new,ok,"GB: role address at a business — corporate subscriber, lawful with sender identity + working opt-out (PECR reg.22 / SI 336/2011 reg.13)"
231b8265cad635783f5a,L'Antica Pizzeria da Michele,Restaurant,london,London,GB,UK,info@anticapizzeriadamichele.co.uk,+44 20 7935 6458,https://www.anticapizzeriadamichele.co.uk/,199 Baker Street NW1 6UY London,51.52264,-0.15796,5,,osm,email,1,new,ok,"GB: role address at a business — corporate subscriber, lawful with sender identity + working opt-out (PECR reg.22 / SI 336/2011 reg.13)"
b4bcbd37306bb2f5227a,La Chatica,Café,london,London,GB,UK,info@lachatica.com,+44 20 7277 4485,http://www.lachatica.com,2 Elephant Road SE17 1LB London,51.49339,-0.0988,5,,osm,email,1,new,ok,"GB: role address at a business — corporate subscriber, lawful with sender identity + working opt-out (PECR reg.22 / SI 336/2011 reg.13)"
8b4a8b06764400b1c400,La Chingada,Restaurant,london,London,GB,UK,info@lachingada.co.uk,+447776774779,https://www.lachingada.co.uk/,182 Jamaica Road SE16 4RT London,51.49822,-0.06186,5,,osm,email,1,new,ok,"GB: role address at a business — corporate subscriber, lawful with sender identity + working opt-out (PECR reg.22 / SI 336/2011 reg.13)"
a495d0d990e2dae8adf0,La Cucina Di Mamma,Café,london,London,GB,UK,info@cucina-restaurant.com,+44 20 7921 9352,https://cucina-restaurant.com/,"3j, 3k Belvedere Road SE1 7GQ London",51.5025,-0.11761,5,,osm,email,1,new,ok,"GB: role address at a business — corporate subscriber, lawful with sender identity + working opt-out (PECR reg.22 / SI 336/2011 reg.13)"
41ed1bee5476fc47a436,Lai Rai,Restaurant,london,London,GB,UK,hello@lairai.london,+44 20 3337 9371,https://www.lairai.london/,181 Rye Lane SE15 4TP London,51.46812,-0.06708,5,,osm,email,1,new,ok,"GB: role address at a business — corporate subscriber, lawful with sender identity + working opt-out (PECR reg.22 / SI 336/2011 reg.13)"
6338ce5532312b7f3c0a,Lanterna,Restaurant,london,London,GB,UK,contact@lanternafishisland.com,+44 20 8075 9888,https://lanternafishisland.com/,2 Wyke Road E3 2XD London,51.54084,-0.02242,5,,osm,email,1,new,ok,"GB: role address at a business — corporate subscriber, lawful with sender identity + working opt-out (PECR reg.22 / SI 336/2011 reg.13)"
582dfc5466bf81044744,Le Bab,Restaurant,london,London,GB,UK,info@eatlebab.com,+44 20 7439 9222,https://www.eatlebab.com/,Kingly Court W1B 5PW London,51.51265,-0.13892,5,,osm,email,1,new,ok,"GB: role address at a business — corporate subscriber, lawful with sender identity + working opt-out (PECR reg.22 / SI 336/2011 reg.13)"
4943fc58940ac7f3ca8c,Leadbellys,Bar,london,London,GB,UK,info@leadbellysbar.co.uk,+44 20 3404 9550,https://www.leadbellysbar.co.uk/,Surrey Quays Road SE16 7AQ London,51.49823,-0.04861,5,,osm,email,1,new,ok,"GB: role address at a business — corporate subscriber, lawful with sender identity + working opt-out (PECR reg.22 / SI 336/2011 reg.13)"
0128682c972aabdeb10e,Lime Tree Hotel,Hotel,london,London,GB,UK,info@limetreehotel.co.uk,+44 20 7730 8191,https://www.limetreehotel.co.uk/,135-137 Ebury Street SW1W 9QU London,51.49335,-0.14999,5,,osm,email,1,new,ok,"GB: role address at a business — corporate subscriber, lawful with sender identity + working opt-out (PECR reg.22 / SI 336/2011 reg.13)"
dae3fe635b2ffd36d2c0,Little Ku,Bar,london,London,GB,UK,info@ku-bar.co.uk,+44 20 7437 4303,https://ku-bar.co.uk/little-ku,25 Frith Street W1D 5LB London,51.51309,-0.13103,5,,osm,email,1,new,ok,"GB: role address at a business — corporate subscriber, lawful with sender identity + working opt-out (PECR reg.22 / SI 336/2011 reg.13)"
6d3c5d435d462a5bcc00,Lokma,Restaurant,london,London,GB,UK,info@lokmarestaurant.com,+44 20 7407 2991,https://www.lokmarestaurant.com/,11 Bermondsey Square SE1 3UN London,51.4976,-0.08021,5,,osm,email,1,new,ok,"GB: role address at a business — corporate subscriber, lawful with sender identity + working opt-out (PECR reg.22 / SI 336/2011 reg.13)"
2ba6d7e24188093e5348,Lucky & Joy,Restaurant,london,London,GB,UK,info@luckyandjoy.co.uk,+44 20 8617 8100,https://luckyandjoy.co.uk/,95 Lower Clapton Road E5 0NP London,51.55184,-0.0523,5,,osm,email,1,new,ok,"GB: role address at a business — corporate subscriber, lawful with sender identity + working opt-out (PECR reg.22 / SI 336/2011 reg.13)"
1eb477e6e88bdaf97228,MRBL,Restaurant,london,London,GB,UK,hello@mrbl.co.uk,+44 2039 514277,https://www.mrbl.co.uk/,23-25 Leadenhall Market EC3V 1LR London,51.51265,-0.08365,5,,osm,email,1,new,ok,"GB: role address at a business — corporate subscriber, lawful with sender identity + working opt-out (PECR reg.22 / SI 336/2011 reg.13)"
1b328458ca3a563e2382,Magic Foods Plc,Dessert,london,,GB,UK,info@magicfoodsltd.com,+44 20 8692 6300,https://magicfoodsltd.com/,"155 Lewisham Way, London, SE14 6QP",51.47219,-0.03018,5,,osm,email,1,new,ok,"GB: role address at a business — corporate subscriber, lawful with sender identity + working opt-out (PECR reg.22 / SI 336/2011 reg.13)"
f909da720ad3ba761771,Mallow,Restaurant,london,London,GB,UK,hello@mallowlondon.com,+44 20 7846 8785,https://mallowlondon.com,1 Cathedral Street SE1 9DE London,51.50624,-0.09038,5,,osm,email,1,new,ok,"GB: role address at a business — corporate subscriber, lawful with sender identity + working opt-out (PECR reg.22 / SI 336/2011 reg.13)"
8deebc503dabea39fa74,Mama Nasha,Convenience,london,London,GB,UK,info@mamanasha.co.uk,,https://mamanasha.co.uk,16-18 Creek Road SE8 3BN London,51.48081,-0.0212,4,,osm,email,1,new,ok,"GB: role address at a business — corporate subscriber, lawful with sender identity + working opt-out (PECR reg.22 / SI 336/2011 reg.13)"
db623332f203cccad8f3,Mamuska!,Restaurant,london,London,GB,UK,info@mamuska.net,+44 20 3602 1898,https://mamuska.net,9 Addington Street SE1 7RY London,51.50103,-0.11539,5,,osm,email,1,new,ok,"GB: role address at a business — corporate subscriber, lawful with sender identity + working opt-out (PECR reg.22 / SI 336/2011 reg.13)"
cfb01b1d6d8775bb3bc9,Marcella,Restaurant,london,London,GB,UK,hello@marcella.london,+4420 3903 6561,https://marcella.london/,165A Deptford High Street SE8 3NU London,51.47957,-0.02626,5,,osm,email,1,new,ok,"GB: role address at a business — corporate subscriber, lawful with sender identity + working opt-out (PECR reg.22 / SI 336/2011 reg.13)"
94111fe057836d08088b,Maremma,Restaurant,london,London,GB,UK,info@maremmarestaurant.com,+44 20 3186 4011,https://maremmarestaurant.com,36 Brixton Water Lane SW2 1PE London,51.45513,-0.11289,5,,osm,email,1,new,ok,"GB: role address at a business — corporate subscriber, lawful with sender identity + working opt-out (PECR reg.22 / SI 336/2011 reg.13)"
e27e3cd9e05869278a6a,Margaux,Restaurant,london,London,GB,UK,contact@barmargaux.co.uk,+44 20 7373 5753,https://barmargaux.co.uk/,152 Old Brompton Road SW5 0BE London,51.49088,-0.18277,5,,osm,email,1,new,ok,"GB: role address at a business — corporate subscriber, lawful with sender identity + working opt-out (PECR reg.22 / SI 336/2011 reg.13)"
f235f5b09597c019c04c,Maset,Restaurant,london,London,GB,UK,bookings@maset.london,+44 20 3822 0808,https://www.maset.london/,40-42 Chiltern Street W1U 7QN London,51.51921,-0.15487,5,,osm,email,1,new,ok,"GB: role address at a business — corporate subscriber, lawful with sender identity + working opt-out (PECR reg.22 / SI 336/2011 reg.13)"
ae8eb353dc19ff7a2206,Mikos Gyros,Street food,london,,GB,UK,hello@mikosgyros.co.uk,,https://www.mikosgyros.com,218 Coldharbour Lane,51.46587,-0.10269,5,,osm,email,1,new,ok,"GB: role address at a business — corporate subscriber, lawful with sender identity + working opt-out (PECR reg.22 / SI 336/2011 reg.13)"
9e9bed23d5c46964c507,Mildreds,Restaurant,london,London,GB,UK,hello@mildreds.com,+442080500164,https://www.mildreds.com/victoria/,128 Wilton Road SW1V 1JZ London,51.49411,-0.1423,5,,osm,email,1,new,ok,"GB: role address at a business — corporate subscriber, lawful with sender identity + working opt-out (PECR reg.22 / SI 336/2011 reg.13)"
6a4652eed88b59f1bfe7,Monohon Ramen,Restaurant,london,London,GB,UK,info@monohonramen.com,,http://monohonramen.com,102 Old Street London,51.52469,-0.09344,5,,osm,email,1,new,ok,"GB: role address at a business — corporate subscriber, lawful with sender identity + working opt-out (PECR reg.22 / SI 336/2011 reg.13)"
852678d72cd6b55a75be,Moonstruck Cafe,Café,london,Stockwell,GB,UK,hello@moonstruck.cafe,+44 20 3900 2413,https://www.moonstruck.cafe,153 South Lambeth Road SW8 1XN London,51.47804,-0.12329,5,,osm,email,1,new,ok,"GB: role address at a business — corporate subscriber, lawful with sender identity + working opt-out (PECR reg.22 / SI 336/2011 reg.13)"
dd488a0d9b8d017a5677,Morito,Restaurant,london,London,GB,UK,info@moritohackneyroad.co.uk,+44 20 7613 0754,https://www.moritohackneyroad.co.uk/,195 Hackney Road E2 8JL London,51.53099,-0.07198,5,,osm,email,1,new,ok,"GB: role address at a business — corporate subscriber, lawful with sender identity + working opt-out (PECR reg.22 / SI 336/2011 reg.13)"
1724c01195e701d8711e,Mr Francatelli,Restaurant,london,London,GB,UK,info@mrfrancatelli.co.uk,+44 20 34355489,https://www.mrfrancatelli.co.uk/,48a Rochester Row SW1P 1JU London,51.49473,-0.13654,5,,osm,email,1,new,ok,"GB: role address at a business — corporate subscriber, lawful with sender identity + working opt-out (PECR reg.22 / SI 336/2011 reg.13)"
559888fef7503780b96d,Namaste Holborn,Restaurant,london,London,GB,UK,sales@namasteholborn.com,+44 20 7242 2434,https://namasteholborn.com,33 Boswell Street WC1N 3BP London,51.52065,-0.12124,4,,osm,email,1,new,ok,"GB: role address at a business — corporate subscriber, lawful with sender identity + working opt-out (PECR reg.22 / SI 336/2011 reg.13)"
5cb7ef0802f702d0fbc9,Naïfs,Restaurant,london,London,GB,UK,info@naifs.co.uk,+44 20 3490 2422,https://www.naifs.co.uk/,56 Goldsmith Road SE15 5TN London,51.47552,-0.06523,5,,osm,email,1,new,ok,"GB: role address at a business — corporate subscriber, lawful with sender identity + working opt-out (PECR reg.22 / SI 336/2011 reg.13)"
40f41fbe687c1a27da9c,Never For Ever,Bar,london,London,GB,UK,hello@neverforeverkt.com,+44 20 7267 7007,https://neverforeverkt.com,79 Highgate Road NW5 1TL London,51.55424,-0.14456,5,,osm,email,1,new,ok,"GB: role address at a business — corporate subscriber, lawful with sender identity + working opt-out (PECR reg.22 / SI 336/2011 reg.13)"
10d032714367b9684adc,New Cross Inn,Bar,london,London,GB,UK,info@newcrossinn.com,+44 20 8469 4382,https://www.newcrossinn.com/,323 New Cross Road SE14 6AS London,51.4758,-0.03709,5,,osm,email,1,new,ok,"GB: role address at a business — corporate subscriber, lawful with sender identity + working opt-out (PECR reg.22 / SI 336/2011 reg.13)"
c3ed67945fb63543dbbb,NoNo,Café,london,London,GB,UK,info@nonocoffee.com,,https://nonocoffee.com/,12 West Lane SE16 4NY London,51.49902,-0.06027,5,,osm,email,1,new,ok,"GB: role address at a business — corporate subscriber, lawful with sender identity + working opt-out (PECR reg.22 / SI 336/2011 reg.13)"
4444ccd8b589ac6631b5,Noble Rot,Restaurant,london,London,GB,UK,reservations@noblerot.co.uk,+44 20 7242 8963,https://noblerot.co.uk/,51 Lamb's Conduit Street WC1N 3NB London,51.52189,-0.11866,5,,osm,email,1,new,ok,"GB: role address at a business — corporate subscriber, lawful with sender identity + working opt-out (PECR reg.22 / SI 336/2011 reg.13)"
c0f4202e2360bcb5954f,Norfolk Arms,Bar,london,London,GB,UK,info@norfolkarms.co.uk,+44 20 7388 3937,https://norfolkarms.co.uk/,28 Leigh Street WC1H 9EP London,51.52664,-0.12519,3,,osm,email,1,new,ok,"GB: role address at a business — corporate subscriber, lawful with sender identity + working opt-out (PECR reg.22 / SI 336/2011 reg.13)"
dae5f627fb1b7ed89db9,Nua,Restaurant,london,London,GB,UK,contact@eatnua.com,+44 20 3089 3346,https://www.eatnua.com/home/,55 Cleveland Street W1T 4JL London,51.52051,-0.1389,5,,osm,email,1,new,ok,"GB: role address at a business — corporate subscriber, lawful with sender identity + working opt-out (PECR reg.22 / SI 336/2011 reg.13)"
a017e553ff1015fc02ce,Nécco,Restaurant,london,London,GB,UK,info@necco.co.uk,+44 20 7713 8575,http://necco.co.uk/,52-54 Exmouth Market EC1R 4QE London,51.52606,-0.1085,4,,osm,email,1,new,ok,"GB: role address at a business — corporate subscriber, lawful with sender identity + working opt-out (PECR reg.22 / SI 336/2011 reg.13)"
c9122991bb9243c07f46,O Ver,Restaurant,london,London,GB,UK,booking@overuk.com,+44 20 7378 9933,https://www.overuk.com/,44-46 Southwark Street SE1 1UN London,51.50488,-0.09408,4,,osm,email,1,new,ok,"GB: role address at a business — corporate subscriber, lawful with sender identity + working opt-out (PECR reg.22 / SI 336/2011 reg.13)"
e7586d0d3d33cdaa904a,OKKO,Restaurant,london,London,GB,UK,restaurant@okko-uk.com,+44 20 7249 1372,https://www.okko-uk.com/,49 Broadway Market E8 4PH London,51.53699,-0.06166,5,,osm,email,1,new,ok,"GB: role address at a business — corporate subscriber, lawful with sender identity + working opt-out (PECR reg.22 / SI 336/2011 reg.13)"
f441a0b1ac2ff499335c,Oak & Pastor,Bar,london,London,GB,UK,office@oakandpastor.com,+44 20 8616 0943,,86 Junction Road N19 5QZ London,51.56249,-0.13652,5,,osm,email,1,new,ok,"GB: role address at a business — corporate subscriber, lawful with sender identity + working opt-out (PECR reg.22 / SI 336/2011 reg.13)"
074f5f7e523701f5cd9a,Oli's Fish and Chips,Street food,london,London,GB,UK,info@olisfishchips.co.uk,+44 20 7607 3887,https://olisfishchips.co.uk/,Caledonian Road N7 9DQ London,51.54352,-0.11771,4,,osm,email,1,new,ok,"GB: role address at a business — corporate subscriber, lawful with sender identity + working opt-out (PECR reg.22 / SI 336/2011 reg.13)"
43ce444230bef3bdacfd,Osteria Antica Bologna,Restaurant,london,London,GB,UK,info@osteria.co.uk,+44 20 7978 4771,https://www.osteria.co.uk/,23 Northcote Road SW11 1NG London,51.46,-0.16644,5,,osm,email,1,new,ok,"GB: role address at a business — corporate subscriber, lawful with sender identity + working opt-out (PECR reg.22 / SI 336/2011 reg.13)"
7979c7ee4ef7d80c2917,Paulette,Restaurant,london,London,GB,UK,bookings@paulettelondon.com,+44 20 7286 2715,https://www.paulettelondon.com/,18 Formosa Street W9 1EE London,51.52452,-0.18509,2,,osm,email,1,new,ok,"GB: role address at a business — corporate subscriber, lawful with sender identity + working opt-out (PECR reg.22 / SI 336/2011 reg.13)"
42f4d9b3a9b2250888c8,People's Park Tavern,Bar,london,Hackney,GB,UK,hello@peoplesparktavern.pub,+44 20 8533 0040,https://www.peoplesparktavern.pub/,360 Victoria Park Road E9 7BT London,51.54164,-0.03772,5,,osm,email,1,new,ok,"GB: role address at a business — corporate subscriber, lawful with sender identity + working opt-out (PECR reg.22 / SI 336/2011 reg.13)"
f624febcdfacd2e2ecfc,Phakoon Thai Kitchen,Restaurant,london,London,GB,UK,hello@phakoonthai.com,+44 20 8874 9036,https://www.phakoonthai.com/,346-348 Garratt Lane SW18 4ES London,51.44239,-0.18857,5,,osm,email,1,new,ok,"GB: role address at a business — corporate subscriber, lawful with sender identity + working opt-out (PECR reg.22 / SI 336/2011 reg.13)"
3a9224ff0a62dc882f91,Phresh,Café,london,London,GB,UK,info@phreshltd.co.uk,+44 7851 067350,https://phreshjuice.co.uk/,103e Lavender Hill SW11 5QL London,51.4655,-0.15552,5,,osm,email,1,new,ok,"GB: role address at a business — corporate subscriber, lawful with sender identity + working opt-out (PECR reg.22 / SI 336/2011 reg.13)"
ce145c6a30fd8c24420f,Pizza East,Restaurant,london,London,GB,UK,reception@pizzaeast.com,+44 20 7729 1888,https://www.pizzaeast.com/shoreditch,56 Shoreditch High Street E1 6JJ London,51.52376,-0.07693,5,,osm,email,1,new,ok,"GB: role address at a business — corporate subscriber, lawful with sender identity + working opt-out (PECR reg.22 / SI 336/2011 reg.13)"
1930a03a6150cc14b3b1,Pizza Pilgrims Chelsea,Restaurant,london,London,GB,UK,info@pizzapilgrims.co.uk,+44 20 7730 1316,https://www.pizzapilgrims.co.uk/pizzerias/chelsea/,219 King's Road SW3 5EJ London,51.48654,-0.1709,5,,osm,email,1,new,ok,"GB: role address at a business — corporate subscriber, lawful with sender identity + working opt-out (PECR reg.22 / SI 336/2011 reg.13)"
5f7bbb5b91e47d229c51,Plants of Roselyn,Restaurant,london,London,GB,UK,hello@plantsofroselyn.com,+44 20 7357 6381,https://www.plantsofroselyn.com/,102 Tooley Street SE1 2TH London,51.50428,-0.08263,4,,osm,email,1,new,ok,"GB: role address at a business — corporate subscriber, lawful with sender identity + working opt-out (PECR reg.22 / SI 336/2011 reg.13)"
117fbffe3c8999ff53ca,Pure Indian Cooking,Restaurant,london,London,GB,UK,info@pureindiancooking.com,,https://www.pureindiancooking.com/,67 Fulham High Street SW6 3JJ London,51.46953,-0.20993,5,,osm,email,1,new,ok,"GB: role address at a business — corporate subscriber, lawful with sender identity + working opt-out (PECR reg.22 / SI 336/2011 reg.13)"
2d0bae72ab6bee63b582,Queens Skate Dine Bowl,Gym & fitness,london,London,GB,UK,info@queens.london,+44 20 7229 0172,https://queens.london/,17 Queensway W2 4QP London,51.5109,-0.18734,5,,osm,email,1,new,ok,"GB: role address at a business — corporate subscriber, lawful with sender identity + working opt-out (PECR reg.22 / SI 336/2011 reg.13)"
dbda2c3d356f7253cb07,Ramo Ramen,Restaurant,london,London,GB,UK,info@ramoramen.com,+44 20 7434 3777,https://www.ramoramen.com/,28 Brewer Street London,51.51216,-0.13452,4,,osm,email,1,new,ok,"GB: role address at a business — corporate subscriber, lawful with sender identity + working opt-out (PECR reg.22 / SI 336/2011 reg.13)"
a2065d7315f98856130f,Redwood Sports Pub & Kitchen,Restaurant,london,,GB,UK,info@redwoodsportspub.com,+44 20 3740 4885,https://redwoodsportspub.com/,London Bridge Station,51.50502,-0.08625,5,,osm,email,1,new,ok,"GB: role address at a business — corporate subscriber, lawful with sender identity + working opt-out (PECR reg.22 / SI 336/2011 reg.13)"
0604f14261a2632419fa,Rice Wine Shop,Supermarket,london,London,GB,UK,info@ricewineshop.com,+44 20 7439 3705,https://www.ricewine.co.uk/,82 Brewer Street W1F 9UA London,51.51077,-0.13708,3,,osm,email,1,new,ok,"GB: role address at a business — corporate subscriber, lawful with sender identity + working opt-out (PECR reg.22 / SI 336/2011 reg.13)"
5732289b5f75da37b50b,Roast Restaurant,Restaurant,london,London,GB,UK,info@roast-restaurant.com,+44 20 3371 3120,https://www.roast-restaurant.com/,Stoney Street SE1 1TL London,51.5054,-0.09097,5,,osm,email,1,new,ok,"GB: role address at a business — corporate subscriber, lawful with sender identity + working opt-out (PECR reg.22 / SI 336/2011 reg.13)"
f7a8774ab9e013d1d9f5,Roketsu,Restaurant,london,London,GB,UK,info@roketsu.co.uk,+44 20 3149 1227,https://www.roketsu.co.uk/,12 New Quebec Street London,51.51556,-0.15828,5,,osm,email,1,new,ok,"GB: role address at a business — corporate subscriber, lawful with sender identity + working opt-out (PECR reg.22 / SI 336/2011 reg.13)"
3c9052ad7ff16d602cf2,Rossodisera,Restaurant,london,London,GB,UK,info@rossodisera.co.uk,+44 20 7240 3683,https://rossodisera.co.uk/,5 Monmouth Street WC2H 9DA London,51.51488,-0.12669,5,,osm,email,1,new,ok,"GB: role address at a business — corporate subscriber, lawful with sender identity + working opt-out (PECR reg.22 / SI 336/2011 reg.13)"
92b70acd56ce3fe7e39b,Royal George,Bar,london,London,GB,UK,enquiry@theroyalgeorgewc2.co.uk,+44 20 7734 8837,https://www.theroyalgeorgewc2.co.uk/,133 Charing Cross Road WC2H 0EA London,51.51514,-0.13081,5,,osm,email,1,new,ok,"GB: role address at a business — corporate subscriber, lawful with sender identity + working opt-out (PECR reg.22 / SI 336/2011 reg.13)"
87f73b93fdd6b38e3088,SAPHI,Café,london,London,GB,UK,hello@coffeeandcroissant.com,,https://www.coffeeandcroissant.com/,Windsor Walk SE5 8BB London,51.46824,-0.08961,5,,osm,email,1,new,ok,"GB: role address at a business — corporate subscriber, lawful with sender identity + working opt-out (PECR reg.22 / SI 336/2011 reg.13)"
8acc82099e3bb77b86e7,SIAM Niyom,Restaurant,london,London,GB,UK,hello@siamniyom.co.uk,+44 20 8678 8999; +44 7365 954295,https://www.siamniyom.co.uk/,347 Norwood Road SE27 9BQ London,51.44064,-0.10597,5,,osm,email,1,new,ok,"GB: role address at a business — corporate subscriber, lawful with sender identity + working opt-out (PECR reg.22 / SI 336/2011 reg.13)"
d3c7bd925743afec0f2a,Saint Espresso,Café,london,London,GB,UK,hello@saintespresso.com,,https://www.saintespresso.com/,26 Pentonville Road N1 9HJ London,51.53204,-0.10761,5,,osm,email,1,new,ok,"GB: role address at a business — corporate subscriber, lawful with sender identity + working opt-out (PECR reg.22 / SI 336/2011 reg.13)"
b20b0c686bad41db9e87,Sambal Shiok Laksa Bar,Restaurant,london,London,GB,UK,info@sambalshiok.co.uk,+44 20 7619 9888,https://www.sambalshiok.co.uk/,171 Holloway Road London,51.54989,-0.10898,5,,osm,email,1,new,ok,"GB: role address at a business — corporate subscriber, lawful with sender identity + working opt-out (PECR reg.22 / SI 336/2011 reg.13)"
4e8d00bc9316e24c9889,Sanzio,Restaurant,london,London,GB,UK,info@sanziorestaurant.co.uk,+44 20 8830 5221,https://www.sanziorestaurant.co.uk/,26 Station Parade NW2 4NH London,51.54957,-0.2215,5,,osm,email,1,new,ok,"GB: role address at a business — corporate subscriber, lawful with sender identity + working opt-out (PECR reg.22 / SI 336/2011 reg.13)"
6f0f548d94a935e560c7,Sara Foods,Market,london,London,GB,UK,info@sarafoodsuk.com,+44 116 251 8075,https://sarafoodsuk.com/,7 Hereford Road London,51.51394,-0.19374,5,,osm,email,1,new,ok,"GB: role address at a business — corporate subscriber, lawful with sender identity + working opt-out (PECR reg.22 / SI 336/2011 reg.13)"
88f8c7b512bff2f63908,Satyrio,Restaurant,london,London,GB,UK,info@satyrio.co.uk,+44 20 7488 3334,https://satyrio.co.uk/,49 Aldgate High Street EC3N 1AL London,51.51424,-0.07428,4,,osm,email,1,new,ok,"GB: role address at a business — corporate subscriber, lawful with sender identity + working opt-out (PECR reg.22 / SI 336/2011 reg.13)"
82270eab9955d7097a98,Sawyer & Gray,Café,london,London,GB,UK,INFO@SAWYERANDGRAY.CO.UK,,https://www.sawyerandgray.co.uk/,290 St Paul's Road N1 2LH London,51.54627,-0.10114,4,,osm,email,1,new,ok,"GB: role address at a business — corporate subscriber, lawful with sender identity + working opt-out (PECR reg.22 / SI 336/2011 reg.13)"
3280f0b78e63118e8007,Schnitzel Forever,Restaurant,london,London,GB,UK,info@schnitzelforever.co.uk,+44 20 7419 0022,https://www.schnitzelforever.co.uk/,119 Stoke Newington Church Street N16 0UH London,51.56204,-0.08014,5,,osm,email,1,new,ok,"GB: role address at a business — corporate subscriber, lawful with sender identity + working opt-out (PECR reg.22 / SI 336/2011 reg.13)"
25794e325c8fb6f09dab,Schnitzel Heaven,Restaurant,london,London,GB,UK,info@schnitzelheaven.co.uk,,https://www.schnitzelheaven.co.uk,57 Pitfield Street N1 6BU London,51.52901,-0.08375,5,,osm,email,1,new,ok,"GB: role address at a business — corporate subscriber, lawful with sender identity + working opt-out (PECR reg.22 / SI 336/2011 reg.13)"
cd08b7a0a51d55e2058c,Science Gallery London,Gallery,london,London,GB,UK,hello@london.sciencegallery.com,,https://london.sciencegallery.com/,Great Maze Pond SE1 9GU London,51.5041,-0.08759,5,,osm,email,1,new,ok,"GB: role address at a business — corporate subscriber, lawful with sender identity + working opt-out (PECR reg.22 / SI 336/2011 reg.13)"
9dd51aac401df22af097,Ship Tavern,Bar,london,London,GB,UK,info@theshiptavern.co.uk,+44 20 7405 1992,,12 Gate Street WC2A 3HP London,51.51725,-0.11918,4,,osm,email,1,new,ok,"GB: role address at a business — corporate subscriber, lawful with sender identity + working opt-out (PECR reg.22 / SI 336/2011 reg.13)"
2b95a482c0ab64f28578,Shop Cuvèe,Wine & spirits,london,London,GB,UK,hello@shopcuvee.com,,https://www.shopcuvee.com/,189 Blackstock Road London,51.56043,-0.09846,5,,osm,email,1,new,ok,"GB: role address at a business — corporate subscriber, lawful with sender identity + working opt-out (PECR reg.22 / SI 336/2011 reg.13)"
6429d5c40773ed464f2d,Sour Leaf Cafe,Café,london,London,GB,UK,hello@sourleafcafe.co.uk,,https://sourleafcafe.co.uk,21a Westmoreland Road SE17 2AX London,51.48419,-0.09222,5,,osm,email,1,new,ok,"GB: role address at a business — corporate subscriber, lawful with sender identity + working opt-out (PECR reg.22 / SI 336/2011 reg.13)"
edcf8cd4642323787ad6,Spinach,Restaurant,london,London,GB,UK,info@spinach.london,+44 20 8299 3344,,161 Lordship Lane SE22 8HX London,51.45585,-0.07606,4,,osm,email,1,new,ok,"GB: role address at a business — corporate subscriber, lawful with sender identity + working opt-out (PECR reg.22 / SI 336/2011 reg.13)"
d1d8dcc3d3de4d3a3ff1,Sud Italia,Restaurant,london,London,GB,UK,info@suditaliapizza.co.uk,,https://suditaliapizza.co.uk/,16 Horner Square E1 6EW London,51.51992,-0.07534,5,,osm,email,1,new,ok,"GB: role address at a business — corporate subscriber, lawful with sender identity + working opt-out (PECR reg.22 / SI 336/2011 reg.13)"
51a8b91ce97f5d754281,Sushi Kyu,Restaurant,london,London,GB,UK,info@sushikyu.com,+44 20 4549 5888,http://sushikyu.com,30 Brewer Street W1F 0SS London,51.51213,-0.13456,2,,osm,email,1,new,ok,"GB: role address at a business — corporate subscriber, lawful with sender identity + working opt-out (PECR reg.22 / SI 336/2011 reg.13)"
de4589c2166f47b57eab,Sushi Revolution,Restaurant,london,London,GB,UK,hello@sushirevolution.co.uk,+44 20 4537 4331,https://www.sushirevolution.co.uk,240 Ferndale Road SW9 8FR London,51.46411,-0.11623,5,,osm,email,1,new,ok,"GB: role address at a business — corporate subscriber, lawful with sender identity + working opt-out (PECR reg.22 / SI 336/2011 reg.13)"
cbb14c6c85736cb329b3,Takagiya,Restaurant,london,London,GB,UK,info@takagiyalondon.com,+44 2074 190558,https://www.takagiyalondon.com,102 Fortune Green Road NW6 1DS London,51.55503,-0.19664,4,,osm,email,1,new,ok,"GB: role address at a business — corporate subscriber, lawful with sender identity + working opt-out (PECR reg.22 / SI 336/2011 reg.13)"
43c47a4a102c8ffda4ab,Taro,Restaurant,london,London,GB,UK,info@tarorestaurants.uk,+44 20 7735 7772,https://tarorestaurants.uk/,412 Kennington Road SE11 4PT London,51.4846,-0.11049,5,,osm,email,1,new,ok,"GB: role address at a business — corporate subscriber, lawful with sender identity + working opt-out (PECR reg.22 / SI 336/2011 reg.13)"
9adf59eb3c0b450d062b,Tawa Roti,Restaurant,london,London,GB,UK,info@tawaroti.com,+44 20 7622 7779,https://tawaroti.com/,12 Clapham High Street SW4 7UT London,51.46497,-0.13035,4,,osm,email,1,new,ok,"GB: role address at a business — corporate subscriber, lawful with sender identity + working opt-out (PECR reg.22 / SI 336/2011 reg.13)"
5159cfc807e4d3291122,Tayyabs,Restaurant,london,London,GB,UK,info@tayyabs.co.uk,+44 20 7247 9543;+44 20 7247 6400;+44 20 7247 8521,https://tayyabs.co.uk/,83-89 Fieldgate Street E1 1JU London,51.51727,-0.06346,5,,osm,email,1,new,ok,"GB: role address at a business — corporate subscriber, lawful with sender identity + working opt-out (PECR reg.22 / SI 336/2011 reg.13)"
302f46a6c2783c9d77d2,The 411 London,Bar,london,London,GB,UK,hello@the411london.co.uk,+44 20 4585 0411,https://www.the411london.co.uk/,411 St. John Street EC1V 4AB London,51.53159,-0.10659,5,,osm,email,1,new,ok,"GB: role address at a business — corporate subscriber, lawful with sender identity + working opt-out (PECR reg.22 / SI 336/2011 reg.13)"
7c99d4106fc79b2585f4,The Albion,Bar,london,London,GB,UK,info@the-albion.co.uk,+44 20 7607 7450,https://www.the-albion.co.uk/,10 Thornhill Road N1 1HW London,51.53934,-0.10948,5,,osm,email,1,new,ok,"GB: role address at a business — corporate subscriber, lawful with sender identity + working opt-out (PECR reg.22 / SI 336/2011 reg.13)"
01daf4a9fd711e7362d0,The Auld Shillelagh,Bar,london,London,GB,UK,info@theauldshillelagh.co.uk,+44 20 7249 5951,http://theauldshillelagh.co.uk/,105 Stoke Newington Church Street N16 0UD London,51.56202,-0.07954,4,,osm,email,1,new,ok,"GB: role address at a business — corporate subscriber, lawful with sender identity + working opt-out (PECR reg.22 / SI 336/2011 reg.13)"
e370dd6fcf295f044089,The Barbary,Restaurant,london,London,GB,UK,hello@thebarbary.co.uk,,https://www.thebarbary.co.uk/,16 Neal's Yard WC2H 9DP London,51.51441,-0.12618,5,,osm,email,1,new,ok,"GB: role address at a business — corporate subscriber, lawful with sender identity + working opt-out (PECR reg.22 / SI 336/2011 reg.13)"
3fb0a71220a452c1f133,The Battersea General Store,Supermarket,london,London,GB,UK,info@thebatterseageneralstore.co.uk,+44 20 3196 1300,http://thebatterseageneralstore.co.uk/,9-10 Circus Road West SW11 8EZ London,51.48218,-0.14612,5,,osm,email,1,new,ok,"GB: role address at a business — corporate subscriber, lawful with sender identity + working opt-out (PECR reg.22 / SI 336/2011 reg.13)"
b3af548d5b8eb3a1ed55,The BlackStock,Bar,london,London,GB,UK,info@blackstockpub.com,+44 20 7561 1337,,284 Seven Sisters Road N4 2HY London,51.56451,-0.10447,5,,osm,email,1,new,ok,"GB: role address at a business — corporate subscriber, lawful with sender identity + working opt-out (PECR reg.22 / SI 336/2011 reg.13)"
6890a27baab25d19ba31,The Chandos,Bar,london,London,GB,UK,info@thechandos.co.uk,+44 20 7836 1401,https://thechandos.co.uk/,29 St Martin's Lane WC2N 4ER London,51.50957,-0.12668,2,,osm,email,1,new,ok,"GB: role address at a business — corporate subscriber, lawful with sender identity + working opt-out (PECR reg.22 / SI 336/2011 reg.13)"
ac2cdf86cf1529bfb3ff,The Communist,Street food,london,London,GB,UK,info@thecommunist.co.uk,+44 74 2413 2362,https://www.thecommunist.co.uk,492 New Cross Road SE14 6TJ London,51.47497,-0.02692,4,,osm,email,1,new,ok,"GB: role address at a business — corporate subscriber, lawful with sender identity + working opt-out (PECR reg.22 / SI 336/2011 reg.13)"
b2ce9fb1866784248ffe,The Doodle Bar,Bar,london,London,GB,UK,reservations@thedoodlebar.com,+44 20 7403 3222,https://www.thedoodlebar.com/,60 Druid Street SE1 2EZ London,51.5002,-0.07645,5,,osm,email,1,new,ok,"GB: role address at a business — corporate subscriber, lawful with sender identity + working opt-out (PECR reg.22 / SI 336/2011 reg.13)"
78720185d6859acee981,The Duke Of Wellington,Bar,london,London,GB,UK,info@thedukeofwellington.london,+44 20 7275 7640,http://thedukeofwellington.london,119 Balls Pond Road N1 4BL London,51.54624,-0.08058,5,,osm,email,1,new,ok,"GB: role address at a business — corporate subscriber, lawful with sender identity + working opt-out (PECR reg.22 / SI 336/2011 reg.13)"
e41e5dce3e6ab6deb74c,The Duke of Sussex,Bar,london,London,GB,UK,info@dukeofsussex.co.uk,+44 20 3637 6121,https://www.dukeofsussex.co.uk/,23 Baylis Road SE1 7AY London,51.50111,-0.11005,5,,osm,email,1,new,ok,"GB: role address at a business — corporate subscriber, lawful with sender identity + working opt-out (PECR reg.22 / SI 336/2011 reg.13)"
82558470ecc4959aea57,The Fire Station,Bar,london,London,GB,UK,info@thefirestationwaterloo.com,+44 20 3727 5938,https://www.firestationwaterloo.co.uk/,150 Waterloo Road SE1 8SB London,51.50255,-0.11058,5,,osm,email,1,new,ok,"GB: role address at a business — corporate subscriber, lawful with sender identity + working opt-out (PECR reg.22 / SI 336/2011 reg.13)"
9e97f20cdf0b3c8b9a8e,The Foxglove,Bar,london,London,GB,UK,contact@thefoxglove.co.uk,+442076097129,https://www.thefoxglove.co.uk/,209 – 211 Liverpool Road N1 1LX London,51.5392,-0.1069,4,,osm,email,1,new,ok,"GB: role address at a business — corporate subscriber, lawful with sender identity + working opt-out (PECR reg.22 / SI 336/2011 reg.13)"
240689d2f2be30e78c60,The Great Exhibition,Bar,london,London,GB,UK,hello@greatexhibition.pub,+44 20 8693 4968,,193 Crystal Palace Road SE22 9EP London,51.45492,-0.07175,5,,osm,email,1,new,ok,"GB: role address at a business — corporate subscriber, lawful with sender identity + working opt-out (PECR reg.22 / SI 336/2011 reg.13)"
5e01d3f21f9ac8e5ac9a,The Grenadier,Bar,london,London,GB,UK,info@grenadierpub.co.uk,+44 20 3205 2915,https://www.grenadierbelgravia.com,18 Wilton Row SW1X 7NR London,51.50148,-0.15491,2,,osm,email,1,new,ok,"GB: role address at a business — corporate subscriber, lawful with sender identity + working opt-out (PECR reg.22 / SI 336/2011 reg.13)"
107843983b044b444025,The Honor Oak,Bar,london,London,GB,UK,hello@honoroak.pub,,https://www.honoroak.pub/,1 St Germans Road SE23 1RH London,51.44323,-0.0423,5,,osm,email,1,new,ok,"GB: role address at a business — corporate subscriber, lawful with sender identity + working opt-out (PECR reg.22 / SI 336/2011 reg.13)"
4c49866d58a662609d3f,The Horseshoe Inn,Bar,london,London,GB,UK,info@thehorseshoeinnpub.co.uk,+44 20 7403 6364,https://www.thehorseshoeinnpub.co.uk,26 Melior Street SE1 3QP London,51.50249,-0.08402,4,,osm,email,1,new,ok,"GB: role address at a business — corporate subscriber, lawful with sender identity + working opt-out (PECR reg.22 / SI 336/2011 reg.13)"
9bb61e0f31d2f79ecd9a,The King & Co.,Bar,london,London,GB,UK,hello@thekingandco.uk,+44 20 7498 1971,https://thekingandco.uk/,100 Clapham Park Road SW4 7BZ London,51.4595,-0.13407,3,,osm,email,1,new,ok,"GB: role address at a business — corporate subscriber, lawful with sender identity + working opt-out (PECR reg.22 / SI 336/2011 reg.13)"
9ee75dfdd8d9b9eaf774,The Knave of Clubs,Restaurant,london,London,GB,UK,hello@theknaveofclubs.co.uk,,https://www.theknaveofclubs.co.uk/,25 Bethnal Green Road E1 6HT London,51.52396,-0.07417,5,,osm,email,1,new,ok,"GB: role address at a business — corporate subscriber, lawful with sender identity + working opt-out (PECR reg.22 / SI 336/2011 reg.13)"
36be64d25ddb60d5823c,The Little One,Café,london,London,GB,UK,hello@tlocoffee.co.uk,,https://www.tlocoffee.com/,115a Regent's Park Road NW1 8UR London,51.54254,-0.15567,0,,osm,email,1,new,ok,"GB: role address at a business — corporate subscriber, lawful with sender identity + working opt-out (PECR reg.22 / SI 336/2011 reg.13)"
61f43e9977b1d7f5a061,The Magdala,Bar,london,London,GB,UK,hello@themagdala.co.uk,+442074338322,https://www.themagdala.co.uk/,2a South Hill Park NW3 2SB London,51.55558,-0.16562,0,,osm,email,1,new,ok,"GB: role address at a business — corporate subscriber, lawful with sender identity + working opt-out (PECR reg.22 / SI 336/2011 reg.13)"
a48113152b26c2893fa4,The Market Place Restaurant,Restaurant,london,London,GB,UK,info@marketplacerest.com,+44 20 7352 5600,https://www.marketplacerest.com/,125 Sydney Street SW3 6NR London,51.48803,-0.16935,5,,osm,email,1,new,ok,"GB: role address at a business — corporate subscriber, lawful with sender identity + working opt-out (PECR reg.22 / SI 336/2011 reg.13)"
5c1890b0ecd3b47a5ff6,The Market Porter,Bar,london,London,GB,UK,hello@themarketporter.co.uk,+44 20 7407 2495,https://www.themarketporter.co.uk/,9 Stoney Street SE1 9AA London,51.50533,-0.09135,5,,osm,email,1,new,ok,"GB: role address at a business — corporate subscriber, lawful with sender identity + working opt-out (PECR reg.22 / SI 336/2011 reg.13)"
28053dd69226305acc7c,The Merge,Restaurant,london,London,GB,UK,INFO@THEMERGES.COM,+44 7584 026759,https://www.themerges.com/,"Unit 247, 248 Pelier Street SE17 3JG London",51.48394,-0.0959,3,,osm,email,1,new,ok,"GB: role address at a business — corporate subscriber, lawful with sender identity + working opt-out (PECR reg.22 / SI 336/2011 reg.13)"
01eac299d80938b2b272,The Park,Restaurant,london,London,GB,UK,reservations@theparkrestaurant.com,+44 20 3959 9000,https://www.theparkrestaurant.com/,2 Queensway W2 3RX London,51.51042,-0.18674,4,,osm,email,1,new,ok,"GB: role address at a business — corporate subscriber, lawful with sender identity + working opt-out (PECR reg.22 / SI 336/2011 reg.13)"
4b4d4582589337622c23,The Photographers' Gallery,Gallery,london,London,GB,UK,info@tpg.org.uk,+44 20 7087 9300,https://thephotographersgallery.org.uk/,16-18 Ramillies Street W1F 7LW London,51.51493,-0.13902,3,,osm,email,1,new,ok,"GB: role address at a business — corporate subscriber, lawful with sender identity + working opt-out (PECR reg.22 / SI 336/2011 reg.13)"
c80bfb03c6bf347c5d70,The Portrait Restaurant,Restaurant,london,London,GB,UK,reservations@theportraitrestaurant.co.uk,+44 20 3872 7610,https://theportraitrestaurant.com/,2 St. Martin's Place WC2H 0HE London,51.50924,-0.128,5,,osm,email,1,new,ok,"GB: role address at a business — corporate subscriber, lawful with sender identity + working opt-out (PECR reg.22 / SI 336/2011 reg.13)"
a0df2c98bd95b5c49acd,The Pregnant Man,Bar,london,London,GB,UK,info@thepregnantman.co.uk,+44 20 7462 7174,https://thepregnantman.co.uk/,40 Chancery Lane WC2A 1JA London,51.5166,-0.11225,5,,osm,email,1,new,ok,"GB: role address at a business — corporate subscriber, lawful with sender identity + working opt-out (PECR reg.22 / SI 336/2011 reg.13)"
4afeba2f4652d04f8595,The Priory Tavern,Bar,london,London,GB,UK,bookings@priorytavern.co.uk,+44 20 7624 8044,https://priorytavern.co.uk/,250 Belsize Road NW6 4BT London,51.53841,-0.19129,4,,osm,email,1,new,ok,"GB: role address at a business — corporate subscriber, lawful with sender identity + working opt-out (PECR reg.22 / SI 336/2011 reg.13)"
dcaf8a8a77199c03177c,The River Cafe,Café,london,London,GB,UK,info@rivercafe.co.uk,+44 20 7386 4200,https://www.rivercafe.co.uk/,Thames Wharf Rainville Road W6 9HA London,51.48376,-0.22455,5,,osm,email,1,new,ok,"GB: role address at a business — corporate subscriber, lawful with sender identity + working opt-out (PECR reg.22 / SI 336/2011 reg.13)"
a065bc8db4b8959edc37,The Royal Oak,Bar,london,London,GB,UK,enquiries@royaloaklondon.co.uk,+44 20 7357 7173,https://www.royaloaklondon.co.uk/,44 Tabard Street SE1 4JU London,51.50012,-0.09143,4,,osm,email,1,new,ok,"GB: role address at a business — corporate subscriber, lawful with sender identity + working opt-out (PECR reg.22 / SI 336/2011 reg.13)"
a607bcb76f8bc808ad8f,The Running Horse,Bar,london,London,GB,UK,hello@therunninghorsealdgate.co.uk,+44 20 3883 8286,https://therunninghorsealdgate.co.uk/,7 Piazza Walk E1 8FU London,51.51361,-0.06981,5,,osm,email,1,new,ok,"GB: role address at a business — corporate subscriber, lawful with sender identity + working opt-out (PECR reg.22 / SI 336/2011 reg.13)"
5912dd05e154e4fd6be1,The Thames,Restaurant,london,London,GB,UK,bookings@thethamesrestaurant.com,+44 20 7928 3856,http://www.thethamesrestaurant.com/,79 Waterloo Road SE1 8UD London,51.504,-0.11175,2,,osm,email,1,new,ok,"GB: role address at a business — corporate subscriber, lawful with sender identity + working opt-out (PECR reg.22 / SI 336/2011 reg.13)"
eea15a7359fb7078bd4a,The Waiting Room,Café,london,London,GB,UK,enquiries@waitingroomse8.co.uk,+44 20 3601 0100,https://waitingroomse8.co.uk/,134 Deptford High Street SE8 3PQ London,51.47893,-0.02596,4,,osm,email,1,new,ok,"GB: role address at a business — corporate subscriber, lawful with sender identity + working opt-out (PECR reg.22 / SI 336/2011 reg.13)"
dc5728254313b9eecec2,The White Horse,Bar,london,London,GB,UK,info@whitehorsepeckham.co.uk,+44 2076 391 459,https://www.whitehorsepeckham.co.uk/,20 Peckham Rye SE15 4JR London,51.46599,-0.06722,5,,osm,email,1,new,ok,"GB: role address at a business — corporate subscriber, lawful with sender identity + working opt-out (PECR reg.22 / SI 336/2011 reg.13)"
2172b3008d89a0023545,The Wine Library,Wine & spirits,london,London,GB,UK,info@winelibrary.co.uk,+44 20 7481 0415,https://winelibrary.co.uk/,43 Trinity Square EC3N 4DJ London,51.51045,-0.07676,5,,osm,email,1,new,ok,"GB: role address at a business — corporate subscriber, lawful with sender identity + working opt-out (PECR reg.22 / SI 336/2011 reg.13)"
778f9d2612264dc29147,The Yard,Bar,london,London,GB,UK,info@yardbar.co.uk,+44 20 7437 2652,https://www.yardbar.co.uk/,57 Rupert Street W1D 7PJ London,51.51201,-0.13385,2,,osm,email,1,new,ok,"GB: role address at a business — corporate subscriber, lawful with sender identity + working opt-out (PECR reg.22 / SI 336/2011 reg.13)"
5bc1b4e94dff9cd12ae3,Tola,Bar,london,London,GB,UK,info@tolapeckham.com,,https://www.tolapeckham.com,56 Peckham High Street SE15 5DP London,51.47311,-0.0705,5,,osm,email,1,new,ok,"GB: role address at a business — corporate subscriber, lawful with sender identity + working opt-out (PECR reg.22 / SI 336/2011 reg.13)"
0e2a03235f6381dcdbbd,Tonight Josephine,Bar,london,London,GB,UK,bookings@tonightjosephine.co.uk,+44 20 7928 4918,https://www.tonightjosephine.co.uk/,111 - 113 Waterloo Road SE1 8UL London,51.5028,-0.11037,5,,osm,email,1,new,ok,"GB: role address at a business — corporate subscriber, lawful with sender identity + working opt-out (PECR reg.22 / SI 336/2011 reg.13)"
9c1e5146381e477df6a8,Trade,Café,london,London,GB,UK,info@trade-made.co.uk,+44 20 3490 1880,https://www.trade-made.co.uk/,47 Commercial Street E1 6BD London,51.5175,-0.07385,3,,osm,email,1,new,ok,"GB: role address at a business — corporate subscriber, lawful with sender identity + working opt-out (PECR reg.22 / SI 336/2011 reg.13)"
037147878c356cf0ef09,Tried & True,Café,london,London,GB,UK,info@triedandtruecafe.co.uk,+44 20 8789 0410,https://www.triedandtruecafe.co.uk/,279 Upper Richmond Road SW15 6SP London,51.46278,-0.22635,5,,osm,email,1,new,ok,"GB: role address at a business — corporate subscriber, lawful with sender identity + working opt-out (PECR reg.22 / SI 336/2011 reg.13)"
b5767665061cbeb61501,Tuck Shop,Deli,london,,GB,UK,hello@tuck-shop.co.uk,,https://www.tuck-shop.co.uk/,"Tuck Shop  Unit D1, 2 Casings Way, London, E3 2PS",51.53997,-0.02326,5,,osm,email,1,new,ok,"GB: role address at a business — corporate subscriber, lawful with sender identity + working opt-out (PECR reg.22 / SI 336/2011 reg.13)"
4841de012ba9c02916bf,Urban Baristas,Café,london,London,GB,UK,hello@urbanbaristas.co.uk,+44 7852 334245,https://www.urbanbaristas.co.uk/,138 Wapping High Street E1W 3PA London,51.50456,-0.0558,5,,osm,email,1,new,ok,"GB: role address at a business — corporate subscriber, lawful with sender identity + working opt-out (PECR reg.22 / SI 336/2011 reg.13)"
4b4231cdd5d20c07d624,Von Crumb,Café,london,London,GB,UK,info@voncrumb.co.uk,+447312159450,https://www.voncrumb.co.uk/,202 Haverstock Hill NW3 2AG London,51.55087,-0.16507,5,,osm,email,1,new,ok,"GB: role address at a business — corporate subscriber, lawful with sender identity + working opt-out (PECR reg.22 / SI 336/2011 reg.13)"
89035169fcd7995a4791,White Mulberries,Café,london,St. Katharine Docks,GB,UK,info@whitemulberries.com,,https://www.whitemulberries.com/,East Smithfield E1W 1AT London,51.50718,-0.07107,5,,osm,email,1,new,ok,"GB: role address at a business — corporate subscriber, lawful with sender identity + working opt-out (PECR reg.22 / SI 336/2011 reg.13)"
d900c98b2f78b56cbddb,White Mulberries,Café,london,London,GB,UK,info@whitemulberries.com,,https://whitemulberries.com/pages/marylebone-village,54 Paddington Street W1U 4HU London,51.52061,-0.15311,5,,osm,email,1,new,ok,"GB: role address at a business — corporate subscriber, lawful with sender identity + working opt-out (PECR reg.22 / SI 336/2011 reg.13)"
63218716e72f1629e33f,Xian Biang Biang Noodles,Restaurant,london,London,GB,UK,info@xianbiangbiangnoodles.com,+44 20 8617 1470,https://xianbiangbiangnoodles.com,62 Wentworth Street E1 7AL London,51.51684,-0.07349,5,,osm,email,1,new,ok,"GB: role address at a business — corporate subscriber, lawful with sender identity + working opt-out (PECR reg.22 / SI 336/2011 reg.13)"
f656358ad4f445cdfe73,fish!,Restaurant,london,London,GB,UK,bookings@fishkitchen.com,+44 20 7407 3803,https://www.fishkitchen.co.uk,Cathedral Street SE1 9AL London,51.50581,-0.09023,5,,osm,email,1,new,ok,"GB: role address at a business — corporate subscriber, lawful with sender identity + working opt-out (PECR reg.22 / SI 336/2011 reg.13)"
0570110ec98e10d5b947,muan,Restaurant,london,Brixton,GB,UK,info@muan.uk,,https://www.muan.uk/,52-53 Coldharbour Lane SW9 8PS London,51.4625,-0.11172,5,,osm,email,1,new,ok,"GB: role address at a business — corporate subscriber, lawful with sender identity + working opt-out (PECR reg.22 / SI 336/2011 reg.13)"
642340059ff410af206e,the wine parlour,Wine & spirits,london,London,GB,UK,hello@thewineparlour.com,+44 20 3302 1617,http://www.thewineparlour.com,1 & 3 Vining Street SW9 8QA London,51.46136,-0.11152,5,,osm,email,1,new,ok,"GB: role address at a business — corporate subscriber, lawful with sender identity + working opt-out (PECR reg.22 / SI 336/2011 reg.13)"
1008ae2db1a50f1d3aaa,Area,Bar,manchester,Manchester,GB,UK,info@areamanchester.net,,https://www.areamanchester.net/,50 Sackville Street M1 3WF Manchester,53.47636,-2.23629,5,,osm,email,1,new,ok,"GB: role address at a business — corporate subscriber, lawful with sender identity + working opt-out (PECR reg.22 / SI 336/2011 reg.13)"
5ddb6531dfe249ae960f,Armenian Taverna,Restaurant,manchester,Manchester,GB,UK,contact@armeniantaverna.co.uk,+44 161 834 9025,https://www.armeniantaverna.co.uk/,1-7 Princess Street M2 4DF Manchester,53.48011,-2.24479,4,,osm,email,1,new,ok,"GB: role address at a business — corporate subscriber, lawful with sender identity + working opt-out (PECR reg.22 / SI 336/2011 reg.13)"
80de9540ade5ba8c1a9a,Arnero,Restaurant,manchester,Manchester,GB,UK,info@arnero.co.uk,+44 161 236 1364,https://www.arnero.co.uk/,25 Sackville Street M1 3LZ Manchester,53.47745,-2.23767,5,,osm,email,1,new,ok,"GB: role address at a business — corporate subscriber, lawful with sender identity + working opt-out (PECR reg.22 / SI 336/2011 reg.13)"
1e9c8441ba67ecd46cf0,Bee Orchid Pomona,Bar,manchester,,GB,UK,info@beeorchidbars.com,+44 161 511 5325,https://www.beeorchidbars.com/,"Unit 2, Zerega Way, Salford, M50 3AE",53.46617,-2.28487,5,,osm,email,1,new,ok,"GB: role address at a business — corporate subscriber, lawful with sender identity + working opt-out (PECR reg.22 / SI 336/2011 reg.13)"
0776a9b57837d7bee963,BlocHaus Climbing,Gym & fitness,manchester,Manchester,GB,UK,hello@blochausclimbing.com,+44 161 231 8898,https://www.blochausclimbing.com,34 Wood Street M11 2FB Manchester,53.47433,-2.1835,5,,osm,email,1,new,ok,"GB: role address at a business — corporate subscriber, lawful with sender identity + working opt-out (PECR reg.22 / SI 336/2011 reg.13)"
b9a1520b8f39a7b1f12f,Café Beermoth,Bar,manchester,Manchester,GB,UK,info@beermoth.co.uk,+44 161 835 2049,,Brown Street M2 1DA Manchester,53.48145,-2.24212,5,,osm,email,1,new,ok,"GB: role address at a business — corporate subscriber, lawful with sender identity + working opt-out (PECR reg.22 / SI 336/2011 reg.13)"
c0e4be2f5b2f5fb6c507,Chakalaka,Restaurant,manchester,Manchester,GB,UK,enquiries@chakalakabar.com,,https://chakalakabar.com,105A Oldham Street M4 1LW Manchester,53.48384,-2.23407,2,,osm,email,1,new,ok,"GB: role address at a business — corporate subscriber, lawful with sender identity + working opt-out (PECR reg.22 / SI 336/2011 reg.13)"
12584b2c464e1028640e,Crowne Plaza,Hotel,manchester,Manchester,GB,UK,enquiries@cpmanchester.com,+44 161 8288600,https://www.ihg.com/crowneplaza/hotels/gb/en/manchester/mchss/hoteldetail,70 Shudehill M4 4AF Manchester,53.48586,-2.23626,5,,osm,email,1,new,ok,"GB: role address at a business — corporate subscriber, lawful with sender identity + working opt-out (PECR reg.22 / SI 336/2011 reg.13)"
18d761c7ba2af16e1cd1,Dear Sailor,Bar,manchester,Manchester,GB,UK,hello@dearsailor.com,,https://www.dear-sailor.com/,Spinningfields Square M3 3AP Manchester,53.47995,-2.24976,5,,osm,email,1,new,ok,"GB: role address at a business — corporate subscriber, lawful with sender identity + working opt-out (PECR reg.22 / SI 336/2011 reg.13)"
9c6c1b09aa762de34719,Don Marco,Restaurant,manchester,Manchester,GB,UK,info@donmarcomanchester.co.uk,+44 161 831 9130,https://www.donmarcomanchester.co.uk/,5 Campfield Avenue Arcade M3 4FN Manchester,53.4759,-2.25135,4,,osm,email,1,new,ok,"GB: role address at a business — corporate subscriber, lawful with sender identity + working opt-out (PECR reg.22 / SI 336/2011 reg.13)"
30a83a097a2a7f5ebf63,Fallowfield Library,Vehicle rental,manchester,,GB,UK,support@beryl.cc,+44 20 3003 5044,https://beryl.cc/scheme/greater-manchester,"Wilbraham Branch Library, Platt Lane, Manchester, M14 7FB",53.44643,-2.23896,5,,osm,email,1,new,ok,"GB: role address at a business — corporate subscriber, lawful with sender identity + working opt-out (PECR reg.22 / SI 336/2011 reg.13)"
7d8176a51ec79d8d5731,Henry C,Café,manchester,Manchester,GB,UK,bookings@wearehenryc.com,+44 161 881 0697,https://www.wearehenryc.com/home,107 Manchester Road M21 9GA Manchester,53.44696,-2.27758,5,,osm,email,1,new,ok,"GB: role address at a business — corporate subscriber, lawful with sender identity + working opt-out (PECR reg.22 / SI 336/2011 reg.13)"
e5943360a35a9b09c21c,Impossible Manchester,Bar,manchester,Manchester,GB,UK,info@be-impossible.com,+44 161 661 0103,https://www.be-impossible.com/,36 Peter Street M2 5QR Manchester,53.47806,-2.24846,4,,osm,email,1,new,ok,"GB: role address at a business — corporate subscriber, lawful with sender identity + working opt-out (PECR reg.22 / SI 336/2011 reg.13)"
bb0e02dc7b95dee7eb31,Inspire Café,Café,manchester,,GB,UK,bookings@lev-inspire.org.uk,+441618505717,https://www.lev-inspire.org.uk/eat-here/,747 Stockport Road M19 3AR,53.44797,-2.1915,5,,osm,email,1,new,ok,"GB: role address at a business — corporate subscriber, lawful with sender identity + working opt-out (PECR reg.22 / SI 336/2011 reg.13)"
98964551addf6e45742f,International Anthony Burgess Foundation,Museum,manchester,Manchester,GB,UK,info@anthonyburgess.org,+44 1612 350776,https://www.anthonyburgess.org/,3 Cambridge Street M1 5BY Manchester,53.47243,-2.24335,5,,osm,email,1,new,ok,"GB: role address at a business — corporate subscriber, lawful with sender identity + working opt-out (PECR reg.22 / SI 336/2011 reg.13)"
07df2280ac5c6a1c0290,Kebabish Grill & Steakhouse,Restaurant,manchester,Manchester,GB,UK,info@kebabishmcr.co.uk,+44 161 834 1544,http://www.kebabishmcr.co.uk/,170-172 Cheetham Hill Road M8 8LQ Manchester,53.49496,-2.23863,4,,osm,email,1,new,ok,"GB: role address at a business — corporate subscriber, lawful with sender identity + working opt-out (PECR reg.22 / SI 336/2011 reg.13)"
5cbeeb37f935a998322a,King Street Townhouse,Hotel,manchester,Manchester,GB,UK,hello@kingstreettownhouse.co.uk,+44 161 667 0707,,10 Booth Street M2 4AW Manchester,53.48009,-2.24321,5,,osm,email,1,new,ok,"GB: role address at a business — corporate subscriber, lawful with sender identity + working opt-out (PECR reg.22 / SI 336/2011 reg.13)"
8e14234cc5bc3bd74c91,Kosher Savers,Supermarket,manchester,,GB,UK,hello@koshersavers.co.uk,+44 161 792 8860,,"Kosher Savers, Knoll Street, Salford, M7 4ED",53.50696,-2.26247,4,,osm,email,1,new,ok,"GB: role address at a business — corporate subscriber, lawful with sender identity + working opt-out (PECR reg.22 / SI 336/2011 reg.13)"
6402c5089084557484dd,Leven Hotel,Hotel,manchester,Manchester,GB,UK,info@liveleven.com,+44 161 359 7900,https://liveleven.com/,40 Chorlton Street M1 3HW Manchester,53.47753,-2.23639,5,,osm,email,1,new,ok,"GB: role address at a business — corporate subscriber, lawful with sender identity + working opt-out (PECR reg.22 / SI 336/2011 reg.13)"
47851c708b8060f9ddc0,New Union Hotel,Hotel,manchester,Manchester,GB,UK,info@newunionhotel.co.uk,+44 161 870 0031,https://newunionhotel.co.uk/,111 Princess Street M1 6JB Manchester,53.47636,-2.23833,5,,osm,email,1,new,ok,"GB: role address at a business — corporate subscriber, lawful with sender identity + working opt-out (PECR reg.22 / SI 336/2011 reg.13)"
3fd6f1d4d96850ced364,North Westward Ho,Bar,manchester,Manchester,GB,UK,info@northwestwardho.co.uk,+44 7300820592,https://www.northwestwardho.co.uk/,19 Chapel Walks M2 1HN Manchester,53.48173,-2.24335,5,,osm,email,1,new,ok,"GB: role address at a business — corporate subscriber, lawful with sender identity + working opt-out (PECR reg.22 / SI 336/2011 reg.13)"
7b1973ac179e725bdaca,Onda pasta bar,Restaurant,manchester,Manchester,GB,UK,hello@ondapastabar.com,,https://ondapastabar.com/,Oxford Road M1 7FS Manchester,53.47314,-2.23901,5,,osm,email,1,new,ok,"GB: role address at a business — corporate subscriber, lawful with sender identity + working opt-out (PECR reg.22 / SI 336/2011 reg.13)"
eca6fd0a8b1e5a373f87,Pupa,Restaurant,manchester,,GB,UK,info@puparestaurant.com,+44 161 400 4830,https://www.puparestaurant.com/,Turner Street M4 1DW,53.48358,-2.23704,5,,osm,email,1,new,ok,"GB: role address at a business — corporate subscriber, lawful with sender identity + working opt-out (PECR reg.22 / SI 336/2011 reg.13)"
1fa4faeb024caaab3209,Red Bank,Vehicle rental,manchester,,GB,UK,support@beryl.cc,+44 20 3003 5044,https://beryl.cc/scheme/greater-manchester,"Arch 21, Red Bank, Manchester, M4 4HF",53.49037,-2.23875,5,,osm,email,1,new,ok,"GB: role address at a business — corporate subscriber, lawful with sender identity + working opt-out (PECR reg.22 / SI 336/2011 reg.13)"
688f9e8df6293048d495,Richmond Tea Rooms,Café,manchester,Manchester,GB,UK,reservations@richmondtearooms.com,+44 161 697 4474,https://www.richmondtearooms.com/,22 Richmond Street M1 3WF Manchester,53.47648,-2.23652,5,,osm,email,1,new,ok,"GB: role address at a business — corporate subscriber, lawful with sender identity + working opt-out (PECR reg.22 / SI 336/2011 reg.13)"
8af44f3c487c1dd16c2d,Rump N Ribs,Restaurant,manchester,Manchester,GB,UK,BOOKINGS@RUMPNRIBS.CO.UK,+44 161 228 2284,https://rumpnribs.co.uk/,73-83 Liverpool Road M3 4AQ Manchester,53.47641,-2.2548,3,,osm,email,1,new,ok,"GB: role address at a business — corporate subscriber, lawful with sender identity + working opt-out (PECR reg.22 / SI 336/2011 reg.13)"
f75255bd555369fa6be0,Soapworks,Vehicle rental,manchester,,GB,UK,support@beryl.cc,+44 20 3003 5044,https://beryl.cc/scheme/greater-manchester,"within Soapworks, Colgate Lane, Salford, M5 3LZ",53.46789,-2.27863,5,,osm,email,1,new,ok,"GB: role address at a business — corporate subscriber, lawful with sender identity + working opt-out (PECR reg.22 / SI 336/2011 reg.13)"
3c4c86bd4259c28810ec,The Beagle,Bar,manchester,,GB,UK,bookings@beaglesabout.com,+44 161 881 8596,https://www.beaglesabout.com/,"456-458 Barlow Moor Road Manchester M21 0BQ, 456-458 Barlow Moor Road, Manchester, M21 0BQ",53.44378,-2.27779,5,,osm,email,1,new,ok,"GB: role address at a business — corporate subscriber, lawful with sender identity + working opt-out (PECR reg.22 / SI 336/2011 reg.13)"
ba78417dcef0dbfd652b,The Eagle,Bar,manchester,Manchester,GB,UK,info@eaglemanchester.com,,https://www.eaglemanchester.com/,15 Bloom Street M1 3HZ Manchester,53.47769,-2.23687,4,,osm,email,1,new,ok,"GB: role address at a business — corporate subscriber, lawful with sender identity + working opt-out (PECR reg.22 / SI 336/2011 reg.13)"
2b40e9410b756c0b4ba7,The Jane Eyre,Bar,manchester,Manchester,GB,UK,info@thejaneeyre.co.uk,+44 16 1236 8171,https://www.thejaneeyre.co.uk/,14 Hood Street M4 6WX Manchester,53.48413,-2.22899,5,,osm,email,1,new,ok,"GB: role address at a business — corporate subscriber, lawful with sender identity + working opt-out (PECR reg.22 / SI 336/2011 reg.13)"
814f2614c9d12a812330,The Parkside,Vehicle rental,manchester,,GB,UK,support@beryl.cc,+44 20 3003 5044,https://beryl.cc/scheme/greater-manchester,"41-43 Lloyd Street South, Manchester, M14 7HS",53.45053,-2.23873,5,,osm,email,1,new,ok,"GB: role address at a business — corporate subscriber, lawful with sender identity + working opt-out (PECR reg.22 / SI 336/2011 reg.13)"
f936d16cd0b6a7af3628,The Village Fish and Chip Shop,Street food,manchester,Manchester,GB,UK,hello@thevillagechipshop.co.uk,+44 161 237 3629,https://www.thevillagechipshop.co.uk/home,37 Bloom Street M1 3LY Manchester,53.47712,-2.23781,4,,osm,email,1,new,ok,"GB: role address at a business — corporate subscriber, lawful with sender identity + working opt-out (PECR reg.22 / SI 336/2011 reg.13)"
5ccd171e89df4596b50e,Townhouse Hotel Manchester,Hotel,manchester,Manchester,GB,UK,reception@townhousemanchester.com,+44 161 222 8748,https://www.townhousehotelmanchester.com/,101 Portland Street M1 6DF Manchester,53.47746,-2.23971,5,,osm,email,1,new,ok,"GB: role address at a business — corporate subscriber, lawful with sender identity + working opt-out (PECR reg.22 / SI 336/2011 reg.13)"
acb9b9a384c4a5d8302f,Trafford College,Vehicle rental,manchester,,GB,UK,support@beryl.cc,+44 20 3003 5044,https://beryl.cc/scheme/greater-manchester,"Trafford College, Talbot Road, Stretford, Manchester, M32 0XH",53.45689,-2.2901,5,,osm,email,1,new,ok,"GB: role address at a business — corporate subscriber, lawful with sender identity + working opt-out (PECR reg.22 / SI 336/2011 reg.13)"
a7d29c015aa655563388,YES,Nightlife,manchester,Manchester,GB,UK,info@yes-manchester.com,+44 161 273 2725,https://yes-manchester.com,38 Charles Street M1 7DB Manchester,53.47401,-2.23816,5,,osm,email,1,new,ok,"GB: role address at a business — corporate subscriber, lawful with sender identity + working opt-out (PECR reg.22 / SI 336/2011 reg.13)"
a0dc98cde4d33f8bb99d,1 The Paragon,Apartment,bath,Bath,GB,UK,enquiries@onetheparagon.co.uk,+447974854274,http://www.onetheparagon.co.uk/,"Bath, BA1 5LX",51.38606,-2.36007,,,overture,email,2,new,ok,"GB: role address at a business — corporate subscriber, lawful with sender identity + working opt-out (PECR reg.22 / SI 336/2011 reg.13)"
ff40f6d86ff362158d43,A Yarn Story,Arts And Crafts,bath,Bath,GB,UK,hello@ayarnstory.co.uk,+441225429239,http://www.ayarnstory.co.uk/,"128 Walcot Street, Bath, BA1 5BG",51.38784,-2.35911,,,overture,email,2,new,ok,"GB: role address at a business — corporate subscriber, lawful with sender identity + working opt-out (PECR reg.22 / SI 336/2011 reg.13)"
e64f270d0149cd69d8e6,Acorn Vegetarian Kitchen,Vegan Restaurant,bath,Bath,GB,UK,reservations@acornvegetariankitchen.co.uk,01225 446059,http://www.acornvegetariankitchen.co.uk,"2 North Parade Passage, Bath, BA1 1NX",51.38071,-2.35856,,,overture,email,2,new,ok,"GB: role address at a business — corporate subscriber, lawful with sender identity + working opt-out (PECR reg.22 / SI 336/2011 reg.13)"
b530b80ccd486df2f84e,Active Reality,Arcade,bath,Bath,GB,UK,bookings@active-reality.com,+443333391881,http://www.active-reality.com/,"Bath Sports and Leisure Centre, Bath, BA2 4ET",51.38136,-2.35371,,,overture,email,2,new,ok,"GB: role address at a business — corporate subscriber, lawful with sender identity + working opt-out (PECR reg.22 / SI 336/2011 reg.13)"
e6b7d37b67a55b3f1a8a,Adventure Cafe Bar,Café,bath,Bath,GB,UK,info@adventurecafebar.co.uk,+441225462038,http://www.adventurecafebar.co.uk/,"5 Princes Buildings, Bath, BA1 2ED",51.38511,-2.36125,,,overture,email,2,new,ok,"GB: role address at a business — corporate subscriber, lawful with sender identity + working opt-out (PECR reg.22 / SI 336/2011 reg.13)"
098aedb78c632613b6d2,Aldona Francis Makeup Artist,Beauty & spa,bath,Bath,GB,UK,info@aldonafrancis-makeupartist.co.uk,+447568390557,http://www.aldonafrancis-makeupartist.co.uk/,"Barrs Court Avenue , Bath, BS30 8",51.3872,-2.35428,,,overture,email,2,new,ok,"GB: role address at a business — corporate subscriber, lawful with sender identity + working opt-out (PECR reg.22 / SI 336/2011 reg.13)"
194a3223d388d87c213c,Alexandra May Jewellery,Shopping · jewellery,bath,Bath,GB,UK,sales@alexandramay.com,+441225465094,http://www.alexandramay.com,"23 Brock Street, Bath, BA1 2LW",51.38638,-2.36607,,,overture,email,2,new,ok,"GB: role address at a business — corporate subscriber, lawful with sender identity + working opt-out (PECR reg.22 / SI 336/2011 reg.13)"
da23f7ce57e72320f05e,Alison Miles Couture,Bridal Shop,bath,Bath,GB,UK,contact@alisonmiles.co.uk,+447768316962,http://www.alisonmiles.com/,"110 Southdown Road, Bath, BA2 1JJ",51.37234,-2.38989,,,overture,email,2,new,ok,"GB: role address at a business — corporate subscriber, lawful with sender identity + working opt-out (PECR reg.22 / SI 336/2011 reg.13)"
e3694811a42e1fdd6efd,Amarone Ristorante,Italian Restaurant,bath,Bath,GB,UK,reservations@amaroneristorante.co.uk,+441225330030,http://www.amaroneristorante.co.uk/,"Beau Nash, 23 Milsom Street, Bath, BA1 1DE",51.38214,-2.3625,,,overture,email,2,new,ok,"GB: role address at a business — corporate subscriber, lawful with sender identity + working opt-out (PECR reg.22 / SI 336/2011 reg.13)"
26dee6b93ec6361bb514,American Dream Comics,Shopping,bath,,GB,UK,shop@americandreamcomics.co.uk,+441225424881,https://www.americandreamcomics.co.uk/,72 Walcot Street BA1 5BD,51.38571,-2.35959,,,osm,email,2,new,ok,"GB: role address at a business — corporate subscriber, lawful with sender identity + working opt-out (PECR reg.22 / SI 336/2011 reg.13)"
45c731d3f709cf0fa760,Andrew Brownsword Hotels,Hotel,bath,Bath,GB,UK,info@brownswordhotels.co.uk,+441225320470,http://www.brownswordhotels.co.uk/,"4 Queen Square, Bath, BA1 2HA",51.38327,-2.36287,,,overture,email,2,new,ok,"GB: role address at a business — corporate subscriber, lawful with sender identity + working opt-out (PECR reg.22 / SI 336/2011 reg.13)"
6a756ff82f6d99b1cbc9,Angelfish Swimmers,Swimming Instructor,bath,Bath,GB,UK,hello@angelfishswimmers.co.uk,+447378431882,http://www.angelfishswimmers.co.uk/,"31 Newbridge Road, Bath, BA1 3HE",51.38423,-2.38815,,,overture,email,2,new,ok,"GB: role address at a business — corporate subscriber, lawful with sender identity + working opt-out (PECR reg.22 / SI 336/2011 reg.13)"
62a12c65ffc61edf748b,Anglo Welsh Waterway Holidays,Boat Rental And Training,bath,Bath,GB,UK,bookings@anglowelsh.co.uk,+441173041122,https://www.anglowelsh.co.uk/,"33 Oldfield Road, Bath, BA2 3NE",51.37435,-2.37137,,,overture,email,2,new,ok,"GB: role address at a business — corporate subscriber, lawful with sender identity + working opt-out (PECR reg.22 / SI 336/2011 reg.13)"
d66c0fe9d4c2781bda32,Antica Bath Restaurant,Italian Restaurant,bath,Bath,GB,UK,info@anticabath.co.uk,+441225444499,https://www.anticabath.co.uk/,"5 Argyle Street, Bath, BA2 4BA",51.38338,-2.35732,,,overture,email,2,new,ok,"GB: role address at a business — corporate subscriber, lawful with sender identity + working opt-out (PECR reg.22 / SI 336/2011 reg.13)"
4ca30bbf66febd53f762,Apple Tree bouquet b&b,Guesthouse,bath,Bath,GB,UK,enquiries@appletreebath.com,+441225337642,http://www.appletreeguesthouse.com/,"7 Pulteney Gardens, Bath, BA2 4HG",51.37976,-2.35052,,,overture,email,2,new,ok,"GB: role address at a business — corporate subscriber, lawful with sender identity + working opt-out (PECR reg.22 / SI 336/2011 reg.13)"
483b030f4de8e605f080,Apsley House Hotel  Bath,Guesthouse,bath,Bath,GB,UK,info@apsley-house.co.uk,01225 336966,http://www.apsley-house.co.uk,"141 Newbridge Hill, Bath",51.38777,-2.39558,,,overture,email,2,new,ok,"GB: role address at a business — corporate subscriber, lawful with sender identity + working opt-out (PECR reg.22 / SI 336/2011 reg.13)"
5499fe5471d1115b6614,Aquaplanet,Sports activity,bath,Chippenham,GB,UK,info@aquaplanetsports.com,+441225982555,http://www.aquaplanetsports.com/,"1 Bumpers Way, Chippenham, SN14 6LH",51.37778,-2.33185,,,overture,email,2,new,ok,"GB: role address at a business — corporate subscriber, lawful with sender identity + working opt-out (PECR reg.22 / SI 336/2011 reg.13)"
3740baa1c0e45fe163ea,Arch Martial Arts and Self Defence,Martial Arts Club,bath,Bath,GB,UK,team@martialartsbath.co.uk,+447960944081,https://www.martialartsbath.co.uk/,"5 Lower Bristol Road, Bath, BA2 1",51.38041,-2.39088,,,overture,email,2,new,ok,"GB: role address at a business — corporate subscriber, lawful with sender identity + working opt-out (PECR reg.22 / SI 336/2011 reg.13)"
2c0f47da3cb061fc302a,Armada Events,Bar,bath,Bath,GB,UK,info@twistandshake.co.uk,+441225583835,http://twistandshake.net/,"6 Trim Street, Bath, BA1 1HB",51.38273,-2.36146,,,overture,email,2,new,ok,"GB: role address at a business — corporate subscriber, lawful with sender identity + working opt-out (PECR reg.22 / SI 336/2011 reg.13)"
0adc82bbfc9b8df22aa7,Artizan Hair - George Street Townhouse,Beauty & spa,bath,Bath,GB,UK,reception@artizanbath.co.uk,+441225447087,http://www.artizanbath.co.uk/,"8a George Street, Bath, BA1 2EH",51.38465,-2.36275,,,overture,email,2,new,ok,"GB: role address at a business — corporate subscriber, lawful with sender identity + working opt-out (PECR reg.22 / SI 336/2011 reg.13)"
a0bbb089b63ecdef396d,Avon Valley Cyclery,Bicycle Shop,bath,Bath,GB,UK,shop@avonvalleycyclery.co.uk,+441225442442,http://www.avonvalleycyclery.co.uk/,"Brunel Square, Bath, BA1 1SX",51.37768,-2.35734,,,overture,email,2,new,ok,"GB: role address at a business — corporate subscriber, lawful with sender identity + working opt-out (PECR reg.22 / SI 336/2011 reg.13)"
f253646dfb9e809041cb,Axle Arts,Gallery,bath,Bath,GB,UK,info@axlearts.com,+441225461230,http://www.axlearts.com/,"9 Leighton Road, Bath, BA1 4NF",51.40326,-2.39746,,,overture,email,2,new,ok,"GB: role address at a business — corporate subscriber, lawful with sender identity + working opt-out (PECR reg.22 / SI 336/2011 reg.13)"
4b0d0ac1928650b89c3d,B Hairdressing,Beauty & spa,bath,Widcombe,GB,UK,bookings@bhairdressing.co.uk,+441225311332,https://bhairdressing.co.uk/,11 BA2 4LD Bath,51.37671,-2.35521,,,osm,email,2,new,ok,"GB: role address at a business — corporate subscriber, lawful with sender identity + working opt-out (PECR reg.22 / SI 336/2011 reg.13)"
3d02e28459e10da5d704,BAMM,Makeup Artist,bath,Bath,GB,UK,hello@figtreecabin.com,,https://youtube.com/@melanieweekleymakeup?si=yu2uwXbjFkqbiJ6c,Bath,51.38777,-2.36205,,,overture,email,2,new,ok,"GB: role address at a business — corporate subscriber, lawful with sender identity + working opt-out (PECR reg.22 / SI 336/2011 reg.13)"
95d320e718dae364c3b3,Bailbrook Lodge,Hotel,bath,Bath,GB,UK,hotel@bailbrooklodge.co.uk,+441225859090,http://www.bailbrooklodge.co.uk,"29 London Road West, Bath, BA1 7",51.39159,-2.35306,,,overture,email,2,new,ok,"GB: role address at a business — corporate subscriber, lawful with sender identity + working opt-out (PECR reg.22 / SI 336/2011 reg.13)"
6497373aa431a4731224,Bar Cappa,Bar,bath,Bath,GB,UK,info@capparestaurant.co.uk,+441225461946,https://www.capparestaurant.co.uk/bar,"5 Newmarket Row, Bath, BA2 4",51.3826,-2.35806,,,overture,email,2,new,ok,"GB: role address at a business — corporate subscriber, lawful with sender identity + working opt-out (PECR reg.22 / SI 336/2011 reg.13)"
1e9962d0916b86fbd243,Baroque Nightclub Bath,Nightlife,bath,Bath,GB,UK,info@baroquenightclub.com,+441225312508,http://baroquenightclub.com/,"7 Bladud Buildings, Bath, BA1 5LS",51.38552,-2.36044,,,overture,email,2,new,ok,"GB: role address at a business — corporate subscriber, lawful with sender identity + working opt-out (PECR reg.22 / SI 336/2011 reg.13)"
e98921dd9bc4c3868359,Baskervilles Gymnastics and Fitness Centre,Gymnastics Center,bath,Bath,GB,UK,info@baskervillesgym.co.uk,+441225330001,http://www.baskervillesgym.co.uk/,"Englishcombe News, 147 Englishcombe Lane, Bath, BA2 2EL",51.3687,-2.37696,,,overture,email,2,new,ok,"GB: role address at a business — corporate subscriber, lawful with sender identity + working opt-out (PECR reg.22 / SI 336/2011 reg.13)"
31d354f660d512544b6d,Bath Apartment Breaks,Apartment,bath,Bath,GB,UK,info@bathapartmentbreaks.co.uk,+447720939325,http://www.bathapartmentbreaks.co.uk/,"199 Bailbrook Lane, Bath, BA1 7AB",51.40302,-2.32993,,,overture,email,2,new,ok,"GB: role address at a business — corporate subscriber, lawful with sender identity + working opt-out (PECR reg.22 / SI 336/2011 reg.13)"
afc6fe7ce939a1021eb2,Bath Artisan Market,Arts And Crafts,bath,Bath,GB,UK,bookings@bathartisanmarket.com,+447825684778,http://www.bathartisanmarket.com/,"Queen Square, Bath, BA1 2HA",51.38307,-2.36346,,,overture,email,2,new,ok,"GB: role address at a business — corporate subscriber, lawful with sender identity + working opt-out (PECR reg.22 / SI 336/2011 reg.13)"
2726555d2c9127d37db6,Bath Balloons,Hot Air Balloons Tour,bath,Bath,GB,UK,sales@balnet.co.uk,+441225466888,http://www.bathballoons.co.uk,"3 George Street, Bath, BA1 2FJ",51.38467,-2.36249,,,overture,email,2,new,ok,"GB: role address at a business — corporate subscriber, lawful with sender identity + working opt-out (PECR reg.22 / SI 336/2011 reg.13)"
7cb618adb9544d95d43b,Bath Boating Station,Boat Rental And Training,bath,Bath,GB,UK,admin@bathboating.co.uk,+441225312900,http://www.bathboating.co.uk/,"Forester Rd, Bath, BA2 6QE",51.39042,-2.35016,,,overture,email,2,new,ok,"GB: role address at a business — corporate subscriber, lawful with sender identity + working opt-out (PECR reg.22 / SI 336/2011 reg.13)"
431ed29447b1d5404b7a,Bath Box Office,Topic Concert Venue,bath,Bath,GB,UK,info@bathboxoffice.org.uk,+441225463362,http://www.bathboxoffice.org.uk/,"2 Church Street, Bath, BA1 1NL",51.37849,-2.36014,,,overture,email,2,new,ok,"GB: role address at a business — corporate subscriber, lawful with sender identity + working opt-out (PECR reg.22 / SI 336/2011 reg.13)"
1749b66628a9324c8192,Bath Breaks Apartments,Apartment,bath,,GB,UK,info@bathbreaksuk.co.uk,+447484022318,http://www.bathbreaksuk.co.uk/,"16a James Street West, Bath, BA1 2",51.38251,-2.36823,,,osm,email,2,new,ok,"GB: role address at a business — corporate subscriber, lawful with sender identity + working opt-out (PECR reg.22 / SI 336/2011 reg.13)"
3822f4a9d2fdeb9acd74,Bath Card Show,Stadium Arena,bath,Bath,GB,UK,info@collectivecardshowgroup.co.uk,,https://linktr.ee/collectivecardshowgroupuk,"Team Bath University , Bath, BA2 7PB",51.37859,-2.32512,,,overture,email,2,new,ok,"GB: role address at a business — corporate subscriber, lawful with sender identity + working opt-out (PECR reg.22 / SI 336/2011 reg.13)"
5ece7134f0fb3d8df4bf,Bath Contemporary Artists Fair,Gallery,bath,Bath,GB,UK,info@bcaf.co.uk,+441225787910,http://www.bcaf.co.uk/,"Green Park Station, Green Park Rd, Bath, BA1 1JB",51.38142,-2.36612,,,overture,email,2,new,ok,"GB: role address at a business — corporate subscriber, lawful with sender identity + working opt-out (PECR reg.22 / SI 336/2011 reg.13)"
be93b592cd63710819c7,Bath Decorative Antiques Fair,Antique Store,bath,Bath,GB,UK,info@bathdecorativeantiquesfair.co.uk,+441278784912,http://www.bathdecorativeantiquesfair.co.uk/,"The Pavilion, Bath, BA2 4EU",51.38115,-2.35353,,,overture,email,2,new,ok,"GB: role address at a business — corporate subscriber, lawful with sender identity + working opt-out (PECR reg.22 / SI 336/2011 reg.13)"
4eed31ffd4eb1e0af63b,Bath Fayres,Market,bath,Bath,GB,UK,customerservice@lsdpromotions.com,+441384877336,https://lsdpromotions.com/bath,"Milsom Street, Bath, BA1 1DN",51.38383,-2.36136,,,overture,email,2,new,ok,"GB: role address at a business — corporate subscriber, lawful with sender identity + working opt-out (PECR reg.22 / SI 336/2011 reg.13)"
01cb11a0136f3f2ac6d8,Bath Fringe Festival,Topic Concert Venue,bath,Bath,GB,UK,admin@bathfringe.co.uk,+441225480079,https://www.bathfringe.co.uk/,"103 Walcot Street, Bath, BA1 5BW",51.38751,-2.35929,,,overture,email,2,new,ok,"GB: role address at a business — corporate subscriber, lawful with sender identity + working opt-out (PECR reg.22 / SI 336/2011 reg.13)"
96b14cbdde50b30f580d,Bath Holiday Suites,Hotel,bath,Bath,GB,UK,info@bathholidaysuites.co.uk,+441225425132,http://www.bathholidaysuites.co.uk/,"10 Grove Street, Bath, BA2 6PJ",51.38429,-2.35755,,,overture,email,2,new,ok,"GB: role address at a business — corporate subscriber, lawful with sender identity + working opt-out (PECR reg.22 / SI 336/2011 reg.13)"
ecedbd5c55b425d9cfed,Bath Karaoke,Restaurant,bath,Bath,GB,UK,info@robun.co.uk,+441225433200,https://www.bathkaraoke.co.uk/,"4 George Street, Bath, BA1 2ED",51.38527,-2.3611,,,overture,email,2,new,ok,"GB: role address at a business — corporate subscriber, lawful with sender identity + working opt-out (PECR reg.22 / SI 336/2011 reg.13)"
6a8898cf3dfb12b289f0,Bath Laser Clinic,Beauty & spa,bath,Bath,GB,UK,info@bathlaserclinic.com,+447932997697,http://www.bathlaserclinic.com/,"Bath, Bath, BA2 3LB",51.37619,-2.3734,,,overture,email,2,new,ok,"GB: role address at a business — corporate subscriber, lawful with sender identity + working opt-out (PECR reg.22 / SI 336/2011 reg.13)"
5cb2f3f53d4c69534a7c,Bath Luxury Lets,Service Apartments,bath,Bath,GB,UK,enquiries@bathluxurylets.co.uk,+447801990580,http://www.bathluxurylets.co.uk/,"36 Upper East Hayes, Bath, BA1 6LP",51.39417,-2.3509,,,overture,email,2,new,ok,"GB: role address at a business — corporate subscriber, lawful with sender identity + working opt-out (PECR reg.22 / SI 336/2011 reg.13)"
60d5a24790c2c4328578,Bath Medical Museum,Museum,bath,Bath,GB,UK,enquiries@bathmedicalmuseum.org,+447961296776,http://www.bathmedicalmuseum.org/,"1 Court Gardens, Bath, BA1 7",51.38522,-2.35247,,,overture,email,2,new,ok,"GB: role address at a business — corporate subscriber, lawful with sender identity + working opt-out (PECR reg.22 / SI 336/2011 reg.13)"
6e7bd4e25b1269f26c33,Bath Mosque,Attraction · mosque,bath,Bath,GB,UK,contact@bathmosque.org.uk,+441225460922,https://www.bathmosque.org.uk/,"8 Pierrepont Street, Bath, BA1 1",51.3801,-2.35721,,,overture,email,2,new,ok,"GB: role address at a business — corporate subscriber, lawful with sender identity + working opt-out (PECR reg.22 / SI 336/2011 reg.13)"
9105d473d0bb2654a94c,Bath Narrowboats,Vehicle rental,bath,,GB,UK,mail@bath-narrowboats.co.uk,+441225447276,https://www.bath-narrowboats.co.uk/bathbikehirecom,"Sydney Wharf, Bathwick Hill, Bath, BA2 4EL",51.38323,-2.34904,,,osm,email,2,new,ok,"GB: role address at a business — corporate subscriber, lawful with sender identity + working opt-out (PECR reg.22 / SI 336/2011 reg.13)"
ee5f495e4ff40536a7b7,Bath Natural Remedies,Massage & spa,bath,Bath,GB,UK,shop@bathnaturalremedies.com,+441225466944,https://www.fresha.com/a/neals-yard-remedies-bath-bath-11-northumberland-place-0u9smnzr/booking?dppub=true&menu=true,"11 Northumberland Place, Bath, BA1 5AR",51.38246,-2.36027,,,overture,email,2,new,ok,"GB: role address at a business — corporate subscriber, lawful with sender identity + working opt-out (PECR reg.22 / SI 336/2011 reg.13)"
2d92c234ea2d00132764,Bath Nordic Walking,Sports And Fitness Instruction,bath,Bath,GB,UK,info@bristolnordicwalking.co.uk,+447886885213,http://www.nordicwalkingbath.co.uk/,"Royal Victoria Park, Bath, BA1 2NR",51.38498,-2.36549,,,overture,email,2,new,ok,"GB: role address at a business — corporate subscriber, lawful with sender identity + working opt-out (PECR reg.22 / SI 336/2011 reg.13)"
eb36abb39899f1d8eec1,Bath Outdoors,Outdoor Gear,bath,Bath,GB,UK,sales@bathoutdoors.co.uk,+441225251448,https://bathoutdoors.co.uk/,"Unit 8, Broadway Court, Miles St, Bath, BA2 4HX",51.37846,-2.35433,,,overture,email,2,new,ok,"GB: role address at a business — corporate subscriber, lawful with sender identity + working opt-out (PECR reg.22 / SI 336/2011 reg.13)"
dbb261bbc94a7c3971f7,Bath Paradise House Hotel,Hotel,bath,Bath,GB,UK,info@paradise-house.co.uk,01225 317723,http://www.paradise-house.co.uk,"86-88 Holloway, Bath, BA2 4PX",51.37605,-2.36368,,,overture,email,2,new,ok,"GB: role address at a business — corporate subscriber, lawful with sender identity + working opt-out (PECR reg.22 / SI 336/2011 reg.13)"
c577fabff546f6da4011,Bath Philharmonia,Topic Concert Venue,bath,Bath,GB,UK,info@bathphil.co.uk,+447525857720,http://www.bathphil.co.uk/,"Widcombe Institute, Widcombe Hill, Bath, BA2 7EU",51.37487,-2.34756,,,overture,email,2,new,ok,"GB: role address at a business — corporate subscriber, lawful with sender identity + working opt-out (PECR reg.22 / SI 336/2011 reg.13)"
2f5ec22964216630b835,Bath Pizza Co.,Street food,bath,,GB,UK,info@bathpizzaco.com,+441225588886,https://www.bathpizzaco.com,Green Park Road BA1 1JB,51.38147,-2.36648,,,osm,email,2,new,ok,"GB: role address at a business — corporate subscriber, lawful with sender identity + working opt-out (PECR reg.22 / SI 336/2011 reg.13)"
63f96b173edcce7ef882,Bath Postal Museum,Museum,bath,Bath,GB,UK,info@bathpostalmuseum.org,01225 460333,http://www.bathpostalmuseum.co.uk,"27 Northgate Street, Bath, BA1 1AJ",51.38335,-2.36001,,,overture,email,2,new,ok,"GB: role address at a business — corporate subscriber, lawful with sender identity + working opt-out (PECR reg.22 / SI 336/2011 reg.13)"
7bee8943eb1f824143ce,Bath Private Hire Online,Airport Shuttles,bath,Bath,GB,UK,booking@bathprivatehireonline.co.uk,+447429600187,http://bathprivatehireonline.co.uk/,"Southlands, Bath, BA1 4EB",51.39467,-2.38859,,,overture,email,2,new,ok,"GB: role address at a business — corporate subscriber, lawful with sender identity + working opt-out (PECR reg.22 / SI 336/2011 reg.13)"
e39cdbc968497b77462c,Bath Restaurant Week,Restaurant,bath,Bath,GB,UK,info@bathbid.co.uk,+441225430640,https://www.bathrestaurantweek.com/,"11a York Street, Bath, BA1 1",51.38106,-2.35851,,,overture,email,2,new,ok,"GB: role address at a business — corporate subscriber, lawful with sender identity + working opt-out (PECR reg.22 / SI 336/2011 reg.13)"
ac62066a25333df75507,Bath Royal Literary & Scientific Institution,Museum,bath,Bath,GB,UK,reception@brlsi.org,+441225312084,https://www.brlsi.org/,16-18 Queen Square BA1 2HN Bath,51.38332,-2.36437,,,osm,email,2,new,ok,"GB: role address at a business — corporate subscriber, lawful with sender identity + working opt-out (PECR reg.22 / SI 336/2011 reg.13)"
ca9bea61c4ecff66c20a,Bath Tennis Club,Tennis Court,bath,Bath,GB,UK,info@bathtc.co.uk,+441225425625,https://richlittletennis.co.uk/,"Park Ln, Bath, BA1 2XQ",51.38699,-2.37913,,,overture,email,2,new,ok,"GB: role address at a business — corporate subscriber, lawful with sender identity + working opt-out (PECR reg.22 / SI 336/2011 reg.13)"
f2561af3bc1390bdb88e,BathEscape,Escape Rooms,bath,Bath,GB,UK,info@bathescape.co.uk,+447478197297,http://bathescape.co.uk/,"12a Princes Street, Bath, BA1 1",51.38225,-2.36376,,,overture,email,2,new,ok,"GB: role address at a business — corporate subscriber, lawful with sender identity + working opt-out (PECR reg.22 / SI 336/2011 reg.13)"
53d29fceb04117213457,Beau Nash,Antique Store,bath,Bath,GB,UK,info@beaunashbath.com,+447535137808,http://www.beaunashbath.com/,"28 Brock Street, Bath, BA1 2LN",51.38628,-2.36541,,,overture,email,2,new,ok,"GB: role address at a business — corporate subscriber, lawful with sender identity + working opt-out (PECR reg.22 / SI 336/2011 reg.13)"
c978279230dc02a27a5b,Beauty @ No. 32,Beauty & spa,bath,,GB,UK,info@no32.co.uk,+441225428741,https://beautyatnumber32.co.uk/,32 Monmouth Street BA1 2AN,51.38211,-2.36371,,,osm,email,2,new,ok,"GB: role address at a business — corporate subscriber, lawful with sender identity + working opt-out (PECR reg.22 / SI 336/2011 reg.13)"
1cdc461ac13823254ee1,Beaux Arts Bath,Gallery,bath,Bath,GB,UK,info@beauxartsbath.co.uk,+441225464850,http://beauxartsbath.co.uk/contact-us/,"12-13 York Street, Bath, BA1 1",51.38102,-2.35836,,,overture,email,2,new,ok,"GB: role address at a business — corporate subscriber, lawful with sender identity + working opt-out (PECR reg.22 / SI 336/2011 reg.13)"
bb115041e7b1d2b36b53,Bertie's Ice Cream,Dessert,bath,,GB,UK,info@realitalianicecream.co.uk,+441225330121,https://www.bertiesicecream.co.uk/,North Parade Passage BA1 1LJ,51.38074,-2.35821,,,osm,email,2,new,ok,"GB: role address at a business — corporate subscriber, lawful with sender identity + working opt-out (PECR reg.22 / SI 336/2011 reg.13)"
632c30f0bfa372420072,Bike Bath,Gym & fitness,bath,Bath,GB,UK,info@iconiccyclingevents.co.uk,+447528055110,http://www.bikebath.co.uk/,"The recreation Ground , Bath, BA24DS",51.38305,-2.35444,,,overture,email,2,new,ok,"GB: role address at a business — corporate subscriber, lawful with sender identity + working opt-out (PECR reg.22 / SI 336/2011 reg.13)"
554079ca363c9bccb78a,Blue Women's Clothing,Womens Clothing Store,bath,Bath,GB,UK,sales@bluewomensclothing.co.uk,+441225462111,http://www.bluewomensclothing.co.uk,"The Loft, 1 Bartlett Street, Bath, BA1 2QZ",51.38566,-2.36199,,,overture,email,2,new,ok,"GB: role address at a business — corporate subscriber, lawful with sender identity + working opt-out (PECR reg.22 / SI 336/2011 reg.13)"
311e0452c476d7fb36c5,Bluebells of Bath,Souvenirs & gifts,bath,Bath,GB,UK,hello@bluebellsofbath.com,+441225335107,http://www.bluebellsofbath.com/,"16 Cheap Street, Bath, BA1 1NA",51.38163,-2.35963,,,overture,email,2,new,ok,"GB: role address at a business — corporate subscriber, lawful with sender identity + working opt-out (PECR reg.22 / SI 336/2011 reg.13)"
8b3bd1036cf2677144c2,Bouvardia Restaurant,Restaurant,bath,Bath,GB,UK,info@bathenhouse.co.uk,+441225805549,http://bathenhouse.co.uk/dining,"88 Newbridge Hill, Bath, BA1 3QA",51.38811,-2.39548,,,overture,email,2,new,ok,"GB: role address at a business — corporate subscriber, lawful with sender identity + working opt-out (PECR reg.22 / SI 336/2011 reg.13)"
636d478c5a95afefcfa6,Brasserie Beau,British Restaurant,bath,Bath,GB,UK,enquiries@bath.hotelindigo.com,+441225530615,https://brasseriebeau.co.uk/,"2-8 South Parade, Bath, BA2 4",51.38014,-2.35663,,,overture,email,2,new,ok,"GB: role address at a business — corporate subscriber, lawful with sender identity + working opt-out (PECR reg.22 / SI 336/2011 reg.13)"
9aa6394a24dceeda531f,Broad Street Studio,Shopping · jewellery,bath,Bath,GB,UK,contact@broadstreetstudio.co.uk,+441225329825,http://www.broadstreetstudio.co.uk/,"26 Broad Street, Bath, BA1 5LW",51.3846,-2.36038,,,overture,email,2,new,ok,"GB: role address at a business — corporate subscriber, lawful with sender identity + working opt-out (PECR reg.22 / SI 336/2011 reg.13)"
c4bfa807cd43605ca2b9,Brooks Guesthouse,Guesthouse,bath,Bath,GB,UK,info@brooksguesthouse.com,+441225425543,http://www.brooksguesthousebristol.com/,"15 Upper Bristol Road, Bath, BA1 2NA",51.38406,-2.37123,,,overture,email,2,new,ok,"GB: role address at a business — corporate subscriber, lawful with sender identity + working opt-out (PECR reg.22 / SI 336/2011 reg.13)"
1113deff2466d6a3b20c,Buchanan Christie Studio,Gallery,bath,Bath,GB,UK,info@buchananchristie.com,,http://www.buchananchristie.com/,"24 Barton Street, Bath, BA1 1HG",51.38501,-2.36043,,,overture,email,2,new,ok,"GB: role address at a business — corporate subscriber, lawful with sender identity + working opt-out (PECR reg.22 / SI 336/2011 reg.13)"
2e01e0c68c6df2626a45,Burano Cafe,Café,bath,Bath,GB,UK,info@brissi.com,+441225461145,http://www.brissi.com/,"38 Milsom Street, Bath, BA1 1DN",51.38387,-2.36128,,,overture,email,2,new,ok,"GB: role address at a business — corporate subscriber, lawful with sender identity + working opt-out (PECR reg.22 / SI 336/2011 reg.13)"
c7ee01c57184f2d33a66,Burger Moods,Burger Restaurant,bath,Bath,GB,UK,info@burgermoods.com,+441225378767,http://www.burgermoods.com/,"6a Augusta Place, Bath, BA1 3DD",51.38502,-2.38128,,,overture,email,2,new,ok,"GB: role address at a business — corporate subscriber, lawful with sender identity + working opt-out (PECR reg.22 / SI 336/2011 reg.13)"
e7c234d3b2e9074304fb,COS,Shopping,bath,,GB,UK,customerservice@cos.com,+44-1225572800,https://www.cosstores.com/gb/,24-26 Union Street BA1 1RS,51.38168,-2.36025,,,osm,email,2,new,ok,"GB: role address at a business — corporate subscriber, lawful with sender identity + working opt-out (PECR reg.22 / SI 336/2011 reg.13)"
e4e7004e67b8d450f8e7,Cadence,Bicycle Shop,bath,Bath,GB,UK,info@cadencebikeshop.com,+441225446887,http://www.cadencebikeshop.com/,"9 Chelsea Road, Bath, BA1 3PP",51.38587,-2.38899,,,overture,email,2,new,ok,"GB: role address at a business — corporate subscriber, lawful with sender identity + working opt-out (PECR reg.22 / SI 336/2011 reg.13)"
c02613fb86f841e771f3,Cafe 84 Bath,Café,bath,Bath,GB,UK,hello@cafe84bath.co.uk,+441225444417,https://cafe84bath.co.uk/,"84 Lower Bristol Road, Bath, BA2 3BQ",51.37984,-2.37152,,,overture,email,2,new,ok,"GB: role address at a business — corporate subscriber, lawful with sender identity + working opt-out (PECR reg.22 / SI 336/2011 reg.13)"
5ade849eef48cbc74ecb,Canary Gin And Wine Bar,Bar,bath,Bath,GB,UK,info@thebathgincompany.co.uk,01225 462457,,"2-3 Queen St, Bath, BA1 1HE",51.38283,-2.36195,,,overture,email,2,new,ok,"GB: role address at a business — corporate subscriber, lawful with sender identity + working opt-out (PECR reg.22 / SI 336/2011 reg.13)"
de1dacb9f7f11dd8c093,Carpediemdayparties,Nightlife,bath,Bath,GB,UK,admin@secondbridge.co.uk,,https://www.secondbridge.co.uk/tickets,"10 Manvers Street, Bath, BA1 1JQ",51.37895,-2.35725,,,overture,email,2,new,ok,"GB: role address at a business — corporate subscriber, lawful with sender identity + working opt-out (PECR reg.22 / SI 336/2011 reg.13)"
f3fc48413f8ef2ed0313,Cavendish Restaurant,Restaurant,bath,Bath,GB,UK,info@dukesbath.co.uk,,,Bath,51.39882,-2.39662,,,overture,email,2,new,ok,"GB: role address at a business — corporate subscriber, lawful with sender identity + working opt-out (PECR reg.22 / SI 336/2011 reg.13)"
1503ffffc659781b2e9f,Chanii B Shoes,Shoe Store,bath,Bath,GB,UK,info@chaniib.com,+441225333693,http://www.chaniibshoes.com/,"9 Milsom Street, Bath, BA1 1BZ",51.38374,-2.36112,,,overture,email,2,new,ok,"GB: role address at a business — corporate subscriber, lawful with sender identity + working opt-out (PECR reg.22 / SI 336/2011 reg.13)"
4f7dd7bb30b5bf1fea8a,Chapel Arts Centre,Theatre,bath,Bath,GB,UK,info@chapelarts.org,+441225461700,https://chapelarts.org/,"9 Lower Borough Walls, Bath, BA1 1",51.37972,-2.36049,,,overture,email,2,new,ok,"GB: role address at a business — corporate subscriber, lawful with sender identity + working opt-out (PECR reg.22 / SI 336/2011 reg.13)"
fa042d320102b1946136,Christ Church,Attraction · church,bath,Bath,GB,UK,admin@christchurchbath.org,+441225338869,http://www.christchurchbath.org/,"Julian Rd, Bath, BA1 2RH",51.38758,-2.36239,,,overture,email,2,new,ok,"GB: role address at a business — corporate subscriber, lawful with sender identity + working opt-out (PECR reg.22 / SI 336/2011 reg.13)"
49c4f132332b0e8f544d,Circo,Bar,bath,Bath,GB,UK,info@theporter.co.uk,+443030033213,http://circobar.co.uk/,"16 George Street, Bath, BA1 2EN",51.38481,-2.36263,,,overture,email,2,new,ok,"GB: role address at a business — corporate subscriber, lawful with sender identity + working opt-out (PECR reg.22 / SI 336/2011 reg.13)"
102ed5139212af2c79e0,City View Apartment Bath,Apartment,bath,Bath,GB,UK,bookings@mipad.co.uk,+447902311524,http://Www.cityview-bath.co.uk/,"11 Southcot Place, Bath, BA2 4",51.37614,-2.35539,,,overture,email,2,new,ok,"GB: role address at a business — corporate subscriber, lawful with sender identity + working opt-out (PECR reg.22 / SI 336/2011 reg.13)"
a0d91f44f46f7829f9ca,Claire Brown Hair Salon,Beauty & spa,bath,,GB,UK,info@clairebrownhairsalon.com,+441225462112,https://www.cbsalon.co.uk/,29 Milsom Street BA1 1DG,51.38453,-2.36148,,,osm,email,2,new,ok,"GB: role address at a business — corporate subscriber, lawful with sender identity + working opt-out (PECR reg.22 / SI 336/2011 reg.13)"
5e1505787810f67e77c7,Cleveland Pools,Swimming Pool,bath,Bath,GB,UK,contact@clevelandpools.org.uk,+441225592739,http://www.clevelandpools.org.uk/,"Hampton Row, Bath, BA2 6QS",51.3908,-2.34728,,,overture,email,2,new,ok,"GB: role address at a business — corporate subscriber, lawful with sender identity + working opt-out (PECR reg.22 / SI 336/2011 reg.13)"
5255862dbf91696a424c,Cookie Couture Clinic,Skin Care,bath,Bath,GB,UK,info@cookiecoutureclinic.com,+447586423771,http://cookiecoutureclinic.com/,"Weston Lane, Bath, BA1 4AB",51.39091,-2.38352,,,overture,email,2,new,ok,"GB: role address at a business — corporate subscriber, lawful with sender identity + working opt-out (PECR reg.22 / SI 336/2011 reg.13)"
8cbb85a1ef7ab21c21e0,Corners Hair Studio,Beauty & spa,bath,,GB,UK,mail@cornershairstudio.com,+441225446311,https://www.cornershairstudio.com/,11 St James's Street BA1 2TW,51.38822,-2.36783,,,osm,email,2,new,ok,"GB: role address at a business — corporate subscriber, lawful with sender identity + working opt-out (PECR reg.22 / SI 336/2011 reg.13)"
fa35c80fa9dc4fb9dd10,Cotswold Outdoor Bath,Outdoor Gear,bath,Bath,GB,UK,customerservice@oandcc.com,+441225562230,https://www.cotswoldoutdoor.com/stores/bath.html,"6 Abbey Gate Street, Bath, BA1 1NP",51.38025,-2.35922,,,overture,email,2,new,ok,"GB: role address at a business — corporate subscriber, lawful with sender identity + working opt-out (PECR reg.22 / SI 336/2011 reg.13)"
478f502f719173a0a100,Cotton & Grey Ltd,Souvenirs & gifts,bath,Bath,GB,UK,info@cottonandgrey.com,+447931373756,https://cottonandgrey.com/,"7 St James's Square, Bath, BA1 2TR",51.38906,-2.36881,,,overture,email,2,new,ok,"GB: role address at a business — corporate subscriber, lawful with sender identity + working opt-out (PECR reg.22 / SI 336/2011 reg.13)"
2f7c1889550eebc4c9b3,Crescent Guesthouse,Guesthouse,bath,Bath,GB,UK,info@crescentbath.co.uk,01225 425945,http://www.crescentbath.co.uk,"Bath, BA1",51.38369,-2.36952,,,overture,email,2,new,ok,"GB: role address at a business — corporate subscriber, lawful with sender identity + working opt-out (PECR reg.22 / SI 336/2011 reg.13)"
0d16b936e04398d9b2a1,Crescent Restaurant & Bar,Restaurant,bath,Bath,GB,UK,info@crescent-restaurant-bath.co.uk,+441225310064,http://www.crescent-restaurant-bath.co.uk/,"2 Margarets Buildings, Bath, BA1 2LP",51.38645,-2.36589,,,overture,email,2,new,ok,"GB: role address at a business — corporate subscriber, lawful with sender identity + working opt-out (PECR reg.22 / SI 336/2011 reg.13)"
9ea83e660a1e28038e0f,CrossFit Bath,Gym & fitness,bath,,GB,UK,info@crossfitbath.com,+447923253217,http://crossfitbath.com/,Claude Avenue BA2 1AF,51.3737,-2.38013,,,osm,email,2,new,ok,"GB: role address at a business — corporate subscriber, lawful with sender identity + working opt-out (PECR reg.22 / SI 336/2011 reg.13)"
a82b177e6ebfa2cb4c41,Curious Universe UK,Arts And Crafts,bath,Bath,GB,UK,info@curiousuniverse.co.uk,,http://www.curiousuniverse.co.uk/,"124 Walcot Street, Bath, BA1 5BG",51.38768,-2.35909,,,overture,email,2,new,ok,"GB: role address at a business — corporate subscriber, lawful with sender identity + working opt-out (PECR reg.22 / SI 336/2011 reg.13)"
84c6a094f39a8e33ce58,David Maxwell Hairdressing,Beauty & spa,bath,Bath,GB,UK,info@davidmaxwellhairdressing.co.uk,+441225435713,http://www.davidmaxwellhairdressing.co.uk/,"10 Argyle Street, Bath, BA2 4BQ",51.38331,-2.35697,,,overture,email,2,new,ok,"GB: role address at a business — corporate subscriber, lawful with sender identity + working opt-out (PECR reg.22 / SI 336/2011 reg.13)"
e0c558fd206c75a4e523,Devonshire House,Guesthouse,bath,Bath,GB,UK,enquiries@devonshire-house.uk.com,+441225312495,http://www.devonshire-house.uk.com/,"Devonshire House, 143 Wellsway, Bath, BA2 4",51.36851,-2.36586,,,overture,email,2,new,ok,"GB: role address at a business — corporate subscriber, lawful with sender identity + working opt-out (PECR reg.22 / SI 336/2011 reg.13)"
58fd86b52c266c57af7c,Dining in Bath,Restaurant,bath,Bath,GB,UK,support@mysterydining.com,+441225466817,http://www.mysterydining.net/,"Trim St, Bath, BA1 1HB",51.38263,-2.36193,,,overture,email,2,new,ok,"GB: role address at a business — corporate subscriber, lawful with sender identity + working opt-out (PECR reg.22 / SI 336/2011 reg.13)"
2e3268f2456933262c2f,Dream Stays Bath,Service Apartments,bath,Bath,GB,UK,post@dreamstaysbath.co.uk,+441225461728,http://www.dreamstaysbath.co.uk/,"7 John Street, Bath, BA1 2JL",51.38364,-2.36233,,,overture,email,2,new,ok,"GB: role address at a business — corporate subscriber, lawful with sender identity + working opt-out (PECR reg.22 / SI 336/2011 reg.13)"
0eca3b713061233f77f1,Dylan's Moda Barber,Beauty & spa,bath,,GB,UK,info@dylansmodabarbers.com,+441225287219,http://www.dylansmodabarbers.com/,3-4 The Corridor BA1 5AP,51.38217,-2.35957,,,osm,email,2,new,ok,"GB: role address at a business — corporate subscriber, lawful with sender identity + working opt-out (PECR reg.22 / SI 336/2011 reg.13)"
fd42b5d3cc983f6003dd,E P Mallory & Son,Shopping · jewellery,bath,Bath,GB,UK,enquiries@mallory-jewellers.com,+441225788800,http://www.mallory-jewellers.com,"1 Bridge Street, Bath, BA2 4AP",51.38279,-2.3591,,,overture,email,2,new,ok,"GB: role address at a business — corporate subscriber, lawful with sender identity + working opt-out (PECR reg.22 / SI 336/2011 reg.13)"
602cbf65305f48cbd0ca,ECT Travel,Tours & travel,bath,Bath,GB,UK,sales@ecttravel.com,+441225333747,http://www.ecttravel.com/,"76 Lorne Road, Bath, BA2 3BZ",51.38094,-2.37532,,,overture,email,2,new,ok,"GB: role address at a business — corporate subscriber, lawful with sender identity + working opt-out (PECR reg.22 / SI 336/2011 reg.13)"
a22498e72b08ab59ec7e,ElevateYou Aesthetics,Skin Care,bath,Bath,GB,UK,hello@elevateyouaesthetics.co.uk,,http://Www.elevateyouaesthetics.co.uk/,"29 James Street West, Bath, BA1 2BR",51.38218,-2.36705,,,overture,email,2,new,ok,"GB: role address at a business — corporate subscriber, lawful with sender identity + working opt-out (PECR reg.22 / SI 336/2011 reg.13)"
7b64360fd29dec65cca2,Entry Hill Golf Course,Golf,bath,Bath,GB,UK,enquiries@bathpublicgolfco.uk,01225 834248,https://www.better.org.uk,"Entry Hill, Bath, BA2 5NA",51.36356,-2.36532,,,overture,email,2,new,ok,"GB: role address at a business — corporate subscriber, lawful with sender identity + working opt-out (PECR reg.22 / SI 336/2011 reg.13)"
d536ae68b6be360bea91,Excel Tennis,Tennis Court,bath,Bath,GB,UK,hello@exceltennisbath.co.uk,+441225425066,https://www.exceltennisbath.co.uk/,"Royal Avenue Royal Victoria Park, Bath, BA1 2NR",51.38502,-2.36533,,,overture,email,2,new,ok,"GB: role address at a business — corporate subscriber, lawful with sender identity + working opt-out (PECR reg.22 / SI 336/2011 reg.13)"
0cb44285d5613d0896cc,Fairfield Arms,Bar,bath,,GB,UK,info@omoluabi.cc,+441225949365,http://www.fairfieldarms2020.com,1 Fairfield Park Road BA1 6JN,51.39711,-2.35469,,,osm,email,2,new,ok,"GB: role address at a business — corporate subscriber, lawful with sender identity + working opt-out (PECR reg.22 / SI 336/2011 reg.13)"
edf9217b181769a6131d,Fairfield House,Attraction,bath,Bath,GB,UK,info@houseofhismajesty.com,+441225464165,http://www.fairfieldhousebath.co.uk/,"2 Kelston Road, Bath, BA1 3QJ",51.39025,-2.39972,,,overture,email,2,new,ok,"GB: role address at a business — corporate subscriber, lawful with sender identity + working opt-out (PECR reg.22 / SI 336/2011 reg.13)"
ac91881f7e1374e23edf,FatFace,Shopping · clothing,bath,Bath,GB,UK,customerservices@fatface.com,+441225465752,https://www.fatface.com/store/70268,"4 St Lawrence Street, Bath, BA1 1AN",51.37956,-2.35947,,,overture,email,2,new,ok,"GB: role address at a business — corporate subscriber, lawful with sender identity + working opt-out (PECR reg.22 / SI 336/2011 reg.13)"
5b1c73bb92a40f750f9f,FilmBath,Arts And Entertainment,bath,Bath,GB,UK,hello@filmbath.org.uk,+441225463458,https://filmbath.org.uk/about-us/filmbathfestival,"4 Chapel Row, Bath, BA1 1HN",51.38282,-2.36426,,,overture,email,2,new,ok,"GB: role address at a business — corporate subscriber, lawful with sender identity + working opt-out (PECR reg.22 / SI 336/2011 reg.13)"
6af03d29e4d5fd782a47,Fine Cheese Company Bath,Specialty Grocery Store,bath,Bath,GB,UK,customerservice@finecheese.co.uk,+441225433937,http://www.finecheese.co.uk/,"29-31 Walcot Street, Bath, BA1 5",51.38468,-2.3597,,,overture,email,2,new,ok,"GB: role address at a business — corporate subscriber, lawful with sender identity + working opt-out (PECR reg.22 / SI 336/2011 reg.13)"
532ca6ac577069522016,Flamingo,Souvenirs & gifts,bath,Bath,GB,UK,mail@flamingobath.co.uk,+441225333619,http://www.flamingobath.co.uk/,7 Claverton Street BA2 4JT Bath,51.37642,-2.35433,,,osm,email,2,new,ok,"GB: role address at a business — corporate subscriber, lawful with sender identity + working opt-out (PECR reg.22 / SI 336/2011 reg.13)"
bc50c7f2630007fe437d,Flawless Transformation,Massage & spa,bath,Bath,GB,UK,enquiries@flawlesstransformation.co.uk,+447754889800,http://www.flawlesstransformation.co.uk/," Rookery Farm , Bath, BA3 4UL ",51.38496,-2.36131,,,overture,email,2,new,ok,"GB: role address at a business — corporate subscriber, lawful with sender identity + working opt-out (PECR reg.22 / SI 336/2011 reg.13)"
5ea3f77997a545242171,Floral Touch Bath,Souvenirs & gifts,bath,Bath,GB,UK,info@floraltouchbath.co.uk,+441225331335,http://www.floraltouchbath.co.uk/,"23 Wellsway, Bath, BA2 4",51.37381,-2.36632,,,overture,email,2,new,ok,"GB: role address at a business — corporate subscriber, lawful with sender identity + working opt-out (PECR reg.22 / SI 336/2011 reg.13)"
a03972bd4e6fd8ef544b,Floral Tours,Sightseeing Tour Agency,bath,Bath,GB,UK,info@floraltours.co.uk,+441225913106,http://www.floraltours.co.uk/,"3 Princes Street, Bath, BA1 1HL",51.38241,-2.36381,,,overture,email,2,new,ok,"GB: role address at a business — corporate subscriber, lawful with sender identity + working opt-out (PECR reg.22 / SI 336/2011 reg.13)"
530f5a7fc89307bc14ba,Forever Fridays,Nightlife,bath,Bath,GB,UK,info@18-25cityevents.com,+441225447187,https://www.fatsoma.com/p/city_events,"The Salon, 6 Bridge Street, Bath, BA2 4AS",51.38496,-2.36131,,,overture,email,2,new,ok,"GB: role address at a business — corporate subscriber, lawful with sender identity + working opt-out (PECR reg.22 / SI 336/2011 reg.13)"
d63d8714c18757a883b6,Fortuna Tattoos,Tattoo & piercing,bath,Bath,GB,UK,info@fortunatattoos.co.uk,+447930514750,https://www.instagram.com/fortunatattoosbath/,"34 Monmouth Street, Bath, BA1 2AN",51.3821,-2.36352,,,overture,email,2,new,ok,"GB: role address at a business — corporate subscriber, lawful with sender identity + working opt-out (PECR reg.22 / SI 336/2011 reg.13)"
b44b25e5ada4bb3622a3,Framecraft Picture Framers,Arts And Crafts,bath,Bath,GB,UK,sales@framecraftonline.com,+441225447072,http://www.framecraftonline.com/,"20 Green Park, Bath, BA1 1HZ",51.38136,-2.36687,,,overture,email,2,new,ok,"GB: role address at a business — corporate subscriber, lawful with sender identity + working opt-out (PECR reg.22 / SI 336/2011 reg.13)"
9a14fc45596c1fb4c0e5,Frederick House,Attraction,bath,Bath,GB,UK,enquiries@frederickhousebath.com,+441225985586,http://frederickhousebath.co.uk/,"Midland Rd, Bath, BA2 3GB",51.3828,-2.37656,,,overture,email,2,new,ok,"GB: role address at a business — corporate subscriber, lawful with sender identity + working opt-out (PECR reg.22 / SI 336/2011 reg.13)"
0c04e9fda1429a0b7ce7,Gallery Nine,Gallery,bath,Bath,GB,UK,info@gallerynine.co.uk,01225 319197,http://www.gallerynine.co.uk,"9b Margarets Buildings, Bath, BA1 2LP",51.38659,-2.36582,,,overture,email,2,new,ok,"GB: role address at a business — corporate subscriber, lawful with sender identity + working opt-out (PECR reg.22 / SI 336/2011 reg.13)"
016d324da8df43444b3e,Garden Apartment Bath,Apartment,bath,Bath,GB,UK,bookings@mipad.co.uk,,http://www.gardenapartment-bath.co.uk/,"11 Southcot Place, Bath, BA2 4",51.37614,-2.35539,,,overture,email,2,new,ok,"GB: role address at a business — corporate subscriber, lawful with sender identity + working opt-out (PECR reg.22 / SI 336/2011 reg.13)"
7b8199fe6bb922bcc34b,Genivo International - Communication Coaching,Fitness Trainer,bath,Bath,GB,UK,info@genivointernational.com,+447398875968,https://www.genivointernational.com/,"15a Stonehouse Lane, Bath, BA2 5DW",51.36272,-2.35014,,,overture,email,2,new,ok,"GB: role address at a business — corporate subscriber, lawful with sender identity + working opt-out (PECR reg.22 / SI 336/2011 reg.13)"
731e47db3f9da0165e58,GetFit in Bath,Gym & fitness,bath,Bath,GB,UK,hello@getfitinbath.co.uk,+447866727290,https://www.getfitinbath.co.uk/,"Unit 8, Ferry Court, Getfit in, Bath, BA2 4JW",51.37969,-2.3529,,,overture,email,2,new,ok,"GB: role address at a business — corporate subscriber, lawful with sender identity + working opt-out (PECR reg.22 / SI 336/2011 reg.13)"
3181dfd073d3f7e8892b,Golden Vine Piercing,Shopping,bath,,GB,UK,contact@goldenvinepiercing.co.uk,+441225251026,https://www.goldenvinepiercing.co.uk/,6 Argyle Street BA2 4BA,51.38346,-2.3572,,,osm,email,2,new,ok,"GB: role address at a business — corporate subscriber, lawful with sender identity + working opt-out (PECR reg.22 / SI 336/2011 reg.13)"
10e81e3c7be58a9d3edd,Gospel Collective Church,Attraction · church,bath,Bath,GB,UK,info@gospelcollective.uk,+447562994924,http://gospelco.uk/,"St. Luke's Church Centre, Hatfield Rd, Bath, BA2 2BD",51.3691,-2.3666,,,overture,email,2,new,ok,"GB: role address at a business — corporate subscriber, lawful with sender identity + working opt-out (PECR reg.22 / SI 336/2011 reg.13)"
a9ba2338337292c3f596,Gourmet Partners & Brand Builders,Food Consultant,bath,Bath,GB,UK,hello@gourmetpartners.co.uk,+447771981420,https://www.gourmetpartners.co.uk/,"18 Queen Square, Bath, BA1 2HN",51.38339,-2.36426,,,overture,email,2,new,ok,"GB: role address at a business — corporate subscriber, lawful with sender identity + working opt-out (PECR reg.22 / SI 336/2011 reg.13)"
7e3e9007a788db357547,Graceful Wanderlust,Tours & travel,bath,Bath,GB,UK,hello@gracefulwanderlust.com,+441225287597,http://www.gracefulwanderlust.com/,"1 Queen Square, Bath, BA1 2HA",51.38367,-2.36302,,,overture,email,2,new,ok,"GB: role address at a business — corporate subscriber, lawful with sender identity + working opt-out (PECR reg.22 / SI 336/2011 reg.13)"
f69aadea5338055dc4db,Grand Abode Townhouse,Hotel,bath,Bath,GB,UK,bookings@laurastownhouseapartments.co.uk,+441225464238,http://laurastownhouseapartments.co.uk/apartments/grand-abode-townhouse---7061,Bath,51.38284,-2.35798,,,overture,email,2,new,ok,"GB: role address at a business — corporate subscriber, lawful with sender identity + working opt-out (PECR reg.22 / SI 336/2011 reg.13)"
97f4ca33c8d67db5b809,Groupia,Tours & travel,bath,Bath,GB,UK,hello@groupia.com,+441225474200,https://linkin.bio/groupiauk,"30 Westgate Buildings, Bath, BA1 1EF",51.38052,-2.36245,,,overture,email,2,new,ok,"GB: role address at a business — corporate subscriber, lawful with sender identity + working opt-out (PECR reg.22 / SI 336/2011 reg.13)"
c4e056e42ea575537098,Guesthouse,Hotel,bath,Bath,GB,UK,info@guesthousehotels.co.uk,+441225421911,https://guesthousehotels.co.uk/,"Ashgrove, 39 Bathwick Street, Bath, BA2 6PA",51.38724,-2.35308,,,overture,email,2,new,ok,"GB: role address at a business — corporate subscriber, lawful with sender identity + working opt-out (PECR reg.22 / SI 336/2011 reg.13)"
06475cda5394f721ca4e,Guitarbitz Music Store,Musical Instrument Store,bath,Bath,GB,UK,sales@guitarbitz.com,+441225319540,http://www.guitarbitz.com/,"6 Quiet Street, Bath, BA1 2JS",51.38334,-2.36158,,,overture,email,2,new,ok,"GB: role address at a business — corporate subscriber, lawful with sender identity + working opt-out (PECR reg.22 / SI 336/2011 reg.13)"
d78c701576cdf922a8c4,HIDE of BATH,Shopping,bath,Bath,GB,UK,hello@hideofbath.com,+441225482778,,"The Corridor, 19 High Street, Bath, BA1 5",51.3814,-2.35785,,,overture,email,2,new,ok,"GB: role address at a business — corporate subscriber, lawful with sender identity + working opt-out (PECR reg.22 / SI 336/2011 reg.13)"
6e38ae62fd3689f9b03b,Hacketts Men's Hairdressers,Beauty & spa,bath,Bath,GB,UK,info@hackettsbath.co.uk,+441225465200,http://www.hackettsbath.co.uk/,"5 Green Park Road, Bath, BA1 1",51.3813,-2.36618,,,overture,email,2,new,ok,"GB: role address at a business — corporate subscriber, lawful with sender identity + working opt-out (PECR reg.22 / SI 336/2011 reg.13)"
b9174033835b0c6ac6bf,Have a pinch,Restaurant,bath,Bath,GB,UK,info@haveapinch.co.uk,+447392841777,http://www.haveapinch.co.uk/,"40 Southgate Street, Bath, BA1 1",51.37961,-2.35929,,,overture,email,2,new,ok,"GB: role address at a business — corporate subscriber, lawful with sender identity + working opt-out (PECR reg.22 / SI 336/2011 reg.13)"
6c533e71816c0d27b840,Hen party yoga and Laughter Bath and Bristol,Gym & fitness,bath,Bath,GB,UK,info@henparty.yoga,+447565976129,https://henparty.yoga/,"142 Englishcombe Lane, Bath, BA2 2",51.36888,-2.38323,,,overture,email,2,new,ok,"GB: role address at a business — corporate subscriber, lawful with sender identity + working opt-out (PECR reg.22 / SI 336/2011 reg.13)"
787cc7829fb593c4d50f,Hill House Bath Guest House,Hotel,bath,Bath,GB,UK,info@hillhousebath.co.uk,+441225920520,http://www.hillhousebath.co.uk/,"25 Belvedere, Bath, BA1 2",51.38885,-2.36222,,,overture,email,2,new,ok,"GB: role address at a business — corporate subscriber, lawful with sender identity + working opt-out (PECR reg.22 / SI 336/2011 reg.13)"
7bafec9c04f95e4c807f,Hillside Massage and Bath,Massage & spa,bath,Bath,GB,UK,info@hillsidemassage.uk,+447535705956,http://www.hillsidemassage.uk/,"32 Wellsway, Bath, BA2 2",51.3728,-2.36668,,,overture,email,2,new,ok,"GB: role address at a business — corporate subscriber, lawful with sender identity + working opt-out (PECR reg.22 / SI 336/2011 reg.13)"
2b2669b9484cd8426dbf,Hilton Fine Art,Gallery,bath,Bath,GB,UK,info@hiltonfineart.com,01225 311311,http://www.hiltonfineart.com,"5 Margarets Buildings Flat 1-4, Bath, BA1 2LP",51.3866,-2.36572,,,overture,email,2,new,ok,"GB: role address at a business — corporate subscriber, lawful with sender identity + working opt-out (PECR reg.22 / SI 336/2011 reg.13)"
0f09089acc56abcdceb3,Hiplets,Hotel,bath,Bath,GB,UK,info@hiplets.com,+441225699947,https://hiplets.com/ourproperties,"17 Grove Street, Bath, BA2 6PJ",51.38488,-2.35768,,,overture,email,2,new,ok,"GB: role address at a business — corporate subscriber, lawful with sender identity + working opt-out (PECR reg.22 / SI 336/2011 reg.13)"
4f3841d23b91c06d15d2,Holburne Museum,Museum,bath,,GB,UK,enquiries@holburne.org,+441225388569,https://www.holburne.org/,Great Pulteney Street BA2 4DB,51.38575,-2.35083,,,osm,email,2,new,ok,"GB: role address at a business — corporate subscriber, lawful with sender identity + working opt-out (PECR reg.22 / SI 336/2011 reg.13)"
86a0a90fea0a5dc23a9c,Holiday Inn Express Bath,Hotel,bath,Bath,GB,UK,info@expressbath.co.uk,+443719021601,http://www.hiexpress.com/,"Lower Bristol Rd, Brougham Hayes, Bath, BA2 3QU",51.38051,-2.37378,,,overture,email,2,new,ok,"GB: role address at a business — corporate subscriber, lawful with sender identity + working opt-out (PECR reg.22 / SI 336/2011 reg.13)"
2e5b8140f2fe77c76f87,Hope Place Bath,Hotel,bath,Bath,GB,UK,hello@hopeplacebath.co.uk,+447860615288,https://hopeplacebath.co.uk/,"29B Hope Place, Bath, BA1 5DL",51.39031,-2.36467,,,overture,email,2,new,ok,"GB: role address at a business — corporate subscriber, lawful with sender identity + working opt-out (PECR reg.22 / SI 336/2011 reg.13)"
6865cf77cede138e0379,House of Frankenstein - Bath,Museum,bath,Bath,GB,UK,info@houseoffrankenstein.com,+441225551542,http://www.houseoffrankenstein.com/,"37 Gay Street, Bath, BA1 2NT",51.38415,-2.36317,,,overture,email,2,new,ok,"GB: role address at a business — corporate subscriber, lawful with sender identity + working opt-out (PECR reg.22 / SI 336/2011 reg.13)"
9644011b60d6b0509c07,House of Prayer,Attraction · church,bath,Bath,GB,UK,info@houseofprayerbath.org,,http://www.houseofprayerbath.org/,"St Luke's Church Basement, Hatfield Rd, Bath, BA2 2BD",51.36822,-2.36725,,,overture,email,2,new,ok,"GB: role address at a business — corporate subscriber, lawful with sender identity + working opt-out (PECR reg.22 / SI 336/2011 reg.13)"
705044b5e38a591fda7d,Icarus Jewellery,Shopping,bath,,GB,UK,info@icarusjewellery.com,+441225463693,https://icarusjewellery.com/,3 Pulteney Bridge BA2 4AX,51.38303,-2.35812,,,osm,email,2,new,ok,"GB: role address at a business — corporate subscriber, lawful with sender identity + working opt-out (PECR reg.22 / SI 336/2011 reg.13)"
9e93749cd5ef534376a3,Il Mulino Italian Bath,British Restaurant,bath,Bath,GB,UK,info@oldmillbath.co.uk,+441225437163,https://www.ilmulinorestaurantbath.co.uk/,"Tollbridge Road, Batheaston, Bath, BA1 7DE",51.40182,-2.32564,,,overture,email,2,new,ok,"GB: role address at a business — corporate subscriber, lawful with sender identity + working opt-out (PECR reg.22 / SI 336/2011 reg.13)"
599fb5787f55d406c5a0,Joanna Reed Bridal Accessories - Studio Visit by Appointment only,Shopping · jewellery,bath,Bath,GB,UK,info@joannareed.com,,https://www.etsy.com/uk/shop/JoannaReedBridal,"Walcot St, Bath, BA1 5BW",51.38709,-2.35942,,,overture,email,2,new,ok,"GB: role address at a business — corporate subscriber, lawful with sender identity + working opt-out (PECR reg.22 / SI 336/2011 reg.13)"
63444448a6b079025735,John Rennie Restaurant Boat Bath,Restaurant,bath,Bath,GB,UK,enquiries@bath-narrowboats.co.uk,+441225447276,http://www.bath-narrowboats.co.uk/,"Sydney Wharf, Bathwick Hill, Bath, BA2 4EL",51.38262,-2.34912,,,overture,email,2,new,ok,"GB: role address at a business — corporate subscriber, lawful with sender identity + working opt-out (PECR reg.22 / SI 336/2011 reg.13)"
2bd55ce81bca2b873927,Joya Restaurant,Steakhouse,bath,Bath,GB,UK,info@joyarestaurant.co.uk,+441225460240,http://www.joyarestaurant.co.uk/,"6 Grand Parade, Bath, BA2 4AN",51.38254,-2.35791,,,overture,email,2,new,ok,"GB: role address at a business — corporate subscriber, lawful with sender identity + working opt-out (PECR reg.22 / SI 336/2011 reg.13)"
4b6cae6cdd88ff345c7c,Judospace,Gym & fitness,bath,Bath,GB,UK,office@judospace.com,,http://www.judospace.com/,"34 Lower Bristol Road, Bath, BA2 3AZ",51.37842,-2.3659,,,overture,email,2,new,ok,"GB: role address at a business — corporate subscriber, lawful with sender identity + working opt-out (PECR reg.22 / SI 336/2011 reg.13)"
b6fd760684c680cdecee,Juniper and Blue,Arts And Crafts,bath,Bath,GB,UK,info@juniperandblue.co.uk,+448456088890,http://www.juniperandblue.co.uk/,"14 Fountain Buildings, Bath, BA1 5LS",51.38561,-2.36106,,,overture,email,2,new,ok,"GB: role address at a business — corporate subscriber, lawful with sender identity + working opt-out (PECR reg.22 / SI 336/2011 reg.13)"
4a488e4ce82775c27203,Juno Bar & Kitchen,Bar And Grill Restaurant,bath,Bath,GB,UK,info@junobath.co.uk,+441225330777,http://www.junobarandkitchen.co.uk/,"4 Philip Street, Bath, BA1 1AU",51.37936,-2.35849,,,overture,email,2,new,ok,"GB: role address at a business — corporate subscriber, lawful with sender identity + working opt-out (PECR reg.22 / SI 336/2011 reg.13)"
08e21d03a44fb22103fa,"Kensington Chapel Apartment, Bath",Attraction,bath,Bath,GB,UK,bookings@kensingtonchapelapartment.co.uk,,http://www.kensingtonchapelapartment.co.uk/,Bath,51.39248,-2.35024,,,overture,email,2,new,ok,"GB: role address at a business — corporate subscriber, lawful with sender identity + working opt-out (PECR reg.22 / SI 336/2011 reg.13)"
5998c3fee917e5b0992f,King William Pub & Dining Rooms,Bar,bath,Bath,GB,UK,info@kingwilliampub.com,01225 428096,http://www.kingwilliampub.com,"37 Thomas St, Bath, BA1 5NN",51.39057,-2.35602,,,overture,email,2,new,ok,"GB: role address at a business — corporate subscriber, lawful with sender identity + working opt-out (PECR reg.22 / SI 336/2011 reg.13)"
ab2c2b5d83ea9b7befbc,Kitchen Confusion,Italian Restaurant,bath,Bath,GB,UK,info@kitchenconfusion.co.uk,+447561489925,https://allaboutthecooks.co.uk/cook/valeria/,"48 Beckhampton Road, Bath, BA2 3LL",51.37443,-2.37772,,,overture,email,2,new,ok,"GB: role address at a business — corporate subscriber, lawful with sender identity + working opt-out (PECR reg.22 / SI 336/2011 reg.13)"
682f2c7b47dd5f8a2fde,Kula Yoga Bath,Gym & fitness,bath,Bath,GB,UK,hello@kulayogabath.co.uk,+447837689331,http://www.kulayogabath.co.uk/,"Denmark Rd, Bath, BA2 3RE",51.38063,-2.37951,,,overture,email,2,new,ok,"GB: role address at a business — corporate subscriber, lawful with sender identity + working opt-out (PECR reg.22 / SI 336/2011 reg.13)"
262074487f0f405ae175,LUMA Climbing,Rock Climbing Spot,bath,Bath,GB,UK,contact@lumaclimbing.co.uk,+441225688027,https://www.lumaclimbing.co.uk/,"14 Ferry Ln, Bath, BA2 4JW",51.37974,-2.35247,,,overture,email,2,new,ok,"GB: role address at a business — corporate subscriber, lawful with sender identity + working opt-out (PECR reg.22 / SI 336/2011 reg.13)"
3557af2c4639c42e5ae8,La Déesse Beauty Loft,Beauty & spa,bath,,GB,UK,contact@ladeesse.co.uk,+441225251398,https://ladeesse.co.uk/,16 Green Street BA1 2JZ,51.38332,-2.36053,,,osm,email,2,new,ok,"GB: role address at a business — corporate subscriber, lawful with sender identity + working opt-out (PECR reg.22 / SI 336/2011 reg.13)"
43a03e1bc3287c34a420,La Perla,Tapas Bar,bath,Bath,GB,UK,info@la-perla.co.uk,01225 463626,https://la-perla.co.uk,"12a N Parade, Bath, BA2 4AL",51.3807,-2.35617,,,overture,email,2,new,ok,"GB: role address at a business — corporate subscriber, lawful with sender identity + working opt-out (PECR reg.22 / SI 336/2011 reg.13)"
020681ec33b1072b47ce,La Taverna Bath,Mediterranean Restaurant,bath,Bath,GB,UK,hello@cafe84bath.co.uk,+441225444417,http://Italianpizzeria.co.uk/,"83 Lower Bristol Road, Bath, BA2 3BQ",51.37991,-2.37138,,,overture,email,2,new,ok,"GB: role address at a business — corporate subscriber, lawful with sender identity + working opt-out (PECR reg.22 / SI 336/2011 reg.13)"
549a2c6607a7af7e1d46,Lambrettas,Bar,bath,Bath,GB,UK,info@paradepark.co.uk,01225 464650,http://www.paradepark.co.uk,"8-10 North Parade, Bath, BA2 4AL",51.38078,-2.35684,,,overture,email,2,new,ok,"GB: role address at a business — corporate subscriber, lawful with sender identity + working opt-out (PECR reg.22 / SI 336/2011 reg.13)"
11a48f95d2b14d01dbda,Lansdown Tennis Squash and Croquet Club,Sports Club And League,bath,Bath,GB,UK,reception@lansdownclub.co.uk,+441225425763,http://www.lansdownclub.co.uk/,"Northfields, Bath, BA1 5TN",51.39579,-2.36445,,,overture,email,2,new,ok,"GB: role address at a business — corporate subscriber, lawful with sender identity + working opt-out (PECR reg.22 / SI 336/2011 reg.13)"
a07f50a3ed0bef74bd0d,Learn Oil Painting with Rob Lunn,Arts And Entertainment,bath,Bath,GB,UK,info@roblunn.co.uk,+447817733510,https://www.quickstartart.com/,"Bath Artists Studios, Bath, BA1 3AJ",51.3794,-2.36556,,,overture,email,2,new,ok,"GB: role address at a business — corporate subscriber, lawful with sender identity + working opt-out (PECR reg.22 / SI 336/2011 reg.13)"
c0824392eafed265d98a,Leighton Townhouse - Luxury Bath B&B,Guesthouse,bath,Bath,GB,UK,hello@leightontownhouse.co.uk,+441225314769,http://www.leightontownhouse.co.uk/,"Leighton House, 139 Wells Road, Bath, BA2 3AL",51.37579,-2.368,,,overture,email,2,new,ok,"GB: role address at a business — corporate subscriber, lawful with sender identity + working opt-out (PECR reg.22 / SI 336/2011 reg.13)"
eab3137dc344835f3f20,Lena Shackell Semi-Permanent Makeup & Aesthetics,Makeup Artist,bath,Bath,GB,UK,info@lenashackell.com,+441225920260,https://microbladingbath.com/,"3 Miles's Buildings, Bath, BA1 2QS",51.38508,-2.36291,,,overture,email,2,new,ok,"GB: role address at a business — corporate subscriber, lawful with sender identity + working opt-out (PECR reg.22 / SI 336/2011 reg.13)"
9b1ca73c2c5bf81e003b,Littlelab,Beauty & spa,bath,Bath,GB,UK,info@littlelab.co.uk,+441225310849,https://www.littlelab.co.uk/,"20 Broad Street, Bath, BA1 5LN",51.38489,-2.36057,,,overture,email,2,new,ok,"GB: role address at a business — corporate subscriber, lawful with sender identity + working opt-out (PECR reg.22 / SI 336/2011 reg.13)"
7e34071adac641068630,Lovehoney,Lingerie Store,bath,Bath,GB,UK,customercare@lovehoney.co.uk,+443331036969,http://lovehoney.co/fb_official_bio,"100 Locksbrook Road, Bath, BA1 3EN",51.38278,-2.39327,,,overture,email,2,new,ok,"GB: role address at a business — corporate subscriber, lawful with sender identity + working opt-out (PECR reg.22 / SI 336/2011 reg.13)"
8a226c699555e1a6cec7,MZTherapy - Rolf Structural Integration & Massage at The Bath Practice,Massage & spa,bath,Bath,GB,UK,info@mztherapy.com,+447786066434,http://www.mztherapy.com/,"26 Monmouth Street, Bath, BA1 2AP",51.3825,-2.36448,,,overture,email,2,new,ok,"GB: role address at a business — corporate subscriber, lawful with sender identity + working opt-out (PECR reg.22 / SI 336/2011 reg.13)"
88832e0ed39eee864c56,Ma San Auction,Auction House,bath,Bath,GB,UK,enquiries@masanauction.com,+441225318587,https://masanauction.com/,"4 Princes Buildings, Bath, BA1 2ED",51.38518,-2.36111,,,overture,email,2,new,ok,"GB: role address at a business — corporate subscriber, lawful with sender identity + working opt-out (PECR reg.22 / SI 336/2011 reg.13)"
c7e153c121bcd78b39b2,Mandalyns Bath,Gay Bar,bath,Bath,GB,UK,contact@mandalyns.co.uk,+441225425403,http://www.mandalyns.co.uk/,"13 Lansdown Road, Bath, BA1 5",51.38578,-2.36118,,,overture,email,2,new,ok,"GB: role address at a business — corporate subscriber, lawful with sender identity + working opt-out (PECR reg.22 / SI 336/2011 reg.13)"
80e988ee259337c166bd,Manipura House,Massage & spa,bath,,GB,UK,hello@manipurahouse.com,+441225984379,https://manipurahouse.com/,11-11a Queen Street BA1 1HE,51.38277,-2.36204,,,osm,email,2,new,ok,"GB: role address at a business — corporate subscriber, lawful with sender identity + working opt-out (PECR reg.22 / SI 336/2011 reg.13)"
a80f44b55acf2a412fb7,Marrison Millinery,Fashion Accessories Store,bath,Bath,GB,UK,enquiry@marrisonmillinery.co.uk,+447905358807,http://www.marrisonmillinery.co.uk/,"6b Paxcroft farm, Hilperton, Bath, BA14 6JB",51.37354,-2.39392,,,overture,email,2,new,ok,"GB: role address at a business — corporate subscriber, lawful with sender identity + working opt-out (PECR reg.22 / SI 336/2011 reg.13)"
b8b1f26a23ac0c902a0a,Material Hair Salon,Beauty & spa,bath,Bath,GB,UK,info@materialhair.co.uk,+441225311808,http://materialhair.co.uk/,"47 Walcot Street, Bath, BA1 5BN",51.38534,-2.3597,,,overture,email,2,new,ok,"GB: role address at a business — corporate subscriber, lawful with sender identity + working opt-out (PECR reg.22 / SI 336/2011 reg.13)"
59fa57abff6875bc4f26,Melanie Giles Hairdressing,Beauty & spa,bath,Bath,GB,UK,info@melanie-giles.co.uk,+441225444448,http://www.melanie-giles.co.uk/,"57 Walcot Street, Bath, BA1 5",51.38578,-2.35986,,,overture,email,2,new,ok,"GB: role address at a business — corporate subscriber, lawful with sender identity + working opt-out (PECR reg.22 / SI 336/2011 reg.13)"
c1c24f7f098ef2888707,Mezzaluna,Italian Restaurant,bath,Bath,GB,UK,info@mezzaluna-bath.co.uk,01225 466688,http://www.mezzaluna.co.uk,"7a Kingsmead Square, Bath, BA1 2AB",51.38111,-2.3634,,,overture,email,2,new,ok,"GB: role address at a business — corporate subscriber, lawful with sender identity + working opt-out (PECR reg.22 / SI 336/2011 reg.13)"
709572920d8507df84bc,Mighty Splash Swim School,Swimming Instructor,bath,Bath,GB,UK,info@mightysplash.com,+441225800212,https://www.mightysplash.com/,"4 Edgar Buildings, Bath, BA1 2EE",51.38499,-2.36184,,,overture,email,2,new,ok,"GB: role address at a business — corporate subscriber, lawful with sender identity + working opt-out (PECR reg.22 / SI 336/2011 reg.13)"
6d01ab388be0f63895b0,Miles Mann Jewellers,Shopping · jewellery,bath,Bath,GB,UK,sales@milesmann.co.uk,+441225330200,http://www.milesmann.co.uk,"9 Cheap Street, Bath, BA1 1NE",51.38175,-2.35941,,,overture,email,2,new,ok,"GB: role address at a business — corporate subscriber, lawful with sender identity + working opt-out (PECR reg.22 / SI 336/2011 reg.13)"
d6a124967bf032b09fa8,Milsom Place,Shopping · mall,bath,Bath,GB,UK,info@milsomplace.co.uk,+441225789040,http://www.milsomplace.co.uk/,"41 Milsom Street, Bath, BA1 1DN",51.38387,-2.36128,,,overture,email,2,new,ok,"GB: role address at a business — corporate subscriber, lawful with sender identity + working opt-out (PECR reg.22 / SI 336/2011 reg.13)"
6175be399e94a7154d67,Milton House B&B,Guesthouse,bath,Bath,GB,UK,info@milton-house.co.uk,01225 335632,http://www.milton-house.co.uk,"75 Wells Way, Bath, BA2 4RU",51.3715,-2.36586,,,overture,email,2,new,ok,"GB: role address at a business — corporate subscriber, lawful with sender identity + working opt-out (PECR reg.22 / SI 336/2011 reg.13)"
622ec0c9f100fad55480,Minerva Graphics,Arts And Crafts,bath,Bath,GB,UK,info@minervaartsupplies.co.uk,01225 464054,http://www.minervaartsupplies.co.uk,"12a Trim St Unit 1, Bath, BA1 1HB",51.38255,-2.36157,,,overture,email,2,new,ok,"GB: role address at a business — corporate subscriber, lawful with sender identity + working opt-out (PECR reg.22 / SI 336/2011 reg.13)"
a4b087e7732f60765b14,Mint Health & Beauty,Beauty & spa,bath,Bath,GB,UK,contact@mintsalon.co.uk,+44 1225 446 758,https://www.mintsalon.co.uk/,17 Livingstone Road BA2 3PH Bath,51.37764,-2.37862,,,osm,email,2,new,ok,"GB: role address at a business — corporate subscriber, lawful with sender identity + working opt-out (PECR reg.22 / SI 336/2011 reg.13)"
44309b72829a118c3349,Mission Burrito,Mexican Restaurant,bath,Bath,GB,UK,info@missionburritos.co.uk,01225 442099,http://www.missionburrito.co.uk,"4 New St, Bath, BA1 2AF",51.3813,-2.3638,,,overture,email,2,new,ok,"GB: role address at a business — corporate subscriber, lawful with sender identity + working opt-out (PECR reg.22 / SI 336/2011 reg.13)"
5122fe24a070e5806932,Modern Souvenir Company,Souvenirs & gifts,bath,Bath,GB,UK,hello@modernsouvenir.com,+441225311664,http://www.modernsouvenir.com/,"85 Triangle North, Bath, BA2 3JB",51.37884,-2.37887,,,overture,email,2,new,ok,"GB: role address at a business — corporate subscriber, lawful with sender identity + working opt-out (PECR reg.22 / SI 336/2011 reg.13)"
2614b7c8317421203529,Moles,Music Venue,bath,Bath,GB,UK,info@moles.co.uk,01225 404445,http://www.moles.co.uk,"14 George St, Bath, BA1 2EN",51.3848,-2.36296,,,overture,email,2,new,ok,"GB: role address at a business — corporate subscriber, lawful with sender identity + working opt-out (PECR reg.22 / SI 336/2011 reg.13)"
419f086165ff7424c01d,Monsoon,Shopping,bath,BA1 1BP,GB,UK,customerservices@monsoon.co.uk,+441225310045,https://stores.monsoon.co.uk,12 Old Bond Street BA1 1BP,51.38266,-2.36118,,,osm,email,2,new,ok,"GB: role address at a business — corporate subscriber, lawful with sender identity + working opt-out (PECR reg.22 / SI 336/2011 reg.13)"
56316c9c524739a5760e,Morso Bakery,Bakery,bath,Bath,GB,UK,hello@morsovegan.co.uk,,,"6 Terrace Walk, Bath, BA1 1LN",51.3812,-2.35774,,,overture,email,2,new,ok,"GB: role address at a business — corporate subscriber, lawful with sender identity + working opt-out (PECR reg.22 / SI 336/2011 reg.13)"
48ad4e96562e04033857,Moss Bros Bath,Mens Clothing Store,bath,Bath,GB,UK,customersupport@mossbros.co.uk,+441225433298,https://www.moss.co.uk/store/037-moss-bros-bath,"22 Milsom Street, Bath, BA1 1DE",51.38469,-2.36196,,,overture,email,2,new,ok,"GB: role address at a business — corporate subscriber, lawful with sender identity + working opt-out (PECR reg.22 / SI 336/2011 reg.13)"
2f177a7e2901a5902f77,Move at Results,Gym & fitness,bath,Bath,GB,UK,info@movebath.co.uk,+441225551202,http://www.movebath.co.uk/,"72 Lower Bristol Road, Bath, BA2 3HB",51.37951,-2.37069,,,overture,email,2,new,ok,"GB: role address at a business — corporate subscriber, lawful with sender identity + working opt-out (PECR reg.22 / SI 336/2011 reg.13)"
13602caa01e5fa4f7bf7,Munera Gifts,Souvenirs & gifts,bath,Bath,GB,UK,sales@muneragifts.co.uk,+441225956254,http://www.muneragifts.co.uk/,"6 Beaufort East, Bath, BA1 6QD",51.39528,-2.34546,,,overture,email,2,new,ok,"GB: role address at a business — corporate subscriber, lawful with sender identity + working opt-out (PECR reg.22 / SI 336/2011 reg.13)"
ed13abdb69894aa1ebd0,Museum of East Asian Art,Museum,bath,Bath,GB,UK,info@meaa.org.uk,+441225464640,https://meaa.org.uk/,12 Bennett Street BA1 2QJ Bath,51.38642,-2.36344,,,osm,email,2,new,ok,"GB: role address at a business — corporate subscriber, lawful with sender identity + working opt-out (PECR reg.22 / SI 336/2011 reg.13)"
4edfd1c9282204cc27f9,Napulé Ristobar Pizzeria,Italian Restaurant,bath,Bath,GB,UK,info@napule.co.uk,+441225463291,https://www.napule.co.uk/,"16 Windsor Villas, Bath, BA1 3",51.38409,-2.38357,,,overture,email,2,new,ok,"GB: role address at a business — corporate subscriber, lawful with sender identity + working opt-out (PECR reg.22 / SI 336/2011 reg.13)"
9de4620e27465acba7e2,Nata and Co Bakery,Café,bath,Bath,GB,UK,info@nataco.uk,+441225421850,https://www.nataco.uk/,"8 Bridge Street, Bath, BA2 4AS",51.38288,-2.3585,,,overture,email,2,new,ok,"GB: role address at a business — corporate subscriber, lawful with sender identity + working opt-out (PECR reg.22 / SI 336/2011 reg.13)"
693c992fccffaf112a6a,Natural Touch Massage,Massage & spa,bath,Bath,GB,UK,enquiries@naturaltouchbath.co.uk,+447941094318,http://naturaltouchbath.co.uk/,"26 Upper Borough Walls, Bath, BA1 1RH",51.3826,-2.36052,,,overture,email,2,new,ok,"GB: role address at a business — corporate subscriber, lawful with sender identity + working opt-out (PECR reg.22 / SI 336/2011 reg.13)"
5d5fd1cc9cf7d23bf0c0,New Leaf Farm,Hotel,bath,Bath,GB,UK,info@newleaffarm.co.uk,+441225424333,http://www.holidaycottagebath.co.uk/,"Mill Lane, Bath, BA2 6TS",51.39711,-2.33152,,,overture,email,2,new,ok,"GB: role address at a business — corporate subscriber, lawful with sender identity + working opt-out (PECR reg.22 / SI 336/2011 reg.13)"
c2a5faa0cfa9006d1cd5,Nicholas H Wood,Gallery,bath,Bath,GB,UK,info@nicholashwood.co.uk,+441225231108,http://www.nicholashwood.co.uk/,"41 Milsom Street, Bath, BA1 1DN",51.38398,-2.36128,,,overture,email,2,new,ok,"GB: role address at a business — corporate subscriber, lawful with sender identity + working opt-out (PECR reg.22 / SI 336/2011 reg.13)"
2f659a1dd27b9c745a68,Noiz Electronics Limited,Arts And Entertainment,bath,Bath,GB,UK,info@noiz-electronics.co.uk,+441225834584,http://www.noiz-electronics.com/,"24 Cynthia Road, Bath, BA2 3QH",51.37544,-2.38049,,,overture,email,2,new,ok,"GB: role address at a business — corporate subscriber, lawful with sender identity + working opt-out (PECR reg.22 / SI 336/2011 reg.13)"
0d7d2cb8edf91e3848bc,Number 17 Bath,Guesthouse,bath,Bath,GB,UK,info@number17bath.co.uk,+441225302442,http://www.number17bath.co.uk/,"17 Pulteney Road, Bath, BA2 4EZ",51.38376,-2.35168,,,overture,email,2,new,ok,"GB: role address at a business — corporate subscriber, lawful with sender identity + working opt-out (PECR reg.22 / SI 336/2011 reg.13)"
a9bb8fd8f3f90ba16f66,Number Three,Beauty & spa,bath,Bath,GB,UK,hello@numberthreebath.com,+441225443222,http://www.numberthreebath.com/,"3 Saville Row, Bath, BA1 2QP",51.38638,-2.36207,,,overture,email,2,new,ok,"GB: role address at a business — corporate subscriber, lawful with sender identity + working opt-out (PECR reg.22 / SI 336/2011 reg.13)"
39b25d10deea1d254bbe,Oak Restaurant Bath,British Restaurant,bath,Bath,GB,UK,info@oakrestaurant.co.uk,+441225446059,http://www.oakrestaurant.co.uk/,"2 North Parade Passage, Bath, BA1 1NX",51.38081,-2.35829,,,overture,email,2,new,ok,"GB: role address at a business — corporate subscriber, lawful with sender identity + working opt-out (PECR reg.22 / SI 336/2011 reg.13)"
b1680f8ca599ef358e2b,Oasis Church Bath,Attraction · church,bath,Bath,GB,UK,welcome@oasisbath.org,+441225422604,http://www.oasisbath.org/,"Oasis Church, Fountain Buildings, Bath, BA1 5DU",51.38592,-2.36044,,,overture,email,2,new,ok,"GB: role address at a business — corporate subscriber, lawful with sender identity + working opt-out (PECR reg.22 / SI 336/2011 reg.13)"
8dc334feb01e553219bc,Old Theatre Royal,Museum,bath,Bath,GB,UK,enquiries@oldtheatreroyal.com,+441225462233,http://linktr.ee/oldtheatreroyal,"12 Old Orchard Street, Bath, BA1 1JU",51.38003,-2.35799,,,overture,email,2,new,ok,"GB: role address at a business — corporate subscriber, lawful with sender identity + working opt-out (PECR reg.22 / SI 336/2011 reg.13)"
c2c680d0ab8334fda48e,Olive Tree Restaurant,Restaurant,bath,,GB,UK,reservations@thequeensberry.co.uk,+441225447928,https://olivetreebath.co.uk/,Russell Street BA1 2QF,51.38707,-2.36313,,,osm,email,2,new,ok,"GB: role address at a business — corporate subscriber, lawful with sender identity + working opt-out (PECR reg.22 / SI 336/2011 reg.13)"
8c69cc2620aa1b4d842e,One Five Tattoo,Tattoo & piercing,bath,Bath,GB,UK,info@onefivetattoo.co.uk,+441225571617,http://Www.onefivetattoo.co.uk/,"One Five Tattoo, 15 Fountain Buildings, Bath, BA1 5DX",51.38552,-2.36098,,,overture,email,2,new,ok,"GB: role address at a business — corporate subscriber, lawful with sender identity + working opt-out (PECR reg.22 / SI 336/2011 reg.13)"
c28ebc1d8571dc3a73e5,Opa Bath,Greek Restaurant,bath,Bath,GB,UK,info@opabath.com,+441225317900,http://opabath.com/,"14 North Parade, Bath, BA2 4AJ",51.38076,-2.35571,,,overture,email,2,new,ok,"GB: role address at a business — corporate subscriber, lawful with sender identity + working opt-out (PECR reg.22 / SI 336/2011 reg.13)"
f2cb190d18007c9aecfd,Orangutan Books,Bookstore,bath,Bath,GB,UK,hello@orangutanbooks.com,+441225442608,http://www.orangutanbooks.com/,"Queen St, Bath, BA1 1HE",51.38294,-2.36204,,,overture,email,2,new,ok,"GB: role address at a business — corporate subscriber, lawful with sender identity + working opt-out (PECR reg.22 / SI 336/2011 reg.13)"
2c7be54b3cbaaaf5c2d6,Panda Sanctuaries,Apartment,bath,Bath,GB,UK,info@pandasanctuaries.com,+447595964148,http://www.pandasanctuaries.com/,"24 James Street West, Bath, BA1 2BT",51.38236,-2.36749,,,overture,email,2,new,ok,"GB: role address at a business — corporate subscriber, lawful with sender identity + working opt-out (PECR reg.22 / SI 336/2011 reg.13)"
815fec741126b671004b,Party in the City,Arts And Entertainment,bath,Bath,GB,UK,info@partyinthecity.org.uk,+441225614180,https://bathfestivals.org.uk/partyinthecity/,"Bath Recreation Ground, Bath, BA24DS",51.38311,-2.3545,,,overture,email,2,new,ok,"GB: role address at a business — corporate subscriber, lawful with sender identity + working opt-out (PECR reg.22 / SI 336/2011 reg.13)"
0139c5fc4ab8e14b0339,Pencil Tree,Gallery,bath,Bath,GB,UK,info@penciltree.co.uk,+441225427008,http://penciltree.co.uk/,"4 Cleveland Terrace, Bath, BA1 5DF",51.38987,-2.35761,,,overture,email,2,new,ok,"GB: role address at a business — corporate subscriber, lawful with sender identity + working opt-out (PECR reg.22 / SI 336/2011 reg.13)"
bc7a681245726e3d22fe,Persephone Books,Shopping,bath,,GB,UK,info@persephonebooks.co.uk,+441225425050,https://persephonebooks.co.uk/,8 George Street BA1 2EE,51.38515,-2.3618,,,osm,email,2,new,ok,"GB: role address at a business — corporate subscriber, lawful with sender identity + working opt-out (PECR reg.22 / SI 336/2011 reg.13)"
56d45c2dcc7508c89272,Phase One Gym,Gym & fitness,bath,Bath,GB,UK,info@phase-one.co.uk,+441225461463,http://www.phase-one.co.uk/,"7-9 Comfortable Pl, Upper Bristol Rd, Bath, BA1 3AJ",51.38466,-2.37412,,,overture,email,2,new,ok,"GB: role address at a business — corporate subscriber, lawful with sender identity + working opt-out (PECR reg.22 / SI 336/2011 reg.13)"
536d6d6ad262df56118d,Plate Bath,Restaurant,bath,Bath,GB,UK,reservations@thebirdbath.co.uk,+441225580438,https://www.thebirdbath.co.uk/food-drink/,"18-19 Pulteney Road, Bath, BA2 4",51.38354,-2.3519,,,overture,email,2,new,ok,"GB: role address at a business — corporate subscriber, lawful with sender identity + working opt-out (PECR reg.22 / SI 336/2011 reg.13)"
e135be0e6d36b6bea72d,Pong Cheese,Cheese Shop,bath,Bath,GB,UK,hello@pongcheese.co.uk,+448438372200,http://www.pongcheese.co.uk/,Bath,51.38496,-2.36131,,,overture,email,2,new,ok,"GB: role address at a business — corporate subscriber, lawful with sender identity + working opt-out (PECR reg.22 / SI 336/2011 reg.13)"
30520bc87937f92b4200,"Pop-Up Apres Ski Bar, Bath Christmas Market",Bar,bath,Bath,GB,UK,reception@abbeyhotelbath.co.uk,+441225809413,http://www.abbeyhotelbath.co.uk,"1 North Parade, Bath, BA1 1LF",51.38076,-2.35769,,,overture,email,2,new,ok,"GB: role address at a business — corporate subscriber, lawful with sender identity + working opt-out (PECR reg.22 / SI 336/2011 reg.13)"
ab8d1dc3d5a3d6a1b5c9,Portofino Oyster Bar and Mediterranean Restaurant,Italian Restaurant,bath,Bath,GB,UK,info@portofinobath.co.uk,+441225251360,https://portofinobath.co.uk/,"20 High Street, Bath, BA1 5",51.38231,-2.35921,,,overture,email,2,new,ok,"GB: role address at a business — corporate subscriber, lawful with sender identity + working opt-out (PECR reg.22 / SI 336/2011 reg.13)"
17f496124c28d45c096c,Prezola,Souvenirs & gifts,bath,Bath,GB,UK,customerservices@prezola.com,+448004880082,https://prezola.com/,"7a Northumberland Place, Bath, BA1 5AR",51.383,-2.36281,,,overture,email,2,new,ok,"GB: role address at a business — corporate subscriber, lawful with sender identity + working opt-out (PECR reg.22 / SI 336/2011 reg.13)"
937d2564c8e2a0c8bfd1,Providence Hotels,Hotel,bath,Bath,GB,UK,info@providence-hotels.com,,https://providence-hotels.com/,"10 Bridge Street, Bath, BA2 4AS",51.38294,-2.35836,,,overture,email,2,new,ok,"GB: role address at a business — corporate subscriber, lawful with sender identity + working opt-out (PECR reg.22 / SI 336/2011 reg.13)"
ad26ec1cf1488d272213,Pulteney Bridge Flowers,Souvenirs & gifts,bath,Bath,GB,UK,info@pulteneybridgeflowers.co.uk,+441225461938,http://www.pulteneybridgeflowers.co.uk/,"14 Pulteney Road, Bath, BA2 4HA",51.383,-2.35787,,,overture,email,2,new,ok,"GB: role address at a business — corporate subscriber, lawful with sender identity + working opt-out (PECR reg.22 / SI 336/2011 reg.13)"
9b0f8260fb1130834739,Quarry Rock Gardens Park - Wyldecrest Parks,Attraction · park,bath,Bath,GB,UK,enquiry@wyldecrestparks.com,+448445677300,https://www.wyldecrestparks.co.uk/property_location/quarry-rock-gardens-residential-park-somerset/,"Claverton Down, Bath, BA2 6EG",51.37185,-2.32025,,,overture,email,2,new,ok,"GB: role address at a business — corporate subscriber, lawful with sender identity + working opt-out (PECR reg.22 / SI 336/2011 reg.13)"
b343d4d921a8e33f5d32,Queensberry Estates,Hotel,bath,Bath,GB,UK,info@queensberryestates.co.uk,+441225421683,http://www.queensberryestates.co.uk/,"7 Upper Oldfield Park, Bath, BA2 3JX",51.37522,-2.36963,,,overture,email,2,new,ok,"GB: role address at a business — corporate subscriber, lawful with sender identity + working opt-out (PECR reg.22 / SI 336/2011 reg.13)"
bd1154980894e5d06fc7,Rachel Alexander Advanced Make-up Artist (MGBT),Beauty & spa,bath,Bath,GB,UK,info@rachelalexander.co.uk,+447956018940,http://www.rachelalexander.co.uk/,"9 Lyndhurst Road, Bath, BA2 3",51.37912,-2.38366,,,overture,email,2,new,ok,"GB: role address at a business — corporate subscriber, lawful with sender identity + working opt-out (PECR reg.22 / SI 336/2011 reg.13)"
9e65b19a9fa896008e38,Raphael Restaurant,British Restaurant,bath,Bath,GB,UK,reservations@raphaelrestaurant.co.uk,+441225480042,http://www.raphaelrestaurant.co.uk/,"Upper Borough Walls, Bath, BA1 1RN",51.38239,-2.36192,,,overture,email,2,new,ok,"GB: role address at a business — corporate subscriber, lawful with sender identity + working opt-out (PECR reg.22 / SI 336/2011 reg.13)"
4695df640c0db6e3e59f,Red Rag Gallery,Gallery,bath,Bath,GB,UK,mail@redraggallery.co.uk,+441225332223,http://www.bathartgallery.co.uk,"24 Brock Street, Bath, BA1 2LN",51.38633,-2.36592,,,overture,email,2,new,ok,"GB: role address at a business — corporate subscriber, lawful with sender identity + working opt-out (PECR reg.22 / SI 336/2011 reg.13)"
f0b447e0537ead8f3b57,Redlands Equestrian,Tours & travel,bath,Bath,GB,UK,contact@redlandsequestrian.com,+441225424413,http://www.redlandsequestrian.com/,"4 George's Place, Bath, BA2 4EN",51.38268,-2.34944,,,overture,email,2,new,ok,"GB: role address at a business — corporate subscriber, lawful with sender identity + working opt-out (PECR reg.22 / SI 336/2011 reg.13)"
1092f068a9a8a1b3e609,Results Body and Mind,Health Spa,bath,Bath,GB,UK,info@resultsbodymind.co.uk,+441225551202,http://www.resultsbodymind.co.uk/,"73 Lower Bristol Road, Bath, BA2 3BG",51.37959,-2.37066,,,overture,email,2,new,ok,"GB: role address at a business — corporate subscriber, lawful with sender identity + working opt-out (PECR reg.22 / SI 336/2011 reg.13)"
631f4b8e1e35af367db1,Rich Little Tennis,Fitness Trainer,bath,Bath,GB,UK,info@bathace.co.uk,+447970438907,http://www.bathace.co.uk/,"Bath Tennis Club, Park Ln, Bath, BA1 2XQ",51.38699,-2.37883,,,overture,email,2,new,ok,"GB: role address at a business — corporate subscriber, lawful with sender identity + working opt-out (PECR reg.22 / SI 336/2011 reg.13)"
894df2739f2a69960e98,Riverside Cafe,Café,bath,,GB,UK,info@riversidecafebath.co.uk,01225 480532,http://www.riversidecafebath.co.uk,,51.38284,-2.35735,,,overture,email,2,new,ok,"GB: role address at a business — corporate subscriber, lawful with sender identity + working opt-out (PECR reg.22 / SI 336/2011 reg.13)"
2a9d83e96cfe35bd26f3,"Riverside Lodge B&B , Camerton",Guesthouse,bath,Bath,GB,UK,info@ontheroad.co.uk,+441761479645,http://www.bathbandb.net/,Bath,51.38588,-2.35756,,,overture,email,2,new,ok,"GB: role address at a business — corporate subscriber, lawful with sender identity + working opt-out (PECR reg.22 / SI 336/2011 reg.13)"
9cb28ca45524b1aebb14,Roar Sounds,Nightlife,bath,Bath,GB,UK,info@roarsounds.co.uk,+447979422986,https://www.roarsounds.co.uk/,"11 Roundhill Grove, Bath, BA2 1JT",51.36795,-2.39348,,,overture,email,2,new,ok,"GB: role address at a business — corporate subscriber, lawful with sender identity + working opt-out (PECR reg.22 / SI 336/2011 reg.13)"
66f9cc3216df6553a1d2,Robert Frederick Ltd,Souvenirs & gifts,bath,Bath,GB,UK,hello@robert-frederick.co.uk,+441225310107,http://www.robert-frederick.co.uk/,"3 Henrietta Street, Bath, BA2 6LL",51.38471,-2.35548,,,overture,email,2,new,ok,"GB: role address at a business — corporate subscriber, lawful with sender identity + working opt-out (PECR reg.22 / SI 336/2011 reg.13)"
aa927b66206e0b3f91a7,Robyn's Yoga Studio,Gym & fitness,bath,Bath,GB,UK,info@robynsyoga.co.uk,,http://Robynsyoga.co.uk/,"6 Abbey Gate Street, Bath, BA1 1NP",51.38026,-2.35913,,,overture,email,2,new,ok,"GB: role address at a business — corporate subscriber, lawful with sender identity + working opt-out (PECR reg.22 / SI 336/2011 reg.13)"
80882381c5e0e3088883,Roman Fitness Bath,Boot Camp,bath,Bath,GB,UK,info@romanfitnessbath.com,+447950710864,https://romanfitnessbath.com/,"Royal Victoria Park, Bath, BA1 2NQ",51.38612,-2.37321,,,overture,email,2,new,ok,"GB: role address at a business — corporate subscriber, lawful with sender identity + working opt-out (PECR reg.22 / SI 336/2011 reg.13)"
c3719464ba414334b672,Rossiters of Bath,Shopping,bath,Bath,GB,UK,customerservices@rossitersofbath.com,+441225462227,http://www.rossitersofbath.com/,"38-41 Broad Street, Bath, BA1 5",51.38391,-2.36001,,,overture,email,2,new,ok,"GB: role address at a business — corporate subscriber, lawful with sender identity + working opt-out (PECR reg.22 / SI 336/2011 reg.13)"
cfcd4e5e69cf6f7f4e78,Rostra & Rooksmoor Gallery,Arts And Crafts,bath,Bath,GB,UK,info@rostragallery.co.uk,01225 448121,http://www.rostragallery.co.uk,Bath,51.38467,-2.36258,,,overture,email,2,new,ok,"GB: role address at a business — corporate subscriber, lawful with sender identity + working opt-out (PECR reg.22 / SI 336/2011 reg.13)"
18cb7cb3350359880617,Royal Hotel,Hotel,bath,,GB,UK,info@royalhotelbath.co.uk,+441225463134,https://www.royalhotelbath.co.uk/,Manvers Street BA1 1JP,51.3781,-2.35678,,,osm,email,2,new,ok,"GB: role address at a business — corporate subscriber, lawful with sender identity + working opt-out (PECR reg.22 / SI 336/2011 reg.13)"
3fb12d5e3511633d7ee6,Running Bath,Sporting Goods,bath,Bath,GB,UK,mail@runningbath.co.uk,+441225462555,http://www.runningbath.co.uk/,"18 High Street, Bath, BA1 0",51.3822,-2.35921,,,overture,email,2,new,ok,"GB: role address at a business — corporate subscriber, lawful with sender identity + working opt-out (PECR reg.22 / SI 336/2011 reg.13)"
c70b819a87ffd0de9bb8,Rutasuk,Tours & travel,bath,Bath,GB,UK,info@rutasuk.com,+447899894513,http://Www.rutasuk.com/,"Orange grove , Bath, Ba1 1LP",51.38142,-2.35799,,,overture,email,2,new,ok,"GB: role address at a business — corporate subscriber, lawful with sender identity + working opt-out (PECR reg.22 / SI 336/2011 reg.13)"
c2816f8bb4819c6cf720,SJ's Fun Times,Attraction · park,bath,Bath,GB,UK,office@stjsgroup.church,+447973972018,http://www.stjsgroup.church/funtimes,"St. John's Church, Bath, BA28AA",51.37809,-2.35932,,,overture,email,2,new,ok,"GB: role address at a business — corporate subscriber, lawful with sender identity + working opt-out (PECR reg.22 / SI 336/2011 reg.13)"
56ec4431bb3f9d8cb836,Sacco Martin Hair Design,Beauty & spa,bath,Bath,GB,UK,info@saccomartin.co.uk,+441225466756,http://www.saccomartin.co.uk/,"17 Argyle Street, Bath, BA2 4BQ",51.38307,-2.35756,,,overture,email,2,new,ok,"GB: role address at a business — corporate subscriber, lawful with sender identity + working opt-out (PECR reg.22 / SI 336/2011 reg.13)"
55ad2a7708d241bd2bc3,Sacred Elephant Incense,Souvenirs & gifts,bath,Bath,GB,UK,info@sacredelephantincense.com,+441225698637,http://www.sacredelephantincense.com/,"23 Crescent Lane, Bath, BA1 2",51.38809,-2.36936,,,overture,email,2,new,ok,"GB: role address at a business — corporate subscriber, lawful with sender identity + working opt-out (PECR reg.22 / SI 336/2011 reg.13)"
57653ac65c95a7448254,Samwells Ltd,Antique Store,bath,Bath,GB,UK,info@postalhistorygb.com,+441225462429,https://www.ebay.co.uk/str/samwellsltd,"36 New King Street, Bath, BA1 2BN",51.38295,-2.368,,,overture,email,2,new,ok,"GB: role address at a business — corporate subscriber, lawful with sender identity + working opt-out (PECR reg.22 / SI 336/2011 reg.13)"
911259e11955c8eff863,Sanremo The Italian Restaurant,Italian Restaurant,bath,Bath,GB,UK,info@sanremobath.co.uk,+441225592840,https://sanremobath.co.uk/,"15 High Street, Bath, BA1 0",51.38215,-2.3593,,,overture,email,2,new,ok,"GB: role address at a business — corporate subscriber, lawful with sender identity + working opt-out (PECR reg.22 / SI 336/2011 reg.13)"
3cd982b45fdde98ea41c,Saqua Beauty Clinic,Massage & spa,bath,Bath,GB,UK,info@saqua.co.uk,+447766617766,http://www.saqua.co.uk/,"3 Northumberland Place, Bath, BA1 5",51.38327,-2.36267,,,overture,email,2,new,ok,"GB: role address at a business — corporate subscriber, lawful with sender identity + working opt-out (PECR reg.22 / SI 336/2011 reg.13)"
ec89aa249ccc22702f5f,Savouring Bath,Food Tours,bath,Bath,GB,UK,hello@savouringbath.com,+441225425843,http://www.savouringbath.com/,"10 Abbey Green, Bath, BA1 1NW",51.38052,-2.35895,,,overture,email,2,new,ok,"GB: role address at a business — corporate subscriber, lawful with sender identity + working opt-out (PECR reg.22 / SI 336/2011 reg.13)"
ec606eca575e250d9e1a,Senshikai Karate Club,Martial Arts Club,bath,Bath,GB,UK,info@senshikaikarate.com,+447586771630,https://senshikaikarate.com/,"Village Hall, Landseer Rd, Bath, BA2 1DX",51.37957,-2.39279,,,overture,email,2,new,ok,"GB: role address at a business — corporate subscriber, lawful with sender identity + working opt-out (PECR reg.22 / SI 336/2011 reg.13)"
0317ec12da3dec533b0c,"Shree Jagannatha Temple, UK- City of BATH",Attraction · place of worship,bath,Bath,GB,UK,info@shreejagannathatemple.org.uk,+441225941103,https://shreejagannathatemple.org.uk/,"Rush Hill (Entry Adjacent to Rush Hill Surgery), Bath, BA2 2QL",51.38093,-2.36262,,,overture,email,2,new,ok,"GB: role address at a business — corporate subscriber, lawful with sender identity + working opt-out (PECR reg.22 / SI 336/2011 reg.13)"
2cc33a655869c8817892,Ski Basics,Cottage,bath,Bath,GB,UK,info@skibasics.co.uk,+441225614668,https://www.skibasics.com/,"3rd Floor, Northgate House (2nd and, Upper Borough Walls, Bath, BA1 1RG",51.38252,-2.36026,,,overture,email,2,new,ok,"GB: role address at a business — corporate subscriber, lawful with sender identity + working opt-out (PECR reg.22 / SI 336/2011 reg.13)"
68ec61f3b1c682fa6cd4,Skoobs Books,Bookstore,bath,Bath,GB,UK,info@eco-logicbooks.com,+441225463133,http://www.eco-logicbooks.com/,"40 - 42 Guildhall Market, Bath, BA2 4AW",51.38238,-2.35887,,,overture,email,2,new,ok,"GB: role address at a business — corporate subscriber, lawful with sender identity + working opt-out (PECR reg.22 / SI 336/2011 reg.13)"
c19592868d1cc558d93d,Sleight Magic Bar,Bar,bath,Bath,GB,UK,enquiries@sleightbar.com,+447720608239,http://www.sleightbar.com/,"1 York Street, Bath, BA1 1NG",51.381,-2.35803,,,overture,email,2,new,ok,"GB: role address at a business — corporate subscriber, lawful with sender identity + working opt-out (PECR reg.22 / SI 336/2011 reg.13)"
33e72c20eb12982160c3,SouthGate Bath,Shopping · mall,bath,Bath,GB,UK,info@southgatebath.com,+441225469061,https://www.southgatebath.com,"12 Southgate Street, Bath, BA1 1",51.37842,-2.35934,,,overture,email,2,new,ok,"GB: role address at a business — corporate subscriber, lawful with sender identity + working opt-out (PECR reg.22 / SI 336/2011 reg.13)"
94d8bf912de2617aaa7b,Space Eclectic,Gallery,bath,Bath,GB,UK,info@visagegallery.co.uk,+447770215000,http://www.space-eclectic.co.uk/,"30 Brock St, Bath, BA1 2LN",51.38624,-2.3653,,,overture,email,2,new,ok,"GB: role address at a business — corporate subscriber, lawful with sender identity + working opt-out (PECR reg.22 / SI 336/2011 reg.13)"
e52d5441326bba43e88b,Splasherist,Gallery,bath,Bath,GB,UK,info@splasherist.com,+447828225087,http://www.splasherist.com/,"7 High Street, Bath, BA1 4BX",51.39521,-2.38933,,,overture,email,2,new,ok,"GB: role address at a business — corporate subscriber, lawful with sender identity + working opt-out (PECR reg.22 / SI 336/2011 reg.13)"
2fdb0c22bdf71160d00c,Spring Wharf,Attraction,bath,Bath,GB,UK,hello@springwharf.com,+441225530050,http://www.springwharf.com/,"Roseberry Rd, Bath, BA2 3GU",51.38232,-2.38252,,,overture,email,2,new,ok,"GB: role address at a business — corporate subscriber, lawful with sender identity + working opt-out (PECR reg.22 / SI 336/2011 reg.13)"
1e710ba8f476eda9670a,Springs Cafe,Café,bath,Bath,GB,UK,info@thermaebathspa.com,+441225331234,,Bath,51.3805,-2.36098,,,overture,email,2,new,ok,"GB: role address at a business — corporate subscriber, lawful with sender identity + working opt-out (PECR reg.22 / SI 336/2011 reg.13)"
e5685d18233f5b6c1428,Square,Shopping,bath,,GB,UK,info@squarebath.uk,+441225464997,https://www.square.store,12 New Bond Street BA1 1BE,51.38294,-2.36065,,,osm,email,2,new,ok,"GB: role address at a business — corporate subscriber, lawful with sender identity + working opt-out (PECR reg.22 / SI 336/2011 reg.13)"
3cc04650d3532d12b055,Square Grill Bath,British Restaurant,bath,Bath,GB,UK,info@squaregrillbath.co.uk,+441225684412,http://squaregrillbath.co.uk/,"11-12 Abbey Churchyard, Bath, BA1 1LY",51.38148,-2.35971,,,overture,email,2,new,ok,"GB: role address at a business — corporate subscriber, lawful with sender identity + working opt-out (PECR reg.22 / SI 336/2011 reg.13)"
af78d8641d7328c2a11a,St Luke's Church,Attraction · church,bath,Bath,GB,UK,admin@stlukesbath.com,+441225331898,http://www.stlukesbath.com/,"Hatfield Rd, Bath, BA2 2BD",51.36862,-2.36653,,,overture,email,2,new,ok,"GB: role address at a business — corporate subscriber, lawful with sender identity + working opt-out (PECR reg.22 / SI 336/2011 reg.13)"
114db0c62e8c1b11fcc2,St Michael's Church,Attraction · church,bath,Bath,GB,UK,office@stmichaelsbath.org.uk,+441225447103,http://www.stmichaelsbath.org.uk,"Broad St, Bath, BA1 5LJ",51.38356,-2.35972,,,overture,email,2,new,ok,"GB: role address at a business — corporate subscriber, lawful with sender identity + working opt-out (PECR reg.22 / SI 336/2011 reg.13)"
2611965684d57ef2c69e,St Mike’s Twerton-Marlbrook Ministries,Attraction · church,bath,Bath,GB,UK,hello@marlbrook.org,+441225351643,http://www.marlbrook.org/,"St Michael’s Church, Watery Lane, Bath, BA2 1RL",51.38081,-2.39832,,,overture,email,2,new,ok,"GB: role address at a business — corporate subscriber, lawful with sender identity + working opt-out (PECR reg.22 / SI 336/2011 reg.13)"
3518b45cbcd2f50efbcd,St Saviour's Church,Attraction · church,bath,Bath,GB,UK,office@stsaviours.org.uk,+441225235880,http://www.stsaviours.org.uk,"Holland Rd, Bath, BA1 6QG",51.39566,-2.34636,,,overture,email,2,new,ok,"GB: role address at a business — corporate subscriber, lawful with sender identity + working opt-out (PECR reg.22 / SI 336/2011 reg.13)"
c9e10fbd6903b01e6d8a,Stained Glass Bath & Bristol,Arts And Crafts,bath,Bath,GB,UK,sales@bathaquaglass.com,+441225789931,http://www.bathaquaglass.com/stained-glass-windows.html,"14 Cheap Street, Bath, BA1 1NA",51.38152,-2.35954,,,overture,email,2,new,ok,"GB: role address at a business — corporate subscriber, lawful with sender identity + working opt-out (PECR reg.22 / SI 336/2011 reg.13)"
75f4895f4abe8e76dd00,Standout Beauty,Beauty & spa,bath,Bath,GB,UK,info@standout-beauty.com,+441225612700,http://www.standout-beauty.com/,"6 Monmouth Place, Bath, BA1 2AU",51.38313,-2.3673,,,overture,email,2,new,ok,"GB: role address at a business — corporate subscriber, lawful with sender identity + working opt-out (PECR reg.22 / SI 336/2011 reg.13)"
683e558a30bf9ee321d4,Stanza Fitness,Gym & fitness,bath,Bath,GB,UK,info@stanzafitness.com,+441225428811,http://www.stanzafitness.com/,"7 Trim Street, Bath, BA1 1HB",51.38273,-2.36143,,,overture,email,2,new,ok,"GB: role address at a business — corporate subscriber, lawful with sender identity + working opt-out (PECR reg.22 / SI 336/2011 reg.13)"
4597977f49a2985633b7,Strictly Jane Austen Tours,Historical Tours,bath,Bath,GB,UK,hello@strictlyjaneausten.com,+441225469508,http://www.strictlyjaneausten.com/,"76 Lorne Road, Bath, BA2 3BZ",51.38092,-2.37533,,,overture,email,2,new,ok,"GB: role address at a business — corporate subscriber, lawful with sender identity + working opt-out (PECR reg.22 / SI 336/2011 reg.13)"
1903b5d0421b4e29bf89,Studio 26,Cycling Classes,bath,Bath,GB,UK,hello@studioxxvi.bike,+441225331528,http://studioxxvi.bike/,"28 Milsom Place, Bath, BA1 5",51.38379,-2.36049,,,overture,email,2,new,ok,"GB: role address at a business — corporate subscriber, lawful with sender identity + working opt-out (PECR reg.22 / SI 336/2011 reg.13)"
68584912370974bf5b6a,Studio Ash,Fitness Trainer,bath,Bath,GB,UK,hello@studioashpilates.com,,http://www.ashleighelizabethfitness.com/,Bath,51.3763,-2.3536,,,overture,email,2,new,ok,"GB: role address at a business — corporate subscriber, lawful with sender identity + working opt-out (PECR reg.22 / SI 336/2011 reg.13)"
ee5295cad88d2cd3946d,Studio Davis,Fashion,bath,Bath,GB,UK,info@studio-davis.com,+441225318294,http://www.studio-davis.com/,"5 George Street, Bath, BA1 2ED",51.38291,-2.36641,,,overture,email,2,new,ok,"GB: role address at a business — corporate subscriber, lawful with sender identity + working opt-out (PECR reg.22 / SI 336/2011 reg.13)"
4dcb3c771c9794542bfa,Suave Owl,Shopping,bath,,GB,UK,info@suaveowl.co.uk,+441225259027,https://suaveowl.co.uk/,33 Milsom Street BA1 1DG,51.38427,-2.36148,,,osm,email,2,new,ok,"GB: role address at a business — corporate subscriber, lawful with sender identity + working opt-out (PECR reg.22 / SI 336/2011 reg.13)"
57de633ac2d8c3afb573,Sulis laser clinic,Laser Hair Removal,bath,Bath,GB,UK,info@sulislaserclinic.co.uk,+447885810165,http://www.sulislaserclinic.co.uk/,"2 Marsden Road, Bath, BA2 2LW",51.36634,-2.39171,,,overture,email,2,new,ok,"GB: role address at a business — corporate subscriber, lawful with sender identity + working opt-out (PECR reg.22 / SI 336/2011 reg.13)"
debae0f3d4d0416d6f83,Susmita's BATH,Indian Restaurant,bath,Bath,GB,UK,bookings@susmitas.uk,+441225400970,http://susmitas.uk/,"85 Lower Bristol Road, Bath, BA2 3BQ",51.37986,-2.37159,,,overture,email,2,new,ok,"GB: role address at a business — corporate subscriber, lawful with sender identity + working opt-out (PECR reg.22 / SI 336/2011 reg.13)"
c463dc5913922ebb012c,TK Maxx,Shopping,bath,,GB,UK,customerservice@tjxeurope.com,+441225443285,https://www.tkmaxx.com,23 High Street BA1 5AJ,51.38248,-2.35945,,,osm,email,2,new,ok,"GB: role address at a business — corporate subscriber, lawful with sender identity + working opt-out (PECR reg.22 / SI 336/2011 reg.13)"
e6a8d1bc3efd8e62fb47,Tallulah Rose Flower School,Souvenirs & gifts,bath,Bath,GB,UK,enquiries@tallulahroseflowerschool.com,+447976271341,http://www.tallulahroseflowers.com/,"28 Milsom Street, Bath, BA1 1DG",51.38462,-2.36159,,,overture,email,2,new,ok,"GB: role address at a business — corporate subscriber, lawful with sender identity + working opt-out (PECR reg.22 / SI 336/2011 reg.13)"
2c5bae1930d4e381aefd,Teeth Whitening UK,Beauty & spa,bath,Bath,GB,UK,info@brightwhitesmiles.co.uk,+441225839797,http://brightwhitesmiles.co.uk/,"7 North Parade, Bath, BA1 1NS",51.38066,-2.35835,,,overture,email,2,new,ok,"GB: role address at a business — corporate subscriber, lawful with sender identity + working opt-out (PECR reg.22 / SI 336/2011 reg.13)"
32638a23f78b16585a6e,Tempo,Escape Rooms,bath,Bath,GB,UK,admin@tempo-bath.com,+441225962994,http://www.tempobath.com/,"Temperance Hall, Claverton St, Bath, BA2 4LE",51.37653,-2.35675,,,overture,email,2,new,ok,"GB: role address at a business — corporate subscriber, lawful with sender identity + working opt-out (PECR reg.22 / SI 336/2011 reg.13)"
4aefffcac2e1573410bd,The Apple Tree,Music Venue,bath,Bath,GB,UK,info@paradepark.co.uk,+441225463384,,"8-10 North Parade, Bath, BA2 4",51.38068,-2.35689,,,overture,email,2,new,ok,"GB: role address at a business — corporate subscriber, lawful with sender identity + working opt-out (PECR reg.22 / SI 336/2011 reg.13)"
2ec20eb5389509a0db95,"The Artpad - Great Pulteney Street, BATH",Hotel,bath,Bath,GB,UK,info@62gps.co.uk,+447714210525,https://www.airbnb.com/l/6aXOdiYx,"62 Great Pulteney Street, Bath, BA2 4DN",51.38432,-2.35397,,,overture,email,2,new,ok,"GB: role address at a business — corporate subscriber, lawful with sender identity + working opt-out (PECR reg.22 / SI 336/2011 reg.13)"
a465db43674bea292f33,The Bath Distillery Gin Bar,Distillery,bath,Bath,GB,UK,info@thebathgincompany.co.uk,+441225462457,http://www.thebathgincompany.co.uk/,"2 Queen Street, Bath, BA1 1HE",51.38289,-2.36193,,,overture,email,2,new,ok,"GB: role address at a business — corporate subscriber, lawful with sender identity + working opt-out (PECR reg.22 / SI 336/2011 reg.13)"
14e922f2d24cc422d52a,The Bath House Apartments,Guesthouse,bath,Bath,GB,UK,admin@thebathapartments.co.uk,+447711119847,http://www.thebathapartments.co.uk/,"33 Crescent Gardens, Bath, BA1 2",51.3824,-2.36796,,,overture,email,2,new,ok,"GB: role address at a business — corporate subscriber, lawful with sender identity + working opt-out (PECR reg.22 / SI 336/2011 reg.13)"
5f0bbc0dbe5afd2380d1,The Bath Pub Company,Bar,bath,Bath,GB,UK,info@thebathpubcompany.com,+441225489939,https://careers.thebathpubcompany.com/,"Lansdown Rd, Bath, BA1 5TJ",51.40224,-2.37113,,,overture,email,2,new,ok,"GB: role address at a business — corporate subscriber, lawful with sender identity + working opt-out (PECR reg.22 / SI 336/2011 reg.13)"
ba01f3d573cf8145ff12,The Bath Townhouse,Restaurant,bath,,GB,UK,reservations@variouseateries.co.uk,+441225435398,https://www.coppaclub.co.uk/the-bath-townhouse/,18-19 Old Bond Street BA1 1BP,51.38311,-2.36137,,,osm,email,2,new,ok,"GB: role address at a business — corporate subscriber, lawful with sender identity + working opt-out (PECR reg.22 / SI 336/2011 reg.13)"
a592f620c1cd37583e90,"The Bathampton Mill, Bath",Bar,bath,Bath,GB,UK,enquiry@thebathamptonmill.co.uk,+441225469758,https://www.thebathamptonmill.co.uk/,"Mill Lane, Bath, BA2 6TS",51.40088,-2.32552,,,overture,email,2,new,ok,"GB: role address at a business — corporate subscriber, lawful with sender identity + working opt-out (PECR reg.22 / SI 336/2011 reg.13)"
6076e9300aa66640e585,The Bear,Bar,bath,,GB,UK,info@bearbath.co.uk,01225 425795,https://www.bearbath.co.uk/,8-10 Wellsway BA2 3AQ,51.37387,-2.36707,,,osm,email,2,new,ok,"GB: role address at a business — corporate subscriber, lawful with sender identity + working opt-out (PECR reg.22 / SI 336/2011 reg.13)"
6725c998e17cc88158aa,The Beaufort Bookshop,Shopping,bath,,GB,UK,hello@beaufortbookshop.co.uk,+441225571908,https://beaufortbookshop.co.uk/,1 Saint Saviour's Road BA1 6RP,51.39654,-2.34524,,,osm,email,2,new,ok,"GB: role address at a business — corporate subscriber, lawful with sender identity + working opt-out (PECR reg.22 / SI 336/2011 reg.13)"
573214050d3e518811f5,The Bhakti Centre,Gym & fitness,bath,Bath,GB,UK,info@thebhakticentre.co.uk,+441225744954,https://www.thebhakticentre.co.uk/,"23 Crescent Lane, Bath, BA1 2",51.38813,-2.3694,,,overture,email,2,new,ok,"GB: role address at a business — corporate subscriber, lawful with sender identity + working opt-out (PECR reg.22 / SI 336/2011 reg.13)"
aa27d19a982eb8641d4f,The Bird,Hotel,bath,Bath,GB,UK,reservations@thebirdbath.co.uk,+441225580438,https://www.thebirdbath.co.uk/?utm_source=facebook&utm_medium=local&utm_campaign=hotel-thebird,"18-19 Pulteney Road, Bath, BA2 4",51.38342,-2.35178,,,overture,email,2,new,ok,"GB: role address at a business — corporate subscriber, lawful with sender identity + working opt-out (PECR reg.22 / SI 336/2011 reg.13)"
41eb7ec58eef7f7e201d,The Boutique Chalet Company,Tours & travel,bath,Bath,GB,UK,info@theboutiquechalet.com,+442035886001,http://www.theboutiquechalet.com/,"11 Beauford Square, Bath, BA1 1HJ",51.38226,-2.36368,,,overture,email,2,new,ok,"GB: role address at a business — corporate subscriber, lawful with sender identity + working opt-out (PECR reg.22 / SI 336/2011 reg.13)"
e79daf37ac7778f0dcd9,The Brow Place,Beauty & spa,bath,,GB,UK,info@thebrowplace.co.uk,+441225443821,https://www.thebrowplace.co.uk/,1 Abbey Street BA1 1NN,51.38076,-2.35904,,,osm,email,2,new,ok,"GB: role address at a business — corporate subscriber, lawful with sender identity + working opt-out (PECR reg.22 / SI 336/2011 reg.13)"
306b4cbef0ccced16f05,The Co-operative Food,Convenience,bath,,GB,UK,customerservices@southerncoops.co.uk,+441225469320,https://stores.southern.coop/somerset/bath/widcombe-hill.html,BA2 6AA,51.37652,-2.353,,,osm,email,2,new,ok,"GB: role address at a business — corporate subscriber, lawful with sender identity + working opt-out (PECR reg.22 / SI 336/2011 reg.13)"
ec961ba7375ad89381c7,The Dower House,French Restaurant,bath,Bath,GB,UK,info@royalcrescent.co.uk,+441225823333,https://www.royalcrescent.co.uk/wine-dine/restaurant/,"16 Royal Crescent, Bath, BA1 2LS",51.38776,-2.36779,,,overture,email,2,new,ok,"GB: role address at a business — corporate subscriber, lawful with sender identity + working opt-out (PECR reg.22 / SI 336/2011 reg.13)"
029a34ac1b7e52a1a8c5,The Dukes Hotel Bath,Hotel,bath,Bath,GB,UK,info@dukesbath.co.uk,+441225787960,http://www.dukesbath.co.uk/,"53-54 Great Pulteney Street, Bath, BA2 4",51.3847,-2.35303,,,overture,email,2,new,ok,"GB: role address at a business — corporate subscriber, lawful with sender identity + working opt-out (PECR reg.22 / SI 336/2011 reg.13)"
cf49f45714f91d317221,The Eastern Eye,Bangladeshi Restaurant,bath,Bath,GB,UK,reservations@pearlofindia.co.uk,+441225422323,http://www.easterneye.com,"8a Quiet Street, Bath, BA1 2",51.3832,-2.36167,,,overture,email,2,new,ok,"GB: role address at a business — corporate subscriber, lawful with sender identity + working opt-out (PECR reg.22 / SI 336/2011 reg.13)"
187cc1ae897551aa6683,The Elder Restaurant,Restaurant,bath,Bath,GB,UK,enquiries@theelder.co.uk,+441225530616,http://www.theelder.co.uk/,"2-8 South Parade, Bath, BA2 4",51.38005,-2.35675,,,overture,email,2,new,ok,"GB: role address at a business — corporate subscriber, lawful with sender identity + working opt-out (PECR reg.22 / SI 336/2011 reg.13)"
7635076faf8b2cf4b3b6,The Electric Bar,Bar,bath,Bath,GB,UK,info@komediabath.co.uk,+441225489070,https://komedia.co.uk/bath/about-us/the-electric-bar/,"22-23 Westgate Street, Bath, BA1 1",51.38143,-2.36217,,,overture,email,2,new,ok,"GB: role address at a business — corporate subscriber, lawful with sender identity + working opt-out (PECR reg.22 / SI 336/2011 reg.13)"
92aac5421a4dff563a2a,The Fat Pizza - Bath,Pizza Restaurant,bath,Bath,GB,UK,info@thefatpizza.co.uk,+441225375085,https://qr1.be/550N,"28 Charles Street, Bath, BA1 1HU",51.38247,-2.36525,,,overture,email,2,new,ok,"GB: role address at a business — corporate subscriber, lawful with sender identity + working opt-out (PECR reg.22 / SI 336/2011 reg.13)"
4c6577cb5c318456c1c7,The Flower Co,Souvenirs & gifts,bath,Bath,GB,UK,hello@theflowerco.co.uk,+447791757165,http://www.theflowerco.co.uk/,"27 Bathwick Street, Bath, BA2 6NZ",51.38657,-2.35184,,,overture,email,2,new,ok,"GB: role address at a business — corporate subscriber, lawful with sender identity + working opt-out (PECR reg.22 / SI 336/2011 reg.13)"
16037e5b36a6061c5089,The Forum,Topic Concert Venue,bath,Bath,GB,UK,hello@bathforum.co.uk,+441225443114,http://www.bathforum.co.uk/,"1a North Parade Passage, Bath, BA1 1NX",51.37853,-2.36043,,,overture,email,2,new,ok,"GB: role address at a business — corporate subscriber, lawful with sender identity + working opt-out (PECR reg.22 / SI 336/2011 reg.13)"
291d623732242bdb3dd7,The Foundry Bath,Beauty & spa,bath,Bath,GB,UK,contact@thefoundrybath.co.uk,+441225780157,http://www.thefoundrybath.co.uk/,"F4, The Foundry, Beehive Yard, Bath, BA1 5BT",51.386,-2.35868,,,overture,email,2,new,ok,"GB: role address at a business — corporate subscriber, lawful with sender identity + working opt-out (PECR reg.22 / SI 336/2011 reg.13)"
237aa5a30a8fa8b8ce64,The Gainsborough Bath Spa,Hotel,bath,Bath,GB,UK,enquiries@thegainsboroughbathspa.co.uk,+441225358888,https://www.thegainsboroughbathspa.co.uk/,Beau Street BA1 1QY Bath,51.38012,-2.36112,,,osm,email,2,new,ok,"GB: role address at a business — corporate subscriber, lawful with sender identity + working opt-out (PECR reg.22 / SI 336/2011 reg.13)"
1fd1fec379195f4130b7,The Garden Theatre Fest,Theatre,bath,Bath,GB,UK,info@theproductiongarden.co.uk,,http://www.gardentheatrefest.com/,"Holburne museum, Great Pulteney Street, Bath, BA2 4DB",51.38534,-2.35146,,,overture,email,2,new,ok,"GB: role address at a business — corporate subscriber, lawful with sender identity + working opt-out (PECR reg.22 / SI 336/2011 reg.13)"
d1678bf97e9faec3920a,The Grand Eastern,Indian Restaurant,bath,Bath,GB,UK,info@easterneye.com,01225 422323,https://grandeastern.co.uk,"8a Quiet St, Bath, BA1 2JS",51.38325,-2.36163,,,overture,email,2,new,ok,"GB: role address at a business — corporate subscriber, lawful with sender identity + working opt-out (PECR reg.22 / SI 336/2011 reg.13)"
65899a9b3ff7da9d3437,The Jesters Comedy Club,Comedy Club,bath,Bath,GB,UK,hello@jestersofbath.com,,https://www.thejesterscomedyclub.com/,"17 Alfred Street, Bath, BA1 2QU",51.38613,-2.36187,,,overture,email,2,new,ok,"GB: role address at a business — corporate subscriber, lawful with sender identity + working opt-out (PECR reg.22 / SI 336/2011 reg.13)"
75c05ddf83e967eeb5b7,The Loft,Boutique,bath,Bath,GB,UK,sales@bluewomensclothing.co.uk,+441225462111,https://www.theloftbath.com/,"1 Bartlett Street, Bath, BA1 2QZ",51.38564,-2.36194,,,overture,email,2,new,ok,"GB: role address at a business — corporate subscriber, lawful with sender identity + working opt-out (PECR reg.22 / SI 336/2011 reg.13)"
ac20eb7994f4f3a1d388,The Old Mill Hotel,Hotel,bath,,GB,UK,info@oldmillbath.co.uk,+441225437163,https://www.oldmillbath.co.uk/,Toll Bridge Road BA1 7DE,51.40185,-2.32545,,,osm,email,2,new,ok,"GB: role address at a business — corporate subscriber, lawful with sender identity + working opt-out (PECR reg.22 / SI 336/2011 reg.13)"
9f937e4f42e3e452585c,The Osteopathy and Pilates Studio,Pilates Studio,bath,Bath,GB,UK,enquiries@bathpilates.co.uk,+441225335757,http://www.bathpilates.co.uk/,"2 Broad Street, Bath, BA1 5",51.3848,-2.35983,,,overture,email,2,new,ok,"GB: role address at a business — corporate subscriber, lawful with sender identity + working opt-out (PECR reg.22 / SI 336/2011 reg.13)"
e63e0f694647a213b960,The Parade Park,Hotel,bath,Bath,GB,UK,info@paradepark.co.uk,+441225463384,http://www.booking.com/hotel/gb/parade-park.html?aid=334421,"8-10 North Parade, Bath, BA2 4",51.38071,-2.35684,,,overture,email,2,new,ok,"GB: role address at a business — corporate subscriber, lawful with sender identity + working opt-out (PECR reg.22 / SI 336/2011 reg.13)"
047b8b713d6205b1bebb,The Paragon Townhouse,Apartment,bath,Bath,GB,UK,enquiries@theparagonbath.co.uk,+447590675696,https://theparagonbath.co.uk/,"5 The Paragon, Bath, BA1 5",51.386,-2.36014,,,overture,email,2,new,ok,"GB: role address at a business — corporate subscriber, lawful with sender identity + working opt-out (PECR reg.22 / SI 336/2011 reg.13)"
9471a791cd40ac6bb083,The Penny Lane River Boat,Restaurant,bath,Bath,GB,UK,info@thepennylane.co.uk,+441225303434,http://www.thepennylane.co.uk,"North Parade Bridge,, Bath, BA2 4EU",51.38072,-2.35506,,,overture,email,2,new,ok,"GB: role address at a business — corporate subscriber, lawful with sender identity + working opt-out (PECR reg.22 / SI 336/2011 reg.13)"
d5c0fed4310b1c9d236a,The Pizza Bike,Pizza Restaurant,bath,Bath,GB,UK,hello@thepizzabike.co.uk,+447415474298,http://thepizzabike.co.uk/,"103 Walcot Street, Bath, BA1 5BW",51.38755,-2.35928,,,overture,email,2,new,ok,"GB: role address at a business — corporate subscriber, lawful with sender identity + working opt-out (PECR reg.22 / SI 336/2011 reg.13)"
f2c62928d08ef512b6c5,"The Place, Bath - luxury holiday rental apartment",Hotel,bath,Bath,GB,UK,hello@theplacebath.co.uk,+447825510214,http://theplacebath.co.uk/,"Widcombe Hill, Bath, BA26AE",51.37483,-2.34588,,,overture,email,2,new,ok,"GB: role address at a business — corporate subscriber, lawful with sender identity + working opt-out (PECR reg.22 / SI 336/2011 reg.13)"
92848876a25c53c2ec24,The Ring o' Bells,Bar,bath,Bath,GB,UK,contact@ringobellswidcombe.co.uk,+441225727599,https://ringobellsbath.com/,10 Claverton Street BA2 4JT Bath,51.37632,-2.35409,,,osm,email,2,new,ok,"GB: role address at a business — corporate subscriber, lawful with sender identity + working opt-out (PECR reg.22 / SI 336/2011 reg.13)"
e14d9a65913511eed1ac,The Royal Crescent Hotel & Spa,Hotel,bath,Bath,GB,UK,info@royalcrescent.co.uk,+441225823333,https://linktr.ee/royalcrescenthotel,"16 Royal Crescent, Bath, BA1 2LS",51.38741,-2.36812,,,overture,email,2,new,ok,"GB: role address at a business — corporate subscriber, lawful with sender identity + working opt-out (PECR reg.22 / SI 336/2011 reg.13)"
6fd74a182eb2914a76dd,The Sepoy Club Restaurant,Indian Restaurant,bath,Bath,GB,UK,info@thesepoyclub.co.uk,+441225464455,https://www.thesepoyclub.co.uk/,"The Sepoy Club, 2 George Street, Bath, BA1 2EB",51.38484,-2.36067,,,overture,email,2,new,ok,"GB: role address at a business — corporate subscriber, lawful with sender identity + working opt-out (PECR reg.22 / SI 336/2011 reg.13)"
2d6890b64e9ccd99da1d,The Silver Shop of Bath,Souvenirs & gifts,bath,Bath,GB,UK,info@thesilvershopofbath.co.uk,+441225464781,http://www.thesilvershopofbath.co.uk/,"25 Union Passage, Bath, BA1 1RD",51.38184,-2.36,,,overture,email,2,new,ok,"GB: role address at a business — corporate subscriber, lawful with sender identity + working opt-out (PECR reg.22 / SI 336/2011 reg.13)"
fe9cdfe2dfa315fea14e,The Spiegeltent - Bath Fringe,Music Venue,bath,Bath,GB,UK,admin@bathfringe.co.uk,+441225463362,http://www.bathfringe.co.uk/,"Bath Recreation Ground, Bath, BA2 4D",51.38211,-2.35391,,,overture,email,2,new,ok,"GB: role address at a business — corporate subscriber, lawful with sender identity + working opt-out (PECR reg.22 / SI 336/2011 reg.13)"
3d91382fe1685177f73e,The Town House Clinic,Skin Care,bath,Bath,GB,UK,info@townhouseclinic.com,+447496230618,https://townhouseclinic.com/,"5 Old King Street, Bath, BA1 2JW",51.38385,-2.36272,,,overture,email,2,new,ok,"GB: role address at a business — corporate subscriber, lawful with sender identity + working opt-out (PECR reg.22 / SI 336/2011 reg.13)"
aa2c00486a4d43a0a69b,The Tram Shed,Bar,bath,Bath,GB,UK,enquiry@thetramshedbath.co.uk,+441225421200,http://www.thetramshedbath.co.uk/,"Beehive Yard, Bath, BA1 5BD",51.38549,-2.35917,,,overture,email,2,new,ok,"GB: role address at a business — corporate subscriber, lawful with sender identity + working opt-out (PECR reg.22 / SI 336/2011 reg.13)"
ba4b60c8ed8fb83d34a7,The White Hart,Bar,bath,Bath,GB,UK,enquiries@whitehartbath.co.uk,01225 313985,http://www.whitehartbath.co.uk,"Widcombe Parade, Bath, BA2 6AA",51.37632,-2.35203,,,overture,email,2,new,ok,"GB: role address at a business — corporate subscriber, lawful with sender identity + working opt-out (PECR reg.22 / SI 336/2011 reg.13)"
0ccad73b778c86b52abd,The White Horse Bath,Bar,bath,Bath,GB,UK,info@whitehorsetwerton.co.uk,+441225464327,http://Www.whitehorsetwerton.co.uk/,"42 Shophouse Road, Bath, BA2 1EF",51.37737,-2.38904,,,overture,email,2,new,ok,"GB: role address at a business — corporate subscriber, lawful with sender identity + working opt-out (PECR reg.22 / SI 336/2011 reg.13)"
93987bcaa9a0d23c60fb,The Yard in Bath,Hotel,bath,,GB,UK,hello@theyardinbath.co.uk,+44 1225 448896,https://theyardinbath.co.uk,Monmouth Place BA1 2AT,51.38292,-2.36678,,,osm,email,2,new,ok,"GB: role address at a business — corporate subscriber, lawful with sender identity + working opt-out (PECR reg.22 / SI 336/2011 reg.13)"
528aabd8ae9ed4c7534b,Therma Bath spa,Massage & spa,bath,Bath,GB,UK,info@thermaebathspa.com,+448448880844,http://www.thermaebathspa.com/,"30 Gay Street, Bath, BA1 2PA",51.38414,-2.36169,,,overture,email,2,new,ok,"GB: role address at a business — corporate subscriber, lawful with sender identity + working opt-out (PECR reg.22 / SI 336/2011 reg.13)"
2f8738c421c7bb42db8c,Thermae Bath Spa,Attraction,bath,,GB,UK,reservations@thermaebathspa.com,+441225331234,http://www.thermaebathspa.com,Hot Bath Street BA1 1SJ,51.38057,-2.36102,,,osm,email,2,new,ok,"GB: role address at a business — corporate subscriber, lawful with sender identity + working opt-out (PECR reg.22 / SI 336/2011 reg.13)"
fc3b79e907c2507b9dd7,Thrive Bath,Health Spa,bath,Bath,GB,UK,reception@thrivebath.co.uk,+441225698524,http://thrivebath.co.uk/,"F3, The Foundry, Bath, BA1 5BT",51.38612,-2.35863,,,overture,email,2,new,ok,"GB: role address at a business — corporate subscriber, lawful with sender identity + working opt-out (PECR reg.22 / SI 336/2011 reg.13)"
4f8fc1712445a1d9ec7d,Total Fitness Bath,Bicycle Shop,bath,Bath,GB,UK,sales@totalfitnessbath.co.uk,+441225444164,https://www.totalfitnessbath.co.uk/,"3 Saracen Street, Bath, BA1 5BR",51.38453,-2.36002,,,overture,email,2,new,ok,"GB: role address at a business — corporate subscriber, lawful with sender identity + working opt-out (PECR reg.22 / SI 336/2011 reg.13)"
2281e542b7b2bfbffa74,Tribute Portfolio,Hotel,bath,Bath,GB,UK,reception@abbeyhotelbath.co.uk,+441225461603,https://www.marriott.com/en-us/hotels/brstx-abbey-hotel-bath-a-tribute-portfolio-hotel/overview/?scid=d2406702-e8ea-4b45-bb9b-69cddaaef03d,"1 North Parade, Bath, BA1 1LF",51.38073,-2.35768,,,overture,email,2,new,ok,"GB: role address at a business — corporate subscriber, lawful with sender identity + working opt-out (PECR reg.22 / SI 336/2011 reg.13)"
2606ce4e9c85f37ca861,Twerton Park,Stadium Arena,bath,Bath,GB,UK,mail@bathcityfootballclub.co.uk,+441225423087,http://www.bathcityfc.com,"Twerton Park, Bath, BA2 1DB",51.37896,-2.39515,,,overture,email,2,new,ok,"GB: role address at a business — corporate subscriber, lawful with sender identity + working opt-out (PECR reg.22 / SI 336/2011 reg.13)"
f9ed1ceab93450cddb24,UK Fire Bowls,Indian Restaurant,bath,Bath,GB,UK,info@ukfirebowls.co.uk,+447747536741,http://ukfirebowls.co.uk/,"27 Grosvenor Place, Bath, BA1 6BA",51.39471,-2.34471,,,overture,email,2,new,ok,"GB: role address at a business — corporate subscriber, lawful with sender identity + working opt-out (PECR reg.22 / SI 336/2011 reg.13)"
2b133c7f47a2209baf9c,VeggieGuru,Street food,bath,Bath,GB,UK,info@veggieguru.co.uk,,http://www.veggieguru.co.uk/,"49 Southgate, Bath, BA1 1",51.37846,-2.35963,,,overture,email,2,new,ok,"GB: role address at a business — corporate subscriber, lawful with sender identity + working opt-out (PECR reg.22 / SI 336/2011 reg.13)"
08448a262abbcbfbaaec,Vineyard Kids at Vineyard Bath,Attraction · place of worship,bath,Bath,GB,UK,hello@vineyardbath.co.uk,,http://www.vineyardbath.co.uk/,"Mulberry Park, 178 Bradford Road, Bath, BA2 5DA",51.36003,-2.35267,,,overture,email,2,new,ok,"GB: role address at a business — corporate subscriber, lawful with sender identity + working opt-out (PECR reg.22 / SI 336/2011 reg.13)"
e654995bca1c0bcb7869,Vintage & Antiques Markets,Antique Store,bath,Bath,GB,UK,hello@vintageandantiques.co.uk,+441225787910,http://vintageandantiques.co.uk/,"Unit 4 Green Park Rd, Bath, BA1 2DR",51.38122,-2.3666,,,overture,email,2,new,ok,"GB: role address at a business — corporate subscriber, lawful with sender identity + working opt-out (PECR reg.22 / SI 336/2011 reg.13)"
eef799daaadce2c92249,Vizion Hair Design,Beauty & spa,bath,Bath,GB,UK,hello@vizionhairdesign.co.uk,+441225446216,http://hairdressersbath.com/,"The Corridor, 19 High Street, Bath, BA1 5",51.38224,-2.35951,,,overture,email,2,new,ok,"GB: role address at a business — corporate subscriber, lawful with sender identity + working opt-out (PECR reg.22 / SI 336/2011 reg.13)"
49676455e2ec7fcd1717,Waitrose & Partners,Supermarket,bath,Bath,GB,UK,customerserviceteam@waitrose.co.uk,+441225442550,https://www.waitrose.com/content/waitrose/en/bf_home/bf/193.html?utm_source=ExtNet&utm_medium=Yext&y_source=1_MTA4NTgwNjctNTU5LWxvY2F0aW9uLndlYnNpdGU%3D,"The Podium, Northgate St, Bath, BA1 5AL",51.38354,-2.35918,,,overture,email,2,new,ok,"GB: role address at a business — corporate subscriber, lawful with sender identity + working opt-out (PECR reg.22 / SI 336/2011 reg.13)"
f8a644f67ac84a06e5aa,Walcot Street,Shopping · mall,bath,Bath,GB,UK,info@walcotstreet.com,+441225462463,https://walcotstreet.com/,"103 Walcot Street, Bath, BA1 5BW",51.38407,-2.35963,,,overture,email,2,new,ok,"GB: role address at a business — corporate subscriber, lawful with sender identity + working opt-out (PECR reg.22 / SI 336/2011 reg.13)"
aed618b4b8943fc6452d,Watches of Bath,Shopping · jewellery,bath,Bath,GB,UK,sales@watchesofbath.com,+441225690696,http://www.watchesofbath.com/,"27 Gay Street, Bath, BA1 2PD",51.3849,-2.36338,,,overture,email,2,new,ok,"GB: role address at a business — corporate subscriber, lawful with sender identity + working opt-out (PECR reg.22 / SI 336/2011 reg.13)"
a97b93a3e999b63c373d,Welcome to Walcot Bath,Shopping,bath,Bath,GB,UK,sales@bathaquaglass.com,+441225319606,,"Walcot Street , Bath, BA15BW",51.38568,-2.35976,,,overture,email,2,new,ok,"GB: role address at a business — corporate subscriber, lawful with sender identity + working opt-out (PECR reg.22 / SI 336/2011 reg.13)"
a3f87ddd8d851801d0d8,YK Media,Arts And Entertainment,bath,Bath,GB,UK,info@yk.media,+441225941042,http://www.yk.media/,"6 North Parade, Bath, BA1 1LF",51.38063,-2.3574,,,overture,email,2,new,ok,"GB: role address at a business — corporate subscriber, lawful with sender identity + working opt-out (PECR reg.22 / SI 336/2011 reg.13)"
f18a1d0ef022f73e1c3a,Yen Sushi,Sushi Restaurant,bath,Bath,GB,UK,info@yensushi.co.uk,01225 333313,http://www.yensushi.co.uk,"11-12 Bartlett Street, Bath, BA1 2QZ",51.38536,-2.36166,,,overture,email,2,new,ok,"GB: role address at a business — corporate subscriber, lawful with sender identity + working opt-out (PECR reg.22 / SI 336/2011 reg.13)"
4fc8aae545a789150e7b,Yoga Bodhi,Gym & fitness,bath,Bath,GB,UK,info@yogabodhi.co.uk,+441225464848,http://yogabodhi.co.uk/,"8 Bartlett Street, Bath, BA1 2QZ",51.38553,-2.36165,,,overture,email,2,new,ok,"GB: role address at a business — corporate subscriber, lawful with sender identity + working opt-out (PECR reg.22 / SI 336/2011 reg.13)"
ddfc3369fcc2379f5d93,Zara Morgan Hairdressing,Beauty & spa,bath,Bath,GB,UK,contact@zaramorganhairdressing.co.uk,+441225444178,http://www.zaramorganhairdressing.co.uk/,"30 St James's Parade, Bath, BA1 1UJ",51.37893,-2.36031,,,overture,email,2,new,ok,"GB: role address at a business — corporate subscriber, lawful with sender identity + working opt-out (PECR reg.22 / SI 336/2011 reg.13)"
0bca0857a2c7454dd3bc,Zenaa Retreats,Gym & fitness,bath,Bath,GB,UK,info@zenaa.co.uk,,http://www.zenaa.co.uk/,Bath,51.38217,-2.35955,,,overture,email,2,new,ok,"GB: role address at a business — corporate subscriber, lawful with sender identity + working opt-out (PECR reg.22 / SI 336/2011 reg.13)"
f38d93fa3701033f7a05,clean_break_properties,Apartment,bath,Bath,GB,UK,info@cleanbreakproperties.com,+447939912536,https://www.cleanbreakproperties.com/,"Clean Break Properties, The Victoria Hotel, Bath, BA2 3JW",51.37829,-2.38332,,,overture,email,2,new,ok,"GB: role address at a business — corporate subscriber, lawful with sender identity + working opt-out (PECR reg.22 / SI 336/2011 reg.13)"
c6942bcb92f65562253d,kingsmeadstbottle,Shopping,bath,Bath,GB,UK,info@kingsmeadstbottle.co.uk,,http://www.Kingsmeadstbottle.CO.uk/,"2 Kingsmead Street, Bath, BA1 2AA",51.38148,-2.36357,,,overture,email,2,new,ok,"GB: role address at a business — corporate subscriber, lawful with sender identity + working opt-out (PECR reg.22 / SI 336/2011 reg.13)"
f396b7731d8b1d458a23,14 Henrietta Street museum,Museum,dublin,,IE,UK,info@14henriettastreet.ie,+353 1 524 0383,https://14henriettastreet.ie/,14 Henrietta Street D01 HH34,53.35235,-6.27015,,,osm,email,2,new,ok,"IE: role address at a business — corporate subscriber, lawful with sender identity + working opt-out (PECR reg.22 / SI 336/2011 reg.13)"
8a341be7b83d8885d2b6,3Arena,Theatre,dublin,Dublin,IE,UK,enquiry@3arena.ie,+353 1 819 8888,https://3arena.ie/,Northwall Quay Dublin,53.34749,-6.22842,,,osm,email,2,new,ok,"IE: role address at a business — corporate subscriber, lawful with sender identity + working opt-out (PECR reg.22 / SI 336/2011 reg.13)"
de60379dbe634eba6c03,777,Restaurant,dublin,Dublin,IE,UK,info@777.ie,+353 1 425 4052,https://777.ie/,7 South Great George's Street Dublin,53.34317,-6.26468,,,osm,email,2,new,ok,"IE: role address at a business — corporate subscriber, lawful with sender identity + working opt-out (PECR reg.22 / SI 336/2011 reg.13)"
bbb4867d16e421726d0f,ABC House B&B,Guesthouse,dublin,,IE,UK,reception@abchousedublin.com,+353 1 836 7417,http://www.abchousedublin.com/,57 Drumcondra Road Upper,53.37411,-6.25207,,,osm,email,2,new,ok,"IE: role address at a business — corporate subscriber, lawful with sender identity + working opt-out (PECR reg.22 / SI 336/2011 reg.13)"
77f0024fca2397dea249,Abbey Travel,Tours & travel,dublin,Dublin,IE,UK,info@abbeytravel.ie,+353 1 804 7100,https://www.abbeytravel.ie/,43/45 Middle Abbey Street D01 X8R2 Dublin,53.34786,-6.26336,,,osm,email,2,new,ok,"IE: role address at a business — corporate subscriber, lawful with sender identity + working opt-out (PECR reg.22 / SI 336/2011 reg.13)"
134043d8d75ad4299804,Abrahams,Shopping,dublin,Dublin,IE,UK,shop@menswear.ie,+353 1 677 0000,https://www.menswear.ie/,17A Anne Street South Dublin,53.34109,-6.25862,,,osm,email,2,new,ok,"IE: role address at a business — corporate subscriber, lawful with sender identity + working opt-out (PECR reg.22 / SI 336/2011 reg.13)"
5a1f35647520a1554119,Aishling House,Guesthouse,dublin,Dublin,IE,UK,info@aishlinghouse.com,+353 1 8339097,https://www.aishlinghouse.com/,19 & 20 Saint Lawrence Road Dublin,53.36405,-6.21549,,,osm,email,2,new,ok,"IE: role address at a business — corporate subscriber, lawful with sender identity + working opt-out (PECR reg.22 / SI 336/2011 reg.13)"
23e23cca0d7b759659e8,Almara Bed & Breakfast,Guesthouse,dublin,Dublin,IE,UK,info@almarabb.com,+353 1 8510512,https://www.almarabb.com/,226 Collins Avenue Dublin,53.37899,-6.23174,,,osm,email,2,new,ok,"IE: role address at a business — corporate subscriber, lawful with sender identity + working opt-out (PECR reg.22 / SI 336/2011 reg.13)"
e8949fcb550ab0117752,Ambassador Theatre,Theatre,dublin,Dublin,IE,UK,info@ambassadordublin.com,+353 1 873 4686,https://ambassadordublin.com/,Parnell Street D01 R243 Dublin,53.35283,-6.26215,,,osm,email,2,new,ok,"IE: role address at a business — corporate subscriber, lawful with sender identity + working opt-out (PECR reg.22 / SI 336/2011 reg.13)"
b83694086507046b148d,Andhra Bhavan,Restaurant,dublin,,IE,UK,info@andhrabhavan.ie,+3531551 8742,https://andhrabhavan.ie/,85 Marlborough Street,53.35055,-6.25853,,,osm,email,2,new,ok,"IE: role address at a business — corporate subscriber, lawful with sender identity + working opt-out (PECR reg.22 / SI 336/2011 reg.13)"
dafe25cff34ae45a3e10,Arnotts,Shopping,dublin,,IE,UK,customerservice@arnotts.ie,+353 1 805 0400,https://www.arnotts.ie/whats-on/arnotts-dublin-store-page/,12 Henry Street,53.34871,-6.26307,,,osm,email,2,new,ok,"IE: role address at a business — corporate subscriber, lawful with sender identity + working opt-out (PECR reg.22 / SI 336/2011 reg.13)"
cff89a0182788b991db5,Ashbrook Tennis Club,Gym & fitness,dublin,Dublin,IE,UK,info@ashbrooktennisclub.ie,+353 1 496 4421,https://www.ashbrooktennisclub.ie,Bushes Lane Dublin,53.31901,-6.27319,,,osm,email,2,new,ok,"IE: role address at a business — corporate subscriber, lawful with sender identity + working opt-out (PECR reg.22 / SI 336/2011 reg.13)"
1de8e5747aa64f978630,Asia Market,Supermarket,dublin,Dublin,IE,UK,enquiries@asiamarket.ie,+353 1 6779764,https://www.asiamarket.ie/,18 Drury Street D02 W017 Dublin,53.34202,-6.26368,,,osm,email,2,new,ok,"IE: role address at a business — corporate subscriber, lawful with sender identity + working opt-out (PECR reg.22 / SI 336/2011 reg.13)"
bfa9792d86f8ba2fe47a,Aston Formal Wear,Shopping,dublin,Dublin,IE,UK,info@astonformal.com,+353 1 679 6100,https://astonformal.com/,Aston Place Dublin,53.34639,-6.26079,,,osm,email,2,new,ok,"IE: role address at a business — corporate subscriber, lawful with sender identity + working opt-out (PECR reg.22 / SI 336/2011 reg.13)"
d3eff8a58a8b2f50d12e,BIG FAN,Restaurant,dublin,,IE,UK,info@bigfan.ie,+353 1 538 8886,https://www.bigfan.ie,16 Aungier Street,53.34032,-6.26556,,,osm,email,2,new,ok,"IE: role address at a business — corporate subscriber, lawful with sender identity + working opt-out (PECR reg.22 / SI 336/2011 reg.13)"
88b14cd78f82b74b0410,Backpackers Citi Hostel Dublin,Hostel,dublin,Dublin,IE,UK,info@citihosteldublin.com,+353 1 855 0035,https://backpackersireland.com/,61 Gardiner Street Lower Dublin,53.35017,-6.25374,,,osm,email,2,new,ok,"IE: role address at a business — corporate subscriber, lawful with sender identity + working opt-out (PECR reg.22 / SI 336/2011 reg.13)"
2cdb4b0209ebf7c10b4f,Bad Ass Cafe,Restaurant,dublin,Dublin,IE,UK,info@badassdublin.com,+353 1 675 3005,https://badasstemplebar.ie/,9-11 Crown Alley Dublin,53.34531,-6.26293,,,osm,email,2,new,ok,"IE: role address at a business — corporate subscriber, lawful with sender identity + working opt-out (PECR reg.22 / SI 336/2011 reg.13)"
d0102a8868b2b4c277b3,Bad Bob's,Bar,dublin,Dublin,IE,UK,bookings@badbobs.ie,+35316778860,https://www.badbobs.ie/,35-37 Essex Street East D02 Y891 Dublin,53.34503,-6.26599,,,osm,email,2,new,ok,"IE: role address at a business — corporate subscriber, lawful with sender identity + working opt-out (PECR reg.22 / SI 336/2011 reg.13)"
8e4ca076c40d26b950a2,Bar Italia,Restaurant,dublin,Dublin,IE,UK,info@baritalia.ie,+35318741000,https://www.baritalia.ie/,26 Ormond Quay Lower D01 CA21 Dublin,53.34641,-6.26498,,,osm,email,2,new,ok,"IE: role address at a business — corporate subscriber, lawful with sender identity + working opt-out (PECR reg.22 / SI 336/2011 reg.13)"
ba38b0ee991bc189aa07,Belvedere Grill,Restaurant,dublin,Dublin,IE,UK,info@belvederehotel.ie,,,Great Denmark Street D01 PP66 Dublin,53.35505,-6.26233,,,osm,email,2,new,ok,"IE: role address at a business — corporate subscriber, lawful with sender identity + working opt-out (PECR reg.22 / SI 336/2011 reg.13)"
3d89c0c9ac8b13209244,Berman & Wallace,Restaurant,dublin,,IE,UK,info@bermanandwallace.com,+353 1 219 6252,https://bermanandwallace.ie/,Belfield Office Park,53.31231,-6.23426,,,osm,email,2,new,ok,"IE: role address at a business — corporate subscriber, lawful with sender identity + working opt-out (PECR reg.22 / SI 336/2011 reg.13)"
bcab5197a1e0728e1cce,Bespoke Beauty,Beauty & spa,dublin,Dublin,IE,UK,bookings@bespokebeauty.ie,+353 1 667 4912,https://bespokebeauty.ie/,95a Morehampton Road Dublin,53.32416,-6.24007,,,osm,email,2,new,ok,"IE: role address at a business — corporate subscriber, lawful with sender identity + working opt-out (PECR reg.22 / SI 336/2011 reg.13)"
10bc1ece844337d537da,Bijou Rathgar,Restaurant,dublin,Dublin,IE,UK,reservations@bijourathgar.ie,+353 1 496 1518,https://www.bijoudeli.ie/,46 Highfield Road Dublin,53.31188,-6.27421,,,osm,email,2,new,ok,"IE: role address at a business — corporate subscriber, lawful with sender identity + working opt-out (PECR reg.22 / SI 336/2011 reg.13)"
daedde7d26328e3602c3,Blackbird,Bar,dublin,Dublin,IE,UK,hello@blackbirdrathmines.com,,https://www.blackbirdrathmines.com/,82-84 Rathmines Road Lower D06 Y5Y8 Dublin,53.32687,-6.26461,,,osm,email,2,new,ok,"IE: role address at a business — corporate subscriber, lawful with sender identity + working opt-out (PECR reg.22 / SI 336/2011 reg.13)"
f34cddb8a8c50ef95448,Blazing Salads,Café,dublin,Dublin,IE,UK,info@blazingsalads.com,+353 1 671 9552,https://www.blazingsalads.com/,42 Drury Street Dublin,53.34253,-6.26301,,,osm,email,2,new,ok,"IE: role address at a business — corporate subscriber, lawful with sender identity + working opt-out (PECR reg.22 / SI 336/2011 reg.13)"
ea0fb4171765f709415d,Blow Hair & Beauty,Beauty & spa,dublin,Dublin,IE,UK,info@blow.ie,+353 1 607 0222,https://www.blow.ie/,144-145 Leeson Street Upper Dublin,53.33112,-6.25168,,,osm,email,2,new,ok,"IE: role address at a business — corporate subscriber, lawful with sender identity + working opt-out (PECR reg.22 / SI 336/2011 reg.13)"
16925bf25f230dd4fa1a,Bonnington Hotel,Hotel,dublin,,IE,UK,info@BonningtonDublin.com,+353 1 837 3544,https://www.bonningtondublin.com/,Swords Road D09 C7F8,53.37745,-6.246,,,osm,email,2,new,ok,"IE: role address at a business — corporate subscriber, lawful with sender identity + working opt-out (PECR reg.22 / SI 336/2011 reg.13)"
6e32f64b621902132ec4,Brogan's,Bar,dublin,Dublin,IE,UK,info@brogansbar.ie,,,75 Dame Street D02 DX00 Dublin,53.34437,-6.26633,,,osm,email,2,new,ok,"IE: role address at a business — corporate subscriber, lawful with sender identity + working opt-out (PECR reg.22 / SI 336/2011 reg.13)"
fb60990c3628d10b0d84,Brookfield Tennis Club,Gym & fitness,dublin,Dublin,IE,UK,admin@brookfieldtennis.com,,https://www.brookfieldtennis.com/,Palmerston Park D06 EY73 Dublin,53.31361,-6.26198,,,osm,email,2,new,ok,"IE: role address at a business — corporate subscriber, lawful with sender identity + working opt-out (PECR reg.22 / SI 336/2011 reg.13)"
c71a6b819508bcc9d653,Bunsen,Restaurant,dublin,Dublin,IE,UK,info@bunsen.ie,,https://www.bunsen.ie/,Dame Street Dublin,53.3443,-6.2642,,,osm,email,2,new,ok,"IE: role address at a business — corporate subscriber, lawful with sender identity + working opt-out (PECR reg.22 / SI 336/2011 reg.13)"
56587c097ec22a662cd3,Bóbó's,Street food,dublin,Dublin,IE,UK,info@bobos.ie,+353 1 538 0800,https://www.bobos.ie/,74 Middle Abbey Street Dublin,53.34809,-6.2604,,,osm,email,2,new,ok,"IE: role address at a business — corporate subscriber, lawful with sender identity + working opt-out (PECR reg.22 / SI 336/2011 reg.13)"
0d02ac348b8279e51dac,Cafe Bar H,Bar,dublin,Dublin,IE,UK,info@cafeh.ie,+353 1 899 2216,,1 Grand Canal Square Dublin,53.34339,-6.23888,,,osm,email,2,new,ok,"IE: role address at a business — corporate subscriber, lawful with sender identity + working opt-out (PECR reg.22 / SI 336/2011 reg.13)"
9b3818184bf67df34a4c,Camden Exchange,Bar,dublin,Dublin,IE,UK,info@camdenexchange.ie,+353 1 5599028,,72 Camden Street Lower D02 E092 Dublin,53.33511,-6.26543,,,osm,email,2,new,ok,"IE: role address at a business — corporate subscriber, lawful with sender identity + working opt-out (PECR reg.22 / SI 336/2011 reg.13)"
af878daf1a325f866be9,CaminoWays.com,Tours & travel,dublin,,IE,UK,info@caminoways.com,+353 1 525 2886,https://caminoways.com/,22 Blackpitts D08 P3K4,53.33463,-6.27547,,,osm,email,2,new,ok,"IE: role address at a business — corporate subscriber, lawful with sender identity + working opt-out (PECR reg.22 / SI 336/2011 reg.13)"
9ad9b8b66bf08fae1b62,Carluccio's,Restaurant,dublin,Dublin,IE,UK,info@carluccios.ie,+353 1 6333957,https://www.carluccios.com/restaurants/dublin-dawson-street/,11 Duke Street Dublin,53.34195,-6.25853,,,osm,email,2,new,ok,"IE: role address at a business — corporate subscriber, lawful with sender identity + working opt-out (PECR reg.22 / SI 336/2011 reg.13)"
9b71a73ea62a7e296b31,Carluccio’s,Restaurant,dublin,Dublin,IE,UK,info@carluccios.ie,+353 1 633 3957,https://www.carluccios.com/,52 Dawson Street D02 Y594 Dublin,53.34191,-6.25836,,,osm,email,2,new,ok,"IE: role address at a business — corporate subscriber, lawful with sender identity + working opt-out (PECR reg.22 / SI 336/2011 reg.13)"
bf5af2bcbc13bffc323a,Castle Hotel,Hotel,dublin,Dublin,IE,UK,info@castle-hotel.ie,+353 1874 6949,https://www.castle-hotel.ie/,1-4 Gardiner Row Dublin,53.35487,-6.26328,,,osm,email,2,new,ok,"IE: role address at a business — corporate subscriber, lawful with sender identity + working opt-out (PECR reg.22 / SI 336/2011 reg.13)"
1f7a89ac2ab7806de6b4,Chelsea Drugstore,Bar,dublin,Dublin,IE,UK,hello@thechelseadrugstore.ie,+353 1 613 9093,https://thechelseadrugstore.ie/,25 South Great George's Street Dublin,53.34225,-6.26443,,,osm,email,2,new,ok,"IE: role address at a business — corporate subscriber, lawful with sender identity + working opt-out (PECR reg.22 / SI 336/2011 reg.13)"
0ec09576edb2c3923835,Clontarf Castle,Hotel,dublin,Dublin,IE,UK,info@clontarfcastle.ie,+353 1 833 2321,https://www.clontarfcastle.ie/,Dublin,53.36481,-6.20688,,,osm,email,2,new,ok,"IE: role address at a business — corporate subscriber, lawful with sender identity + working opt-out (PECR reg.22 / SI 336/2011 reg.13)"
b22a8db947293a0c58b3,Clontarf Golf & Bowling Club,Golf,dublin,Dublin,IE,UK,info@clontarfgolfclub.ie,+353 1 8331892,https://www.clontarfgolfclub.ie/,Malahide Road Dublin,53.37088,-6.21641,,,osm,email,2,new,ok,"IE: role address at a business — corporate subscriber, lawful with sender identity + working opt-out (PECR reg.22 / SI 336/2011 reg.13)"
ff21bab2ed7041c5a1da,Coogan Bergin Clinic & College of Beauty Therapy,Beauty & spa,dublin,,IE,UK,bookings@cooganbergin.com,+353 1 679 4254,https://www.cooganbergin.com/,6-8 Wicklow Street,53.34289,-6.26048,,,osm,email,2,new,ok,"IE: role address at a business — corporate subscriber, lawful with sender identity + working opt-out (PECR reg.22 / SI 336/2011 reg.13)"
309adad60c031266ffa1,Cornucopia,Restaurant,dublin,Dublin,IE,UK,info@cornucopia.ie,+353 1 677 7583,https://www.cornucopia.ie/,19-20 Wicklow Street D02 FK27 Dublin,53.3431,-6.26143,,,osm,email,2,new,ok,"IE: role address at a business — corporate subscriber, lawful with sender identity + working opt-out (PECR reg.22 / SI 336/2011 reg.13)"
749be4d9b9100f364940,Craft,Café,dublin,Dublin,IE,UK,info@craftrestaurant.ie,+353 1 4978632,https://www.craftrestaurant.ie/,208 Harold's Cross Road Dublin,53.32259,-6.27947,,,osm,email,2,new,ok,"IE: role address at a business — corporate subscriber, lawful with sender identity + working opt-out (PECR reg.22 / SI 336/2011 reg.13)"
cdbf9cb57ccc5ebd79d0,Creed Coffee Roasters,Café,dublin,Dublin,IE,UK,info@creedcoffeeroasters.ie,,https://creedcoffeeroasters.ie/,Rathmines Road Lower Dublin,53.32535,-6.26534,,,osm,email,2,new,ok,"IE: role address at a business — corporate subscriber, lawful with sender identity + working opt-out (PECR reg.22 / SI 336/2011 reg.13)"
35cf8322fdc0a0c30e6a,CrossFit,Gym & fitness,dublin,Dublin,IE,UK,info@crossfitnavitas.ie,+353 86 178 6159,https://crossfitnavitas.ie/,64 Camden Street Lower Dublin,53.33465,-6.26554,,,osm,email,2,new,ok,"IE: role address at a business — corporate subscriber, lawful with sender identity + working opt-out (PECR reg.22 / SI 336/2011 reg.13)"
d0d434aaba0ac3957bde,Dan Ryan Truck Rental,Vehicle rental,dublin,Dublin,IE,UK,info@danryantruckrental.ie,+353 1 454 1044,https://www.danryantruckrental.ie/,79 Sarsfield Road D10 W028 Dublin,53.34175,-6.32301,,,osm,email,2,new,ok,"IE: role address at a business — corporate subscriber, lawful with sender identity + working opt-out (PECR reg.22 / SI 336/2011 reg.13)"
78a0dfdb9b39db618642,Darwins,Restaurant,dublin,,IE,UK,info@darwins.ie,+353 1 475 7511,https://www.darwins.ie/,80 Aungier Street,53.34131,-6.26566,,,osm,email,2,new,ok,"IE: role address at a business — corporate subscriber, lawful with sender identity + working opt-out (PECR reg.22 / SI 336/2011 reg.13)"
aa7251a7195b0e3a82a9,Devlin Hotel,Hotel,dublin,,IE,UK,info@thedevlin.ie,+353 1 406 6550,https://thedevlin.ie/,117-119 Ranelagh,53.32347,-6.25089,,,osm,email,2,new,ok,"IE: role address at a business — corporate subscriber, lawful with sender identity + working opt-out (PECR reg.22 / SI 336/2011 reg.13)"
c6ed787d56a0686b2800,Diep Le Shaker,Restaurant,dublin,Dublin,IE,UK,reservations@diep.net,,,55 Pembroke Lane Dublin,53.33656,-6.25169,,,osm,email,2,new,ok,"IE: role address at a business — corporate subscriber, lawful with sender identity + working opt-out (PECR reg.22 / SI 336/2011 reg.13)"
bfc743d41aae94cd0c21,Dix Jewellery Tools & Equipment,Shopping,dublin,Dublin,IE,UK,info@pjdix.ie,+353 1 671 7144,,6 Aston Quay Dublin,53.34631,-6.26132,,,osm,email,2,new,ok,"IE: role address at a business — corporate subscriber, lawful with sender identity + working opt-out (PECR reg.22 / SI 336/2011 reg.13)"
1409dba64c871af739a0,Dockers,Bar,dublin,Dublin,IE,UK,bookings@dockerspub.ie,+353861034089,https://www.dockerspub.ie,4-5 Sir John Rogerson's Quay D02 Y773 Dublin,53.34643,-6.24562,,,osm,email,2,new,ok,"IE: role address at a business — corporate subscriber, lawful with sender identity + working opt-out (PECR reg.22 / SI 336/2011 reg.13)"
a55c2ff5d51584f71d42,Dollard & Co.,Supermarket,dublin,Dublin,IE,UK,hello@dollardandco.ie,+353 1 616 9606,https://dollardmarket.ie/,2-5 Wellington Quay Dublin,53.34533,-6.26706,,,osm,email,2,new,ok,"IE: role address at a business — corporate subscriber, lawful with sender identity + working opt-out (PECR reg.22 / SI 336/2011 reg.13)"
a7db0c63e681cbf2af80,Doyle’s,Bar,dublin,Dublin,IE,UK,bookings@www.doylesintown.com,+353 1 671 0616,https://www.doylesintown.com/,8 College Street D02 PX75 Dublin,53.34578,-6.25756,,,osm,email,2,new,ok,"IE: role address at a business — corporate subscriber, lawful with sender identity + working opt-out (PECR reg.22 / SI 336/2011 reg.13)"
d532467827a14a5307fb,Doyle’s Corner,Bar,dublin,Dublin,IE,UK,events@doylescorner.ie,+353 1 6991999,,160 Phibsborough Road D07 R26N Dublin,53.36093,-6.27241,,,osm,email,2,new,ok,"IE: role address at a business — corporate subscriber, lawful with sender identity + working opt-out (PECR reg.22 / SI 336/2011 reg.13)"
fe70ef323e0b2bd6e9e9,Drury Buildings,Restaurant,dublin,Dublin,IE,UK,reservations@drurybuildings.com,+353 1 9602095,https://drurybuildings.com,52-55 Drury Street D02 VY15 Dublin,53.34192,-6.2634,,,osm,email,2,new,ok,"IE: role address at a business — corporate subscriber, lawful with sender identity + working opt-out (PECR reg.22 / SI 336/2011 reg.13)"
6473e9189161b938cef1,Dublin Food Co-op,Supermarket,dublin,Dublin,IE,UK,info@dublinfood.coop,+353 1 45 44 258,https://www.dublinfood.coop/,Inchicore Road Dublin,53.34237,-6.31019,,,osm,email,2,new,ok,"IE: role address at a business — corporate subscriber, lawful with sender identity + working opt-out (PECR reg.22 / SI 336/2011 reg.13)"
973ddcad084cdcc8ff31,Dublin Skylon Hotel,Hotel,dublin,Dublin,IE,UK,reservations@dublinskylonhotel.com,+353 1 884 3900,https://www.dublinskylonhotel.com/,27 Drumcondra Road Upper D09 V1Y2 Dublin,53.3727,-6.25349,,,osm,email,2,new,ok,"IE: role address at a business — corporate subscriber, lawful with sender identity + working opt-out (PECR reg.22 / SI 336/2011 reg.13)"
96c7613551ad761dab04,Dublin Zoo,Zoo,dublin,,IE,UK,info@dublinzoo.ie,+353 1 474 8900,https://www.dublinzoo.ie/,,53.35668,-6.30725,,,osm,email,2,new,ok,"IE: role address at a business — corporate subscriber, lawful with sender identity + working opt-out (PECR reg.22 / SI 336/2011 reg.13)"
55b439182bc6eee37547,Dublinia,Museum,dublin,Dublin,IE,UK,info@dublinia.ie,+353 1 679 4611,https://www.dublinia.ie/,Saint Michael's Hill Dublin,53.34324,-6.27202,,,osm,email,2,new,ok,"IE: role address at a business — corporate subscriber, lawful with sender identity + working opt-out (PECR reg.22 / SI 336/2011 reg.13)"
f1b8f3f7341d98f46113,Dudley’s,Bar,dublin,Dublin,IE,UK,info@dudleys.ie,+35315472307,,47-48 Thomas Street D08 C44P Dublin,53.34265,-6.27894,,,osm,email,2,new,ok,"IE: role address at a business — corporate subscriber, lawful with sender identity + working opt-out (PECR reg.22 / SI 336/2011 reg.13)"
3b87de9a27516a722b2d,Dunnes Stores,Shopping,dublin,Dublin,IE,UK,customerservice@dunnesstores.com,,https://www.dunnesstores.com/,Rathmines Road Lower Dublin,53.32352,-6.26454,,,osm,email,2,new,ok,"IE: role address at a business — corporate subscriber, lawful with sender identity + working opt-out (PECR reg.22 / SI 336/2011 reg.13)"
1ff07815e5bd2c8edc9a,Dunnes Stores,Shopping,dublin,,IE,UK,customerservice@dunnesstores.com,,https://www.dunnesstores.com/,48-50 Henry Street,53.34974,-6.26331,,,osm,email,2,new,ok,"IE: role address at a business — corporate subscriber, lawful with sender identity + working opt-out (PECR reg.22 / SI 336/2011 reg.13)"
244a81d0532d0469b975,Dunnes Stores,Supermarket,dublin,Dublin,IE,UK,customerservice@dunnesstores.com,,https://www.dunnesstores.com/,Henry Street Dublin,53.35008,-6.26544,,,osm,email,2,new,ok,"IE: role address at a business — corporate subscriber, lawful with sender identity + working opt-out (PECR reg.22 / SI 336/2011 reg.13)"
13a919b55e4cab1ee014,Dunnes Stores,Supermarket,dublin,Dublin,IE,UK,customerservice@dunnesstores.com,,https://www.dunnesstores.com/,Cromwellsfort Road Dublin,53.31555,-6.31833,,,osm,email,2,new,ok,"IE: role address at a business — corporate subscriber, lawful with sender identity + working opt-out (PECR reg.22 / SI 336/2011 reg.13)"
f95cf6e86d4fac4ad6ca,Dunnes Stores,Shopping,dublin,Dublin,IE,UK,customerservice@dunnesstores.com,,https://www.dunnesstores.com/,Cromwellsfort Road Dublin,53.31588,-6.31803,,,osm,email,2,new,ok,"IE: role address at a business — corporate subscriber, lawful with sender identity + working opt-out (PECR reg.22 / SI 336/2011 reg.13)"
6cc132ee818e063781ac,Dunnes Stores,Shopping,dublin,Dublin,IE,UK,customerservice@dunnesstores.com,+353 1 565 3580,https://www.dunnesstores.com/store-locator/stores/128,10/11 St. Stephen's Green D02 RD40 Dublin,53.33981,-6.26325,,,osm,email,2,new,ok,"IE: role address at a business — corporate subscriber, lawful with sender identity + working opt-out (PECR reg.22 / SI 336/2011 reg.13)"
81a2b32d0e55a4a58bf7,Dunnes Stores,Supermarket,dublin,Dublin,IE,UK,customerservice@dunnesstores.com,,https://www.dunnesstores.com/,Cardiffsbridge Road Dublin,53.38481,-6.3122,,,osm,email,2,new,ok,"IE: role address at a business — corporate subscriber, lawful with sender identity + working opt-out (PECR reg.22 / SI 336/2011 reg.13)"
fae734adcdf676b9231f,Dunnes Stores,Supermarket,dublin,Dublin,IE,UK,customerservice@dunnesstores.com,+353 1 677 0970,https://www.dunnesstores.com/store-locator/stores/52,South Great George's Street Dublin,53.34278,-6.26403,,,osm,email,2,new,ok,"IE: role address at a business — corporate subscriber, lawful with sender identity + working opt-out (PECR reg.22 / SI 336/2011 reg.13)"
b93208be9a02b0a70383,Dunnes Stores,Supermarket,dublin,Dublin,IE,UK,customerservice@dunnesstores.com,,https://www.dunnesstores.com/,23-24 North Earl Street Dublin,53.35029,-6.25929,,,osm,email,2,new,ok,"IE: role address at a business — corporate subscriber, lawful with sender identity + working opt-out (PECR reg.22 / SI 336/2011 reg.13)"
84c4b1560acf819f9361,Dunnes Stores,Wine & spirits,dublin,Dublin,IE,UK,customerservice@dunnesstores.com,,https://www.dunnesstores.com/,28 North Earl Street Dublin,53.35004,-6.25965,,,osm,email,2,new,ok,"IE: role address at a business — corporate subscriber, lawful with sender identity + working opt-out (PECR reg.22 / SI 336/2011 reg.13)"
2221eb3c5fe0cf07d9bf,EI Travel Group,Tours & travel,dublin,Dublin,IE,UK,info@extremeireland.ie,+353 1 410 0700,https://www.eitravelgroup.ie/,High Street Dublin,53.34315,-6.27492,,,osm,email,2,new,ok,"IE: role address at a business — corporate subscriber, lawful with sender identity + working opt-out (PECR reg.22 / SI 336/2011 reg.13)"
124c87e60219bdd6f8a7,EPIC The Irish Emigration Museum,Museum,dublin,Dublin,IE,UK,info@epicchq.com,+353 1 906 0861,https://epicchq.com/,Custom House Quay Dublin,53.34827,-6.24798,,,osm,email,2,new,ok,"IE: role address at a business — corporate subscriber, lawful with sender identity + working opt-out (PECR reg.22 / SI 336/2011 reg.13)"
5cbcda4cc322afbbbd48,Easilocks,Beauty & spa,dublin,Dublin,IE,UK,info@easilocks.com,+353 1 677 8416,https://easilocks.com/,50 Wellington Quay Dublin,53.34601,-6.26273,,,osm,email,2,new,ok,"IE: role address at a business — corporate subscriber, lawful with sender identity + working opt-out (PECR reg.22 / SI 336/2011 reg.13)"
b2697873a32243b4d007,Eden Therapy,Beauty & spa,dublin,Dublin,IE,UK,info@edentherapy.ie,+353 1 868 0301,https://edentherapy.ie/,44 Fassaugh Road Dublin,53.36477,-6.28664,,,osm,email,2,new,ok,"IE: role address at a business — corporate subscriber, lawful with sender identity + working opt-out (PECR reg.22 / SI 336/2011 reg.13)"
05795109a37f8a868391,Elm Epicurean,Restaurant,dublin,Dublin,IE,UK,hello@elmepicurean.ie,+353 1 5341 516,https://www.elmepicurean.ie/,205 Llandaff Terrace D04 E4H5 Dublin,53.31336,-6.20273,,,osm,email,2,new,ok,"IE: role address at a business — corporate subscriber, lawful with sender identity + working opt-out (PECR reg.22 / SI 336/2011 reg.13)"
9e37aa96bbd03f101c04,Ember,Restaurant,dublin,,IE,UK,reservations@ember.ie,+353 1 444 3783,http://www.ember.ie/,Milltown Road,53.3135,-6.24651,,,osm,email,2,new,ok,"IE: role address at a business — corporate subscriber, lawful with sender identity + working opt-out (PECR reg.22 / SI 336/2011 reg.13)"
1d0a73a4434b58848c88,Engrave Ireland,Shopping,dublin,Dublin,IE,UK,info@pjdix.ie,+353 1 671 7144,,6 Aston Quay Dublin,53.34628,-6.26132,,,osm,email,2,new,ok,"IE: role address at a business — corporate subscriber, lawful with sender identity + working opt-out (PECR reg.22 / SI 336/2011 reg.13)"
85be376ced48f7fc9caf,Etto,Restaurant,dublin,Dublin,IE,UK,info@etto.ie,+353 1 678 8872,https://www.etto.ie/,18 Merrion Row Dublin,53.33812,-6.25393,,,osm,email,2,new,ok,"IE: role address at a business — corporate subscriber, lawful with sender identity + working opt-out (PECR reg.22 / SI 336/2011 reg.13)"
386bcb4ef6549526c405,Fitzsimons Hotel,Hotel,dublin,Dublin,IE,UK,info@fitzsimonshotel.com,+353 1 677 9315,https://www.fitzsimonshotel.com,21-22 Wellington Quay D02 YK79 Dublin,53.3456,-6.26525,,,osm,email,2,new,ok,"IE: role address at a business — corporate subscriber, lawful with sender identity + working opt-out (PECR reg.22 / SI 336/2011 reg.13)"
95f671498a59a0c9ac04,Fogg Cafe,Café,dublin,Dublin,IE,UK,info@foggcafe.ie,,https://www.foggcafe.ie/,35-38 Cork Street Dublin,53.3377,-6.28429,,,osm,email,2,new,ok,"IE: role address at a business — corporate subscriber, lawful with sender identity + working opt-out (PECR reg.22 / SI 336/2011 reg.13)"
72b2f27703f876da12f6,Foundation Hair,Beauty & spa,dublin,,IE,UK,info@foundationhair.com,+353 1 478 1222,http://www.foundationhair.com/,18 Stephen Street Upper,53.34147,-6.26572,,,osm,email,2,new,ok,"IE: role address at a business — corporate subscriber, lawful with sender identity + working opt-out (PECR reg.22 / SI 336/2011 reg.13)"
fb45c03f45315f166d19,Gallagher's Boxty House,Restaurant,dublin,Dublin,IE,UK,info@boxtyhouse.ie,+353 1 6772762,https://www.boxtyhouse.ie/,20-21 Temple Bar D02 ET66 Dublin,53.3457,-6.26213,,,osm,email,2,new,ok,"IE: role address at a business — corporate subscriber, lawful with sender identity + working opt-out (PECR reg.22 / SI 336/2011 reg.13)"
7a1037832b2b67a4751a,Gallery 4,Gallery,dublin,Dublin,IE,UK,info@bennettsauctioneers.ie,+353 1 260 2520,https://www.bennettsauctioneers.ie/,Sandymount Green Dublin,53.3318,-6.21594,,,osm,email,2,new,ok,"IE: role address at a business — corporate subscriber, lawful with sender identity + working opt-out (PECR reg.22 / SI 336/2011 reg.13)"
0bc44ceea8ac09d2a5d0,GalleryX,Gallery,dublin,Dublin,IE,UK,info@galleryx.ie,,http://www.galleryx.ie,11 Hume Street D02 T889 Dublin,53.33782,-6.25444,,,osm,email,2,new,ok,"IE: role address at a business — corporate subscriber, lawful with sender identity + working opt-out (PECR reg.22 / SI 336/2011 reg.13)"
f5cb41b86967d4ad7568,Gardiner Lodge,Guesthouse,dublin,,IE,UK,reservations@gardinerlodge.com,+35318557669,https://www.gardinerlodge.com/,D01 TW08,53.35118,-6.2545,,,osm,email,2,new,ok,"IE: role address at a business — corporate subscriber, lawful with sender identity + working opt-out (PECR reg.22 / SI 336/2011 reg.13)"
3a96252bcdac747dcdcb,Glas,Restaurant,dublin,Dublin,IE,UK,info@glasrestaurant.ie,+353 1 672 4534,https://glasrestaurant.ie/,15/16 Chatham Street Dublin,53.34099,-6.26195,,,osm,email,2,new,ok,"IE: role address at a business — corporate subscriber, lawful with sender identity + working opt-out (PECR reg.22 / SI 336/2011 reg.13)"
1be8e8a2e7324bb4c46e,Glenogra Townhouse,Guesthouse,dublin,Dublin,IE,UK,info@glenogra.com,+353 1 6683661,,64 Merrion Road Dublin,53.32744,-6.22468,,,osm,email,2,new,ok,"IE: role address at a business — corporate subscriber, lawful with sender identity + working opt-out (PECR reg.22 / SI 336/2011 reg.13)"
8d90b80c9f12b370072c,Govinda's,Restaurant,dublin,Dublin,IE,UK,info@govindas.ie,+353 1 872 7463,,83 Middle Abbey Street Dublin,53.34843,-6.2608,,,osm,email,2,new,ok,"IE: role address at a business — corporate subscriber, lawful with sender identity + working opt-out (PECR reg.22 / SI 336/2011 reg.13)"
df18b2d770c8c96e4f42,Hair Club,Beauty & spa,dublin,,IE,UK,info@hairclub.ie,+353 1 260 8874,https://www.hairclub.ie/,34 Donnybrook Road,53.32206,-6.23586,,,osm,email,2,new,ok,"IE: role address at a business — corporate subscriber, lawful with sender identity + working opt-out (PECR reg.22 / SI 336/2011 reg.13)"
13ad36f99bfcecb0511c,Hampton Hotel,Hotel,dublin,Dublin,IE,UK,info@hamptonhotel.ie,+353 1 668 0995,https://www.hamptonhotel.ie/,19-29 Morehampton Road D04 Y6K4 Dublin,53.32581,-6.24287,,,osm,email,2,new,ok,"IE: role address at a business — corporate subscriber, lawful with sender identity + working opt-out (PECR reg.22 / SI 336/2011 reg.13)"
dc225d3e5deb9e9fcb3c,Handel's Hotel,Hotel,dublin,Dublin,IE,UK,info@handelshotel.ie,+353 1 555 3587,https://handelshotel.ie/,16-18 Fishamble Street D08 E7R0 Dublin,53.3441,-6.26967,,,osm,email,2,new,ok,"IE: role address at a business — corporate subscriber, lawful with sender identity + working opt-out (PECR reg.22 / SI 336/2011 reg.13)"
7e0b34d387f7d26a4a1c,Harrington Hall Guesthouse,Guesthouse,dublin,Dublin,IE,UK,bookings@harringtonhall.ie,+353 1 475 3497,https://www.harringtonhall.com/rooms.html,70 Harcourt Street D02 HP46 Dublin,53.33504,-6.26288,,,osm,email,2,new,ok,"IE: role address at a business — corporate subscriber, lawful with sender identity + working opt-out (PECR reg.22 / SI 336/2011 reg.13)"
df3a0561f5fa86ffbf86,Harry Byrne’s,Bar,dublin,Clontarf,IE,UK,info@harrybyrnes.ie,,https://harrybyrnes.ie,107-109 Howth Road D03 KN97 Dublin,53.36699,-6.2164,,,osm,email,2,new,ok,"IE: role address at a business — corporate subscriber, lawful with sender identity + working opt-out (PECR reg.22 / SI 336/2011 reg.13)"
0a0abc5a46533f704f71,Harvest Moon Centre,Massage & spa,dublin,,IE,UK,info@harvestmoon.ie,+353 1 662 7556,https://www.harvestmoon.ie/,24 Baggot Street Lower,53.33763,-6.25082,,,osm,email,2,new,ok,"IE: role address at a business — corporate subscriber, lawful with sender identity + working opt-out (PECR reg.22 / SI 336/2011 reg.13)"
36b5385606407da4e3f9,Hilton Garden Inn Dublin City Centre,Hotel,dublin,Dublin,IE,UK,reservations@hgidublin.com,+353 1 854 1500,https://www.hilton.com/en/hotels/dubchgi-hilton-garden-inn-dublin-city-centre/,Custom House Quay D01 V9X5 Dublin,53.34819,-6.24681,,,osm,email,2,new,ok,"IE: role address at a business — corporate subscriber, lawful with sender identity + working opt-out (PECR reg.22 / SI 336/2011 reg.13)"
800363da6121277f9226,Hodges Figgis,Shopping,dublin,Dublin,IE,UK,enquiries@hodgesfiggis.ie,+353 1 677 4754,https://www.waterstones.com/bookshops/hodges-figgis,56-58 Dawson Street D02 XE81 Dublin,53.34227,-6.25842,,,osm,email,2,new,ok,"IE: role address at a business — corporate subscriber, lawful with sender identity + working opt-out (PECR reg.22 / SI 336/2011 reg.13)"
83f6b0751d0de37d576f,Hot Yoga,Gym & fitness,dublin,Dublin,IE,UK,info@yogadublin.com,+353 1 412 6813,https://www.yogadublin.com/,Rathmines Road Lower Dublin,53.32632,-6.2651,,,osm,email,2,new,ok,"IE: role address at a business — corporate subscriber, lawful with sender identity + working opt-out (PECR reg.22 / SI 336/2011 reg.13)"
d444a86362bd234ec79e,Hotel 7,Hotel,dublin,Dublin,IE,UK,info@hotel7dublin.com,+353 18737777,https://www.hotel7dublin.com/,7 Gardiner Row D01 XN53 Dublin,53.35513,-6.26285,,,osm,email,2,new,ok,"IE: role address at a business — corporate subscriber, lawful with sender identity + working opt-out (PECR reg.22 / SI 336/2011 reg.13)"
6ecc54a2d254a63546fd,House Dublin,Nightlife,dublin,Dublin,IE,UK,welcome@housedublin.ie,+353 1 9059090,https://www.housedublin.ie/,27 Leeson Street Lower Dublin,53.33401,-6.25516,,,osm,email,2,new,ok,"IE: role address at a business — corporate subscriber, lawful with sender identity + working opt-out (PECR reg.22 / SI 336/2011 reg.13)"
2e08adeea1f9c173451e,Hub Himalayan,Street food,dublin,,IE,UK,info@hubhimalayan.ie,+353 1 868 4732,https://hubhimalayan.ie/,1 Annamoe Road,53.3575,-6.28855,,,osm,email,2,new,ok,"IE: role address at a business — corporate subscriber, lawful with sender identity + working opt-out (PECR reg.22 / SI 336/2011 reg.13)"
0718488cf80d2a461577,Il Corvo,Restaurant,dublin,Dublin,IE,UK,reservations@ilcorvo.ie,+353 1 837 5727,https://ilcorvo.ie/,98-100 Drumcondra Road Upper Dublin,53.37197,-6.25258,,,osm,email,2,new,ok,"IE: role address at a business — corporate subscriber, lawful with sender identity + working opt-out (PECR reg.22 / SI 336/2011 reg.13)"
1e42be19bcfbb888ac32,Iveagh Bistro,Bar,dublin,Dublin,IE,UK,info@ashlinghotel.ie,,https://www.ashlinghotel.ie/bistro-bar,10-13 Parkgate Street D08 P38N Dublin,53.34807,-6.29107,,,osm,email,2,new,ok,"IE: role address at a business — corporate subscriber, lawful with sender identity + working opt-out (PECR reg.22 / SI 336/2011 reg.13)"
242b702e0a4ff83e6447,J.R. Mahon's,Bar,dublin,Dublin,IE,UK,info@jrmahons.ie,+35316705777,https://www.jrmahons.ie/,1-2 Burgh Quay D02 F243 Dublin,53.347,-6.25815,,,osm,email,2,new,ok,"IE: role address at a business — corporate subscriber, lawful with sender identity + working opt-out (PECR reg.22 / SI 336/2011 reg.13)"
a5dbeab456af7ac72a97,J.T. Pims,Bar,dublin,Dublin,IE,UK,hello@jtpims.ie,+353 1 6724645,https://www.jtpims.ie/,4 George's Street Great South D02 NR59 Dublin,53.34372,-6.26426,,,osm,email,2,new,ok,"IE: role address at a business — corporate subscriber, lawful with sender identity + working opt-out (PECR reg.22 / SI 336/2011 reg.13)"
fa0ef770def1a7ca3638,JK Hair Replacement,Beauty & spa,dublin,Dublin,IE,UK,info@jkhr.ie,+353 1 882 4013,https://jkhairreplacement.ie/,13 Prospect Road D09 W0X9 Dublin,53.36551,-6.2714,,,osm,email,2,new,ok,"IE: role address at a business — corporate subscriber, lawful with sender identity + working opt-out (PECR reg.22 / SI 336/2011 reg.13)"
b05dc86003055b668a4d,Jackie’s,Bar,dublin,Dublin,IE,UK,hello@jackies.ie,+353 1 498 8868,https://www.jackies.ie,40 Francis Street D08 W208 Dublin,53.34129,-6.27448,,,osm,email,2,new,ok,"IE: role address at a business — corporate subscriber, lawful with sender identity + working opt-out (PECR reg.22 / SI 336/2011 reg.13)"
9c84d9843150b9e26e74,Jeanie Johnston,Museum,dublin,,IE,UK,info@jeaniejohnston.ie,+353 1 473 0111,https://jeaniejohnston.ie/,Custom House Quay,53.34762,-6.24674,,,osm,email,2,new,ok,"IE: role address at a business — corporate subscriber, lawful with sender identity + working opt-out (PECR reg.22 / SI 336/2011 reg.13)"
47d3a2caec6093f501d4,Jervis Shopping Centre,Shopping,dublin,Dublin,IE,UK,info@jervis.ie,+353 1 878 1323,https://jervis.ie/,125 Mary Street Dublin,53.34827,-6.26571,,,osm,email,2,new,ok,"IE: role address at a business — corporate subscriber, lawful with sender identity + working opt-out (PECR reg.22 / SI 336/2011 reg.13)"
f0f92166293798c94ef5,Jimmy Rabbitte’s,Bar,dublin,Dublin,IE,UK,info@thecamden.ie,+353 1 536 7300,https://www.thecamden.ie,87 Camden Street Lower D02 DH36 Dublin,53.33612,-6.26566,,,osm,email,2,new,ok,"IE: role address at a business — corporate subscriber, lawful with sender identity + working opt-out (PECR reg.22 / SI 336/2011 reg.13)"
46d2a60376d541f511de,Jorgensen Fine Art Gallery,Gallery,dublin,,IE,UK,info@jorgensenfineart.com,+353 1 661 9721,https://www.jorgensenfineart.com/,35 Molesworth Street,53.34102,-6.25693,,,osm,email,2,new,ok,"IE: role address at a business — corporate subscriber, lawful with sender identity + working opt-out (PECR reg.22 / SI 336/2011 reg.13)"
a4c9f3d57da2a2f7584c,Jungle BJJ,Gym & fitness,dublin,,IE,UK,info@junglebjjdublin.com,+353 87 198 4200,https://junglebjjdublin.com/,67-70 Meath Street D08 XY53,53.34106,-6.27836,,,osm,email,2,new,ok,"IE: role address at a business — corporate subscriber, lawful with sender identity + working opt-out (PECR reg.22 / SI 336/2011 reg.13)"
b3c0229c46f8002e063e,Kazumi Hair,Beauty & spa,dublin,,IE,UK,info@kazumihair.ie,+353 1 678 5004,https://kazumihair.ie/,36 Molesworth Street,53.34103,-6.25699,,,osm,email,2,new,ok,"IE: role address at a business — corporate subscriber, lawful with sender identity + working opt-out (PECR reg.22 / SI 336/2011 reg.13)"
241c9f6f21b8fc29dd62,Kerala Kitchen,Restaurant,dublin,Dublin,IE,UK,info@kerala-kitchen.com,+353 1 443 9650,https://www.keralakitchen.ie/,73 Manor Street Dublin,53.35236,-6.28423,,,osm,email,2,new,ok,"IE: role address at a business — corporate subscriber, lawful with sender identity + working opt-out (PECR reg.22 / SI 336/2011 reg.13)"
1ff4b0ff0513437cbe7a,Kilkenny Cafe and Restaurant,Café,dublin,Dublin,IE,UK,info@kilkennygroup.com,+353 21 430 8392,https://www.kilkennyshop.com/restaurant-homepage-dublin,Nassau Street Dublin,53.34222,-6.25543,,,osm,email,2,new,ok,"IE: role address at a business — corporate subscriber, lawful with sender identity + working opt-out (PECR reg.22 / SI 336/2011 reg.13)"
864b5a871febce92e9d0,Kilkenny Design,Shopping,dublin,Dublin,IE,UK,info@kilkennygroup.com,+353 1 6777066,https://www.kilkennyshop.com/,6 Nassau Street Dublin,53.34227,-6.25545,,,osm,email,2,new,ok,"IE: role address at a business — corporate subscriber, lawful with sender identity + working opt-out (PECR reg.22 / SI 336/2011 reg.13)"
b94c8aae77f28e997516,Kinara Kitchen,Restaurant,dublin,,IE,UK,info@kinarakitchen.ie,+353 1 406 0066,https://www.kinarakitchen.ie/,17 Ranelagh,53.32565,-6.25534,,,osm,email,2,new,ok,"IE: role address at a business — corporate subscriber, lawful with sender identity + working opt-out (PECR reg.22 / SI 336/2011 reg.13)"
8c5bd023c3a39d0633ee,Knights Bar,Bar,dublin,Clontarf,IE,UK,info@clontarfcastle.ie,,https://www.clontarfcastle.ie/dining/knights-bar/,Castle Avenue D03 W5N0 Clontarf,53.36487,-6.20663,,,osm,email,2,new,ok,"IE: role address at a business — corporate subscriber, lawful with sender identity + working opt-out (PECR reg.22 / SI 336/2011 reg.13)"
b29e5ca9353810a0306e,Krystle,Bar,dublin,Dublin,IE,UK,info@krystlenightclub.com,,https://www.krystlenightclub.com/,21-25 Harcourt Street D02 YF24 Dublin,53.33584,-6.26356,,,osm,email,2,new,ok,"IE: role address at a business — corporate subscriber, lawful with sender identity + working opt-out (PECR reg.22 / SI 336/2011 reg.13)"
0ed7366c2c12eaa3fe97,L. Mulligan Grocer,Bar,dublin,Dublin,IE,UK,hello@lmulligangrocer.com,+35316709889,https://www.lmulligangrocer.com/,18 Stoneybatter D07 KN77 Dublin,53.35103,-6.28218,,,osm,email,2,new,ok,"IE: role address at a business — corporate subscriber, lawful with sender identity + working opt-out (PECR reg.22 / SI 336/2011 reg.13)"
62373116664ce8201185,La Caverna,Restaurant,dublin,,IE,UK,info@lacaverna.ie,+353 1 670 3110,https://lacaverna.ie/,,53.34511,-6.26328,,,osm,email,2,new,ok,"IE: role address at a business — corporate subscriber, lawful with sender identity + working opt-out (PECR reg.22 / SI 336/2011 reg.13)"
050b3df204f526a2d4e9,Lansdowne Hotel,Hotel,dublin,Dublin,IE,UK,reception@lansdownehotel.ie,+353 1 6682522,https://www.lansdownehotel.ie/,27-29 Pembroke Road Dublin,53.33217,-6.24133,,,osm,email,2,new,ok,"IE: role address at a business — corporate subscriber, lawful with sender identity + working opt-out (PECR reg.22 / SI 336/2011 reg.13)"
3fbbbac0ceda47394244,Leeson Bridge Guest House,Guesthouse,dublin,Dublin,IE,UK,info@leesonbridgehouse.ie,+353 1 668 1000,https://www.leesonbridgehouse.ie/,1 Leeson Street Upper Dublin,53.33172,-6.25295,,,osm,email,2,new,ok,"IE: role address at a business — corporate subscriber, lawful with sender identity + working opt-out (PECR reg.22 / SI 336/2011 reg.13)"
23ba39584dd526e687b8,Lisboa Pastelaria,Café,dublin,Dublin,IE,UK,info@pastellisboa.com,+353 1 677 0407,https://www.pastellisboa.com,7 Saint Andrew Street Dublin,53.34318,-6.26181,,,osm,email,2,new,ok,"IE: role address at a business — corporate subscriber, lawful with sender identity + working opt-out (PECR reg.22 / SI 336/2011 reg.13)"
175aa3e00dd515e96be3,Lisle Three,Restaurant,dublin,,IE,UK,bookings@lislethree.ie,+353 1 455 9964,,3 Lisle Road D12 VN1F,53.3207,-6.31702,,,osm,email,2,new,ok,"IE: role address at a business — corporate subscriber, lawful with sender identity + working opt-out (PECR reg.22 / SI 336/2011 reg.13)"
15b478dbe0793b4a4a00,Marlin Hotel,Hotel,dublin,Dublin,IE,UK,info@marlin.com,+353 1 5222000,https://www.marlinhotel.ie/,11 Bow Lane East D02 AY81 Dublin,53.33997,-6.26478,,,osm,email,2,new,ok,"IE: role address at a business — corporate subscriber, lawful with sender identity + working opt-out (PECR reg.22 / SI 336/2011 reg.13)"
8d929cedbab51abf71c3,Maru Hair Tokyo,Beauty & spa,dublin,,IE,UK,hello@maru.ie,+353 1 558 7880,https://www.maru.ie,66-67 Aungier Street,53.34041,-6.26589,,,osm,email,2,new,ok,"IE: role address at a business — corporate subscriber, lawful with sender identity + working opt-out (PECR reg.22 / SI 336/2011 reg.13)"
adeb29e5742211562784,Mary’s Bar & Hardware Shop,Bar,dublin,Dublin,IE,UK,info@marysbar.ie,+353 1 670 8629,https://marysbar.ie/,8 Wicklow Street D02 AX90 Dublin,53.34286,-6.26038,,,osm,email,2,new,ok,"IE: role address at a business — corporate subscriber, lawful with sender identity + working opt-out (PECR reg.22 / SI 336/2011 reg.13)"
209a0f0a2c26320af605,McCloskeys,Bar,dublin,Dublin,IE,UK,welcome@mccloskeyspub.ie,+353 1 268 9686,https://mccloskeyspub.ie/,83-85 Morehampton Road Dublin,53.32443,-6.24042,,,osm,email,2,new,ok,"IE: role address at a business — corporate subscriber, lawful with sender identity + working opt-out (PECR reg.22 / SI 336/2011 reg.13)"
00b24ecc21572cf3cb93,McDowells - the Happy Ring House,Shopping,dublin,Dublin,IE,UK,sales@mcdowellsjewellers.com,+353 1 874 4961,https://www.mcdowellsjewellers.com/,3 O'Connell Street Upper Dublin,53.35009,-6.25998,,,osm,email,2,new,ok,"IE: role address at a business — corporate subscriber, lawful with sender identity + working opt-out (PECR reg.22 / SI 336/2011 reg.13)"
640b1d81b970f23ec851,McGowan’s,Bar,dublin,Dublin,IE,UK,info@mcgowans.ie,+353 1 830 6606,https://www.mcgowans.ie/,18 Phibsborough Road D07 A562 Dublin,53.35663,-6.274,,,osm,email,2,new,ok,"IE: role address at a business — corporate subscriber, lawful with sender identity + working opt-out (PECR reg.22 / SI 336/2011 reg.13)"
f9cddf4f0a188ae1a94c,Menspire,Beauty & spa,dublin,,IE,UK,enquiries@menspire.ie,+353 85 106 6644,https://www.menspire.ie/,Aungier Street,53.3392,-6.26614,,,osm,email,2,new,ok,"IE: role address at a business — corporate subscriber, lawful with sender identity + working opt-out (PECR reg.22 / SI 336/2011 reg.13)"
761c3588eb93101e0b2d,Mercantile,Hotel,dublin,Dublin,IE,UK,bookings@mercantile.ie,+353 1 670 7100,https://www.mercantilehotel.ie/,28 Dame Street Dublin,53.34406,-6.26386,,,osm,email,2,new,ok,"IE: role address at a business — corporate subscriber, lawful with sender identity + working opt-out (PECR reg.22 / SI 336/2011 reg.13)"
ac50db374f68cd9d324e,Merrion Inn,Restaurant,dublin,,IE,UK,bookings@themerrioninn.com,+353 1 269 3816,https://themerrioninn.com/,188 Merrion Road,53.31835,-6.2112,,,osm,email,2,new,ok,"IE: role address at a business — corporate subscriber, lawful with sender identity + working opt-out (PECR reg.22 / SI 336/2011 reg.13)"
9e136b01247edd117225,Merrion Mews,Guesthouse,dublin,Dublin,IE,UK,bookings@irishlandmark.com,+353 1 6704733,https://www.irishlandmark.com/,63 Fitzwilliam Lane Dublin,53.33803,-6.24969,,,osm,email,2,new,ok,"IE: role address at a business — corporate subscriber, lawful with sender identity + working opt-out (PECR reg.22 / SI 336/2011 reg.13)"
b3810e656d97e9f6aa5b,Mind The Step,Café,dublin,Dublin,IE,UK,hello@mindthestep.ie,,https://www.mindthestep.ie/,24 Great Strand Street D01 E3C7 Dublin,53.34689,-6.26492,,,osm,email,2,new,ok,"IE: role address at a business — corporate subscriber, lawful with sender identity + working opt-out (PECR reg.22 / SI 336/2011 reg.13)"
aa81640c3c0e5f09587d,Mizzoni Pizza,Street food,dublin,Dublin,IE,UK,info@mizzoni.ie,,https://www.mizzoni.ie/mizzonis-pizza-phibsboro.html,15 Prospect Road D09 KH32 Dublin,53.36538,-6.2714,,,osm,email,2,new,ok,"IE: role address at a business — corporate subscriber, lawful with sender identity + working opt-out (PECR reg.22 / SI 336/2011 reg.13)"
2224085b03e650d7f363,Molloy’s,Bar,dublin,Dublin,IE,UK,info@molloysdublin.com,+353 1 547 8873,https://www.molloysdublin.com/,59 Talbot Street D01 K298 Dublin,53.35114,-6.25133,,,osm,email,2,new,ok,"IE: role address at a business — corporate subscriber, lawful with sender identity + working opt-out (PECR reg.22 / SI 336/2011 reg.13)"
f79d62d26208764b6f45,Monaghans Cashmere,Shopping,dublin,Dublin,IE,UK,sales@monaghanscashmere.ie,+353 1 679 4451,https://monaghanscashmere.ie/,Royal Hibernian Way Dublin,53.34152,-6.25882,,,osm,email,2,new,ok,"IE: role address at a business — corporate subscriber, lawful with sender identity + working opt-out (PECR reg.22 / SI 336/2011 reg.13)"
b546dddbde8340864fbb,Morehampton Townhouse,Hotel,dublin,Dublin,IE,UK,bookings@morehamptontownhouse.com,+353 1 668 8866,https://www.morehamptontownhouse.com/,78 Morehampton Road D04 WV96 Dublin,53.32525,-6.24051,,,osm,email,2,new,ok,"IE: role address at a business — corporate subscriber, lawful with sender identity + working opt-out (PECR reg.22 / SI 336/2011 reg.13)"
4bb144b733a997ef1ae2,Morelands Grill,Restaurant,dublin,Dublin,IE,UK,reservations@morelandsgrill.com,+353 1 645 1318,https://www.morelandsgrill.com/,Westmoreland Street Dublin,53.34571,-6.25889,,,osm,email,2,new,ok,"IE: role address at a business — corporate subscriber, lawful with sender identity + working opt-out (PECR reg.22 / SI 336/2011 reg.13)"
3cfa78f79076a7e5cf21,Mulligan and Haines,Bar,dublin,Dublin,IE,UK,bookings@mulliganandhaines.ie,+353 1 882 4355,,32 Dame Street D02 EA24 Dublin,53.34408,-6.26347,,,osm,email,2,new,ok,"IE: role address at a business — corporate subscriber, lawful with sender identity + working opt-out (PECR reg.22 / SI 336/2011 reg.13)"
78cd0be8926dfb505f66,Muscle Clinic,Gym & fitness,dublin,,IE,UK,info@themuscleclinic.ie,,http://www.themuscleclinic.ie/,197a Clontarf Road,53.35914,-6.1958,,,osm,email,2,new,ok,"IE: role address at a business — corporate subscriber, lawful with sender identity + working opt-out (PECR reg.22 / SI 336/2011 reg.13)"
4917c49faab40341abbc,Nick's Coffee Company,Café,dublin,Dublin,IE,UK,info@nickscoffeecompany.com,,,Ranelagh Dublin,53.32606,-6.25553,,,osm,email,2,new,ok,"IE: role address at a business — corporate subscriber, lawful with sender identity + working opt-out (PECR reg.22 / SI 336/2011 reg.13)"
a0c7d5c515054dd92454,Nolita,Bar,dublin,Dublin,IE,UK,bookings@nolita.ie,+353 1 478 1590,https://www.nolita.ie/,64-65 South Great George's Street D02 YR20 Dublin,53.34248,-6.26496,,,osm,email,2,new,ok,"IE: role address at a business — corporate subscriber, lawful with sender identity + working opt-out (PECR reg.22 / SI 336/2011 reg.13)"
8b696a12dd9c1b9ebf7e,Note,Restaurant,dublin,Dublin,IE,UK,hello@notedublin.com,+353 1 244 7344,https://notedublin.com/,26 Fenian Street D02 FX09 Dublin,53.34147,-6.24831,,,osm,email,2,new,ok,"IE: role address at a business — corporate subscriber, lawful with sender identity + working opt-out (PECR reg.22 / SI 336/2011 reg.13)"
e75277979bfb7ae4db62,Nutty Delights,Convenience,dublin,,IE,UK,info@nuttydelights.ie,+353871365925,https://www.nuttydelights.ie/george-street,8 George's Street Arcade,53.34259,-6.26389,,,osm,email,2,new,ok,"IE: role address at a business — corporate subscriber, lawful with sender identity + working opt-out (PECR reg.22 / SI 336/2011 reg.13)"
261ae78080bf32b7613c,OND O'Neil of Dublin,Shopping,dublin,Dublin,IE,UK,customerservice@oneilofdublin.com,+353 1 671 4598,https://oneilofdublin.com,"Music Hall, Copper Alley, Temple Bar D08 PFK4 Dublin",53.34425,-6.26898,,,osm,email,2,new,ok,"IE: role address at a business — corporate subscriber, lawful with sender identity + working opt-out (PECR reg.22 / SI 336/2011 reg.13)"
a8cec1b7f91aafbda5ff,One Pico,Restaurant,dublin,Dublin,IE,UK,info@onepico.com,+353 1 676 0300,https://www.onepico.com/,5-6 Molesworth Place Dublin,53.34058,-6.25733,,,osm,email,2,new,ok,"IE: role address at a business — corporate subscriber, lawful with sender identity + working opt-out (PECR reg.22 / SI 336/2011 reg.13)"
3a07cd7f25d7919a1715,Oolong Cafe,Café,dublin,,IE,UK,info@flowerpower.ie,,https://flowerpower.ie/,4 Stephen Street Lower,53.34126,-6.26464,,,osm,email,2,new,ok,"IE: role address at a business — corporate subscriber, lawful with sender identity + working opt-out (PECR reg.22 / SI 336/2011 reg.13)"
b0afb3b0dded8b2fcb8e,PAB Travel & Tours,Tours & travel,dublin,Dublin,IE,UK,sales@pabtours.com,+353 1 8719819,https://www.pabtours.com/,53 Middle Abbey Street Dublin,53.34795,-6.26237,,,osm,email,2,new,ok,"IE: role address at a business — corporate subscriber, lawful with sender identity + working opt-out (PECR reg.22 / SI 336/2011 reg.13)"
a458718b7ec373f6e80c,Panem,Restaurant,dublin,Dublin,IE,UK,info@panem.ie,+353 1 8728510,https://panem.ie/,21 Ormond Quay Lower Dublin,53.34637,-6.2655,,,osm,email,2,new,ok,"IE: role address at a business — corporate subscriber, lawful with sender identity + working opt-out (PECR reg.22 / SI 336/2011 reg.13)"
ef3c23a83d0b154014ec,Pangs,Street food,dublin,,IE,UK,info@lovepang.ie,+353 1 563 8702,http://lovepang.ie/,Unit 2 Kevin Street Lower,53.33751,-6.26672,,,osm,email,2,new,ok,"IE: role address at a business — corporate subscriber, lawful with sender identity + working opt-out (PECR reg.22 / SI 336/2011 reg.13)"
1fee01997e6a9851b24e,Parnell Corner Apartments,Hotel,dublin,Dublin,IE,UK,info@citybreakapartments.com,+353 1 443 3920,https://www.citybreakapartments.com/,168 Granby Place Dublin,53.35207,-6.26449,,,osm,email,2,new,ok,"IE: role address at a business — corporate subscriber, lawful with sender identity + working opt-out (PECR reg.22 / SI 336/2011 reg.13)"
6a25bdd582bb2e92985a,Pearse Lyons,Attraction,dublin,Dublin,IE,UK,info@pearselyonsdistillery.com,+353 1 691 6000,https://www.pearselyonsdistillery.com/,121/122 James's Street D08 ET27 Dublin,53.34372,-6.28943,,,osm,email,2,new,ok,"IE: role address at a business — corporate subscriber, lawful with sender identity + working opt-out (PECR reg.22 / SI 336/2011 reg.13)"
5ac33bd05142faf0626f,Peggy Kelly’s,Bar,dublin,Dublin,IE,UK,info@peggykellys.ie,+353 1 4978935,https://www.peggykellys.ie/,159-163 Harold's Cross Road D6W WN22 Dublin,53.32375,-6.27851,,,osm,email,2,new,ok,"IE: role address at a business — corporate subscriber, lawful with sender identity + working opt-out (PECR reg.22 / SI 336/2011 reg.13)"
96e77a2082077d1bfe09,Piercer Charlie's Creations,Shopping,dublin,Dublin,IE,UK,info@piercercharliescreations.ie,+35389 446 0475,https://piercercharliescreations.ie/,7 D'Olier Street D02 Hf60 Dublin,53.3464,-6.25845,,,osm,email,2,new,ok,"IE: role address at a business — corporate subscriber, lawful with sender identity + working opt-out (PECR reg.22 / SI 336/2011 reg.13)"
0e660b933c27e69a0df7,Piper’s Corner,Bar,dublin,Dublin,IE,UK,info@piperscorner.ie,+35318733503,https://piperscorner.ie,105-106 Marlborough Street D01 FD28 Dublin,53.34905,-6.25795,,,osm,email,2,new,ok,"IE: role address at a business — corporate subscriber, lawful with sender identity + working opt-out (PECR reg.22 / SI 336/2011 reg.13)"
b6c5f24e54ff448d3381,Platform,Shopping,dublin,Dublin,IE,UK,info@thesuite.ie,+353 1 406 7028,https://thesuite.ie/,55b Rathgar Avenue Dublin,53.31491,-6.27598,,,osm,email,2,new,ok,"IE: role address at a business — corporate subscriber, lawful with sender identity + working opt-out (PECR reg.22 / SI 336/2011 reg.13)"
a2514b8c76a2accfd813,Platinum Luxury Hair Extensions,Beauty & spa,dublin,,IE,UK,sales@platinumhumanhair.com,+353 1 670 8639,https://platinumluxuryhairextensions.com/,D'Olier Street,53.34631,-6.25831,,,osm,email,2,new,ok,"IE: role address at a business — corporate subscriber, lawful with sender identity + working opt-out (PECR reg.22 / SI 336/2011 reg.13)"
1f8b5fd099e648d40708,Poolbeg Yacht & Boat Club,Attraction,dublin,,IE,UK,info@poolbegmarina.ie,+35316689983,https://www.poolbegmarina.ie/,Pigeon House Road,53.34327,-6.21647,,,osm,email,2,new,ok,"IE: role address at a business — corporate subscriber, lawful with sender identity + working opt-out (PECR reg.22 / SI 336/2011 reg.13)"
946d2ef442eadec60ca4,Portobello Hotel,Hotel,dublin,,IE,UK,info@portobellohotel.ie,+353 1 475 2715,http://www.portobellohotel.ie/,33 Richmond Street South,53.33033,-6.26381,,,osm,email,2,new,ok,"IE: role address at a business — corporate subscriber, lawful with sender identity + working opt-out (PECR reg.22 / SI 336/2011 reg.13)"
c9f9c613ef8513d9c7e4,Railtours Ireland,Tours & travel,dublin,Dublin,IE,UK,info@railtoursireland.com,+353 1 8560045,https://railtoursireland.com/,16 Amiens Street Dublin,53.35106,-6.25046,,,osm,email,2,new,ok,"IE: role address at a business — corporate subscriber, lawful with sender identity + working opt-out (PECR reg.22 / SI 336/2011 reg.13)"
44934191f0c3867b131e,Reds,Beauty & spa,dublin,Dublin,IE,UK,info@reds.ie,+353 1 678 8220,https://reds.ie/,21 Dawson Street D02 TK33 Dublin,53.33977,-6.25847,,,osm,email,2,new,ok,"IE: role address at a business — corporate subscriber, lawful with sender identity + working opt-out (PECR reg.22 / SI 336/2011 reg.13)"
12e3539d43d84c425d09,River Inn,Guesthouse,dublin,Dublin,IE,UK,info@river-inn.com,,https://river-inn.com/,18/19 Merchant's Quay D08 CC90 Dublin,53.34502,-6.27431,,,osm,email,2,new,ok,"IE: role address at a business — corporate subscriber, lawful with sender identity + working opt-out (PECR reg.22 / SI 336/2011 reg.13)"
5d35802587dfe522b18d,Romayo's,Street food,dublin,Donnybrook,IE,UK,info@romayos.ie,+353 1 269 3975,https://romayos.ie/romayos-takeaway-donnybrook.html,4 Main Street D04 EN22 Donnybrook,53.32251,-6.23717,,,osm,email,2,new,ok,"IE: role address at a business — corporate subscriber, lawful with sender identity + working opt-out (PECR reg.22 / SI 336/2011 reg.13)"
e8426b2b62722e31216f,Romayo's Diner,Street food,dublin,,IE,UK,info@romayos.ie,+353 1 891 0505,https://romayos.ie/,Spindrift Avenue,53.37663,-6.31143,,,osm,email,2,new,ok,"IE: role address at a business — corporate subscriber, lawful with sender identity + working opt-out (PECR reg.22 / SI 336/2011 reg.13)"
1d8fe944a110504f7861,Rosanna Crothers,Beauty & spa,dublin,Dublin,IE,UK,info@rosannacrothers.com,+353 1 660 8408,https://rosannacrothers.com/,95a Morehampton Road Dublin,53.32417,-6.24009,,,osm,email,2,new,ok,"IE: role address at a business — corporate subscriber, lawful with sender identity + working opt-out (PECR reg.22 / SI 336/2011 reg.13)"
9d0463d2ec52bbfc9682,Rosanna Crothers,Beauty & spa,dublin,,IE,UK,info@rosannacrothers.com,+353 1 660 8408,https://rosannacrothers.com/,89 Morehampton Road,53.32431,-6.24031,,,osm,email,2,new,ok,"IE: role address at a business — corporate subscriber, lawful with sender identity + working opt-out (PECR reg.22 / SI 336/2011 reg.13)"
71f9d346d361aa9b030b,Royal Hospital Kilmainham,Attraction,dublin,Dublin,IE,UK,info@rhk.ie,+353 1 612 9903,https://rhk.ie/,Military Road D08 FW31 Dublin,53.34346,-6.30255,,,osm,email,2,new,ok,"IE: role address at a business — corporate subscriber, lawful with sender identity + working opt-out (PECR reg.22 / SI 336/2011 reg.13)"
383c0951a612447189e7,Russell Court Hotel,Hotel,dublin,Dublin,IE,UK,reservations@russellcourthotel.ie,+353 1 478 4066,https://www.russellcourthotel.ie/,21-25 Harcourt Street Dublin,53.33597,-6.26355,,,osm,email,2,new,ok,"IE: role address at a business — corporate subscriber, lawful with sender identity + working opt-out (PECR reg.22 / SI 336/2011 reg.13)"
72b1361f1ef532e11365,SISU Clinic,Beauty & spa,dublin,Dublin,IE,UK,info@sisuclinic.com,,https://sisuclinic.com/sisu-clinic-ranelagh-dublin/,3 Fields Terrace Dublin,53.32528,-6.25541,,,osm,email,2,new,ok,"IE: role address at a business — corporate subscriber, lawful with sender identity + working opt-out (PECR reg.22 / SI 336/2011 reg.13)"
cf62a38c441c3736ac30,Schoolhouse Hotel,Hotel,dublin,Dublin,IE,UK,reservations@schoolhousehotel.com,+353 1 6675014,https://www.schoolhousehotel.com/,2-8 Northumberland Road D04 P5W8 Dublin,53.3374,-6.23938,,,osm,email,2,new,ok,"IE: role address at a business — corporate subscriber, lawful with sender identity + working opt-out (PECR reg.22 / SI 336/2011 reg.13)"
c3c14dd88fbfa38f74c4,Sinnott’s,Bar,dublin,Dublin,IE,UK,info@sinnotts.ie,+353 1 478 4698,https://www.sinnotts.ie/,King Street South D02 FN73 Dublin,53.34009,-6.2617,,,osm,email,2,new,ok,"IE: role address at a business — corporate subscriber, lawful with sender identity + working opt-out (PECR reg.22 / SI 336/2011 reg.13)"
703f435871ff0e454a54,Soho,Nightlife,dublin,Dublin,IE,UK,bookings@sohodublin.ie,+35314740046,https://www.sohodublin.ie/,21 D'Olier Street Dublin,53.34645,-6.25787,,,osm,email,2,new,ok,"IE: role address at a business — corporate subscriber, lawful with sender identity + working opt-out (PECR reg.22 / SI 336/2011 reg.13)"
11d6d047f70b1500c8dc,Solart,Gallery,dublin,Dublin,IE,UK,info@solart.ie,+353 1 675 0972,https://solart.ie/,3 D'Olier Street Dublin,53.34627,-6.25824,,,osm,email,2,new,ok,"IE: role address at a business — corporate subscriber, lawful with sender identity + working opt-out (PECR reg.22 / SI 336/2011 reg.13)"
0cb2bda6f3bb12b0166f,Spice Village,Restaurant,dublin,Dublin,IE,UK,info@spicevillageterenure.ie,+353 1 490 4691,https://www.spicevillageterenure.ie/,95 Terenure Road North D6W FH24 Dublin,53.3105,-6.28304,,,osm,email,2,new,ok,"IE: role address at a business — corporate subscriber, lawful with sender identity + working opt-out (PECR reg.22 / SI 336/2011 reg.13)"
6e201cf4e1ec074b79df,Spy Hair & Beauty,Beauty & spa,dublin,,IE,UK,info@spysalon.ie,+35318306919,https://spysalon.ie/,467 North Circular Road,53.36006,-6.26274,,,osm,email,2,new,ok,"IE: role address at a business — corporate subscriber, lawful with sender identity + working opt-out (PECR reg.22 / SI 336/2011 reg.13)"
9920468d9a7f5594bda9,Stella Cinema Rathmines,Cinema,dublin,Dublin,IE,UK,info@stellatheatre.ie,+353 1 496 7014,https://stellacinemas.ie/,207-209 Rathmines Road Lower Dublin,53.32236,-6.26633,,,osm,email,2,new,ok,"IE: role address at a business — corporate subscriber, lawful with sender identity + working opt-out (PECR reg.22 / SI 336/2011 reg.13)"
05cb0eda57e314e4c9e6,Stephen's Green Shopping Centre,Shopping,dublin,Dublin,IE,UK,info@stephensgreen.com,+353 1 478 0888,https://stephensgreen.com/,St. Stephen's Green Dublin,53.34001,-6.26237,,,osm,email,2,new,ok,"IE: role address at a business — corporate subscriber, lawful with sender identity + working opt-out (PECR reg.22 / SI 336/2011 reg.13)"
7d00617b02389138f204,Stock Design,Souvenirs & gifts,dublin,Dublin,IE,UK,info@stockdesignonline.com,+353 1 679 4316,https://www.stockdesignonline.com/,33-34 King Street South D02 KP04 Dublin,53.3406,-6.26287,,,osm,email,2,new,ok,"IE: role address at a business — corporate subscriber, lawful with sender identity + working opt-out (PECR reg.22 / SI 336/2011 reg.13)"
8fc1a263b64e3c67a9dc,Stonechat,Shopping,dublin,Dublin,IE,UK,shop@stonechatjewellers.ie,+353 1 671 0103,https://www.stonechatjewellers.ie/,Westbury Mall D02RK81 Dublin,53.3415,-6.26118,,,osm,email,2,new,ok,"IE: role address at a business — corporate subscriber, lawful with sender identity + working opt-out (PECR reg.22 / SI 336/2011 reg.13)"
500ab44410454cc44b19,Supermac's,Street food,dublin,Dublin,IE,UK,info@supermacs.ie,+353 1 872 1828,https://www.supermacs.ie/store/o-connell-street-dublin/,45-46 O'Connell Street Lower Dublin,53.34816,-6.26011,,,osm,email,2,new,ok,"IE: role address at a business — corporate subscriber, lawful with sender identity + working opt-out (PECR reg.22 / SI 336/2011 reg.13)"
ee1fa17ecccbc58e56de,SurfHolidays Ltd.,Tours & travel,dublin,,IE,UK,info@surfholidays.com,+353 1 482 2828,https://www.surfholidays.com/,41 Donnybrook Road,53.32192,-6.23604,,,osm,email,2,new,ok,"IE: role address at a business — corporate subscriber, lawful with sender identity + working opt-out (PECR reg.22 / SI 336/2011 reg.13)"
e42977c8237acd8bbabc,Susan Hunter,Shopping,dublin,Dublin,IE,UK,info@susanhunter.ie,+353 1 679 1271,https://susanhunter.ie/,13 Westbury Mall D02XC78 Dublin,53.34157,-6.26121,,,osm,email,2,new,ok,"IE: role address at a business — corporate subscriber, lawful with sender identity + working opt-out (PECR reg.22 / SI 336/2011 reg.13)"
43f5562bf93d71290bfc,Tang,Restaurant,dublin,,IE,UK,hello@tang.ie,+353 1 873 3672,https://www.tang.ie/,9a Abbey Street Lower,53.34872,-6.2584,,,osm,email,2,new,ok,"IE: role address at a business — corporate subscriber, lawful with sender identity + working opt-out (PECR reg.22 / SI 336/2011 reg.13)"
a6575badd469bcdfffd7,Teeling Whiskey Company,Attraction,dublin,,IE,UK,hello@teelingwhiskey.com,+353 1 531 0888,https://teelingwhiskey.com/,13-17 Newmarket,53.33759,-6.2771,,,osm,email,2,new,ok,"IE: role address at a business — corporate subscriber, lawful with sender identity + working opt-out (PECR reg.22 / SI 336/2011 reg.13)"
44c897b620343776f659,Temple Bar Hotel,Hotel,dublin,Dublin,IE,UK,reservations@tbh.ie,+353 1 677 3333,https://www.templebarhotel.com/,13-17 Fleet Street Dublin,53.34588,-6.2603,,,osm,email,2,new,ok,"IE: role address at a business — corporate subscriber, lawful with sender identity + working opt-out (PECR reg.22 / SI 336/2011 reg.13)"
b013c990f03aa6952c72,Temple Bar Inn,Hotel,dublin,Dublin,IE,UK,info@templebarinn.com,+353 1 484 5010,https://www.templebarinn.com/,40-47 Fleet Street Dublin,53.34571,-6.25973,,,osm,email,2,new,ok,"IE: role address at a business — corporate subscriber, lawful with sender identity + working opt-out (PECR reg.22 / SI 336/2011 reg.13)"
fb70f632da2a3e8dac3e,Tenters,Bar,dublin,The Liberties,IE,UK,bookings@tenterspub.ie,,https://www.tenterspub.ie/,1 Mill Street D08 N726 Dublin,53.33719,-6.27526,,,osm,email,2,new,ok,"IE: role address at a business — corporate subscriber, lawful with sender identity + working opt-out (PECR reg.22 / SI 336/2011 reg.13)"
0e98e012bcee544d8d00,The Back Page,Bar,dublin,Phibsborough,IE,UK,info@the-back-page.com,+353 1 535 5941,https://the-back-page.com/,199 Phibsborough Road D07 A0X2 Dublin,53.35852,-6.27296,,,osm,email,2,new,ok,"IE: role address at a business — corporate subscriber, lawful with sender identity + working opt-out (PECR reg.22 / SI 336/2011 reg.13)"
8cf7a31abd2ff90b6bab,The Bald Eagle,Bar,dublin,Dublin,IE,UK,hello@thebaldeagle.ie,+353 1 860 3227,http://thebaldeagle.ie/,114-115 Phibsborough Road D07 VX23 Dublin,53.36396,-6.27166,,,osm,email,2,new,ok,"IE: role address at a business — corporate subscriber, lawful with sender identity + working opt-out (PECR reg.22 / SI 336/2011 reg.13)"
0fd0ecea0a0d92722204,The Bath,Bar,dublin,Dublin,IE,UK,info@thebathpub.ie,+353892415804,https://thebathpub.ie/,26 Bath Avenue D04 X7P8 Dublin,53.33747,-6.23216,,,osm,email,2,new,ok,"IE: role address at a business — corporate subscriber, lawful with sender identity + working opt-out (PECR reg.22 / SI 336/2011 reg.13)"
d1a8f65ac5f9482b6c59,The Belvedere Hotel,Hotel,dublin,Dublin,IE,UK,info@belvederehotel.ie,+353 1 873 7700,https://www.belvederehoteldublin.com/,1 Great Denmark Street D01 PP66 Dublin,53.3551,-6.26211,,,osm,email,2,new,ok,"IE: role address at a business — corporate subscriber, lawful with sender identity + working opt-out (PECR reg.22 / SI 336/2011 reg.13)"
f7560adebe57d9593ace,The Bernard Shaw,Bar,dublin,Dublin,IE,UK,info@thebernardshaw.com,+353 1 906 0218,https://thebernardshaw.com/,Cross Guns Bridge D09 XW44 Dublin,53.36469,-6.27135,,,osm,email,2,new,ok,"IE: role address at a business — corporate subscriber, lawful with sender identity + working opt-out (PECR reg.22 / SI 336/2011 reg.13)"
1a6617f34c4b9d02ad1a,The Big Romance,Bar,dublin,Rotunda,IE,UK,info@thebigromance.ie,+35315595997,https://www.thebigromance.ie,98 Parnell Street D01 T2T3 Dublin,53.35348,-6.25922,,,osm,email,2,new,ok,"IE: role address at a business — corporate subscriber, lawful with sender identity + working opt-out (PECR reg.22 / SI 336/2011 reg.13)"
b0ce93b2c3d53e6a44b8,The Bleeding Horse,Bar,dublin,Dublin,IE,UK,bookings@bleedinghorse.ie,+35314752705,https://bleedinghorse.ie/,24-25 Camden Street Upper D02 NP22 Dublin,53.33349,-6.26473,,,osm,email,2,new,ok,"IE: role address at a business — corporate subscriber, lawful with sender identity + working opt-out (PECR reg.22 / SI 336/2011 reg.13)"
c21e8274848fbce657b7,The Brazen Head,Bar,dublin,Dublin,IE,UK,info@brazenhead.com,+353 1 677 9549,https://brazenhead.com/,19-20 Bridge Street Lower D08 WC64 Dublin,53.34494,-6.27631,,,osm,email,2,new,ok,"IE: role address at a business — corporate subscriber, lawful with sender identity + working opt-out (PECR reg.22 / SI 336/2011 reg.13)"
67b6b33977a6bc70f257,The Brian Boru,Bar,dublin,Dublin,IE,UK,info@thebrianboru.ie,+353 1 830 4527,https://www.thebrianboru.com/,Prospect Road D09 PP93 Dublin,53.36521,-6.27218,,,osm,email,2,new,ok,"IE: role address at a business — corporate subscriber, lawful with sender identity + working opt-out (PECR reg.22 / SI 336/2011 reg.13)"
3eae30f3e00710507016,The Bridge 1859,Bar,dublin,Ballsbridge,IE,UK,hello@thebridge1859.ie,+353 1 660 2804,https://www.thebridge1859.ie,13 Ballsbridge Terrace D04 C7K6 Dublin,53.32929,-6.232,,,osm,email,2,new,ok,"IE: role address at a business — corporate subscriber, lawful with sender identity + working opt-out (PECR reg.22 / SI 336/2011 reg.13)"
19371588b3e371411dbb,The Button Factory,Theatre,dublin,Dublin,IE,UK,office@buttonfactory.ie,+353 1 670 9105,https://buttonfactory.ie/,Curved Street Dublin,53.34495,-6.26454,,,osm,email,2,new,ok,"IE: role address at a business — corporate subscriber, lawful with sender identity + working opt-out (PECR reg.22 / SI 336/2011 reg.13)"
8c9d941c0cb40394df6c,The Cake Cafe,Café,dublin,,IE,UK,info@thecakecafe.ie,+353 1 478 9394,https://www.thecakecafe.ie/,Pleasants Place,53.33442,-6.26614,,,osm,email,2,new,ok,"IE: role address at a business — corporate subscriber, lawful with sender identity + working opt-out (PECR reg.22 / SI 336/2011 reg.13)"
ade2e8122eac24ab7f06,The Canal Bank Café,Restaurant,dublin,Dublin,IE,UK,info@canalbankcafe.ie,+353 1 664 2135,https://www.canalbankcafe.ie/,146 Leeson Street Upper Dublin,53.33111,-6.25157,,,osm,email,2,new,ok,"IE: role address at a business — corporate subscriber, lawful with sender identity + working opt-out (PECR reg.22 / SI 336/2011 reg.13)"
090e3560e0631fa498af,The Church,Bar,dublin,Dublin,IE,UK,reservations@thechurch.ie,+353 1 8280102,https://www.thechurch.ie/,Mary Street D01 YX64 Dublin,53.34859,-6.26692,,,osm,email,2,new,ok,"IE: role address at a business — corporate subscriber, lawful with sender identity + working opt-out (PECR reg.22 / SI 336/2011 reg.13)"
0ee9d94affb460c75515,The Cobblestone,Bar,dublin,Dublin,IE,UK,info@cobblestonepub.ie,+35318721799,https://www.cobblestonepub.ie/,77 North King Street D07 TP22 Dublin,53.3499,-6.27788,,,osm,email,2,new,ok,"IE: role address at a business — corporate subscriber, lawful with sender identity + working opt-out (PECR reg.22 / SI 336/2011 reg.13)"
1ce80eb539560a9dd2ed,The Collective,Shopping,dublin,Dublin,IE,UK,info@thecollectivedublin.ie,+35316751799,https://thecollectivedublin.ie/,24 Drury Street D02 V658 Dublin,53.34227,-6.26352,,,osm,email,2,new,ok,"IE: role address at a business — corporate subscriber, lawful with sender identity + working opt-out (PECR reg.22 / SI 336/2011 reg.13)"
ebd4c7eca63160bd5c06,The Convention Centre Dublin,Attraction,dublin,Dublin,IE,UK,info@theccd.ie,+353 1 856 0000,https://www.theccd.ie/,1 North Wall Quay D01 T1W6 Dublin,53.34819,-6.23952,,,osm,email,2,new,ok,"IE: role address at a business — corporate subscriber, lawful with sender identity + working opt-out (PECR reg.22 / SI 336/2011 reg.13)"
cda0fc10ffbbe99cd731,The Corkscrew,Wine & spirits,dublin,Dublin,IE,UK,sales@thecorkscrew.ie,1850 211 879; +353 1 674 5731,https://www.thecorkscrew.ie,4 Chatham Street Dublin,53.34077,-6.26139,,,osm,email,2,new,ok,"IE: role address at a business — corporate subscriber, lawful with sender identity + working opt-out (PECR reg.22 / SI 336/2011 reg.13)"
eaeb90992c9cdebde79c,The Dunmore,Bar,dublin,Rathmines,IE,UK,Bookings@thebowery.ie,+353 85 726 7078,https://www.thebowery.ie/,196 Rathmines Road Lower D06 AY77 Dublin,53.32429,-6.26514,,,osm,email,2,new,ok,"IE: role address at a business — corporate subscriber, lawful with sender identity + working opt-out (PECR reg.22 / SI 336/2011 reg.13)"
64ca3cbdd9277bde3eeb,The Ferryman,Bar,dublin,Dublin,IE,UK,reservation@ferrymanhotel.com,+353 1 671 7053,https://www.theferrymantownhouse.ie,35-36 Sir John Rogerson's Quay D02E448 Dublin,53.34601,-6.2407,,,osm,email,2,new,ok,"IE: role address at a business — corporate subscriber, lawful with sender identity + working opt-out (PECR reg.22 / SI 336/2011 reg.13)"
40f3f525ef7aed518cb0,The George,Bar,dublin,Dublin,IE,UK,info@thegeorge.ie,+353 1 6776943,https://thegeorge.ie,89 George's Street Great South D02 R220 Dublin,53.34381,-6.26464,,,osm,email,2,new,ok,"IE: role address at a business — corporate subscriber, lawful with sender identity + working opt-out (PECR reg.22 / SI 336/2011 reg.13)"
b2d44b7c5a759c31cf5a,The Grafton Hotel,Hotel,dublin,,IE,UK,info@the-grafton-hotel.com,+353 1 255 2700,https://www.the-grafton-hotel.com,31/32 Stephen Street Lower D02 WV05,53.34085,-6.26394,,,osm,email,2,new,ok,"IE: role address at a business — corporate subscriber, lawful with sender identity + working opt-out (PECR reg.22 / SI 336/2011 reg.13)"
a088be0b832c2011be79,The Green Hen,Restaurant,dublin,Dublin,IE,UK,info@thegreenhen.ie,+353 1 6707238,https://www.thegreenhen.ie/,33 Exchequer Street Dublin,53.34312,-6.26241,,,osm,email,2,new,ok,"IE: role address at a business — corporate subscriber, lawful with sender identity + working opt-out (PECR reg.22 / SI 336/2011 reg.13)"
cdebc15f26af6f0c5e77,The Gutter Bookshop,Shopping,dublin,Dublin,IE,UK,info@gutterbookshop.com,+353 1 6799206,https://www.gutterbookshop.com/,8 Cow's Lane Dublin,53.34459,-6.2688,,,osm,email,2,new,ok,"IE: role address at a business — corporate subscriber, lawful with sender identity + working opt-out (PECR reg.22 / SI 336/2011 reg.13)"
27d15c8dff3e6ec6ff20,The Gym @ Rathborne,Gym & fitness,dublin,,IE,UK,info@networkfitnessclubs.ie,+353 1 899 6000,http://www.networkfitnessclubs.ie/,Rathborne Place,53.37813,-6.32681,,,osm,email,2,new,ok,"IE: role address at a business — corporate subscriber, lawful with sender identity + working opt-out (PECR reg.22 / SI 336/2011 reg.13)"
d3acd937acde625a6b47,The Hairdressing Academy & School of Hairdressing @ Robert Chambers,Beauty & spa,dublin,Dublin,IE,UK,reception@robertchambers.ie,+353 1 677 1323,https://www.robertchambers.ie/,69 Grafton Street Dublin,53.34106,-6.26077,,,osm,email,2,new,ok,"IE: role address at a business — corporate subscriber, lawful with sender identity + working opt-out (PECR reg.22 / SI 336/2011 reg.13)"
89b8c4643038fa155ef7,The Helix,Theatre,dublin,Dublin,IE,UK,info@thehelix.dcu.ie,+353 1 700 7000,https://thehelix.ie/,Collins Avenue D09 FW22 Dublin,53.38645,-6.25928,,,osm,email,2,new,ok,"IE: role address at a business — corporate subscriber, lawful with sender identity + working opt-out (PECR reg.22 / SI 336/2011 reg.13)"
a29ce43b5c554b1779d4,The Hendrick Smithfield,Hotel,dublin,Dublin,IE,UK,info@hendrickdublin.ie,+353 1 482 6500,https://www.hendrickdublin.ie/,6 Hendrick Street D07 A8N1 Dublin,53.34797,-6.28094,,,osm,email,2,new,ok,"IE: role address at a business — corporate subscriber, lawful with sender identity + working opt-out (PECR reg.22 / SI 336/2011 reg.13)"
74084a155c7c979a2f37,The Hive,Beauty & spa,dublin,Dublin,IE,UK,bookings@thehivesalon.ie,+353 1 475 8649,https://www.thehivesalon.ie/,1 Dame Lane Dublin,53.34387,-6.26244,,,osm,email,2,new,ok,"IE: role address at a business — corporate subscriber, lawful with sender identity + working opt-out (PECR reg.22 / SI 336/2011 reg.13)"
8853944f53bdd5a5fce8,The James Joyce Centre,Museum,dublin,Dublin,IE,UK,info@jamesjoyce.ie,+353 1 878 8547,https://jamesjoyce.ie/,35 North Great George's Street D01WK44 Dublin,53.35419,-6.25997,,,osm,email,2,new,ok,"IE: role address at a business — corporate subscriber, lawful with sender identity + working opt-out (PECR reg.22 / SI 336/2011 reg.13)"
f2b659819021b677be42,The Jar,Bar,dublin,Dublin,IE,UK,reservations@thejar.ie,+353 1 557 9688,https://thejar.ie/,31 Wexford Street D02 K232 Dublin,53.33696,-6.2657,,,osm,email,2,new,ok,"IE: role address at a business — corporate subscriber, lawful with sender identity + working opt-out (PECR reg.22 / SI 336/2011 reg.13)"
5b1b9a8d9421575744fa,The Liliput Press,Shopping,dublin,Dublin,IE,UK,contact@lilliputpress.ie,,https://www.lilliputpress.ie/,62-63 Sitric Road Dublin,53.35036,-6.28408,,,osm,email,2,new,ok,"IE: role address at a business — corporate subscriber, lawful with sender identity + working opt-out (PECR reg.22 / SI 336/2011 reg.13)"
4c7945fbede5d94d6d10,The Liquor Rooms,Bar,dublin,Dublin,IE,UK,hello@theliquorrooms.com,+353 87 3393688,,6-8 Wellington Quay D02 HT44 Dublin,53.34534,-6.26694,,,osm,email,2,new,ok,"IE: role address at a business — corporate subscriber, lawful with sender identity + working opt-out (PECR reg.22 / SI 336/2011 reg.13)"
5711f2b3f3d9d6a8fd78,The Little Kitchen,Restaurant,dublin,Dublin,IE,UK,info@thelittlekitchen.ie,+353 1 669 7844,https://www.thelittlekitchen.ie/,129 Leeson Street Upper Dublin,53.33037,-6.25147,,,osm,email,2,new,ok,"IE: role address at a business — corporate subscriber, lawful with sender identity + working opt-out (PECR reg.22 / SI 336/2011 reg.13)"
8e4f2dd909620198c9b2,The Little Museum of Dublin,Museum,dublin,Dublin,IE,UK,hello@littlemuseum.ie,+353 1 6611000,https://www.littlemuseum.ie/,15 St. Stephen's Green Dublin,53.33954,-6.2584,,,osm,email,2,new,ok,"IE: role address at a business — corporate subscriber, lawful with sender identity + working opt-out (PECR reg.22 / SI 336/2011 reg.13)"
d93498a2ba06640adb3d,The Marker,Hotel,dublin,Dublin,IE,UK,info@themarker.ie,+35316875100,https://www.anantara.com/en/the-marker-dublin,Grand Canal Square D02 CK38 Dublin,53.34454,-6.23908,,,osm,email,2,new,ok,"IE: role address at a business — corporate subscriber, lawful with sender identity + working opt-out (PECR reg.22 / SI 336/2011 reg.13)"
fb5ca4fc434c4b67fde0,The Mezz,Bar,dublin,Dublin,IE,UK,info@mezz.ie,+353 1 611 1130,,23-24 Eustace Street D02 YP77 Dublin,53.34469,-6.26463,,,osm,email,2,new,ok,"IE: role address at a business — corporate subscriber, lawful with sender identity + working opt-out (PECR reg.22 / SI 336/2011 reg.13)"
25a2d0097f9c862bb24d,The Mill Dublin,Gym & fitness,dublin,Dublin,IE,UK,Info@themilldublin.ie,+353 1 679 8750; +353 87 223 6522,https://www.themilldublin.ie/,25-27 Bow Lane West D08 NW89 Dublin,53.34311,-6.29347,,,osm,email,2,new,ok,"IE: role address at a business — corporate subscriber, lawful with sender identity + working opt-out (PECR reg.22 / SI 336/2011 reg.13)"
a8570707de0a28e60951,The Mont Hotel,Hotel,dublin,Dublin,IE,UK,info@ocallaghancollection.com,+353 1 607 3800,https://www.themonthotel.ie/,1-4 Merrion Street Lower D02 H525 Dublin,53.34158,-6.25071,,,osm,email,2,new,ok,"IE: role address at a business — corporate subscriber, lawful with sender identity + working opt-out (PECR reg.22 / SI 336/2011 reg.13)"
4151f5bf8c592eda5a55,"The Morrison Dublin, Curio Collection by Hilton",Hotel,dublin,,IE,UK,info@morrisonhotel.ie,+353 1 887 2400,https://www.hilton.com/en/hotels/dubtmqq-the-morrison-dublin/,Ormond Quay Lower,53.34652,-6.26608,,,osm,email,2,new,ok,"IE: role address at a business — corporate subscriber, lawful with sender identity + working opt-out (PECR reg.22 / SI 336/2011 reg.13)"
4eb6905bf4c6c9d253b5,The National Wax Museum Plus,Museum,dublin,Dublin,IE,UK,hello@waxmuseumplus.ie,+353 1 671 8373,https://www.waxmuseumplus.ie/,22-25 Westmoreland Street Dublin,53.34648,-6.25891,,,osm,email,2,new,ok,"IE: role address at a business — corporate subscriber, lawful with sender identity + working opt-out (PECR reg.22 / SI 336/2011 reg.13)"
39ad6350ac511c6e9245,The Old Mill,Restaurant,dublin,Dublin,IE,UK,info@oldmillrestaurant.ie,+353 1 671 9266,https://oldmillrestaurant.ie/,14 Temple Bar Square Dublin,53.34566,-6.26302,,,osm,email,2,new,ok,"IE: role address at a business — corporate subscriber, lawful with sender identity + working opt-out (PECR reg.22 / SI 336/2011 reg.13)"
20108f969113dd76e0b1,The One,Shopping,dublin,,IE,UK,info@theone.ie,,https://www.theone.ie/,Castlewood Avenue D06 K2F3,53.32274,-6.2643,,,osm,email,2,new,ok,"IE: role address at a business — corporate subscriber, lawful with sender identity + working opt-out (PECR reg.22 / SI 336/2011 reg.13)"
3029fb8854540449b28f,The Riddler,Restaurant,dublin,Dublin,IE,UK,info@theriddler.ie,+35319073266,,High Street Dublin,53.34318,-6.27477,,,osm,email,2,new,ok,"IE: role address at a business — corporate subscriber, lawful with sender identity + working opt-out (PECR reg.22 / SI 336/2011 reg.13)"
0b2e2358bde3410fb18d,The Space,Beauty & spa,dublin,Dublin,IE,UK,hello@thespace.ie,+353 1 441 1877,https://thespace.ie/,18 Drumcondra Road Lower Dublin,53.36239,-6.25904,,,osm,email,2,new,ok,"IE: role address at a business — corporate subscriber, lawful with sender identity + working opt-out (PECR reg.22 / SI 336/2011 reg.13)"
b26be30e2dc35007f94f,The Spencer Health Club,Gym & fitness,dublin,Dublin,IE,UK,info@thespencerhealthclub.com,+353 1 4338800,https://www.thespencerhealthclub.com/,Excise Walk Dublin,53.34821,-6.24348,,,osm,email,2,new,ok,"IE: role address at a business — corporate subscriber, lawful with sender identity + working opt-out (PECR reg.22 / SI 336/2011 reg.13)"
9e25407fc694e362a55f,The Square Ball,Bar,dublin,,IE,UK,info@the-square-ball.com,+353 1 662 4473,https://the-square-ball.com/,45 Hogan Place,53.34084,-6.24478,,,osm,email,2,new,ok,"IE: role address at a business — corporate subscriber, lawful with sender identity + working opt-out (PECR reg.22 / SI 336/2011 reg.13)"
c86242f3cca306c5050f,The Strand House,Bar,dublin,Dublin,IE,UK,booking@strandhouse.ie,+353 1 559 1121,https://strandhouse.ie,12 Fairview D03 C998 Dublin,53.36336,-6.23579,,,osm,email,2,new,ok,"IE: role address at a business — corporate subscriber, lawful with sender identity + working opt-out (PECR reg.22 / SI 336/2011 reg.13)"
32670810dec64a25224e,The Swan,Bar,dublin,Dublin,IE,UK,info@theswanbar.com,+35314752722,https://www.theswanbar.com/,57-58 York Street D02 RW67 Dublin,53.33963,-6.26554,,,osm,email,2,new,ok,"IE: role address at a business — corporate subscriber, lawful with sender identity + working opt-out (PECR reg.22 / SI 336/2011 reg.13)"
9db1deb203dea23cf164,The Village Inn,Bar,dublin,Dublin,IE,UK,info@thevillageinn.ie,+353 1 834 1180,https://thevillageinnfinglas.ie/,Church Terrace Dublin,53.3875,-6.30124,,,osm,email,2,new,ok,"IE: role address at a business — corporate subscriber, lawful with sender identity + working opt-out (PECR reg.22 / SI 336/2011 reg.13)"
f94907d4899dd5653e44,The Wiley Fox,Bar,dublin,Dublin,IE,UK,info@thewileyfox.ie,+35315440900,https://thewileyfox.ie/,28 Eden Quay D01 DE44 Dublin,53.34834,-6.25597,,,osm,email,2,new,ok,"IE: role address at a business — corporate subscriber, lawful with sender identity + working opt-out (PECR reg.22 / SI 336/2011 reg.13)"
f5b084c8a8fcb2c6c288,The Woollen Mills Eating House,Restaurant,dublin,Dublin,IE,UK,info@thewoollenmills.com,,https://www.thewoollenmills.com/,41-42 Ormond Quay Lower D01 H304 Dublin,53.34665,-6.26349,,,osm,email,2,new,ok,"IE: role address at a business — corporate subscriber, lawful with sender identity + working opt-out (PECR reg.22 / SI 336/2011 reg.13)"
da6da68a1b527b82cdfc,The Works,Beauty & spa,dublin,Dublin,IE,UK,hello@theworkssalon.ie,+353 1 490 7178,,162a Harold's Cross Road Dublin,53.32384,-6.28001,,,osm,email,2,new,ok,"IE: role address at a business — corporate subscriber, lawful with sender identity + working opt-out (PECR reg.22 / SI 336/2011 reg.13)"
2a0098c4427f56c51fa0,The Works (Moved),Beauty & spa,dublin,Dublin,IE,UK,hello@theworkssalon.ie,+353 1 4907178,,286b Harold's Cross Road Dublin,53.32007,-6.27896,,,osm,email,2,new,ok,"IE: role address at a business — corporate subscriber, lawful with sender identity + working opt-out (PECR reg.22 / SI 336/2011 reg.13)"
aefe9da0d8aff4f87aaa,Tipperary House,Guesthouse,dublin,Dublin,IE,UK,info@tipperaryhousedublin.com,+353 1 6795317,https://www.tipperaryhousedublin.com/,7 Parkgate Street Dublin,53.34804,-6.2904,,,osm,email,2,new,ok,"IE: role address at a business — corporate subscriber, lawful with sender identity + working opt-out (PECR reg.22 / SI 336/2011 reg.13)"
621afbe5ae484d8f6a40,Top To Toe Beauty,Beauty & spa,dublin,,IE,UK,info@toptotoe.ie,+353 1 838 8537,https://toptotoe.ie/,4 Aughrim Street,53.35336,-6.28618,,,osm,email,2,new,ok,"IE: role address at a business — corporate subscriber, lawful with sender identity + working opt-out (PECR reg.22 / SI 336/2011 reg.13)"
74d192459b430f202599,Tots to Tweens,Shopping,dublin,Dublin,IE,UK,info@totstotweens.ie,+353 1 472 1123,,6 Aston Quay Dublin,53.34631,-6.2613,,,osm,email,2,new,ok,"IE: role address at a business — corporate subscriber, lawful with sender identity + working opt-out (PECR reg.22 / SI 336/2011 reg.13)"
0a964273d991dc28f5e0,Tour America / Cruise Holidays,Tours & travel,dublin,Dublin,IE,UK,sales@touramerica.ie,+353 1 8173535,https://www.touramerica.ie/,62-63 Middle Abbey Street Dublin,53.34795,-6.26131,,,osm,email,2,new,ok,"IE: role address at a business — corporate subscriber, lawful with sender identity + working opt-out (PECR reg.22 / SI 336/2011 reg.13)"
359a677730cc885d04ab,Tribeca,Restaurant,dublin,Dublin,IE,UK,Info@tribeca.Ie,+353 1 4974174,https://www.tribeca.ie/,Ranelagh Dublin,53.32433,-6.2531,,,osm,email,2,new,ok,"IE: role address at a business — corporate subscriber, lawful with sender identity + working opt-out (PECR reg.22 / SI 336/2011 reg.13)"
f77f2b6ee9c1305e7a96,Tuk Away,Street food,dublin,Dublin,IE,UK,info@tuk.ie,+353 1 8053333,https://www.tuk.ie/,16 Fairview Dublin,53.36327,-6.23539,,,osm,email,2,new,ok,"IE: role address at a business — corporate subscriber, lawful with sender identity + working opt-out (PECR reg.22 / SI 336/2011 reg.13)"
f9c49a62f77ee3b8da41,Wakedock,Gym & fitness,dublin,Dublin,IE,UK,info@wakedock.ie,+353 1 664 3883,https://www.wakedock.ie/,South Dock Road Dublin,53.34351,-6.23465,,,osm,email,2,new,ok,"IE: role address at a business — corporate subscriber, lawful with sender identity + working opt-out (PECR reg.22 / SI 336/2011 reg.13)"
4b0c4759613b1889afac,Whelan’s,Bar,dublin,Dublin,IE,UK,info@whelanslive.com,+35314780766,https://www.whelanslive.com,25 Wexford Street D02 H527 Dublin,53.33656,-6.26588,,,osm,email,2,new,ok,"IE: role address at a business — corporate subscriber, lawful with sender identity + working opt-out (PECR reg.22 / SI 336/2011 reg.13)"
6a59d69365140f71492c,Wigwam,Bar,dublin,Dublin,IE,UK,info@wigwamdublin.com,+353 1 873 4020,https://wigwamdublin.com/,54 Middle Abbey Street Dublin,53.348,-6.26215,,,osm,email,2,new,ok,"IE: role address at a business — corporate subscriber, lawful with sender identity + working opt-out (PECR reg.22 / SI 336/2011 reg.13)"
8e78e0b2e365ba0f65a2,Wren Hotel,Hotel,dublin,Dublin,IE,UK,info@wrenhotel.ie,+353 1 223 4555,https://www.wrenhotel.ie/,St Andrew Lane D02 P9K0 Dublin,53.34342,-6.26247,,,osm,email,2,new,ok,"IE: role address at a business — corporate subscriber, lawful with sender identity + working opt-out (PECR reg.22 / SI 336/2011 reg.13)"
00a86dca28cd554e76b2,Wynn's Hotel,Hotel,dublin,Dublin,IE,UK,info@wynnshotel.ie,,https://www.wynnshotel.ie/,36-39 Abbey Street Lower D01 C9F8 Dublin,53.34836,-6.25882,,,osm,email,2,new,ok,"IE: role address at a business — corporate subscriber, lawful with sender identity + working opt-out (PECR reg.22 / SI 336/2011 reg.13)"
aac6905b260fc84e1f91,YMCA,Gym & fitness,dublin,,IE,UK,info@ymca.ie,,https://www.ymca.ie/location/dublin/,53 Aungier Street D02 PT67,53.33936,-6.26614,,,osm,email,2,new,ok,"IE: role address at a business — corporate subscriber, lawful with sender identity + working opt-out (PECR reg.22 / SI 336/2011 reg.13)"
290f4895205a13255534,Yellow Café,Café,dublin,,IE,UK,info@yellowcafe.ie,+353 1 234 5678,https://yellowcafe.ie/,6 Berkeley Road,53.35817,-6.26932,,,osm,email,2,new,ok,"IE: role address at a business — corporate subscriber, lawful with sender identity + working opt-out (PECR reg.22 / SI 336/2011 reg.13)"
dc0a923955df9a9e4f1b,4 Friends House,Guesthouse,edinburgh,Edinburgh,GB,UK,info@4friendshouse.co.uk,+44 759 423 40 25,https://www.4friendshouse.co.uk/,106 Ferry Road EH6 4PG Edinburgh,55.97474,-3.1844,,,osm,email,2,new,ok,"GB: role address at a business — corporate subscriber, lawful with sender identity + working opt-out (PECR reg.22 / SI 336/2011 reg.13)"
148ab98cf7dccfc792d0,Abercorn Sports Club,Gym & fitness,edinburgh,,GB,UK,info@abercornsportsclub.co.uk,,https://abercornsportsclub.co.uk,,55.95156,-3.14522,,,osm,email,2,new,ok,"GB: role address at a business — corporate subscriber, lawful with sender identity + working opt-out (PECR reg.22 / SI 336/2011 reg.13)"
1f355a8eb48d69fc2039,Active Health,Massage & spa,edinburgh,Edinburgh,GB,UK,info@active-h.co.uk,+44 131 229 4987,https://activehealthedinburgh.co.uk/,2 Polwarth Gardens EH11 1LW Edinburgh,55.93759,-3.21627,,,osm,email,2,new,ok,"GB: role address at a business — corporate subscriber, lawful with sender identity + working opt-out (PECR reg.22 / SI 336/2011 reg.13)"
49916c34af5ad2ab196d,Aida's Filipino Kitchen,Street food,edinburgh,,GB,UK,info@aidaskitchen.co.uk,+44 131 466 2696,https://aidaskitchen.co.uk,21-23 Portland Place,55.97812,-3.18108,,,osm,email,2,new,ok,"GB: role address at a business — corporate subscriber, lawful with sender identity + working opt-out (PECR reg.22 / SI 336/2011 reg.13)"
0e57152912c4627a7433,Alaburrito,Street food,edinburgh,Edinburgh,GB,UK,info@alaburrito.co.uk,+44 131 344 0955,https://www.alaburrito.co.uk/,350 Morningside Road EH10 4QL Edinburgh,55.92687,-3.20945,,,osm,email,2,new,ok,"GB: role address at a business — corporate subscriber, lawful with sender identity + working opt-out (PECR reg.22 / SI 336/2011 reg.13)"
93a7681113806a5b17ca,Albyn Townhouse,Guesthouse,edinburgh,Edinburgh,GB,UK,info@albyntownhouse.co.uk,+44 131 229 6459,https://www.albyntownhouse.co.uk/,16 Hartington Gardens Edinburgh,55.93742,-3.21137,,,osm,email,2,new,ok,"GB: role address at a business — corporate subscriber, lawful with sender identity + working opt-out (PECR reg.22 / SI 336/2011 reg.13)"
637be6e9adb53e969cb4,Aonach Mor Guesthouse,Guesthouse,edinburgh,Edinburgh,GB,UK,info@aonachmor.com,+44 131 6678694,http://www.aonachmor.com/,14 Kilmaurs Terrace Edinburgh,55.93428,-3.16618,,,osm,email,2,new,ok,"GB: role address at a business — corporate subscriber, lawful with sender identity + working opt-out (PECR reg.22 / SI 336/2011 reg.13)"
93bfa000a1e103222c92,Arcade,Restaurant,edinburgh,Edinburgh,GB,UK,office@arcadepub.co.uk,+44 131 2201297,https://www.arcadepub.co.uk/,48 Cockburn Street EH1 1PB Edinburgh,55.95046,-3.18885,,,osm,email,2,new,ok,"GB: role address at a business — corporate subscriber, lawful with sender identity + working opt-out (PECR reg.22 / SI 336/2011 reg.13)"
93d8adcdb13e1e1c0a7b,Argonaut Books,Shopping,edinburgh,Edinburgh,GB,UK,info@argonautbooks.co.uk,+44 131 259 7816,https://www.argonautbooks.co.uk/,15-17 Leith Walk EH6 8LN Edinburgh,55.9701,-3.17188,,,osm,email,2,new,ok,"GB: role address at a business — corporate subscriber, lawful with sender identity + working opt-out (PECR reg.22 / SI 336/2011 reg.13)"
21b599d785a023d9bd32,Ashtanga Yoga,Gym & fitness,edinburgh,Edinburgh,GB,UK,info@ashtangayogaedinburgh.co.uk,,https://www.ashtangayogaedinburgh.co.uk/,3A Montgomery Street Lane EH7 5JT Edinburgh,55.95872,-3.18268,,,osm,email,2,new,ok,"GB: role address at a business — corporate subscriber, lawful with sender identity + working opt-out (PECR reg.22 / SI 336/2011 reg.13)"
e31bf33b31c435af4be3,Avery,Restaurant,edinburgh,Edinburgh,GB,UK,hello@averyedi.co.uk,,https://www.averyedi.co.uk/,54 St Stephen Street EH3 5AL Edinburgh,55.95783,-3.20649,,,osm,email,2,new,ok,"GB: role address at a business — corporate subscriber, lawful with sender identity + working opt-out (PECR reg.22 / SI 336/2011 reg.13)"
18bb06b39da36f637662,Best-one,Convenience,edinburgh,Edinburgh,GB,UK,shop@goldenacreminimarket.co.uk,+447478911222,https://goldenacreminimarket.co.uk/,60C-60D Inverleith Row EH3 5PX Edinburgh,55.97087,-3.20897,,,osm,email,2,new,ok,"GB: role address at a business — corporate subscriber, lawful with sender identity + working opt-out (PECR reg.22 / SI 336/2011 reg.13)"
ef73d1fcbbd01be32af6,Bijou Hair,Beauty & spa,edinburgh,Edinburgh,GB,UK,info@bijou-hair.co.uk,+44 131 261 9719,https://bijou-hair.co.uk/,140 Ferry Road Edinburgh,55.97443,-3.1859,,,osm,email,2,new,ok,"GB: role address at a business — corporate subscriber, lawful with sender identity + working opt-out (PECR reg.22 / SI 336/2011 reg.13)"
793f1cbf3200998ee2de,Black Rabbit,Café,edinburgh,Edinburgh,GB,UK,info@blackrabbitedinburgh.co.uk,+44 131 241 8504,https://www.blackrabbitedinburgh.co.uk/,33 Brougham Street EH3 9JT Edinburgh,55.94286,-3.2019,,,osm,email,2,new,ok,"GB: role address at a business — corporate subscriber, lawful with sender identity + working opt-out (PECR reg.22 / SI 336/2011 reg.13)"
717519aa345a5df347ac,Blinkbonny House,Guesthouse,edinburgh,Edinburgh,GB,UK,info@blinkbonnyhouse.co.uk,+44 131 467 1232,https://www.blinkbonnyhouse.co.uk/,23 Blinkbonny Gardens EH4 3HG Edinburgh,55.95428,-3.23704,,,osm,email,2,new,ok,"GB: role address at a business — corporate subscriber, lawful with sender identity + working opt-out (PECR reg.22 / SI 336/2011 reg.13)"
44de45e8284a0e3696f7,Bodysmart Physio/Pilates,Gym & fitness,edinburgh,,GB,UK,info@bodysmartpp.co.uk,+44 131 374 3434,https://bodysmartpp.co.uk/,,55.93202,-3.21019,,,osm,email,2,new,ok,"GB: role address at a business — corporate subscriber, lawful with sender identity + working opt-out (PECR reg.22 / SI 336/2011 reg.13)"
c082105dac645a637288,Bookspeed Wholesalers,Shopping,edinburgh,Edinburgh,GB,UK,sales@bookspeed.com,+44 131 467 8100,https://www.bookspeed.com/,16 Salamander Yards Edinburgh,55.97215,-3.15527,,,osm,email,2,new,ok,"GB: role address at a business — corporate subscriber, lawful with sender identity + working opt-out (PECR reg.22 / SI 336/2011 reg.13)"
4f7fa5cb49776a8f2667,Brunswick Book Club,Restaurant,edinburgh,Edinburgh,GB,UK,enquiries@brunswickbookclub.co.uk,+44 131 297 3883,https://brunswickbookclub.co.uk/,113 Brunswick Street EH7 5HR Edinburgh,55.96104,-3.18069,,,osm,email,2,new,ok,"GB: role address at a business — corporate subscriber, lawful with sender identity + working opt-out (PECR reg.22 / SI 336/2011 reg.13)"
f80c70b7a234f20c37da,Camera Obscura & World of Illusions,Camera Obscura,edinburgh,Edinburgh,GB,UK,info@camera-obscura.co.uk,+44 131 226 3709,https://www.camera-obscura.co.uk/,549 Castlehill EH1 2ND Edinburgh,55.94903,-3.1956,,,osm,email,2,new,ok,"GB: role address at a business — corporate subscriber, lawful with sender identity + working opt-out (PECR reg.22 / SI 336/2011 reg.13)"
3e6ba70f760a6e4153b4,Capital Wholesalers,Market,edinburgh,Edinburgh,GB,UK,sales@capitalwholesalers.com,+44 131 553 6522,https://www.capitalwholesalers.com/index.html/,15 Salamander Yards EH6 7HB Edinburgh,55.97199,-3.15541,,,osm,email,2,new,ok,"GB: role address at a business — corporate subscriber, lawful with sender identity + working opt-out (PECR reg.22 / SI 336/2011 reg.13)"
12c60ac762c20fe9cab3,Carruthers & Woodrow,Beauty & spa,edinburgh,Edinburgh,GB,UK,info@carruthersandwoodrow.co.uk,+44 131 466 4000,,120 Bruntsfield Place EH10 4ES Edinburgh,55.93701,-3.20759,,,osm,email,2,new,ok,"GB: role address at a business — corporate subscriber, lawful with sender identity + working opt-out (PECR reg.22 / SI 336/2011 reg.13)"
6fea5a5a747735abf39e,Cashel Travel,Tours & travel,edinburgh,,GB,UK,info@casheltravel.com,+44 131 560 2850,https://casheltravel.com/,39 Commercial Street,55.97706,-3.17476,,,osm,email,2,new,ok,"GB: role address at a business — corporate subscriber, lawful with sender identity + working opt-out (PECR reg.22 / SI 336/2011 reg.13)"
e2412ec5886c5aecf17d,Chennai's Marina,Restaurant,edinburgh,Edinburgh,GB,UK,info@chennaismarina.com,+441316610000,https://chennaismarina.com/,8 Montagu Terrace EH3 5QX Edinburgh,55.97079,-3.20832,,,osm,email,2,new,ok,"GB: role address at a business — corporate subscriber, lawful with sender identity + working opt-out (PECR reg.22 / SI 336/2011 reg.13)"
d43c2b90495918331752,Chez Jules,Restaurant,edinburgh,Edinburgh,GB,UK,info@chezjulesbistro.com,+44 131 226 6992,https://www.chezjulesbistro.com/,109 Hanover Street EH2 1DJ Edinburgh,55.95466,-3.19755,,,osm,email,2,new,ok,"GB: role address at a business — corporate subscriber, lawful with sender identity + working opt-out (PECR reg.22 / SI 336/2011 reg.13)"
552e2b6c6df682d1529e,Coast and Creel,Restaurant,edinburgh,Edinburgh,GB,UK,info@coastandcreel.co.uk,+44 1315633237,https://coastandcreel.co.uk/,81 Fountainbridge EH3 9PU Edinburgh,55.94443,-3.20571,,,osm,email,2,new,ok,"GB: role address at a business — corporate subscriber, lawful with sender identity + working opt-out (PECR reg.22 / SI 336/2011 reg.13)"
7d51a4b44e2dfb447ce1,Cockburns of Leith,Wine & spirits,edinburgh,Edinburgh,GB,UK,shop@cockburnsofleith.co.uk,+44 131 603 3333,https://www.cockburnsofleith.co.uk/,48A Frederick Street Edinburgh,55.95353,-3.20104,,,osm,email,2,new,ok,"GB: role address at a business — corporate subscriber, lawful with sender identity + working opt-out (PECR reg.22 / SI 336/2011 reg.13)"
59893a3c06c6e1552f7c,Coffee Saints,Café,edinburgh,Edinburgh,GB,UK,hello@coffeesaints.co.uk,,https://www.coffeesaints.co.uk/,86 Candlemaker Row EH1 2QA Edinburgh,55.9477,-3.19346,,,osm,email,2,new,ok,"GB: role address at a business — corporate subscriber, lawful with sender identity + working opt-out (PECR reg.22 / SI 336/2011 reg.13)"
25ce68992d5d698082e6,Coffee Saints,Café,edinburgh,Edinburgh,GB,UK,hello@coffeesaints.co.uk,,https://www.coffeesaints.co.uk/,2A Little King Street EH1 3AR Edinburgh,55.95581,-3.18783,,,osm,email,2,new,ok,"GB: role address at a business — corporate subscriber, lawful with sender identity + working opt-out (PECR reg.22 / SI 336/2011 reg.13)"
6e6055d5152d0ccc5c6b,Dean Banks,Restaurant,edinburgh,Edinburgh,GB,UK,bookings@deanbanks.co.uk,+44 7770451668,https://www.deanbanks.co.uk/locations,4 Lothian Road EH1 2AB Edinburgh,55.9497,-3.20731,,,osm,email,2,new,ok,"GB: role address at a business — corporate subscriber, lawful with sender identity + working opt-out (PECR reg.22 / SI 336/2011 reg.13)"
db534e77f58dc7d3727c,Deep Blue Scuba,Diving,edinburgh,Edinburgh,GB,UK,info@deepbluescuba.co.uk,+44 790 413 9259,https://deepbluescuba.co.uk/,24 West Gorgie Parks Edinburgh,55.93072,-3.24394,,,osm,email,2,new,ok,"GB: role address at a business — corporate subscriber, lawful with sender identity + working opt-out (PECR reg.22 / SI 336/2011 reg.13)"
b866cecf1fb21dedeede,Diamond gym,Gym & fitness,edinburgh,Edinburgh,GB,UK,info@diamondpt.co.uk,+44 787 977 1897,http://diamondpt.co.uk/,14 Stewartfield Edinburgh,55.9701,-3.18812,,,osm,email,2,new,ok,"GB: role address at a business — corporate subscriber, lawful with sender identity + working opt-out (PECR reg.22 / SI 336/2011 reg.13)"
dc64e3f0a6be46b1f378,Dine Craiglockhart,Restaurant,edinburgh,Edinburgh,GB,UK,restaurant@craiglockhart.scot,+44 131 229 2929,https://craiglockhart.scot/,101B Colinton Road EH14 1AL Edinburgh,55.92792,-3.2297,,,osm,email,2,new,ok,"GB: role address at a business — corporate subscriber, lawful with sender identity + working opt-out (PECR reg.22 / SI 336/2011 reg.13)"
b6be14313639944914fa,Dragon Suites,Apartment,edinburgh,Edinburgh,GB,UK,contact@dragonsuites.com,,https://www.dragonsuites.com/21-alva-street,21 Alva Street EH2 4PS Edinburgh,55.95011,-3.21058,,,osm,email,2,new,ok,"GB: role address at a business — corporate subscriber, lawful with sender identity + working opt-out (PECR reg.22 / SI 336/2011 reg.13)"
991ab66ac0ce9a7fdb3c,Dulse Seafood & Wine,Restaurant,edinburgh,Edinburgh,GB,UK,info@dulserestaurant.com,+44 131 573 7575,https://www.dulse.co.uk/,17 Queensferry Street EH2 4QW Edinburgh,55.95086,-3.20999,,,osm,email,2,new,ok,"GB: role address at a business — corporate subscriber, lawful with sender identity + working opt-out (PECR reg.22 / SI 336/2011 reg.13)"
28c2c56979eb99e7d0a8,Easter Greens,Market,edinburgh,Edinburgh,GB,UK,hello@eastergreens.co.uk,+44 131 241 0745,https://eastergreens.co.uk/,4 Easter Road EH7 5RG Edinburgh,55.95784,-3.17176,,,osm,email,2,new,ok,"GB: role address at a business — corporate subscriber, lawful with sender identity + working opt-out (PECR reg.22 / SI 336/2011 reg.13)"
997b1373bbb937473c0a,Edinburgh City Suites,Hotel,edinburgh,Edinburgh,GB,UK,reservations@edinburghcitysuites.com,+44 772 206 3513,https://www.edinburghcitysuites.com/,16 Torphichen Street EH3 8JB Edinburgh,55.94687,-3.21378,,,osm,email,2,new,ok,"GB: role address at a business — corporate subscriber, lawful with sender identity + working opt-out (PECR reg.22 / SI 336/2011 reg.13)"
1e0d5dfaa771a8ea6bcb,Edinburgh Honey Co.,Deli,edinburgh,Edinburgh,GB,UK,hello@edinburghhoney.co.uk,+44 1316295437,https://www.edinburghhoney.co.uk,245 Morningside Road EH10 4QU Edinburgh,55.92738,-3.2091,,,osm,email,2,new,ok,"GB: role address at a business — corporate subscriber, lawful with sender identity + working opt-out (PECR reg.22 / SI 336/2011 reg.13)"
e9c1f472d34b559e4137,Edinburgh Jewellery Repair,Shopping,edinburgh,Edinburgh,GB,UK,info@edinburghjewelleryrepair.co.uk,+44 131 555 3388,https://www.edinburghjewelleryrepair.co.uk,30 London Road Edinburgh,55.95753,-3.16986,,,osm,email,2,new,ok,"GB: role address at a business — corporate subscriber, lawful with sender identity + working opt-out (PECR reg.22 / SI 336/2011 reg.13)"
e6ce1e1abb258447f055,Edinburgh Street Food,Street food,edinburgh,,GB,UK,events@edinburgh-street-food.com,,https://edinburgh-street-food.com/,61 Leith Street EH1 3AU,55.95584,-3.18571,,,osm,email,2,new,ok,"GB: role address at a business — corporate subscriber, lawful with sender identity + working opt-out (PECR reg.22 / SI 336/2011 reg.13)"
8b5992e6fd911fa69af4,FN Teamwear,Shopping,edinburgh,King's Haugh,GB,UK,hello@fnteamwear.co.uk,+44 131 228 8614,https://www.thefootballnation.co.uk/,EH16 5UY,55.93395,-3.14447,,,osm,email,2,new,ok,"GB: role address at a business — corporate subscriber, lawful with sender identity + working opt-out (PECR reg.22 / SI 336/2011 reg.13)"
4b521f62ceed212ca27b,Fallon & Mann,Beauty & spa,edinburgh,Edinburgh,GB,UK,hello@fallonandmannbarbers.co.uk,+447450129993,https://fallonandmannbarbers.book.app/,52 Dublin Street EH3 6NP Edinburgh,55.95761,-3.19415,,,osm,email,2,new,ok,"GB: role address at a business — corporate subscriber, lawful with sender identity + working opt-out (PECR reg.22 / SI 336/2011 reg.13)"
a98efbdc52bd7f2793b8,Fettes College Shop,Shopping,edinburgh,Edinburgh,GB,UK,shop@fettes.com,+44 131 311 6723,,Carrington Road EH4 1QX Edinburgh,55.96454,-3.2243,,,osm,email,2,new,ok,"GB: role address at a business — corporate subscriber, lawful with sender identity + working opt-out (PECR reg.22 / SI 336/2011 reg.13)"
719c38d4ae79b749ed47,Fiddler's Arms,Bar,edinburgh,Edinburgh,GB,UK,info@thefiddlersarms.com,+44 1312290327,https://www.thefiddlersarms.com/,11-13 Grassmarket EH1 2HY Edinburgh,55.9469,-3.19787,,,osm,email,2,new,ok,"GB: role address at a business — corporate subscriber, lawful with sender identity + working opt-out (PECR reg.22 / SI 336/2011 reg.13)"
37bd76a0953cc26dd015,Flex Electric,Vehicle rental,edinburgh,Edinburgh,GB,UK,hello@niuedinburgh.com,+44 131 6290850,https://www.niuedinburgh.com/,74 Dalry Road EH11 2AY Edinburgh,55.94418,-3.21846,,,osm,email,2,new,ok,"GB: role address at a business — corporate subscriber, lawful with sender identity + working opt-out (PECR reg.22 / SI 336/2011 reg.13)"
3fabe0c3b99e4f444600,Frenchie,Restaurant,edinburgh,Edinburgh,GB,UK,hello@barfrenchie.com,+44 131 556 5333,https://www.barfrenchie.com/,14 Broughton Street EH1 3RH Edinburgh,55.95706,-3.18839,,,osm,email,2,new,ok,"GB: role address at a business — corporate subscriber, lawful with sender identity + working opt-out (PECR reg.22 / SI 336/2011 reg.13)"
d349d8b59c4a629ee148,George IV Bar,Bar,edinburgh,Edinburgh,GB,UK,info@georgeivbar.com,+44 131 225 6936,https://www.georgeivbar.com/,54-55 George IV Bridge EH1 1EJ Edinburgh,55.94814,-3.19164,,,osm,email,2,new,ok,"GB: role address at a business — corporate subscriber, lawful with sender identity + working opt-out (PECR reg.22 / SI 336/2011 reg.13)"
b79499dcd6c368ab7f31,Glenalmond House,Guesthouse,edinburgh,Edinburgh,GB,UK,enquiries@glenalmondhouse.com,+44 131 668 2392,https://www.glenalmondhouse.com/,25 Mayfield Gardens Edinburgh,55.93235,-3.1724,,,osm,email,2,new,ok,"GB: role address at a business — corporate subscriber, lawful with sender identity + working opt-out (PECR reg.22 / SI 336/2011 reg.13)"
ad9e72bda50d56c3b2f1,Grow Urban,Café,edinburgh,Edinburgh,GB,UK,hello@growurban.uk,+44 131 557 8884,https://growurban.uk/,8B St Vincent Street EH3 6SH Edinburgh,55.95783,-3.20283,,,osm,email,2,new,ok,"GB: role address at a business — corporate subscriber, lawful with sender identity + working opt-out (PECR reg.22 / SI 336/2011 reg.13)"
b6d986fa83a683025e0d,Gym On The Square,Gym & fitness,edinburgh,Edinburgh,GB,UK,hello@gymonthesquare.com,+44 131 210 0450,https://www.gymonthesquare.com/,18A Charlotte Square EH2 4DF Edinburgh,55.95132,-3.20876,,,osm,email,2,new,ok,"GB: role address at a business — corporate subscriber, lawful with sender identity + working opt-out (PECR reg.22 / SI 336/2011 reg.13)"
83c149576312b29f8e9b,Haymarket Hotel,Hotel,edinburgh,Edinburgh,GB,UK,info@haymarket-hotel.co.uk,+44 131 337 1775,https://www.haymarket-hotel.co.uk/,1-11 Coates Gardens EH12 5LG Edinburgh,55.94637,-3.22201,,,osm,email,2,new,ok,"GB: role address at a business — corporate subscriber, lawful with sender identity + working opt-out (PECR reg.22 / SI 336/2011 reg.13)"
b1cf5d046c52f3f24816,Herringbone,Bar,edinburgh,Edinburgh,GB,UK,info@herringbone-abbeyhill.co.uk,+44 131 202 8089,https://www.herringbone-abbeyhill.co.uk/,3 EH7 5DX Edinburgh,55.95741,-3.17287,,,osm,email,2,new,ok,"GB: role address at a business — corporate subscriber, lawful with sender identity + working opt-out (PECR reg.22 / SI 336/2011 reg.13)"
cca802fa69cbb5fb3fe8,Highfield,Guesthouse,edinburgh,Edinburgh,GB,UK,info@highfieldgh.co.uk,+44 131 667 8717,https://www.highfieldgh.co.uk/,83 Mayfield Road Edinburgh,55.92963,-3.17521,,,osm,email,2,new,ok,"GB: role address at a business — corporate subscriber, lawful with sender identity + working opt-out (PECR reg.22 / SI 336/2011 reg.13)"
d46983e9e3dc9b5860da,Holyrood Aparthotel,Hotel,edinburgh,Edinburgh,GB,UK,info@holyroodaparthotel.com,+44 131 524 3200,https://www.holyroodaparthotel.com/,1 Nether Bakehouse EH8 8PE Edinburgh,55.95098,-3.17847,,,osm,email,2,new,ok,"GB: role address at a business — corporate subscriber, lawful with sender identity + working opt-out (PECR reg.22 / SI 336/2011 reg.13)"
55312fe3ff81a1965206,Hone,Gym & fitness,edinburgh,Edinburgh,GB,UK,hello@honepilates.com,,https://www.honepilates.com/the-studio-goldenacre,8A Montagu Terrace EH3 5QX Edinburgh,55.97075,-3.20829,,,osm,email,2,new,ok,"GB: role address at a business — corporate subscriber, lawful with sender identity + working opt-out (PECR reg.22 / SI 336/2011 reg.13)"
a66a71896b52a531ee3a,Jackson the Tailor,Bar,edinburgh,Edinburgh,GB,UK,info@jacksonthetailor.co.uk,+44 131 557 5830,https://www.jacksonthetailor.co.uk/,5-11 Leith Street EH1 3AT Edinburgh,55.95375,-3.1882,,,osm,email,2,new,ok,"GB: role address at a business — corporate subscriber, lawful with sender identity + working opt-out (PECR reg.22 / SI 336/2011 reg.13)"
ff85c050c1271b5d2fc0,Joe & Co,Beauty & spa,edinburgh,Edinburgh,GB,UK,info@joeandcohair.co.uk,+44131 551 2141,http://www.joeandcohair.co.uk/,8 South Trinity Road Edinburgh,55.97145,-3.20762,,,osm,email,2,new,ok,"GB: role address at a business — corporate subscriber, lawful with sender identity + working opt-out (PECR reg.22 / SI 336/2011 reg.13)"
75360e642bda20de2ba1,KUBA,Café,edinburgh,Edinburgh,GB,UK,hello@kubaedinburgh.com,+44 131 557 2479,https://www.kubaedinburgh.com,1 Dundee Street EH3 9FP Edinburgh,55.94204,-3.21296,,,osm,email,2,new,ok,"GB: role address at a business — corporate subscriber, lawful with sender identity + working opt-out (PECR reg.22 / SI 336/2011 reg.13)"
4dd23949ea3b4d061c22,Kathryn Sargent,Tailor,edinburgh,Edinburgh,GB,UK,enquiries@kathrynsargent.com,+44 131 2854077,https://www.kathrynsargent.com/,19B Howe Street EH3 6TE Edinburgh,55.95624,-3.20192,,,osm,email,2,new,ok,"GB: role address at a business — corporate subscriber, lawful with sender identity + working opt-out (PECR reg.22 / SI 336/2011 reg.13)"
4b3fe7fcec7fe1f7d955,Keller,Bar,edinburgh,Edinburgh,GB,UK,contact@kellertaproom.com,,https://www.kellertaproom.com/,23-27 Broughton Street Lane EH1 3JU Edinburgh,55.95726,-3.18767,,,osm,email,2,new,ok,"GB: role address at a business — corporate subscriber, lawful with sender identity + working opt-out (PECR reg.22 / SI 336/2011 reg.13)"
675593a1c30a74fc2c2a,Kestin,Shopping,edinburgh,Edinburgh,GB,UK,support@kestin.co,+44 131 220 6300,https://www.kestin.co/pages/stockbridge-store,7 EH3 6SY Edinburgh,55.95757,-3.2076,,,osm,email,2,new,ok,"GB: role address at a business — corporate subscriber, lawful with sender identity + working opt-out (PECR reg.22 / SI 336/2011 reg.13)"
78edb840c984c7ac1c0c,Kinloch Anderson,Shopping,edinburgh,Leith,GB,UK,enquiries@kinlochanderson.com,+441315551390,https://www.kinlochanderson.com/,4 Dock Street EH6 6EY Leith,55.97681,-3.1738,,,osm,email,2,new,ok,"GB: role address at a business — corporate subscriber, lawful with sender identity + working opt-out (PECR reg.22 / SI 336/2011 reg.13)"
897e7df1afc90e607e6d,La Belle Angèle,Nightlife,edinburgh,Edinburgh,GB,UK,info@la-belleangele.com,+44 131 220 1161,https://la-belleangele.com/,11 Hastie's Close EH1 1HJ Edinburgh,55.94838,-3.18739,,,osm,email,2,new,ok,"GB: role address at a business — corporate subscriber, lawful with sender identity + working opt-out (PECR reg.22 / SI 336/2011 reg.13)"
963e2e5dafd29b7e5892,Lady Libertine,Café,edinburgh,Edinburgh,GB,UK,info@ladylibertine.co.uk,+44 131 322 1020,https://www.ladylibertine.co.uk/,25 West Register Street EH2 2AA Edinburgh,55.95377,-3.1915,,,osm,email,2,new,ok,"GB: role address at a business — corporate subscriber, lawful with sender identity + working opt-out (PECR reg.22 / SI 336/2011 reg.13)"
5da25cb007edf4bdf3bb,La’telve Cafe & Bistro,Café,edinburgh,Edinburgh,GB,UK,hello@latelve.co.uk,+44 131 447 8642,https://latelve.co.uk/,163-165 Morningside Road EH10 4AX Edinburgh,55.92931,-3.20937,,,osm,email,2,new,ok,"GB: role address at a business — corporate subscriber, lawful with sender identity + working opt-out (PECR reg.22 / SI 336/2011 reg.13)"
9eb22c7de490c6949ee8,Leo's Beanery,Café,edinburgh,Edinburgh,GB,UK,info@leosbeanery.co.uk,+44 131 556 8403,https://www.leosbeanery.co.uk/,23/4 Howe Street EH3 6TF Edinburgh,55.95649,-3.20205,,,osm,email,2,new,ok,"GB: role address at a business — corporate subscriber, lawful with sender identity + working opt-out (PECR reg.22 / SI 336/2011 reg.13)"
528253e6f6012421e03e,Liberton Golf Course,Golf,edinburgh,Edinburgh,GB,UK,info@libertongc.co.uk,+44 131 664 3009,https://www.libertongc.co.uk/,297 Gilmerton Road EH16 5UJ Edinburgh,55.91817,-3.14625,,,osm,email,2,new,ok,"GB: role address at a business — corporate subscriber, lawful with sender identity + working opt-out (PECR reg.22 / SI 336/2011 reg.13)"
9359ca517170253d3a72,Luma Pilates,Gym & fitness,edinburgh,Edinburgh,GB,UK,hello@lumapilates.co.uk,+44 131 275 5158,https://www.lumapilates.co.uk/,15 Northumberland Street North East Lane EH3 6LN Edinburgh,55.95767,-3.19778,,,osm,email,2,new,ok,"GB: role address at a business — corporate subscriber, lawful with sender identity + working opt-out (PECR reg.22 / SI 336/2011 reg.13)"
bf870f3b6c2e53581d88,Lyla,Restaurant,edinburgh,Edinburgh,GB,UK,reservations@lylaedinburgh.co.uk,,https://lylaedinburgh.co.uk/,3 Royal Terrace EH7 5AB Edinburgh,55.9568,-3.18067,,,osm,email,2,new,ok,"GB: role address at a business — corporate subscriber, lawful with sender identity + working opt-out (PECR reg.22 / SI 336/2011 reg.13)"
eb74068e9da3978cf96d,MacKays on the Mile,Bar,edinburgh,Edinburgh,GB,UK,reservations@mackaysonthemile.com,+44 131 558 7425,https://mackaysonthemile.com/,223 Canongate EH8 8BJ Edinburgh,55.95119,-3.18142,,,osm,email,2,new,ok,"GB: role address at a business — corporate subscriber, lawful with sender identity + working opt-out (PECR reg.22 / SI 336/2011 reg.13)"
43b4750e79bb3cc8d94f,Maki & Ramen,Restaurant,edinburgh,Edinburgh,GB,UK,info@makiramen.com,,https://www.makiramen.com/,37 Leith Street EH1 3AT Edinburgh,55.95413,-3.18749,,,osm,email,2,new,ok,"GB: role address at a business — corporate subscriber, lawful with sender identity + working opt-out (PECR reg.22 / SI 336/2011 reg.13)"
af0142adb5fe8f1c5675,Malones Irish Bar,Bar,edinburgh,Edinburgh,GB,UK,bookings@malonesleith.com,,http://www.malonesleith.com/,48-52 Constitution Street EH6 6RS Edinburgh,55.97473,-3.16743,,,osm,email,2,new,ok,"GB: role address at a business — corporate subscriber, lawful with sender identity + working opt-out (PECR reg.22 / SI 336/2011 reg.13)"
ccb8aaf0d250064a55af,Masti,Restaurant,edinburgh,Edinburgh,GB,UK,hello@masti.uk,+44 131 447 4777,https://masti.uk/,86-88 Morningside Road EH10 4BY Edinburgh,55.93211,-3.2102,,,osm,email,2,new,ok,"GB: role address at a business — corporate subscriber, lawful with sender identity + working opt-out (PECR reg.22 / SI 336/2011 reg.13)"
a112557fc9df5be7a70a,Matto,Restaurant,edinburgh,Edinburgh,GB,UK,info@mattopizza.co.uk,+44 131 259 3130,https://mattopizza.co.uk/morningside/,370-372 Morningside Road EH10 5HS Edinburgh,55.92651,-3.2094,,,osm,email,2,new,ok,"GB: role address at a business — corporate subscriber, lawful with sender identity + working opt-out (PECR reg.22 / SI 336/2011 reg.13)"
259b46dfc8bc9c3992e3,McLarens,Restaurant,edinburgh,Edinburgh,GB,UK,reservations@mclarensonthecorner.co.uk,+44 131 370 3322,https://mclarensonthecorner.co.uk/,8 Morningside Road EH10 4DD Edinburgh,55.9343,-3.21051,,,osm,email,2,new,ok,"GB: role address at a business — corporate subscriber, lawful with sender identity + working opt-out (PECR reg.22 / SI 336/2011 reg.13)"
ba837f7fcd3be6604acf,Merith House Hotel,Hotel,edinburgh,Edinburgh,GB,UK,info@merithhousehotel.co.uk,+44 131 554 5045,https://www.merithhousehotel.co.uk/,2-3 Hermitage Place Edinburgh,55.96917,-3.16405,,,osm,email,2,new,ok,"GB: role address at a business — corporate subscriber, lawful with sender identity + working opt-out (PECR reg.22 / SI 336/2011 reg.13)"
ce50f188b7daf096d247,Mia Italian Kitchen,Restaurant,edinburgh,Edinburgh,GB,UK,info@mia-restaurant.co.uk,+44 131 629 1750,https://mia-restaurant.co.uk/,96 Dalry Road EH11 2AX Edinburgh,55.94375,-3.21934,,,osm,email,2,new,ok,"GB: role address at a business — corporate subscriber, lawful with sender identity + working opt-out (PECR reg.22 / SI 336/2011 reg.13)"
02cd35c5b48ac611d89f,Mia Italian Kitchen,Restaurant,edinburgh,Edinburgh,GB,UK,info@mia-restaurant.co.uk,+44 131 629 1019,https://mia-restaurant.co.uk/morningside/,392-394 Morningside Road EH10 5HX Edinburgh,55.92584,-3.20956,,,osm,email,2,new,ok,"GB: role address at a business — corporate subscriber, lawful with sender identity + working opt-out (PECR reg.22 / SI 336/2011 reg.13)"
f735c02269963d2f4be2,Minami,Restaurant,edinburgh,Edinburgh,GB,UK,order@minami-sushi.co.uk,+44 7397 671398,https://minami-sushi.co.uk/,9 West Register Street EH2 2AA Edinburgh,55.9536,-3.19048,,,osm,email,2,new,ok,"GB: role address at a business — corporate subscriber, lawful with sender identity + working opt-out (PECR reg.22 / SI 336/2011 reg.13)"
c1bb3ecdd9c69775e77d,Muse Hair,Beauty & spa,edinburgh,Edinburgh,GB,UK,info@musehair.com,+44 131 554 4553,https://www.musehair.com/,43 Ferry Road Edinburgh,55.97501,-3.18056,,,osm,email,2,new,ok,"GB: role address at a business — corporate subscriber, lawful with sender identity + working opt-out (PECR reg.22 / SI 336/2011 reg.13)"
7408e244f0c737d57d4f,Museum Apartments,Apartment,edinburgh,,GB,UK,info@caltonliving.com,+44 131 370 3663,https://museum-apartments.com/,,55.94731,-3.19094,,,osm,email,2,new,ok,"GB: role address at a business — corporate subscriber, lawful with sender identity + working opt-out (PECR reg.22 / SI 336/2011 reg.13)"
bdd56d3ee4fd0732408d,Naturalaser,Beauty & spa,edinburgh,Edinburgh,GB,UK,booking@naturalaser.com,+44 131 510 0407,https://www.naturalaser.co.uk/,32 Craighall Road Edinburgh,55.97719,-3.19737,,,osm,email,2,new,ok,"GB: role address at a business — corporate subscriber, lawful with sender identity + working opt-out (PECR reg.22 / SI 336/2011 reg.13)"
b4c8ff5ccde55fb8f86f,New Town Hotel,Hotel,edinburgh,Edinburgh,GB,UK,info@newtownhotel.co.uk,+44 131 478 4748,https://www.newtownhotel.co.uk/,8-10-12 York Place EH1 3EP Edinburgh,55.95614,-3.19231,,,osm,email,2,new,ok,"GB: role address at a business — corporate subscriber, lawful with sender identity + working opt-out (PECR reg.22 / SI 336/2011 reg.13)"
0ddf4259923db77d5a2f,Ocean Mist,Hotel,edinburgh,Edinburgh,GB,UK,info@oceanmistleith.com,+44 131 322 3330,https://www.oceanmistleith.com,14 Shore EH6 6QN Edinburgh,55.97675,-3.16972,,,osm,email,2,new,ok,"GB: role address at a business — corporate subscriber, lawful with sender identity + working opt-out (PECR reg.22 / SI 336/2011 reg.13)"
9e18601450d84770c5c3,OriganoGo,Street food,edinburgh,Edinburgh,GB,UK,info@origano-leith.co.uk,+44 131 555 1009,https://www.origano-leith.co.uk/food-takeaway/,277 Leith Walk EH6 8PD Edinburgh,55.9655,-3.1758,,,osm,email,2,new,ok,"GB: role address at a business — corporate subscriber, lawful with sender identity + working opt-out (PECR reg.22 / SI 336/2011 reg.13)"
a2813d0ee479b8b18ca3,Oscar Lili Bridal,Shopping,edinburgh,Edinburgh,GB,UK,info@oscarlili.co.uk,+44 131 447 1877,https://www.oscarlili.co.uk/,30 Comiston Road EH10 5QE Edinburgh,55.92455,-3.21011,,,osm,email,2,new,ok,"GB: role address at a business — corporate subscriber, lawful with sender identity + working opt-out (PECR reg.22 / SI 336/2011 reg.13)"
938f44f59cb90b48ee08,Palmerston Suites,Apartment,edinburgh,Edinburgh,GB,UK,info@palmerstonsuites.com,+44 131 226 1242,http://www.palmerstonsuites.com/,37 Palmerston Place Edinburgh,55.94969,-3.21861,,,osm,email,2,new,ok,"GB: role address at a business — corporate subscriber, lawful with sender identity + working opt-out (PECR reg.22 / SI 336/2011 reg.13)"
49c63a24b598b8bbf63c,Pear Tree,Bar,edinburgh,Edinburgh,GB,UK,info@peartreeedinburgh.co.uk,+44 131 667 7533,https://www.peartreeedinburgh.co.uk/,38 West Nicolson Street EH8 9DD Edinburgh,55.94444,-3.18528,,,osm,email,2,new,ok,"GB: role address at a business — corporate subscriber, lawful with sender identity + working opt-out (PECR reg.22 / SI 336/2011 reg.13)"
4d5b37167dd32ef1ca69,Pizza Geeks,Restaurant,edinburgh,Edinburgh,GB,UK,hello@pizzageeks.co.uk,,https://pizzageeks.co.uk,126 Easter Road EH7 5RJ Edinburgh,55.95966,-3.17141,,,osm,email,2,new,ok,"GB: role address at a business — corporate subscriber, lawful with sender identity + working opt-out (PECR reg.22 / SI 336/2011 reg.13)"
cc46becbbf4796f79204,Priestville Guest House,Guesthouse,edinburgh,Edinburgh,GB,UK,bookings@priestville.com,+44 131 667 2435,https://www.priestville.com/,10 Priestfield Road Edinburgh,55.93546,-3.16697,,,osm,email,2,new,ok,"GB: role address at a business — corporate subscriber, lawful with sender identity + working opt-out (PECR reg.22 / SI 336/2011 reg.13)"
df5e87c0bf3396234df7,Princes Street Hostel,Hostel,edinburgh,Edinburgh,GB,UK,hello@princesstreethostel.com,+44 7553 137828,https://princesstreethostel.com/,5 West Register Street EH2 2AA Edinburgh,55.95362,-3.19034,,,osm,email,2,new,ok,"GB: role address at a business — corporate subscriber, lawful with sender identity + working opt-out (PECR reg.22 / SI 336/2011 reg.13)"
0cd1b9bc0ce8f5661527,Rachel Scott Accessories,Shopping,edinburgh,Edinburgh,GB,UK,enquiries@rachelscottaccessories.co.uk,+44 131 556 7325,https://rachelscottaccessories.co.uk/,42 Dundas Street EH3 6JN Edinburgh,55.95755,-3.19976,,,osm,email,2,new,ok,"GB: role address at a business — corporate subscriber, lawful with sender identity + working opt-out (PECR reg.22 / SI 336/2011 reg.13)"
e5b2580d793fb5d41c67,Rachel Scott Bridal Couture,Shopping,edinburgh,Edinburgh,GB,UK,enquiries@rachelscottcouture.co.uk,+44 131 556 1520,https://rachelscottcouture.co.uk/,3 Dundas Street EH3 6QG Edinburgh,55.95626,-3.19837,,,osm,email,2,new,ok,"GB: role address at a business — corporate subscriber, lawful with sender identity + working opt-out (PECR reg.22 / SI 336/2011 reg.13)"
3566fa460c2e30a405fe,Rejuv Skin Clinic,Beauty & spa,edinburgh,Edinburgh,GB,UK,info@themorrisonpartnership.co.uk,+44 131 343 3114,http://www.themorrisonpartnership.co.uk/,242 Queensferry Road Edinburgh,55.95766,-3.24968,,,osm,email,2,new,ok,"GB: role address at a business — corporate subscriber, lawful with sender identity + working opt-out (PECR reg.22 / SI 336/2011 reg.13)"
2676422a978da60ba5fa,Rogerson Shoes,Shopping,edinburgh,Edinburgh,GB,UK,info@rogersonshoes.com,+44 131 220 1775,https://www.rogersonshoes.com/map/rogersons-edinburgh,126-128 Rose Street EH2 3JF Edinburgh,55.95196,-3.20131,,,osm,email,2,new,ok,"GB: role address at a business — corporate subscriber, lawful with sender identity + working opt-out (PECR reg.22 / SI 336/2011 reg.13)"
0035a91cad5e4fc92432,Room to Move,Gym & fitness,edinburgh,Edinburgh,GB,UK,info@accessparkour.com,+447980650203,https://www.accessparkour.com/,41 West Bowling Green Street EH6 5NX Edinburgh,55.97211,-3.18454,,,osm,email,2,new,ok,"GB: role address at a business — corporate subscriber, lawful with sender identity + working opt-out (PECR reg.22 / SI 336/2011 reg.13)"
de97d438cb2faa4fab25,Roseleaf,Bar,edinburgh,Edinburgh,GB,UK,info@roseleaf.co.uk,+44 131 476 5268,https://www.roseleaf.co.uk/,23-24 Sandport Place EH6 6EW Edinburgh,55.97597,-3.17346,,,osm,email,2,new,ok,"GB: role address at a business — corporate subscriber, lawful with sender identity + working opt-out (PECR reg.22 / SI 336/2011 reg.13)"
c8a42ffffe41fe3b0b5e,Sink & Anchor,Beauty & spa,edinburgh,Edinburgh,GB,UK,info@sinkandanchor.com,+44131 629 4404,https://sinkandanchor.com/,48 East Fountainbridge EH3 9BH Edinburgh,55.94507,-3.20465,,,osm,email,2,new,ok,"GB: role address at a business — corporate subscriber, lawful with sender identity + working opt-out (PECR reg.22 / SI 336/2011 reg.13)"
1ce8d87f54ff7681e9cb,Sloe Lane Bakery,Bakery,edinburgh,Edinburgh,GB,UK,hello@sloelanebakery.co.uk,,https://www.sloelanebakery.co.uk/,106 Leith Walk EH6 5DT Edinburgh,55.96881,-3.17362,,,osm,email,2,new,ok,"GB: role address at a business — corporate subscriber, lawful with sender identity + working opt-out (PECR reg.22 / SI 336/2011 reg.13)"
46db888219de9804ede6,Soctopus,Shopping,edinburgh,Edinburgh,GB,UK,info@soctopus.co.uk,,https://soctopus.co.uk/,123 High Street EH1 1SG Edinburgh,55.95041,-3.18666,,,osm,email,2,new,ok,"GB: role address at a business — corporate subscriber, lawful with sender identity + working opt-out (PECR reg.22 / SI 336/2011 reg.13)"
4e3ed7a03aae5c551213,Soul Therapy Wellbeing,Beauty & spa,edinburgh,Edinburgh,GB,UK,info@soultherapywelling.com,+44 7740 684364,https://www.soultherapywellbeing.com/,94 Montgomery Street EH7 5HE Edinburgh,55.95922,-3.17733,,,osm,email,2,new,ok,"GB: role address at a business — corporate subscriber, lawful with sender identity + working opt-out (PECR reg.22 / SI 336/2011 reg.13)"
64ebbb1e26ab59cd691a,Spirit of Scotland,Attraction,edinburgh,,GB,UK,info@spiritofscotlandshow.co.uk,+44 131 618 9899,https://spiritofscotlandshow.co.uk/,,55.94662,-3.18534,,,osm,email,2,new,ok,"GB: role address at a business — corporate subscriber, lawful with sender identity + working opt-out (PECR reg.22 / SI 336/2011 reg.13)"
5d94bf96b99a00e08d2a,Stramash,Nightlife,edinburgh,Edinburgh,GB,UK,info@stramashedinburgh.com,+441316234353,https://www.stramashedinburgh.com/,209 Cowgate EH1 1JQ Edinburgh,55.94856,-3.1878,,,osm,email,2,new,ok,"GB: role address at a business — corporate subscriber, lawful with sender identity + working opt-out (PECR reg.22 / SI 336/2011 reg.13)"
d93a5a262b611dcb99ce,Studio 15,Beauty & spa,edinburgh,,GB,UK,hello@studio15.org.uk,+44131 551 7741,https://studio15.org.uk/,15 Boswall Road EH5 3RW,55.97956,-3.21257,,,osm,email,2,new,ok,"GB: role address at a business — corporate subscriber, lawful with sender identity + working opt-out (PECR reg.22 / SI 336/2011 reg.13)"
fef018bde963e6e1e9b4,Substance,Beauty & spa,edinburgh,Edinburgh,GB,UK,hello@substancebarbershop.co.uk,+44 131 466 4179,,8 Home Street EH3 9LY Edinburgh,55.94358,-3.20396,,,osm,email,2,new,ok,"GB: role address at a business — corporate subscriber, lawful with sender identity + working opt-out (PECR reg.22 / SI 336/2011 reg.13)"
baa11aeb7e3f127639ee,Sugar Daddy's,Bakery,edinburgh,Edinburgh,GB,UK,hello@youneedcake.co.uk,,https://www.youneedcake.co.uk/,8 Roseneath Street EH9 1JH Edinburgh,55.93826,-3.19233,,,osm,email,2,new,ok,"GB: role address at a business — corporate subscriber, lawful with sender identity + working opt-out (PECR reg.22 / SI 336/2011 reg.13)"
efc9aa3158f27911c3b9,Ten Hill Place,Hotel,edinburgh,Edinburgh,GB,UK,reservations@tenhillplace.com,+44 131 662 2080,https://www.tenhillplace.com/,10 Hill Place EH8 9DS Edinburgh,55.94637,-3.18361,,,osm,email,2,new,ok,"GB: role address at a business — corporate subscriber, lawful with sender identity + working opt-out (PECR reg.22 / SI 336/2011 reg.13)"
ee58482928163ae643c8,That Rosie Glow,Beauty & spa,edinburgh,Edinburgh,GB,UK,hello@thatrosieglow.com,+44 131 661 4927,,11 Edinburgh,55.95738,-3.17078,,,osm,email,2,new,ok,"GB: role address at a business — corporate subscriber, lawful with sender identity + working opt-out (PECR reg.22 / SI 336/2011 reg.13)"
655c4abbb1b505284c88,The Alexander,Guesthouse,edinburgh,Edinburgh,GB,UK,info@thealexanderguesthouse.co.uk,+44 131 258 4028,https://www.thealexanderguesthouse.co.uk/,35 Mayfield Gardens Edinburgh,55.9318,-3.1718,,,osm,email,2,new,ok,"GB: role address at a business — corporate subscriber, lawful with sender identity + working opt-out (PECR reg.22 / SI 336/2011 reg.13)"
b4d49a94277be647ed54,The Artisan,Bar,edinburgh,,GB,UK,info@theartisanbar.co.uk,+44 131 661 1603,https://www.theartisanbar.co.uk/,35-36 London Road EH7 5BQ,55.95751,-3.16937,,,osm,email,2,new,ok,"GB: role address at a business — corporate subscriber, lawful with sender identity + working opt-out (PECR reg.22 / SI 336/2011 reg.13)"
10e2190f27814a082e4d,The Ashlyn Guest House,Guesthouse,edinburgh,Edinburgh,GB,UK,info@ashlynguesthouse.com,+44 131 552 2954,http://www.ashlynguesthouse.com/,42 Inverleith Row EH3 5PY Edinburgh,55.96917,-3.20745,,,osm,email,2,new,ok,"GB: role address at a business — corporate subscriber, lawful with sender identity + working opt-out (PECR reg.22 / SI 336/2011 reg.13)"
24270d440ab37f342ff5,The Beach House Bakery,Bakery,edinburgh,Edinburgh,GB,UK,admin@the-beachhouse.org,,https://www.thebeachhousecafe.co.uk/,7 Carron Place EH6 7RE Edinburgh,55.97314,-3.15734,,,osm,email,2,new,ok,"GB: role address at a business — corporate subscriber, lawful with sender identity + working opt-out (PECR reg.22 / SI 336/2011 reg.13)"
3a655f5f5cc686b794d9,The Ben Doran,Guesthouse,edinburgh,Edinburgh,GB,UK,info@bendoran.co.uk,+44 131 667 8488,https://www.bendoran.co.uk/,11 Mayfield Gardens EH9 2AX Edinburgh,55.93347,-3.17349,,,osm,email,2,new,ok,"GB: role address at a business — corporate subscriber, lawful with sender identity + working opt-out (PECR reg.22 / SI 336/2011 reg.13)"
58549f86f89d94418247,The Bonnington Guest House,Guesthouse,edinburgh,Edinburgh,GB,UK,info@thebonningtonguesthouse.com,+44 131 554 7610,https://thebonningtonguesthouse.com/,202 Ferry Road EH6 4NW Edinburgh,55.97376,-3.19154,,,osm,email,2,new,ok,"GB: role address at a business — corporate subscriber, lawful with sender identity + working opt-out (PECR reg.22 / SI 336/2011 reg.13)"
5f3713f92a7ea5ef90f3,"The Caledonian Edinburgh, Curio Collection by Hilton",Hotel,edinburgh,Edinburgh,GB,UK,reservations@edinburghcaledonian.com,+44 131 222 8888,https://www.hilton.com/en/hotels/ednchqq-the-caledonian-edinburgh/,4 Lothian Road EH1 2AB Edinburgh,55.94956,-3.20748,,,osm,email,2,new,ok,"GB: role address at a business — corporate subscriber, lawful with sender identity + working opt-out (PECR reg.22 / SI 336/2011 reg.13)"
decb7468eb92c1b880a3,The Canny Man's,Bar,edinburgh,Edinburgh,GB,UK,info@cannymans.co.uk,+44 131 447 1484,https://www.cannymans.co.uk/,237 Morningside Road EH10 4QU Edinburgh,55.92757,-3.20912,,,osm,email,2,new,ok,"GB: role address at a business — corporate subscriber, lawful with sender identity + working opt-out (PECR reg.22 / SI 336/2011 reg.13)"
5b83d7b2a8489c754b41,The Clay Oven,Street food,edinburgh,Edinburgh,GB,UK,info@TheClayOven.net,+44 131 447 9724,https://www.theclayoven.net,176 Morningside Road EH10 4PU Edinburgh,55.92911,-3.20974,,,osm,email,2,new,ok,"GB: role address at a business — corporate subscriber, lawful with sender identity + working opt-out (PECR reg.22 / SI 336/2011 reg.13)"
95670261aa105db666ca,The Cottage,Restaurant,edinburgh,Edinburgh,GB,UK,hello@thecottageedinburgh.com,,https://www.thecottageedinburgh.com/,1 London Road EH7 5DX Edinburgh,55.95748,-3.18069,,,osm,email,2,new,ok,"GB: role address at a business — corporate subscriber, lawful with sender identity + working opt-out (PECR reg.22 / SI 336/2011 reg.13)"
68add3ab0f74297869dd,The Doghouse,Bar,edinburgh,Edinburgh,GB,UK,info@thedoghouseedinburgh.co.uk,+44 131 629 0275,https://thedoghouseedinburgh.co.uk/,18-24 Clerk Street EH8 9HX Edinburgh,55.94274,-3.18249,,,osm,email,2,new,ok,"GB: role address at a business — corporate subscriber, lawful with sender identity + working opt-out (PECR reg.22 / SI 336/2011 reg.13)"
4b91e66038cb843e8ebe,The Finch,Bar,edinburgh,Edinburgh,GB,UK,enquiries@finchedinburgh.com,+44 131 259 1350,https://www.finchedinburgh.com/,2-4 Bath Road Edinburgh,55.97457,-3.16072,,,osm,email,2,new,ok,"GB: role address at a business — corporate subscriber, lawful with sender identity + working opt-out (PECR reg.22 / SI 336/2011 reg.13)"
16e9de7bbd50c6c422bb,The Four Sisters,Hotel,edinburgh,Edinburgh,GB,UK,enquiries@thefoursisters.co.uk,+44 7445 494331,https://www.thefoursisters.co.uk,Lochrin Basin EH3 9QP Edinburgh,55.94265,-3.20799,,,osm,email,2,new,ok,"GB: role address at a business — corporate subscriber, lawful with sender identity + working opt-out (PECR reg.22 / SI 336/2011 reg.13)"
4cf79cec965ac065249f,The Mash House,Nightlife,edinburgh,Edinburgh,GB,UK,info@themashhouse.co.uk,+44 131 220 2514,https://themashhouse.co.uk/,37 Guthrie Street EH1 1JG Edinburgh,55.94837,-3.18764,,,osm,email,2,new,ok,"GB: role address at a business — corporate subscriber, lawful with sender identity + working opt-out (PECR reg.22 / SI 336/2011 reg.13)"
a3bd6f6fa5c5da7263ad,The Regent,Bar,edinburgh,Edinburgh,GB,UK,info@theregentbar.co.uk,+44 131 661 8198,https://theregentbar.co.uk/,2 Montrose Terrace EH7 5DL Edinburgh,55.95633,-3.17194,,,osm,email,2,new,ok,"GB: role address at a business — corporate subscriber, lawful with sender identity + working opt-out (PECR reg.22 / SI 336/2011 reg.13)"
7c8fc312e4562c7377b0,The Royal Mile Tavern,Bar,edinburgh,Edinburgh,GB,UK,info@royalmiletavern.com,+44 131 557 9681,https://www.royalmiletavern.com/,127 High Street EH1 1SG Edinburgh,55.9504,-3.18677,,,osm,email,2,new,ok,"GB: role address at a business — corporate subscriber, lawful with sender identity + working opt-out (PECR reg.22 / SI 336/2011 reg.13)"
7a25325dea3304f78cbc,The Spires,Apartment,edinburgh,Edinburgh,GB,UK,info@thespires.co.uk,+44 845 2700090,https://www.thespires.co.uk/serviced-apartments-in-edinburgh-city-centre,93-95 Hanover Street EH2 1DJ Edinburgh,55.95442,-3.19744,,,osm,email,2,new,ok,"GB: role address at a business — corporate subscriber, lawful with sender identity + working opt-out (PECR reg.22 / SI 336/2011 reg.13)"
838a9fc562c72ea1cda2,The Wildcat,Bar,edinburgh,Edinburgh,GB,UK,info@thewildcatbar.com,,https://thewildcatbar.com/,11-13 Tarvit Street EH3 9LB Edinburgh,55.94223,-3.20277,,,osm,email,2,new,ok,"GB: role address at a business — corporate subscriber, lawful with sender identity + working opt-out (PECR reg.22 / SI 336/2011 reg.13)"
9a09095699f6b16960aa,Two Wheels,Vehicle rental,edinburgh,Edinburgh,GB,UK,sales@twowheels.co.uk,+44 131 667 7305,https://www.twowheels.co.uk/,36 Peffermill Road EH16 5LL Edinburgh,55.93085,-3.15652,,,osm,email,2,new,ok,"GB: role address at a business — corporate subscriber, lawful with sender identity + working opt-out (PECR reg.22 / SI 336/2011 reg.13)"
7c4482a6b053dd338c8a,Tynecastle Park Hotel,Hotel,edinburgh,Edinburgh,GB,UK,reservations@tynecastleparkhotel.com,+44 131 287 2340,https://tynecastleparkhotel.com/,McLeod Street EH11 2NL Edinburgh,55.93912,-3.23123,,,osm,email,2,new,ok,"GB: role address at a business — corporate subscriber, lawful with sender identity + working opt-out (PECR reg.22 / SI 336/2011 reg.13)"
5dc16e554fcd1fa6eee7,Typewronger Booke,Shopping,edinburgh,Edinburgh,GB,UK,info@typewronger.com,+44 772 105 8861,https://typewronger.com/,22 Bruntsfield Place EH10 4HN Edinburgh,55.93979,-3.20469,,,osm,email,2,new,ok,"GB: role address at a business — corporate subscriber, lawful with sender identity + working opt-out (PECR reg.22 / SI 336/2011 reg.13)"
ba8c04371acfca330f4e,Victoria Park House Hotel,Hotel,edinburgh,Edinburgh,GB,UK,enquiries@vphotel.co.uk,+44 131 454 2060,https://www.vphotel.co.uk/,221 Ferry Road EH6 4NN Edinburgh,55.97323,-3.19152,,,osm,email,2,new,ok,"GB: role address at a business — corporate subscriber, lawful with sender identity + working opt-out (PECR reg.22 / SI 336/2011 reg.13)"
d9c173d394df6b32b7e0,Vinette,Restaurant,edinburgh,Edinburgh,GB,UK,reservations@vinette.co.uk,+441312590974,https://www.vinette.co.uk/,36 Broughton Street EH1 3SB Edinburgh,55.95812,-3.18976,,,osm,email,2,new,ok,"GB: role address at a business — corporate subscriber, lawful with sender identity + working opt-out (PECR reg.22 / SI 336/2011 reg.13)"
520ba0f9ecc10fa75ced,Vivien,Bar,edinburgh,Edinburgh,GB,UK,hello@vivienedinburgh.co.uk,,https://www.vivienedinburgh.co.uk/,1 Barony Street EH3 6NY Edinburgh,55.95815,-3.18994,,,osm,email,2,new,ok,"GB: role address at a business — corporate subscriber, lawful with sender identity + working opt-out (PECR reg.22 / SI 336/2011 reg.13)"
d3733c2e6c0de8c74874,Whistle Binkies,Bar,edinburgh,Edinburgh,GB,UK,info@whistlebinkies.com,+44 131 557 5114,https://www.whistlebinkies.com/,4-6 South Bridge EH1 1LL Edinburgh,55.94993,-3.18726,,,osm,email,2,new,ok,"GB: role address at a business — corporate subscriber, lawful with sender identity + working opt-out (PECR reg.22 / SI 336/2011 reg.13)"
c79692824e531866009d,Winekraft,Wine & spirits,edinburgh,Edinburgh,GB,UK,info@pollination.co.uk,,,42 Ashley Terrace EH11 1RY Edinburgh,55.93348,-3.22971,,,osm,email,2,new,ok,"GB: role address at a business — corporate subscriber, lawful with sender identity + working opt-out (PECR reg.22 / SI 336/2011 reg.13)"
8d431ed39396e78a2e78,Woolkind,Shopping,edinburgh,,GB,UK,hello@woolkind.com,+44 131 563 8556,https://woolkind.com/,4a Thirlestane Lane EH9 1AJ,55.93497,-3.19501,,,osm,email,2,new,ok,"GB: role address at a business — corporate subscriber, lawful with sender identity + working opt-out (PECR reg.22 / SI 336/2011 reg.13)"
c35f50273ae09bd80716,Yarn,Restaurant,edinburgh,Edinburgh,GB,UK,info@yaranrestaurant.co.uk,+44 131 475 8309,https://yaranrestaurant.co.uk/,55 Frederick Street EH2 1LH Edinburgh,55.95394,-3.20065,,,osm,email,2,new,ok,"GB: role address at a business — corporate subscriber, lawful with sender identity + working opt-out (PECR reg.22 / SI 336/2011 reg.13)"
34d32007107316c118cb,Yenzee,Souvenirs & gifts,edinburgh,Edinburgh,GB,UK,customerservice@yenzee.co.uk,+44 1312 590134,https://www.yenzee.co.uk/,306 Morningside Road EH10 4QH Edinburgh,55.92775,-3.20958,,,osm,email,2,new,ok,"GB: role address at a business — corporate subscriber, lawful with sender identity + working opt-out (PECR reg.22 / SI 336/2011 reg.13)"
742521a25c941033551d,Yuu Beauty,Beauty & spa,edinburgh,Edinburgh,GB,UK,reception@yuubeauty.co.uk,+44 131 555 1656,https://www.yuubeauty.co.uk/,38 Craighall Road Edinburgh,55.97692,-3.19727,,,osm,email,2,new,ok,"GB: role address at a business — corporate subscriber, lawful with sender identity + working opt-out (PECR reg.22 / SI 336/2011 reg.13)"
57376d8cb3901e50b25b,kul,Café,edinburgh,Edinburgh,GB,UK,hi@kulcoffee.co.uk,,,15 Elm Row EH7 4AA Edinburgh,55.95869,-3.18331,,,osm,email,2,new,ok,"GB: role address at a business — corporate subscriber, lawful with sender identity + working opt-out (PECR reg.22 / SI 336/2011 reg.13)"
448776c557ff38b8cfce,voco,Hotel,edinburgh,Edinburgh,GB,UK,reception@royalterracehotel.co.uk,+44 1315573222,https://www.ihg.com/voco/hotels/gb/en/edinburgh/edits/hoteldetail,18 Royal Terrace EH7 5AQ Edinburgh,55.95672,-3.17855,,,osm,email,2,new,ok,"GB: role address at a business — corporate subscriber, lawful with sender identity + working opt-out (PECR reg.22 / SI 336/2011 reg.13)"
3af0f5933800c7572e40,Abaarco Vapes & Off Licence,Wine & spirits,liverpool,Liverpool,GB,UK,sales@abaarco.com,+447344473443,https://www.abaarco.co.uk/,2 Vauxhall Road L3 2BG Liverpool,53.41124,-2.98783,,,osm,email,2,new,ok,"GB: role address at a business — corporate subscriber, lawful with sender identity + working opt-out (PECR reg.22 / SI 336/2011 reg.13)"
a4006184e2c84d8ed723,Bacaro,Restaurant,liverpool,Liverpool,GB,UK,reservations@salthousebacaro.com,+44 151 665 0047,https://www.salthousebacaro.co.uk/,47 Castle Street L2 9UB Liverpool,53.40569,-2.99018,,,osm,email,2,new,ok,"GB: role address at a business — corporate subscriber, lawful with sender identity + working opt-out (PECR reg.22 / SI 336/2011 reg.13)"
a447e270923b11c9556b,Castle St Townhouse,Restaurant,liverpool,Liverpool,GB,UK,info@castlesttownhouse.co.uk,+44 151 363 7509,http://castlestreettownhouse.co.uk/,Castle Street L2 4TA Liverpool,53.40638,-2.99067,,,osm,email,2,new,ok,"GB: role address at a business — corporate subscriber, lawful with sender identity + working opt-out (PECR reg.22 / SI 336/2011 reg.13)"
f1af07ce9a72743d4d7d,Lock & Key,Hotel,liverpool,Liverpool,GB,UK,enquiries@lockandkeyhotels.com,+44 7903982745,https://lockandkeyhotels.com/,15-17 Duke Street L1 5AP Liverpool,53.4026,-2.98452,,,osm,email,2,new,ok,"GB: role address at a business — corporate subscriber, lawful with sender identity + working opt-out (PECR reg.22 / SI 336/2011 reg.13)"
54b77ee8dcf73479d395,MerseyMade,Souvenirs & gifts,liverpool,Liverpool,GB,UK,info@merseymade.uk,+44 151 271 7025,https://merseymade.uk/,"Unit 2, 98 Paradise Street L1 3HJ Liverpool",53.40209,-2.98613,,,osm,email,2,new,ok,"GB: role address at a business — corporate subscriber, lawful with sender identity + working opt-out (PECR reg.22 / SI 336/2011 reg.13)"
5321559f3d4bf5521df0,The Navy Bar,Bar,liverpool,Liverpool,GB,UK,info@navybarliverpool.co.uk,+44 151 231 1456,http://www.navybarliverpool.co.uk/,27-29 Stanley Street L1 6AA Liverpool,53.40846,-2.98872,,,osm,email,2,new,ok,"GB: role address at a business — corporate subscriber, lawful with sender identity + working opt-out (PECR reg.22 / SI 336/2011 reg.13)"
f270d77f12edc42c5e5f,The Shankly Hotel,Hotel,liverpool,Liverpool,GB,UK,reservations@shanklyhotel.com,+44 151 459 3383,https://shanklyhotel.com/,60 Victoria Street L1 6JD Liverpool,53.40808,-2.98408,,,osm,email,2,new,ok,"GB: role address at a business — corporate subscriber, lawful with sender identity + working opt-out (PECR reg.22 / SI 336/2011 reg.13)"
c0d7e35ea63a7dcf54fe,.Kip,Hotel,london,London,GB,UK,hello@getsomekip.com,+44 20 8629 7884,https://getsomekip.com/,2 Amhurst Road E8 1JW London,51.54745,-0.05635,,,osm,email,2,new,ok,"GB: role address at a business — corporate subscriber, lawful with sender identity + working opt-out (PECR reg.22 / SI 336/2011 reg.13)"
bdcfc72436ddaac061ac,14 Hills,Restaurant,london,London,GB,UK,hello@14hills.co.uk,+44 20 3981 5222,https://14hills.co.uk,120 Fenchurch Street EC3M 5BA London,51.51226,-0.08082,,,osm,email,2,new,ok,"GB: role address at a business — corporate subscriber, lawful with sender identity + working opt-out (PECR reg.22 / SI 336/2011 reg.13)"
f20ee46e16d536857c25,26 Furnival Street,Bar,london,London,GB,UK,hello@26furnivalstreet.com,+44 20 3301 7555,https://www.26furnivalstreet.com/,26 Furnival Street EC4A 1JS London,51.51671,-0.11036,,,osm,email,2,new,ok,"GB: role address at a business — corporate subscriber, lawful with sender identity + working opt-out (PECR reg.22 / SI 336/2011 reg.13)"
7588b10daf59da936903,Agora,Restaurant,london,London,GB,UK,hello@agora.london,,https://www.agora.london/,2-4 Bedale Street SE1 9AL London,51.50537,-0.09004,,,osm,email,2,new,ok,"GB: role address at a business — corporate subscriber, lawful with sender identity + working opt-out (PECR reg.22 / SI 336/2011 reg.13)"
5e76b8510013101057a4,Alhambra Hotel,Hotel,london,London,GB,UK,reservations@alhambrahotel.com,+44 7487 206874,https://www.alhambrahotel.com/,20 Argyle Street WC1H 8EG London,51.52916,-0.12393,,,osm,email,2,new,ok,"GB: role address at a business — corporate subscriber, lawful with sender identity + working opt-out (PECR reg.22 / SI 336/2011 reg.13)"
08060e7f33e291b61606,Alpha Shadows,Shopping,london,London,GB,UK,info@alphashadows.com,+44 20 7635 3718,https://www.alphashadows.com,133 Rye Lane SE15 4ST London,51.47005,-0.06668,,,osm,email,2,new,ok,"GB: role address at a business — corporate subscriber, lawful with sender identity + working opt-out (PECR reg.22 / SI 336/2011 reg.13)"
e24141bfe2e1ad01c5ae,Anglo Thai,Restaurant,london,London,GB,UK,contact@anglothai.co.uk,+44203 307 8800,https://anglothai.co.uk/,22-24 Seymour Place W1H 7NL London,51.5151,-0.16117,,,osm,email,2,new,ok,"GB: role address at a business — corporate subscriber, lawful with sender identity + working opt-out (PECR reg.22 / SI 336/2011 reg.13)"
ae44f3b97d9d850d4c85,Art Books,Shopping,london,London,GB,UK,info@marcuscampbell.co.uk,+44 20 7261 0111,https://www.marcuscampbell.co.uk,43 Holland Street SE1 9JR London,51.50766,-0.10191,,,osm,email,2,new,ok,"GB: role address at a business — corporate subscriber, lawful with sender identity + working opt-out (PECR reg.22 / SI 336/2011 reg.13)"
4d4496b020bbc2a36e7b,Atlas Gallery,Gallery,london,London,GB,UK,info@atlasgallery.com,+44 20 7224 4192,https://www.atlasgallery.com,49 Dorset Street W1U 7NF London,51.51952,-0.15529,,,osm,email,2,new,ok,"GB: role address at a business — corporate subscriber, lawful with sender identity + working opt-out (PECR reg.22 / SI 336/2011 reg.13)"
a894d6964b912f9e6f73,"Aviary, Bar and Rooftop Restaurant",Restaurant,london,London,GB,UK,info@aviarylondon.com,+44 20 3873 4060,https://aviarylondon.com/,Finsbury Square EC2A 1DX London,51.52166,-0.08556,,,osm,email,2,new,ok,"GB: role address at a business — corporate subscriber, lawful with sender identity + working opt-out (PECR reg.22 / SI 336/2011 reg.13)"
40b037f54e6bc042ab35,Bankside Gallery,Arts Centre,london,London,GB,UK,info@banksidegallery.com,+44 20 7928 7521,https://www.banksidegallery.com/,48 Hopton Street SE1 9JH London,51.50819,-0.10114,,,osm,email,2,new,ok,"GB: role address at a business — corporate subscriber, lawful with sender identity + working opt-out (PECR reg.22 / SI 336/2011 reg.13)"
33c169239427a7a0750e,Bar Américain,Bar,london,London,GB,UK,reservations@brasseriezedel.com,+4420 7734 4888,https://www.brasseriezedel.com/bar-americain/,22 Sherwood Street W1F 7ED London,51.51063,-0.1356,,,osm,email,2,new,ok,"GB: role address at a business — corporate subscriber, lawful with sender identity + working opt-out (PECR reg.22 / SI 336/2011 reg.13)"
5a0edadd387156214649,Bed Light & Beyond,Beauty & spa,london,London,GB,UK,info@bedlightandbeyond.com,+44 20 7916 0211,https://www.bedlightandbeyond.com,41 Brecknock Road N7 0BT London,51.54999,-0.13065,,,osm,email,2,new,ok,"GB: role address at a business — corporate subscriber, lawful with sender identity + working opt-out (PECR reg.22 / SI 336/2011 reg.13)"
ddcb877651a02e37659f,Bell & Viv,Bar,london,London,GB,UK,Hello@bellandviv.co.uk,+44 20 3089 6568,https://www.bellandviv.co.uk,258 Pentonville Road N1 9JY London,51.53102,-0.12036,,,osm,email,2,new,ok,"GB: role address at a business — corporate subscriber, lawful with sender identity + working opt-out (PECR reg.22 / SI 336/2011 reg.13)"
c27d325ae6ca08c93c9f,Bespoke Goldsmith,Shopping,london,London,GB,UK,info@bespokegoldsmith.com,+44 7904 613504,https://bespokegoldsmith.co.uk/,16-16a Baldwins Gardens EC1N 7RJ London,51.51997,-0.10985,,,osm,email,2,new,ok,"GB: role address at a business — corporate subscriber, lawful with sender identity + working opt-out (PECR reg.22 / SI 336/2011 reg.13)"
a2be0e5a25811162a5e1,Black Cat Cafe,Café,london,London,GB,UK,orders@blackcatcafe.co.uk,+44 20 8985 7091,http://www.blackcatcafe.co.uk/,76a Clarence Road E5 8HB London,51.55137,-0.05554,,,osm,email,2,new,ok,"GB: role address at a business — corporate subscriber, lawful with sender identity + working opt-out (PECR reg.22 / SI 336/2011 reg.13)"
6e970fab2d6839556d4b,Blake's Heaven,Souvenirs & gifts,london,London,GB,UK,info@blakesheaven.com,+44 20 3091 1658,https://www.blakesheaven.com/,135 Lower Richmond Road SW15 1EZ London,51.46793,-0.22261,,,osm,email,2,new,ok,"GB: role address at a business — corporate subscriber, lawful with sender identity + working opt-out (PECR reg.22 / SI 336/2011 reg.13)"
4572e6096a5cc3c694bb,Blend Cafe Ltd,Café,london,London,GB,UK,info@blendcafe.london,,https://blendcafe.london/,Barnabas Road E9 5SD London,51.54592,-0.04201,,,osm,email,2,new,ok,"GB: role address at a business — corporate subscriber, lawful with sender identity + working opt-out (PECR reg.22 / SI 336/2011 reg.13)"
df383c4df4b8686d5c64,Blue Shop Gallery,Gallery,london,London,GB,UK,hello@blueshopcottage.com,,https://www.blueshopcottage.com,72 Brixton Road SW9 6BH London,51.47823,-0.11235,,,osm,email,2,new,ok,"GB: role address at a business — corporate subscriber, lawful with sender identity + working opt-out (PECR reg.22 / SI 336/2011 reg.13)"
cafa915c9897e88bbeae,Brix,Restaurant,london,London,GB,UK,reservations@brixldn.com,+44 20 3376 6408,https://www.brixldn.com,16 Great Guildford Street SE1 0HS London,51.50478,-0.09737,,,osm,email,2,new,ok,"GB: role address at a business — corporate subscriber, lawful with sender identity + working opt-out (PECR reg.22 / SI 336/2011 reg.13)"
a9d975ba3afdbfc9af26,Bunhead Bakery,Bakery,london,London,GB,UK,hello@bunheadbakery.com,+44 7447 677548,https://www.bunheadbakery.com/,145 Dulwich Road SE24 0NG London,51.45256,-0.10263,,,osm,email,2,new,ok,"GB: role address at a business — corporate subscriber, lawful with sender identity + working opt-out (PECR reg.22 / SI 336/2011 reg.13)"
23dfb55322a90fa739fb,Bàrd Books,Shopping,london,London,GB,UK,hello@wearebardbooks.co.uk,,https://www.wearebardbooks.co.uk/,341-343 Roman Road E3 5QR London,51.53105,-0.03966,,,osm,email,2,new,ok,"GB: role address at a business — corporate subscriber, lawful with sender identity + working opt-out (PECR reg.22 / SI 336/2011 reg.13)"
1ad420a839a6494f8772,CLF Arts Cafe,Café,london,London,GB,UK,info@clfartcafe.org,+44 20 7732 5275,https://www.clfartcafe.org/,133 Rye Lane SE15 4ST London,51.46993,-0.06774,,,osm,email,2,new,ok,"GB: role address at a business — corporate subscriber, lawful with sender identity + working opt-out (PECR reg.22 / SI 336/2011 reg.13)"
d895e0907e29665835ed,Cafe Amisha,Restaurant,london,London,GB,UK,info@cafeamisha.com,+44 20 7231 7151,https://cafeamisha.com/,161 Grange Road SE1 3GH London,51.49522,-0.07674,,,osm,email,2,new,ok,"GB: role address at a business — corporate subscriber, lawful with sender identity + working opt-out (PECR reg.22 / SI 336/2011 reg.13)"
99dc914083bed5b9e6ae,Cafe Below,Café,london,London,GB,UK,info@cafebelow.co.uk,+44 20 7329 0789,https://www.cafebelow.co.uk/,Cheapside EC2V 6AU London,51.51387,-0.09353,,,osm,email,2,new,ok,"GB: role address at a business — corporate subscriber, lawful with sender identity + working opt-out (PECR reg.22 / SI 336/2011 reg.13)"
67cc480e797fe680a6fd,Cafe Spreads,Café,london,London,GB,UK,info@spreadscafedeli.co.uk,+44 20 7976 1630,,15A Pall Mall SW1Y 5LU London,51.50698,-0.13345,,,osm,email,2,new,ok,"GB: role address at a business — corporate subscriber, lawful with sender identity + working opt-out (PECR reg.22 / SI 336/2011 reg.13)"
4b573fdffe2a27949f93,Camden Market,Market,london,London,GB,UK,info@camdenmarket.com,+44 20 3763 9999,https://www.camdenmarket.com/,56-56 Camden Lock Place NW1 8AF London,51.54238,-0.14719,,,osm,email,2,new,ok,"GB: role address at a business — corporate subscriber, lawful with sender identity + working opt-out (PECR reg.22 / SI 336/2011 reg.13)"
131ce77146b1217274d8,Canopy Market,Market,london,,GB,UK,info@realfoodfestival.co.uk,+44 20 3291 1956,https://canopymarket.co.uk/,,51.53605,-0.12382,,,osm,email,2,new,ok,"GB: role address at a business — corporate subscriber, lawful with sender identity + working opt-out (PECR reg.22 / SI 336/2011 reg.13)"
d889dab645f7fdcd8ada,Casely-Hayford,Tailor,london,London,GB,UK,customercare@casely-hayford.com,+44 20 7486 8881,https://casely-hayford.com/,3 Chiltern Street London,51.51886,-0.15495,,,osm,email,2,new,ok,"GB: role address at a business — corporate subscriber, lawful with sender identity + working opt-out (PECR reg.22 / SI 336/2011 reg.13)"
5de3a697b854435ba981,Central Hoxton,Hotel,london,London,GB,UK,hello@centralhoxton.com,+44 20 7739 0846,https://www.centralhoxton.com/,100 Kingsland Road E2 8DP London,51.52997,-0.07714,,,osm,email,2,new,ok,"GB: role address at a business — corporate subscriber, lawful with sender identity + working opt-out (PECR reg.22 / SI 336/2011 reg.13)"
51c68a86c094ac9e6681,Charing Cross Theatre,Theatre,london,London,GB,UK,info@charingcrosstheatre.co.uk,+44 8444 930 650,https://www.charingcrosstheatre.co.uk/,Villiers Street WC2N 6NL London,51.50766,-0.12437,,,osm,email,2,new,ok,"GB: role address at a business — corporate subscriber, lawful with sender identity + working opt-out (PECR reg.22 / SI 336/2011 reg.13)"
97c79055f307985027d2,Charles Dickens Museum,Museum,london,London,GB,UK,info@dickensmuseum.com,+44 20 7405 2127,https://dickensmuseum.com/,48-49 Doughty Street WC1N 2LX London,51.52359,-0.11632,,,osm,email,2,new,ok,"GB: role address at a business — corporate subscriber, lawful with sender identity + working opt-out (PECR reg.22 / SI 336/2011 reg.13)"
015a3f3cb2f0fc7be8b5,Children of the Mekong Charity Shop,Shopping,london,London,GB,UK,info@childrenofthemekong.org,+44 20 3674 1953,https://www.childrenofthemekong.org/,22 Lavender Hill SW11 5RN London,51.46636,-0.15188,,,osm,email,2,new,ok,"GB: role address at a business — corporate subscriber, lawful with sender identity + working opt-out (PECR reg.22 / SI 336/2011 reg.13)"
c393421ee793fe7f8357,Circe's Rooftop,Bar,london,London,GB,UK,info@circesrooftop.co.uk,+44 20 3034 0922,https://www.circesrooftop.co.uk/,117 Waterloo Road SE1 8UL London,51.50266,-0.11006,,,osm,email,2,new,ok,"GB: role address at a business — corporate subscriber, lawful with sender identity + working opt-out (PECR reg.22 / SI 336/2011 reg.13)"
c468e84f98ecdcbf7972,Classic Hyde Park Hotel,Hotel,london,London,GB,UK,info@classichydeparkhotel.co.uk,+44 20 7706 9248,https://www.classichydeparkhotel.co.uk/,109 Sussex Gardens W2 2RU London,51.51564,-0.17122,,,osm,email,2,new,ok,"GB: role address at a business — corporate subscriber, lawful with sender identity + working opt-out (PECR reg.22 / SI 336/2011 reg.13)"
b70e49d9e4b03904aeac,Climbing District,Gym & fitness,london,London,GB,UK,contact@climbingdistrict.uk,+44 20 8350 2453,https://climbingdistrict.uk/climbing-gym/london-fields/,Andrews Road E8 4FX London,51.53465,-0.06033,,,osm,email,2,new,ok,"GB: role address at a business — corporate subscriber, lawful with sender identity + working opt-out (PECR reg.22 / SI 336/2011 reg.13)"
c175cd5f12072e293dbf,Coal Rooms,Restaurant,london,London,GB,UK,hello@coalrooms.com,+44 207 635 6699,https://www.coalroomspeckham.com,11a Station Way SE15 4RX London,51.47011,-0.06933,,,osm,email,2,new,ok,"GB: role address at a business — corporate subscriber, lawful with sender identity + working opt-out (PECR reg.22 / SI 336/2011 reg.13)"
7004a94e6d0a03f1b183,Collinge & Clark,Shopping,london,London,GB,UK,info@collingeandclark.co.uk,+44 20 7387 7105,http://www.collingeandclark.co.uk/,13 Leigh Street WC1H 9EW London,51.52654,-0.12489,,,osm,email,2,new,ok,"GB: role address at a business — corporate subscriber, lawful with sender identity + working opt-out (PECR reg.22 / SI 336/2011 reg.13)"
3810407e130b69e49201,Crispins Shoes,Shopping,london,London,GB,UK,info@crispinsshoes.com,+44 20 7486 8924,https://www.crispinsshoes.com/,28-30 Chiltern Street W1U 7QG London,51.519,-0.15474,,,osm,email,2,new,ok,"GB: role address at a business — corporate subscriber, lawful with sender identity + working opt-out (PECR reg.22 / SI 336/2011 reg.13)"
bc64aeead4683578e065,Cromford Leather Co.,Tailor,london,London,GB,UK,info@cromfordleather.co.uk,+44 20 7935 1041,https://www.cromfordleather.co.uk/,56 Chiltern Street W1U 7QY London,51.51948,-0.15499,,,osm,email,2,new,ok,"GB: role address at a business — corporate subscriber, lawful with sender identity + working opt-out (PECR reg.22 / SI 336/2011 reg.13)"
80d0150fffa5377fb139,Crystal Travel,Tours & travel,london,London,GB,UK,support@crystaltravel.co.uk,+44 2030237773,https://www.crystaltravel.co.uk/,12 Stephen Mews W1T 1AH London,51.51792,-0.13332,,,osm,email,2,new,ok,"GB: role address at a business — corporate subscriber, lawful with sender identity + working opt-out (PECR reg.22 / SI 336/2011 reg.13)"
2f6b679d0ec50e9be910,Crystalise,Beauty & spa,london,London,GB,UK,info@crystalise-salon.co.uk,+44 2077 947777,https://crystalise-salon.co.uk,88 Fortune Green Road NW6 1DS London,51.55469,-0.19668,,,osm,email,2,new,ok,"GB: role address at a business — corporate subscriber, lawful with sender identity + working opt-out (PECR reg.22 / SI 336/2011 reg.13)"
041ed7861e817708bff4,D8 House,Hotel,london,London,GB,UK,info@d8.house,+44 20 8089 1386,,124-128 Bethnal Green Road E2 6DG London,51.52492,-0.07122,,,osm,email,2,new,ok,"GB: role address at a business — corporate subscriber, lawful with sender identity + working opt-out (PECR reg.22 / SI 336/2011 reg.13)"
7f29a19703c0af03751a,Daley Fitness,Gym & fitness,london,London,GB,UK,info@daleyfitness.com,+44 20 3818 5000,https://www.daleyfitness.com,215 Upper Richmond Road SW15 6SY London,51.46172,-0.22104,,,osm,email,2,new,ok,"GB: role address at a business — corporate subscriber, lawful with sender identity + working opt-out (PECR reg.22 / SI 336/2011 reg.13)"
f15c05c3e990b76df7fc,Davies & Son,Tailor,london,London,GB,UK,info@daviesandson.com,+44 20 7434 3016,https://www.daviesandson.com/,38 Savile Row W1S 3QE London,51.51068,-0.14032,,,osm,email,2,new,ok,"GB: role address at a business — corporate subscriber, lawful with sender identity + working opt-out (PECR reg.22 / SI 336/2011 reg.13)"
8cd38625f813187e3300,DeRosier Chocolate and Coffee,Café,london,London,GB,UK,sales@derosierchocolates.com,+44 20 8947 4456,,380 Garratt Lane SW18 4HP London,51.44121,-0.18737,,,osm,email,2,new,ok,"GB: role address at a business — corporate subscriber, lawful with sender identity + working opt-out (PECR reg.22 / SI 336/2011 reg.13)"
0b36c7262c7b5f92bebf,Donlon Books,Shopping,london,London,GB,UK,mail@donlonbooks.com,+44 20 7684 5698,https://donlonbooks.com,75 Broadway Market E8 4PH London,51.53765,-0.06114,,,osm,email,2,new,ok,"GB: role address at a business — corporate subscriber, lawful with sender identity + working opt-out (PECR reg.22 / SI 336/2011 reg.13)"
7d93d802ff3212fef0f8,DoubleTree by Hilton Hotel London - West End,Hotel,london,London,GB,UK,reservations@dtlondonwestend.com,+44 20 7242 2828,https://www.hilton.com/en/hotels/lhrlbdi-doubletree-london-west-end/,92 Southampton Row WC1B 4BH London,51.52011,-0.12213,,,osm,email,2,new,ok,"GB: role address at a business — corporate subscriber, lawful with sender identity + working opt-out (PECR reg.22 / SI 336/2011 reg.13)"
570842cca476cc21c7fa,EK Bakery,Bakery,london,London,GB,UK,orders@ekbakery.co.uk,+44 20 8076 0005,https://ekbakery.co.uk/,Broadway Market Mews London,51.53592,-0.06256,,,osm,email,2,new,ok,"GB: role address at a business — corporate subscriber, lawful with sender identity + working opt-out (PECR reg.22 / SI 336/2011 reg.13)"
bd54ff95044a32bf6b43,Easirent London Kings Cross,Vehicle rental,london,London,GB,UK,bookings@easirent.com,+44 20 3657 6051,http://www.easirent.com/car-hire-london-kings-cross-euston,23c Tavistock Place WC1H 9SE London,51.526,-0.12529,,,osm,email,2,new,ok,"GB: role address at a business — corporate subscriber, lawful with sender identity + working opt-out (PECR reg.22 / SI 336/2011 reg.13)"
409d82cfdfdadf4b33ff,Emilia's Pasta,Restaurant,london,St. Katharine Docks,GB,UK,hello@emiliaspasta.com,+44 20 7481 2004,https://www.emiliaspasta.com/,East Smithfield E1W 1AT London,51.5072,-0.07152,,,osm,email,2,new,ok,"GB: role address at a business — corporate subscriber, lawful with sender identity + working opt-out (PECR reg.22 / SI 336/2011 reg.13)"
9c03e78af2b64b7759ce,Endeavour,Bar,london,,GB,UK,info@endeavourdeptford.co.uk,,https://www.endeavourdeptford.co.uk/,,51.47452,-0.0245,,,osm,email,2,new,ok,"GB: role address at a business — corporate subscriber, lawful with sender identity + working opt-out (PECR reg.22 / SI 336/2011 reg.13)"
e596bf042bc2aa22fa66,Enotecha Rosso,Restaurant,london,London,GB,UK,reservations@enotecarosso.com,+44 7384 595191,http://enotecarosso.com,276-280 Kensington High Street W8 6ND London,51.49854,-0.20106,,,osm,email,2,new,ok,"GB: role address at a business — corporate subscriber, lawful with sender identity + working opt-out (PECR reg.22 / SI 336/2011 reg.13)"
d593636bf680a7418a1f,Euro Wines,Wine & spirits,london,London,GB,UK,sales@euro-wines.co.uk,+44 20 8469 3327,https://www.euro-wines.co.uk/,5-9 Creekside SE8 4SA London,51.47686,-0.0214,,,osm,email,2,new,ok,"GB: role address at a business — corporate subscriber, lawful with sender identity + working opt-out (PECR reg.22 / SI 336/2011 reg.13)"
ef2d7f6f8b86340658f0,Eve Leibe Gallery,Gallery,london,London,GB,UK,info@eveleibegallery.com,,https://www.eveleibegallery.com/,7 Casings Way London,51.53965,-0.02328,,,osm,email,2,new,ok,"GB: role address at a business — corporate subscriber, lawful with sender identity + working opt-out (PECR reg.22 / SI 336/2011 reg.13)"
f6ada56a696a3731111f,Fancy Funkin Chicken,Restaurant,london,London,GB,UK,reservations@fancyfunkinchicken.com,+44 20 7733 0108,http://fancyfunkinchicken.com,441 Coldharbour Lane SW9 8LN London,51.46147,-0.11392,,,osm,email,2,new,ok,"GB: role address at a business — corporate subscriber, lawful with sender identity + working opt-out (PECR reg.22 / SI 336/2011 reg.13)"
6c06eba9391f27720360,Fanny's Bar,Bar,london,London,GB,UK,info@fannysbar.com,,https://www.fannysbar.com/,92 Stoke Newington High Street N16 7NY London,51.55951,-0.07396,,,osm,email,2,new,ok,"GB: role address at a business — corporate subscriber, lawful with sender identity + working opt-out (PECR reg.22 / SI 336/2011 reg.13)"
5577f4410f6cd7dcb5ee,Fanny's Kebabs,Restaurant,london,London,GB,UK,hello@fannyskebabs.com,,https://fannyskebabs.com/,92 Stoke Newington High Street N16 7NY London,51.55952,-0.07395,,,osm,email,2,new,ok,"GB: role address at a business — corporate subscriber, lawful with sender identity + working opt-out (PECR reg.22 / SI 336/2011 reg.13)"
968f5895c93078804d48,Farringdon Tap,Bar,london,London,GB,UK,info@farringdontap.com,,,41 Farringdon Street London,51.51696,-0.10478,,,osm,email,2,new,ok,"GB: role address at a business — corporate subscriber, lawful with sender identity + working opt-out (PECR reg.22 / SI 336/2011 reg.13)"
0260d670a695f340e8fe,Fielding Hotel,Hotel,london,London,GB,UK,reservations@thefieldinghotel.co.uk,+44 20 7836 8305,http://www.thefieldinghotel.co.uk/,4 Broad Court WC2B 5QZ London,51.51395,-0.12197,,,osm,email,2,new,ok,"GB: role address at a business — corporate subscriber, lawful with sender identity + working opt-out (PECR reg.22 / SI 336/2011 reg.13)"
cd7ee11be2d559727568,Fitzroy House,Museum,london,London,GB,UK,info@fitzroyhouse.org,+44 20 7255 2422,https://www.fitzroyhouse.org/,37 Fitzroy Street London,51.52252,-0.13912,,,osm,email,2,new,ok,"GB: role address at a business — corporate subscriber, lawful with sender identity + working opt-out (PECR reg.22 / SI 336/2011 reg.13)"
c08dfdf0d1481ee3905e,Flawless Touch Nails & Beauty,Beauty & spa,london,London,GB,UK,info@flawlesstouch.co,+44 20 7247 0888,https://www.flawlesstouch.co/,1 Quaker Street E1 6SZ London,51.52216,-0.07641,,,osm,email,2,new,ok,"GB: role address at a business — corporate subscriber, lawful with sender identity + working opt-out (PECR reg.22 / SI 336/2011 reg.13)"
92eebc7302776901be3c,Flea London,Market,london,,GB,UK,info@flealondon.com,,https://www.flealondon.com/,,51.54461,-0.0212,,,osm,email,2,new,ok,"GB: role address at a business — corporate subscriber, lawful with sender identity + working opt-out (PECR reg.22 / SI 336/2011 reg.13)"
a7e082bcf521266b5c74,Found,Bar,london,London,GB,UK,info@foundthebar.com,,http://www.foundthebar.com/,5 Ravey Street London,51.52481,-0.08216,,,osm,email,2,new,ok,"GB: role address at a business — corporate subscriber, lawful with sender identity + working opt-out (PECR reg.22 / SI 336/2011 reg.13)"
2040bf1557fd30f25e3d,Frenchie Covent Garden,Restaurant,london,London,GB,UK,reservations@frenchiecoventgarden.com,+44 20 7836 4422,https://frenchiecoventgarden.com/,16 Henrietta Street WC2E 8QH London,51.51084,-0.12389,,,osm,email,2,new,ok,"GB: role address at a business — corporate subscriber, lawful with sender identity + working opt-out (PECR reg.22 / SI 336/2011 reg.13)"
667b55ca069231203b94,Frith Street Gallery,Gallery,london,London,GB,UK,info@frithstreetgallery.com,+44 20 7494 1550,https://www.frithstreetgallery.com/,60 Frith Street W1D 3JJ London,51.51422,-0.13207,,,osm,email,2,new,ok,"GB: role address at a business — corporate subscriber, lawful with sender identity + working opt-out (PECR reg.22 / SI 336/2011 reg.13)"
17fc50c681346e1cf9bd,GNH Bar,Bar,london,London,GB,UK,info@gnhbar.com,+44 20 3388 0818,https://gnhbar.com/,Pancras Road N1C 4TB London,51.531,-0.12458,,,osm,email,2,new,ok,"GB: role address at a business — corporate subscriber, lawful with sender identity + working opt-out (PECR reg.22 / SI 336/2011 reg.13)"
56782a5673a269f2bd00,GYMPODS Dalston,Gym & fitness,london,London,GB,UK,info@gympods.com,+44 20 4547 3964,https://gympods.com/about/dalston,Dalston Square E8 3FS London,51.54577,-0.07467,,,osm,email,2,new,ok,"GB: role address at a business — corporate subscriber, lawful with sender identity + working opt-out (PECR reg.22 / SI 336/2011 reg.13)"
f432a3fc41d4020fb327,GYMPODS Putney,Gym & fitness,london,London,GB,UK,info@gympods.com,+44 20 4547 6188,https://gympods.com/about/putney,88 Upper Richmond Road SW15 2DT London,51.4594,-0.21021,,,osm,email,2,new,ok,"GB: role address at a business — corporate subscriber, lawful with sender identity + working opt-out (PECR reg.22 / SI 336/2011 reg.13)"
3145bad08240bc643dcb,Galvin at Windows,Restaurant,london,London,GB,UK,reservations@galvinatwindows.com,+44 20 7208 4021,https://www.galvinatwindows.com/,22 Park Lane W1K 1BE London,51.50554,-0.15014,,,osm,email,2,new,ok,"GB: role address at a business — corporate subscriber, lawful with sender identity + working opt-out (PECR reg.22 / SI 336/2011 reg.13)"
5810df399640e6ae3cc0,Gary Anderson,Tailor,london,London,GB,UK,info@garyanderson.com,+44 20 7287 6661,https://garyanderson.com/,34-35 Savile Row W1S 3QA London,51.51084,-0.14048,,,osm,email,2,new,ok,"GB: role address at a business — corporate subscriber, lawful with sender identity + working opt-out (PECR reg.22 / SI 336/2011 reg.13)"
3a0d11bb1ec4e441f588,Gelateria 3 Bis,Dessert,london,London,GB,UK,info@gelateria3bis.co.uk,+44 20 7378 1977,https://www.gelateria3bis.co.uk/,4 Park Street SE1 9AB London,51.50549,-0.09155,,,osm,email,2,new,ok,"GB: role address at a business — corporate subscriber, lawful with sender identity + working opt-out (PECR reg.22 / SI 336/2011 reg.13)"
33633d5923e810f25047,Gladsya,Beauty & spa,london,,GB,UK,sales@gladysa.com,,https://www.glasdysa.com,493 New Cross Road,51.47517,-0.02697,,,osm,email,2,new,ok,"GB: role address at a business — corporate subscriber, lawful with sender identity + working opt-out (PECR reg.22 / SI 336/2011 reg.13)"
59b79b809b35b711272b,Grey Flannel,Tailor,london,London,GB,UK,info@greyflannel.co.uk,+44 20 7935 4067,https://www.greyflannel.co.uk/,7 Chiltern Street W1U 7PE London,51.51895,-0.155,,,osm,email,2,new,ok,"GB: role address at a business — corporate subscriber, lawful with sender identity + working opt-out (PECR reg.22 / SI 336/2011 reg.13)"
9b8b6f2b2c235b841bff,HWK Bar,Bar,london,London,GB,UK,info@hwklondon.com,+44 20 8533 4685,https://www.hwklondon.com/,29 White Post Lane E9 5EN London,51.54309,-0.02468,,,osm,email,2,new,ok,"GB: role address at a business — corporate subscriber, lawful with sender identity + working opt-out (PECR reg.22 / SI 336/2011 reg.13)"
bfbed7d6ba5e1b29afa9,Hackney Church Brew Co,Bar,london,London,GB,UK,hello@hackneychurchbrew.co,+44 20 3795 8295,https://www.hackneychurchbrew.co/,16-17 Bohemia Place E8 1DU London,51.54736,-0.05243,,,osm,email,2,new,ok,"GB: role address at a business — corporate subscriber, lawful with sender identity + working opt-out (PECR reg.22 / SI 336/2011 reg.13)"
d0eacd84b0fb97fbc981,Hackney Wick Personal Training,Gym & fitness,london,London,GB,UK,info@hwfitnessclub.co.uk,,https://hwfitnessclub.co.uk/,29 White Post Lane E9 5EN London,51.54307,-0.02487,,,osm,email,2,new,ok,"GB: role address at a business — corporate subscriber, lawful with sender identity + working opt-out (PECR reg.22 / SI 336/2011 reg.13)"
9c64f1cfea69cf762199,Half Hitch,Bar,london,London,GB,UK,enquiries@halfhitch.london,+44 20 3096 3027,https://www.halfhitch.london/,53 Camden Lock Place NW1 8AF London,51.54131,-0.14653,,,osm,email,2,new,ok,"GB: role address at a business — corporate subscriber, lawful with sender identity + working opt-out (PECR reg.22 / SI 336/2011 reg.13)"
9a54478259a716322248,Harber Hair,Beauty & spa,london,London,GB,UK,info@harberwick.com,+44 20 8127 5474,https://www.harberwick.com/online-booking,134 Monier Road E3 2GY London,51.54071,-0.0212,,,osm,email,2,new,ok,"GB: role address at a business — corporate subscriber, lawful with sender identity + working opt-out (PECR reg.22 / SI 336/2011 reg.13)"
f06336c16c20efeabe32,Henry Poole & Co,Tailor,london,London,GB,UK,office@henrypoole.com,+44 20 7734 5985,https://henrypoole.com/,15 Savile Row W1S 3PJ London,51.51115,-0.14043,,,osm,email,2,new,ok,"GB: role address at a business — corporate subscriber, lawful with sender identity + working opt-out (PECR reg.22 / SI 336/2011 reg.13)"
072403d255fce3a0e9ac,Henry Pordes Books,Shopping,london,London,GB,UK,info@henrypordesbooks.com,+44 20 7836 9031,http://www.henrypordesbooks.com/,"58,60 Charing Cross Road WC2H 0BB London",51.51222,-0.12835,,,osm,email,2,new,ok,"GB: role address at a business — corporate subscriber, lawful with sender identity + working opt-out (PECR reg.22 / SI 336/2011 reg.13)"
c6b7717dc11d18649fa7,Hilario Barbershop & Hair Salon,Beauty & spa,london,London,GB,UK,hello@hilario.uk,+447809214665,https://www.hilario.uk/,"Unit E, The Bower Old Street EC1V 9NR London",51.52626,-0.08891,,,osm,email,2,new,ok,"GB: role address at a business — corporate subscriber, lawful with sender identity + working opt-out (PECR reg.22 / SI 336/2011 reg.13)"
5f5ed21af81556e6d1db,Hilton London Bankside,Hotel,london,Bankside,GB,UK,info@hiltonbankside.co.uk,+44 20 3667 5600,https://www.hilton.com/en/hotels/lonsbhi-hilton-london-bankside/?WT.mc_id=zELWAKN0EMEA1HI2DMH3LocalSearch4DGGenericx6LONSBHI,2-8 Great Suffolk Street SE1 0UG London,51.50559,-0.10158,,,osm,email,2,new,ok,"GB: role address at a business — corporate subscriber, lawful with sender identity + working opt-out (PECR reg.22 / SI 336/2011 reg.13)"
54476702ff2173846411,Hiver Taproom,Bar,london,London,GB,UK,info@hiverbeers.com,+44 7740251649,https://hiverbeers.com/pages/taproom,56 Stanworth Street SE1 3NY London,51.49884,-0.07467,,,osm,email,2,new,ok,"GB: role address at a business — corporate subscriber, lawful with sender identity + working opt-out (PECR reg.22 / SI 336/2011 reg.13)"
42fdb7f56e365868ea56,Hotel Saint,Hotel,london,London,GB,UK,info@hotelsaint.com,+44 20 3805 1000,https://www.hotelsaint.com/,9 Aldgate High Street EC3N 1AH London,51.51422,-0.07596,,,osm,email,2,new,ok,"GB: role address at a business — corporate subscriber, lawful with sender identity + working opt-out (PECR reg.22 / SI 336/2011 reg.13)"
c5ea7e2c8f1aff13e522,Hourglass Coffee,Café,london,London,GB,UK,info@hourglasscoffee.co.uk,,https://www.hourglass.coffee/,263 Green Lanes N4 2UX London,51.563,-0.09217,,,osm,email,2,new,ok,"GB: role address at a business — corporate subscriber, lawful with sender identity + working opt-out (PECR reg.22 / SI 336/2011 reg.13)"
d4dd0aa2337a358a4294,Hundred Years Gallery,Gallery,london,London,GB,UK,info@hundredyearsgallery.com,+442036027973,http://hundredyearsgallery.co.uk/,13 Pearson Street E2 8JD London,51.53304,-0.0762,,,osm,email,2,new,ok,"GB: role address at a business — corporate subscriber, lawful with sender identity + working opt-out (PECR reg.22 / SI 336/2011 reg.13)"
27d818357747efb58e39,Ibraaz,Gallery,london,London,GB,UK,enquiries@ibraaz.org,,https://ibraaz.org,93 Mortimer Street W1W 7SS London,51.51734,-0.14197,,,osm,email,2,new,ok,"GB: role address at a business — corporate subscriber, lawful with sender identity + working opt-out (PECR reg.22 / SI 336/2011 reg.13)"
bbec7fb4dd33099e47a9,Image,Tailor,london,London,GB,UK,info@image-tailors.co.uk,,,29 Fonthill Road N4 3HZ London,51.56657,-0.11126,,,osm,email,2,new,ok,"GB: role address at a business — corporate subscriber, lawful with sender identity + working opt-out (PECR reg.22 / SI 336/2011 reg.13)"
83ac9de400921b200e2f,Indian YMCA,Restaurant,london,London,GB,UK,enquiries@indianymca.com,+44 20 7387 0411,https://www.indianymca.org/our-restaurant/,41 Fitzroy Street W1T 6AQ London,51.52277,-0.13896,,,osm,email,2,new,ok,"GB: role address at a business — corporate subscriber, lawful with sender identity + working opt-out (PECR reg.22 / SI 336/2011 reg.13)"
01404fd32099ab7ca991,Iyengar Yoga Institute South London,Gym & fitness,london,London,GB,UK,info@iyisl.com,+44 78 0317 0846,https://www.iyisl.com/,470 New Cross Road SE14 6TJ London,51.47509,-0.02814,,,osm,email,2,new,ok,"GB: role address at a business — corporate subscriber, lawful with sender identity + working opt-out (PECR reg.22 / SI 336/2011 reg.13)"
1883f8e9061270f09da7,Jeff Banks,Tailor,london,London,GB,UK,info@jeffbankssavilerow.com,+44 20 7734 3973,https://www.jeffbankssavilerow.com/,36 Savile Row W1S 3QB London,51.51077,-0.14041,,,osm,email,2,new,ok,"GB: role address at a business — corporate subscriber, lawful with sender identity + working opt-out (PECR reg.22 / SI 336/2011 reg.13)"
72e7cbf5099b40cdcdab,John Simons,Shopping,london,London,GB,UK,enquiries@johnsimons.co.uk,+44 20 3490 2729,https://www.johnsimons.co.uk/,46 Chiltern Street W1U 7QR London,51.51928,-0.15489,,,osm,email,2,new,ok,"GB: role address at a business — corporate subscriber, lawful with sender identity + working opt-out (PECR reg.22 / SI 336/2011 reg.13)"
aeca8393d79756b8b234,Kathryn Sargent,Tailor,london,London,GB,UK,enquiries@kathrynsargent.com,+44 20 7493 2450,https://www.kathrynsargent.com/,37 Savile Row W1S 3QD London,51.51347,-0.14482,,,osm,email,2,new,ok,"GB: role address at a business — corporate subscriber, lawful with sender identity + working opt-out (PECR reg.22 / SI 336/2011 reg.13)"
2d3af5b359594eb8651e,Kin Pizza,Restaurant,london,London,GB,UK,hi@kinpizza.co.uk,+44 20 4547 1410,https://kinpizza.co.uk,101 Wood Lane W12 7FR London,51.51077,-0.22624,,,osm,email,2,new,ok,"GB: role address at a business — corporate subscriber, lawful with sender identity + working opt-out (PECR reg.22 / SI 336/2011 reg.13)"
ea2048c06ef8c9d7af6f,Kirkaldy Testing Museum,Museum,london,London,GB,UK,info@testingworks.org.uk,,https://www.testingworks.org.uk/,99 Southwark Street SE1 0JF London,51.50597,-0.10154,,,osm,email,2,new,ok,"GB: role address at a business — corporate subscriber, lawful with sender identity + working opt-out (PECR reg.22 / SI 336/2011 reg.13)"
bef52e3a7370e03cdc10,Koya,Restaurant,london,London,GB,UK,info@koya.co.uk,,https://www.koya.co.uk/,10-12 Bloomberg Arcade EC4N 8AR London,51.51221,-0.09153,,,osm,email,2,new,ok,"GB: role address at a business — corporate subscriber, lawful with sender identity + working opt-out (PECR reg.22 / SI 336/2011 reg.13)"
c4fdd316e792993edb0f,L'Escargot,Restaurant,london,London,GB,UK,info@lescargotrestaurant.co.uk,+44 20 7439 7474,https://www.lescargot.co.uk/,48 Greek Street W1D 4EF London,51.51397,-0.13096,,,osm,email,2,new,ok,"GB: role address at a business — corporate subscriber, lawful with sender identity + working opt-out (PECR reg.22 / SI 336/2011 reg.13)"
082121faa0ee29c25919,La Placita Mall,Street food,london,London,GB,UK,info@laplacita.com,+44 7799 650801,,149 New Cross Road SE14 5DJ London,51.47566,-0.04648,,,osm,email,2,new,ok,"GB: role address at a business — corporate subscriber, lawful with sender identity + working opt-out (PECR reg.22 / SI 336/2011 reg.13)"
583dacea6ef3ae9d361d,Les Fêtes Galantes,Gallery,london,London,GB,UK,info@lesfetesgalantes.com,,https://lesfetesgalantes.com/,23 London Lane London,51.54186,-0.05682,,,osm,email,2,new,ok,"GB: role address at a business — corporate subscriber, lawful with sender identity + working opt-out (PECR reg.22 / SI 336/2011 reg.13)"
9df0a29aa206acdbe9ef,Librería,Shopping,london,London,GB,UK,hello@libreria.io,,https://libreria.io/,65 Hanbury Street E1 5JP London,51.52033,-0.0706,,,osm,email,2,new,ok,"GB: role address at a business — corporate subscriber, lawful with sender identity + working opt-out (PECR reg.22 / SI 336/2011 reg.13)"
5e973f137e5e8e5eca13,Little Angel Theatre,Theatre,london,London,GB,UK,info@littleangeltheatre.com,+44 20 7226 1787,https://www.littleangeltheatre.com,13 Dagmar Passage N1 2DN London,51.53882,-0.10135,,,osm,email,2,new,ok,"GB: role address at a business — corporate subscriber, lawful with sender identity + working opt-out (PECR reg.22 / SI 336/2011 reg.13)"
c6ea9e7a830087d17c5a,Locanda Locatelli,Restaurant,london,London,GB,UK,info@locandalocatelli.com,+44 20 7935 9088,http://www.locandalocatelli.com/,8 Seymour Street W1H 7JZ London,51.51506,-0.1573,,,osm,email,2,new,ok,"GB: role address at a business — corporate subscriber, lawful with sender identity + working opt-out (PECR reg.22 / SI 336/2011 reg.13)"
c9618eadae8fab7dd32b,Long Arm Pub & Brewery,Bar,london,London,GB,UK,info@longarmpub.co.uk,,http://longarmpub.com/,20-26 Worship Street EC2A 2DX London,51.52198,-0.0855,,,osm,email,2,new,ok,"GB: role address at a business — corporate subscriber, lawful with sender identity + working opt-out (PECR reg.22 / SI 336/2011 reg.13)"
e66c366c1e4cb09d6aa0,Los Mochis London City,Restaurant,london,London,GB,UK,info@losmochis.co.uk,+44 20 7225 2502,https://www.losmochis.co.uk/lc/london-city,100 Liverpool Street EC2M 2AT London,51.51793,-0.08366,,,osm,email,2,new,ok,"GB: role address at a business — corporate subscriber, lawful with sender identity + working opt-out (PECR reg.22 / SI 336/2011 reg.13)"
63377281c9c2f55bf7e5,Lowlander Grand Cafe,Restaurant,london,London,GB,UK,info@lowlander.com,+44 20 7379 7446,https://www.lowlander.com/,36 Drury Lane WC2B 5RR London,51.51473,-0.12247,,,osm,email,2,new,ok,"GB: role address at a business — corporate subscriber, lawful with sender identity + working opt-out (PECR reg.22 / SI 336/2011 reg.13)"
0c14eadd227f601ed275,Lucky Chip,Restaurant,london,,GB,UK,info@luckychip.co.uk,+44 20 7354 9993,https://www.luckychip.co.uk/old-queens-head/,,51.53721,-0.10038,,,osm,email,2,new,ok,"GB: role address at a business — corporate subscriber, lawful with sender identity + working opt-out (PECR reg.22 / SI 336/2011 reg.13)"
59da99f0faef3380d2df,Luxury Beauty and Spa,Beauty & spa,london,London,GB,UK,office@luxurybeautyandspa.co.uk,+44 20 7846 0203,https://luxurybeautyandspa.co.uk/,40 Junction Road N19 5RD London,51.56408,-0.1355,,,osm,email,2,new,ok,"GB: role address at a business — corporate subscriber, lawful with sender identity + working opt-out (PECR reg.22 / SI 336/2011 reg.13)"
68fea0c31db42192517b,Malaysia Boleh,Restaurant,london,London,GB,UK,booking@myboleh.co.uk,,https://www.myboleh.co.uk/,12-14 St. John Street EC1M 4AY London,51.52013,-0.10162,,,osm,email,2,new,ok,"GB: role address at a business — corporate subscriber, lawful with sender identity + working opt-out (PECR reg.22 / SI 336/2011 reg.13)"
d93bb7fa507ff7f9d9fe,Mandira,Café,london,London,GB,UK,info@mandiralondon.com,,http://www.mandiralondon.com/,78B Long Acre WC2E 9NG London,51.51451,-0.12226,,,osm,email,2,new,ok,"GB: role address at a business — corporate subscriber, lawful with sender identity + working opt-out (PECR reg.22 / SI 336/2011 reg.13)"
cb21aa880f86c907377b,Manitoba Tigella,Restaurant,london,London,GB,UK,hello@manitobatigella.com,+44 20 7436 8231,http://www.manitobatigella.com,82 New Oxford Street WC1A 1HB London,51.51685,-0.12796,,,osm,email,2,new,ok,"GB: role address at a business — corporate subscriber, lawful with sender identity + working opt-out (PECR reg.22 / SI 336/2011 reg.13)"
02f1f4d3fc6f2db8b0e7,Map Studio Café,Café,london,London,GB,UK,info@mapmusic.net,+44 20 7916 0544,https://www.mapstudiocafe.com,46 Grafton Road NW5 3DU London,51.54776,-0.14489,,,osm,email,2,new,ok,"GB: role address at a business — corporate subscriber, lawful with sender identity + working opt-out (PECR reg.22 / SI 336/2011 reg.13)"
b3c347bae340a28277d8,Mar i Terra,Restaurant,london,London,GB,UK,info@mariterra.co.uk,+44 20 7928 7628,https://www.mariterra.net/,14 Gambia Street SE1 0XH London,51.50432,-0.10273,,,osm,email,2,new,ok,"GB: role address at a business — corporate subscriber, lawful with sender identity + working opt-out (PECR reg.22 / SI 336/2011 reg.13)"
f93bfb35bb44d1e96774,Margaret Dabbs,Beauty & spa,london,London,GB,UK,reception@margaretdabbs.co.uk,+44 20 7487 5510,https://www.margaretdabbs.co.uk/,7 New Cavendish Street London,51.5188,-0.15105,,,osm,email,2,new,ok,"GB: role address at a business — corporate subscriber, lawful with sender identity + working opt-out (PECR reg.22 / SI 336/2011 reg.13)"
bb69479461f2c85b6777,Marsden Woo,Gallery,london,London,GB,UK,info@marsdenwoo.com,+44 20 7336 6396,https://marsdenwoo.com/,23 Charlotte Road EC2A 3PB London,51.52558,-0.08129,,,osm,email,2,new,ok,"GB: role address at a business — corporate subscriber, lawful with sender identity + working opt-out (PECR reg.22 / SI 336/2011 reg.13)"
16610a76d0013e3db0f7,Marylebone Thai Spa,Massage & spa,london,London,GB,UK,info@marylebonethaispa.co.uk,+44 20 7935 2117,https://www.marylebonethaispa.co.uk/,58a Paddington Street W1U 4JA London,51.52064,-0.15276,,,osm,email,2,new,ok,"GB: role address at a business — corporate subscriber, lawful with sender identity + working opt-out (PECR reg.22 / SI 336/2011 reg.13)"
967b894539fa47f99a18,Maurice Sedwell,Tailor,london,London,GB,UK,info@savilerowtailor.com,+44 20 7734 0824,http://www.savilerowtailor.com/,19 Savile Row W1S 3PP London,51.51133,-0.14063,,,osm,email,2,new,ok,"GB: role address at a business — corporate subscriber, lawful with sender identity + working opt-out (PECR reg.22 / SI 336/2011 reg.13)"
2c17c8386903f2a141cc,Maximo;Maximo Italian Bistro,Restaurant,london,London,GB,UK,booking@maximoitalianbistrot.co.uk,,https://www.maximoitalianbistrot.co.uk/,58 Kennington Park Road SE11 4RS London,51.48915,-0.10539,,,osm,email,2,new,ok,"GB: role address at a business — corporate subscriber, lawful with sender identity + working opt-out (PECR reg.22 / SI 336/2011 reg.13)"
7f19f5c55bbe3d0b531f,McCann Bespoke,Shopping,london,London,GB,UK,info@mccannbespoke.com,+44 20 3904 6506,https://mccannbespoke.co.uk/,34-26 Lime Street EC3M 7AT London,51.51211,-0.08269,,,osm,email,2,new,ok,"GB: role address at a business — corporate subscriber, lawful with sender identity + working opt-out (PECR reg.22 / SI 336/2011 reg.13)"
2a9906472f990099abea,Meat Liquor,Restaurant,london,London,GB,UK,info@meatliquor.com,+44 20 7224 4239,https://meatliquor.com/restaurant/meatliquor-w1/,37-38 Margaret Street W1G 0JF London,51.51615,-0.14284,,,osm,email,2,new,ok,"GB: role address at a business — corporate subscriber, lawful with sender identity + working opt-out (PECR reg.22 / SI 336/2011 reg.13)"
3aa88ce9b4fc4cbccaaf,Melatone Skin Clinic,Beauty & spa,london,London,GB,UK,hello@melatoneskinclinic.co.uk,+44 7586 817215,https://www.melatoneskinclinic.co.uk/,99-109 Lavender Hill SW11 5QL London,51.46511,-0.15503,,,osm,email,2,new,ok,"GB: role address at a business — corporate subscriber, lawful with sender identity + working opt-out (PECR reg.22 / SI 336/2011 reg.13)"
dbcac484750a80d93835,Mile End Climbing Wall,Gym & fitness,london,London,GB,UK,enquiries@mileendwall.org.uk,+44 20 8980 0289,https://www.mileendwall.org.uk/,Haverfield Road E3 5BE London,51.52765,-0.03967,,,osm,email,2,new,ok,"GB: role address at a business — corporate subscriber, lawful with sender identity + working opt-out (PECR reg.22 / SI 336/2011 reg.13)"
37c2c2a0ba2dbc352076,Milo and the Bull,Gym & fitness,london,London,GB,UK,info@miloandthebull.com,+44 207 228 3885,https://www.miloandthebull.com/booklondonbridge,168-170 Bermondsey Street SE1 3TQ London,51.49941,-0.08142,,,osm,email,2,new,ok,"GB: role address at a business — corporate subscriber, lawful with sender identity + working opt-out (PECR reg.22 / SI 336/2011 reg.13)"
7e561e5c59b70162b933,Mouki Mou,Shopping,london,London,GB,UK,contact@moukimou.com,+44 20 7224 4010,https://www.moukimou.com/,29 Chiltern Street W1U 7PL London,51.51931,-0.15518,,,osm,email,2,new,ok,"GB: role address at a business — corporate subscriber, lawful with sender identity + working opt-out (PECR reg.22 / SI 336/2011 reg.13)"
1759591d811c6cbc8eb5,Museum Of Youth Culture,Museum,london,London,GB,UK,info@museumofyouthculture.com,,https://museumofyouthculture.com/,51 St. Pancras Way NW1 0PU London,51.54003,-0.13587,,,osm,email,2,new,ok,"GB: role address at a business — corporate subscriber, lawful with sender identity + working opt-out (PECR reg.22 / SI 336/2011 reg.13)"
a5deca154492d0f5e1f9,Myddleton Arms,Bar,london,London,GB,UK,info@myddletonarms.com,+44 20 7226 4595,https://myddletonarms.com/,52 Canonbury Road N1 2HS London,51.54179,-0.09765,,,osm,email,2,new,ok,"GB: role address at a business — corporate subscriber, lawful with sender identity + working opt-out (PECR reg.22 / SI 336/2011 reg.13)"
9bcf4589911a1d533d45,Nancy's,Bar,london,London,GB,UK,hello@nancys.co.uk,,https://www.nancys.co.uk/,London Bridge Walk SE1 2SX London,51.50617,-0.08742,,,osm,email,2,new,ok,"GB: role address at a business — corporate subscriber, lawful with sender identity + working opt-out (PECR reg.22 / SI 336/2011 reg.13)"
925ca19555ffb84c2a33,Night Tales Loft,Nightlife,london,London,GB,UK,info@ntloft.co.uk,,https://ntloft.co.uk/,Westgate Street London,51.53748,-0.05777,,,osm,email,2,new,ok,"GB: role address at a business — corporate subscriber, lawful with sender identity + working opt-out (PECR reg.22 / SI 336/2011 reg.13)"
60dddffb6ee471e854ac,Niu Hotpot,Restaurant,london,London,GB,UK,info@niuhotpot.co.uk,+44 20 3332 2968,https://www.niuhotpot.co.uk/,43 Commercial Street E1 6BD London,51.51703,-0.07348,,,osm,email,2,new,ok,"GB: role address at a business — corporate subscriber, lawful with sender identity + working opt-out (PECR reg.22 / SI 336/2011 reg.13)"
4c618f108492efe31855,Norton & Sons,Tailor,london,London,GB,UK,enquiries@nortonandsons.co.uk,+44 20 7437 0829,https://www.nortonandsons.co.uk/,16 Savile Row W1S 3PL London,51.5112,-0.14048,,,osm,email,2,new,ok,"GB: role address at a business — corporate subscriber, lawful with sender identity + working opt-out (PECR reg.22 / SI 336/2011 reg.13)"
914d5a70c0920f564c19,Nudo Studio,Beauty & spa,london,London,GB,UK,info@nudostudio.com,,https://www.thenudostudio.com/,Amhurst Terrace London,51.5547,-0.0668,,,osm,email,2,new,ok,"GB: role address at a business — corporate subscriber, lawful with sender identity + working opt-out (PECR reg.22 / SI 336/2011 reg.13)"
a508b0be95d4c4aab3b9,Odyssey Male Grooming,Beauty & spa,london,London,GB,UK,hello@odysseymalegrooming.com,+44 20 3911 8144,https://www.odysseymalegrooming.com/,63 Hackney Road E2 7NX London,51.5285,-0.0758,,,osm,email,2,new,ok,"GB: role address at a business — corporate subscriber, lawful with sender identity + working opt-out (PECR reg.22 / SI 336/2011 reg.13)"
f0fb498ea4a3c7098b71,Off-Cut,Beauty & spa,london,London,GB,UK,contact@offcutbarbers.com,+44 20 7458 4571,https://www.offcutbarbers.com/,1 Camberwell Church Street SE5 8QZ London,51.4736,-0.08883,,,osm,email,2,new,ok,"GB: role address at a business — corporate subscriber, lawful with sender identity + working opt-out (PECR reg.22 / SI 336/2011 reg.13)"
a5e39176d1f4b2f4ad72,Ozwald Boateng,Tailor,london,London,GB,UK,info@ozwaldboateng.co.uk,+44 20 7437 2030,https://ozwaldboateng.co.uk/,30 Savile Row W1S 3PT London,51.51117,-0.1408,,,osm,email,2,new,ok,"GB: role address at a business — corporate subscriber, lawful with sender identity + working opt-out (PECR reg.22 / SI 336/2011 reg.13)"
821105f67c8d106d2019,Pages of Hackney,Shopping,london,London,GB,UK,info@pagesofhackney.co.uk,+44 20 8525 1452,https://pagesofhackney.co.uk/,70 Lower Clapton Road E5 0RN London,51.55271,-0.05266,,,osm,email,2,new,ok,"GB: role address at a business — corporate subscriber, lawful with sender identity + working opt-out (PECR reg.22 / SI 336/2011 reg.13)"
bd30446372d2de6f9292,Papi's Munchies,Restaurant,london,London,GB,UK,info@papismunchiespizza.co.uk,+44 20 7623 8572,https://www.papismunchiespizza.co.uk/,20 Monument Street EC3R 8AJ London,51.50996,-0.08588,,,osm,email,2,new,ok,"GB: role address at a business — corporate subscriber, lawful with sender identity + working opt-out (PECR reg.22 / SI 336/2011 reg.13)"
a7bd0f06ed33ba857a1d,Peckham Platform,Gallery,london,London,GB,UK,info@peckhamplatform.com,+44 20 7358 9645,https://www.peckhamplatform.com/,89 Peckham High Street SE15 5RS London,51.47385,-0.0694,,,osm,email,2,new,ok,"GB: role address at a business — corporate subscriber, lawful with sender identity + working opt-out (PECR reg.22 / SI 336/2011 reg.13)"
f8cf0fa1118329dddbee,Phoenix Arts Club,Theatre,london,London,GB,UK,customercare@phoenixartsclub.com,+44 20 7836 1077,https://phoenixartsclub.com,1 Phoenix Street WC2H 8BU London,51.51435,-0.1294,,,osm,email,2,new,ok,"GB: role address at a business — corporate subscriber, lawful with sender identity + working opt-out (PECR reg.22 / SI 336/2011 reg.13)"
11766f9c594b95c93ee5,Planet Wax,Bar,london,London,GB,UK,shop@planetwax.net,,,318 New Cross Road SE14 6AF London,51.47551,-0.03678,,,osm,email,2,new,ok,"GB: role address at a business — corporate subscriber, lawful with sender identity + working opt-out (PECR reg.22 / SI 336/2011 reg.13)"
41d515b7def693f32d2a,Plaza Kgao Gaeng,Restaurant,london,London,GB,UK,hello@plazakhaogaeng.com,,https://plazakhaogaeng.com/,103-105 New Oxford Street WC1A 1DB London,51.51637,-0.12931,,,osm,email,2,new,ok,"GB: role address at a business — corporate subscriber, lawful with sender identity + working opt-out (PECR reg.22 / SI 336/2011 reg.13)"
c5ffd193a6b44c37af57,Quaker Street Coffee & Bubble Tea,Café,london,London,GB,UK,info@quakerstreet.co.uk,+44 20 7377 2986,https://quakerstreet.co.uk/,10 Quaker Street E1 6SZ London,51.52225,-0.07514,,,osm,email,2,new,ok,"GB: role address at a business — corporate subscriber, lawful with sender identity + working opt-out (PECR reg.22 / SI 336/2011 reg.13)"
8764fd6cc6e605bad1b2,R. Agius Scooters,Vehicle rental,london,London,GB,UK,info@agiusscooters.com,+44 20 7723 0995,http://www.agiusscooters.com/,363 Edgware Road W2 1BS London,51.52243,-0.17387,,,osm,email,2,new,ok,"GB: role address at a business — corporate subscriber, lawful with sender identity + working opt-out (PECR reg.22 / SI 336/2011 reg.13)"
5ce11e728281ab4c80cb,Rag N Bone,Shopping,london,London,GB,UK,info@ragnbone.london,+442084698259,http://ragnbone.london/,140 Deptford High Street SE8 3PQ London,51.47907,-0.02596,,,osm,email,2,new,ok,"GB: role address at a business — corporate subscriber, lawful with sender identity + working opt-out (PECR reg.22 / SI 336/2011 reg.13)"
4ad69704ef4b85d532ab,Reward Self Drive Van Hire,Vehicle rental,london,London,GB,UK,info@rewardvanhire.co.uk,+44 20 7284 2703,https://rewardvanhire.co.uk/,77 Islip Street NW5 2DL London,51.5492,-0.13698,,,osm,email,2,new,ok,"GB: role address at a business — corporate subscriber, lawful with sender identity + working opt-out (PECR reg.22 / SI 336/2011 reg.13)"
509cb0dfb39c1940c64d,Roastery Club,Café,london,London,GB,UK,contact@roasteryclub.co.uk,+442033023710,https://roasteryclub.co.uk/,2 New Drum Street E1 7RA London,51.515,-0.07148,,,osm,email,2,new,ok,"GB: role address at a business — corporate subscriber, lawful with sender identity + working opt-out (PECR reg.22 / SI 336/2011 reg.13)"
8473255a4ebce8911b86,SHAKARA,Restaurant,london,London,GB,UK,info@shakaraldn.com,+44 7437 569667,https://shakaraldn.com/,66 Baker Street W1U 7DJ London,51.51915,-0.15598,,,osm,email,2,new,ok,"GB: role address at a business — corporate subscriber, lawful with sender identity + working opt-out (PECR reg.22 / SI 336/2011 reg.13)"
14eed59e411e81260f8d,SHECH,Shopping,london,London,GB,UK,info@shech.com,,https://shech.com,58-60 Kensington Church Street W8 4DB London,51.50458,-0.19339,,,osm,email,2,new,ok,"GB: role address at a business — corporate subscriber, lawful with sender identity + working opt-out (PECR reg.22 / SI 336/2011 reg.13)"
20b98b3bbea21de8058a,SMOKY BOYS Kensington High Street,Street food,london,Kensington,GB,UK,info@smokyboys.com,+44 20 7937 8777,https://smokyboys.com/restaurants/kensington-high-street/,62 Kensington High Street W8 4PE London,51.50222,-0.19057,,,osm,email,2,new,ok,"GB: role address at a business — corporate subscriber, lawful with sender identity + working opt-out (PECR reg.22 / SI 336/2011 reg.13)"
a7b007a7ecaf71df891d,Salt Salon,Beauty & spa,london,London,GB,UK,bookings@saltborough.com,+44 7950 722776,https://www.saltsalonlondon.com/,3 Gillett Street N16 8JH London,51.54883,-0.07665,,,osm,email,2,new,ok,"GB: role address at a business — corporate subscriber, lawful with sender identity + working opt-out (PECR reg.22 / SI 336/2011 reg.13)"
18bc88d33e1c2baf1cae,Schwar & Co,Shopping,london,,GB,UK,info@schwar.co.uk,+44 20 7703 8912,https://schwar.co.uk,250 Walworth Road,51.48813,-0.09586,,,osm,email,2,new,ok,"GB: role address at a business — corporate subscriber, lawful with sender identity + working opt-out (PECR reg.22 / SI 336/2011 reg.13)"
3a75a871e66b50b6bbd7,Seen Fifteen / South Kiosk,Gallery,london,London,GB,UK,info@seenfifteen.com,+44 7720 437100;+44 7808 769595,http://seenfifteen.com/,133 Rye Lane SE15 4ST London,51.46997,-0.06741,,,osm,email,2,new,ok,"GB: role address at a business — corporate subscriber, lawful with sender identity + working opt-out (PECR reg.22 / SI 336/2011 reg.13)"
9e62c870e4a7c22b3a8d,Shades Snooker & Pool Club,Gym & fitness,london,London,GB,UK,info@shadesleisure.co.uk,+44 20 8692 4693,https://shadesleisure.co.uk/,197-199 Deptford High Street SE8 3NT London,51.48055,-0.02639,,,osm,email,2,new,ok,"GB: role address at a business — corporate subscriber, lawful with sender identity + working opt-out (PECR reg.22 / SI 336/2011 reg.13)"
7996992263b3441e5a3e,Silo,Restaurant,london,London,GB,UK,contact@silolondon.com,+44 20 7993 8155,https://silolondon.com,Queens Yard London,51.54296,-0.02208,,,osm,email,2,new,ok,"GB: role address at a business — corporate subscriber, lawful with sender identity + working opt-out (PECR reg.22 / SI 336/2011 reg.13)"
a742136dffa644173f7e,Silverclip,Beauty & spa,london,London,GB,UK,contact@silverclip.co.uk,+44 20 7790 3311,https://www.silverclip.co.uk/,51 Narrow Street E14 8DN London,51.51047,-0.03889,,,osm,email,2,new,ok,"GB: role address at a business — corporate subscriber, lawful with sender identity + working opt-out (PECR reg.22 / SI 336/2011 reg.13)"
6c8625bd88d37ba52482,Sir Devonshiresquare,Hotel,london,London,GB,UK,hello@sirdevonshiresquare.com,+44 20 3519 0103,https://www.sirhotels.com/en/devonshire-square/,5 Devonshire Square EC2M 4YE London,51.5164,-0.07782,,,osm,email,2,new,ok,"GB: role address at a business — corporate subscriber, lawful with sender identity + working opt-out (PECR reg.22 / SI 336/2011 reg.13)"
a20f27a602df484cd97c,Somerset Hotel,Hotel,london,London,GB,UK,reservations@somersethotel.net,+44 20 7723 0741,https://somersethotellondon.com,6 Dorset Square NW1 6QA London,51.52323,-0.16015,,,osm,email,2,new,ok,"GB: role address at a business — corporate subscriber, lawful with sender identity + working opt-out (PECR reg.22 / SI 336/2011 reg.13)"
310316934713b3450db2,Sophie Marks Hair & Beauty,Beauty & spa,london,London,GB,UK,contact@sophiemarkshairandbeauty.co.uk,+44 20 7730 6818,https://sophiemarkshairandbeauty.co.uk/,85 Bourne Street SW1W 8HF London,51.49241,-0.15538,,,osm,email,2,new,ok,"GB: role address at a business — corporate subscriber, lawful with sender identity + working opt-out (PECR reg.22 / SI 336/2011 reg.13)"
34c824e0c53f442d9418,South London Gallery,Arts Centre,london,London,GB,UK,mail@southlondongallery.org,+44 20 7703 6120,https://www.southlondongallery.org/,65-67 Peckham Road SE5 8UH London,51.47434,-0.07987,,,osm,email,2,new,ok,"GB: role address at a business — corporate subscriber, lawful with sender identity + working opt-out (PECR reg.22 / SI 336/2011 reg.13)"
73b65033b64adf85f63c,St Paul's Cathedral Shop,Souvenirs & gifts,london,,GB,UK,shop@stpaulscathedral.org.uk,+44 20 7246 8363,https://stpaulsshop.co.uk/,,51.51375,-0.09923,,,osm,email,2,new,ok,"GB: role address at a business — corporate subscriber, lawful with sender identity + working opt-out (PECR reg.22 / SI 336/2011 reg.13)"
c548ef617c2f04dd5947,Store Park Central,Supermarket,london,London,GB,UK,hello@parkcentral.life,+44 20 7627 1688,http://www.parkcentral.life/,344 Queenstown Road SW11 8BY London,51.47994,-0.14868,,,osm,email,2,new,ok,"GB: role address at a business — corporate subscriber, lawful with sender identity + working opt-out (PECR reg.22 / SI 336/2011 reg.13)"
96cc98aa51a890f92f88,Studio 1.1,Gallery,london,London,GB,UK,info@studio1-1.co.uk,+447952986696,http://www.studio1-1.co.uk/,57a Redchurch Street E2 7DJ London,51.52451,-0.07465,,,osm,email,2,new,ok,"GB: role address at a business — corporate subscriber, lawful with sender identity + working opt-out (PECR reg.22 / SI 336/2011 reg.13)"
1a283ff417d14be90285,Studio Lagree,Gym & fitness,london,London,GB,UK,info@studiolagreeuk.com,+44 20 8749 1361,https://studiolagree.com/uk/location/#white-city,195 Wood Lane W12 7TQ London,51.51376,-0.22666,,,osm,email,2,new,ok,"GB: role address at a business — corporate subscriber, lawful with sender identity + working opt-out (PECR reg.22 / SI 336/2011 reg.13)"
8cd68e22d846549ac42d,Studio Society,Gym & fitness,london,London,GB,UK,hello@studio-society.com,,https://www.studio-society.com,37 Fortune Green Road NW6 1DR London,51.55502,-0.19723,,,osm,email,2,new,ok,"GB: role address at a business — corporate subscriber, lawful with sender identity + working opt-out (PECR reg.22 / SI 336/2011 reg.13)"
6a212c037077575358ee,Sushi Salsa,Restaurant,london,London,GB,UK,info@sushisalsacamden.co.uk,+44 20 7482 7088,https://www.sushisalsacamden.co.uk/,3A Camden Wharf Jamestown Road NW1 7BY London,51.5409,-0.14529,,,osm,email,2,new,ok,"GB: role address at a business — corporate subscriber, lawful with sender identity + working opt-out (PECR reg.22 / SI 336/2011 reg.13)"
876014d733153f87319a,Terroirs,Restaurant,london,London,GB,UK,enquiries@terroirswinebar.com,+44 20 7036 0660,http://www.terroirswinebar.com,5 William IV Street WC2N 4DW London,51.50936,-0.12513,,,osm,email,2,new,ok,"GB: role address at a business — corporate subscriber, lawful with sender identity + working opt-out (PECR reg.22 / SI 336/2011 reg.13)"
5eb578df07a52dccb749,The Blue Maid,Bar,london,London,GB,UK,hello@thebluemaid.com,+442030074376,https://www.thebluemaid.com/,173 Borough High Street SE1 1HR London,51.50256,-0.09194,,,osm,email,2,new,ok,"GB: role address at a business — corporate subscriber, lawful with sender identity + working opt-out (PECR reg.22 / SI 336/2011 reg.13)"
1e583bd67770fab71e81,The Bohemians,Beauty & spa,london,London,GB,UK,Info@thebohemianssalon.co.uk,+44 20 3659 8760,https://www.thebohemianssalon.com,53 Deptford Broadway SE8 4PH London,51.47478,-0.02577,,,osm,email,2,new,ok,"GB: role address at a business — corporate subscriber, lawful with sender identity + working opt-out (PECR reg.22 / SI 336/2011 reg.13)"
d28004b3f390bb01eea7,The Brown Collection,Museum,london,London,GB,UK,contact@glenn-brown.co.uk,,https://glenn-brown.co.uk/the-brown-collection/,1 Bentinck Mews W1U 2AF London,51.51737,-0.15046,,,osm,email,2,new,ok,"GB: role address at a business — corporate subscriber, lawful with sender identity + working opt-out (PECR reg.22 / SI 336/2011 reg.13)"
09a6d52981fb7aa84470,The Bugis Singaporean Restaurant,Restaurant,london,South Kensington,GB,UK,reservations@thebugisrestaurant.com,+44 20 7331 6308,https://thebugisrestaurant.com/,Gloucester Road SW7 4QH London,51.49393,-0.18246,,,osm,email,2,new,ok,"GB: role address at a business — corporate subscriber, lawful with sender identity + working opt-out (PECR reg.22 / SI 336/2011 reg.13)"
dc789b53eb7eab07584b,The Florence Nightingale Museum,Museum,london,London,GB,UK,info@florence-nightingale.co.uk,+44 207 188 4400,https://www.florence-nightingale.co.uk/,2 Lambeth Palace Road SE1 7EP London,51.50001,-0.11767,,,osm,email,2,new,ok,"GB: role address at a business — corporate subscriber, lawful with sender identity + working opt-out (PECR reg.22 / SI 336/2011 reg.13)"
fbeec26281800b5f2d11,The Gate,Apartment,london,London,GB,UK,hello@thegate-london.com,+44 20 8619 1178,https://www.thegate-london.com/,41 White Church Lane E1 7QR London,51.51514,-0.06883,,,osm,email,2,new,ok,"GB: role address at a business — corporate subscriber, lawful with sender identity + working opt-out (PECR reg.22 / SI 336/2011 reg.13)"
53a112c280f96f79bce5,The Good Front Room,Restaurant,london,London,GB,UK,hello@thegoodfrontroom.co.uk,+44 20 3978 0209,https://www.thegoodfrontroom.co.uk/,1 Dalston Square E8 3GU London,51.54549,-0.07474,,,osm,email,2,new,ok,"GB: role address at a business — corporate subscriber, lawful with sender identity + working opt-out (PECR reg.22 / SI 336/2011 reg.13)"
e061e473d47c6c8bb9fc,The Grace,Nightlife,london,Islington,GB,UK,Info@thegrace.london,,https://www.thegrace.london/,20-22 Highbury Corner N5 1RD London,51.54679,-0.10401,,,osm,email,2,new,ok,"GB: role address at a business — corporate subscriber, lawful with sender identity + working opt-out (PECR reg.22 / SI 336/2011 reg.13)"
e1beb174dbb339baed26,The Griffin Sports Ground,Gym & fitness,london,Dulwich,GB,UK,info@londonyouthsports.org,,https://londonyouthsports.org,12 Dulwich Village SE21 7AL London,51.45102,-0.08876,,,osm,email,2,new,ok,"GB: role address at a business — corporate subscriber, lawful with sender identity + working opt-out (PECR reg.22 / SI 336/2011 reg.13)"
e37ccd8d331cd69889e0,The Hatch Club,Nightlife,london,London,GB,UK,info@thehatchclub.co.uk,+44 20 8692 9854,https://www.thehatchclub.co.uk/,23 Lewisham Way SE14 6PP London,51.47522,-0.0352,,,osm,email,2,new,ok,"GB: role address at a business — corporate subscriber, lawful with sender identity + working opt-out (PECR reg.22 / SI 336/2011 reg.13)"
f65e7d227ed3534c7147,The India - Fleet Street,Restaurant,london,London,GB,UK,info@theindia4.restaurant,+44 2073532898,https://theindia4.restaurant/,8 Crane Court EC4A 2EJ London,51.51471,-0.1093,,,osm,email,2,new,ok,"GB: role address at a business — corporate subscriber, lawful with sender identity + working opt-out (PECR reg.22 / SI 336/2011 reg.13)"
89bcf21daaac85d56933,The Lincoln Suites,Hotel,london,London,GB,UK,reception@thelincolnsuites.com,+44 20 3995 0080,https://thelincolnsuites.com/,37-39 Kingsway WC2B 6TP London,51.51446,-0.11861,,,osm,email,2,new,ok,"GB: role address at a business — corporate subscriber, lawful with sender identity + working opt-out (PECR reg.22 / SI 336/2011 reg.13)"
39914d142aba12e73a5c,The Memoir Club,Hotel,london,London,GB,UK,hello@memoirclublondon.com,+44 20 7693 5400,https://www.memoirclublondon.com,12 Upper Woburn Place WC1H 0HX London,51.52662,-0.12972,,,osm,email,2,new,ok,"GB: role address at a business — corporate subscriber, lawful with sender identity + working opt-out (PECR reg.22 / SI 336/2011 reg.13)"
fdc876c1927a36614f44,The Old Bank Vault,Gallery,london,London,GB,UK,contact@theoldbankvault.com,+44 20 7012 1210,https://www.theoldbankvault.com/,283 Hackney Road London,51.53118,-0.06777,,,osm,email,2,new,ok,"GB: role address at a business — corporate subscriber, lawful with sender identity + working opt-out (PECR reg.22 / SI 336/2011 reg.13)"
3e8fd2fa1f70cde61fc6,The Park Hotel,Hotel,london,London,GB,UK,info@theparkhotellondon.co.uk,+44 20 7834 3118,https://www.theparkhotellondon.co.uk/,64 Belgrave Road SW1V 2BP London,51.49053,-0.13892,,,osm,email,2,new,ok,"GB: role address at a business — corporate subscriber, lawful with sender identity + working opt-out (PECR reg.22 / SI 336/2011 reg.13)"
3fa6d9d262fb61667c48,The Space Bar,Bar,london,London,GB,UK,info@space.org.uk,,https://spacebar.org.uk,269 Westferry Road E14 3RS London,51.49215,-0.02412,,,osm,email,2,new,ok,"GB: role address at a business — corporate subscriber, lawful with sender identity + working opt-out (PECR reg.22 / SI 336/2011 reg.13)"
3e579546f07d129b6cd1,The Sporting Club,Gym & fitness,london,London,GB,UK,info@thesportingclub.co.uk,+44 20 7018 1454;+44 7932 365 645,https://www.thesportingclub.co.uk/,9 Sovereign Close E1W 3HW London,51.5089,-0.05696,,,osm,email,2,new,ok,"GB: role address at a business — corporate subscriber, lawful with sender identity + working opt-out (PECR reg.22 / SI 336/2011 reg.13)"
54c95068dc738b1ae646,The Underworld,Nightlife,london,Camden,GB,UK,contact@theunderworldcamden.co.uk,+44 20 7482 1932,https://www.theunderworldcamden.co.uk/,174 Camden High Street NW1 0NE London,51.53918,-0.14221,,,osm,email,2,new,ok,"GB: role address at a business — corporate subscriber, lawful with sender identity + working opt-out (PECR reg.22 / SI 336/2011 reg.13)"
c6df17c6b426c61e9c37,"The Viktor Wynd Museum of Curiosities, Fine Art & Natural History",Museum,london,London,GB,UK,info@thelasttuesdaysociety.org,+44 20 7998 3617,https://www.thelasttuesdaysociety.org/museum-curiosities/,11 Mare Street E8 4RP London,51.5347,-0.05764,,,osm,email,2,new,ok,"GB: role address at a business — corporate subscriber, lawful with sender identity + working opt-out (PECR reg.22 / SI 336/2011 reg.13)"
0b3e1cbdfdcb43ba9426,The Waiting Room,Nightlife,london,,GB,UK,info@thewaitingroomn16.com,+44 20 7241 5511,https://www.thewaitingroomn16.com/,,51.56207,-0.07399,,,osm,email,2,new,ok,"GB: role address at a business — corporate subscriber, lawful with sender identity + working opt-out (PECR reg.22 / SI 336/2011 reg.13)"
a27a7373543c7e7dfde4,The Wandle,Bar,london,London,GB,UK,enquiries@wandleearlsfield.com,+44 20 8874 4209,https://www.wandleearlsfield.com/,332 Garratt Lane SW18 4EJ London,51.44288,-0.18914,,,osm,email,2,new,ok,"GB: role address at a business — corporate subscriber, lawful with sender identity + working opt-out (PECR reg.22 / SI 336/2011 reg.13)"
4acef3d95907cc483f7a,The Watergate,Bar,london,London,GB,UK,hello@thewatergate.co.uk,+44 20 3972 0389,https://www.thewatergate.co.uk/,7 Watergate Street SE8 3HR London,51.48178,-0.02621,,,osm,email,2,new,ok,"GB: role address at a business — corporate subscriber, lawful with sender identity + working opt-out (PECR reg.22 / SI 336/2011 reg.13)"
76d285b31b2c9b3ca516,The Waterway,Restaurant,london,London,GB,UK,info@thewaterway.co.uk,+44 20 7266 3557,https://www.thewaterway.co.uk/,54 Formosa Street W9 2JU London,51.52274,-0.18792,,,osm,email,2,new,ok,"GB: role address at a business — corporate subscriber, lawful with sender identity + working opt-out (PECR reg.22 / SI 336/2011 reg.13)"
d8095eefaccfe501d71e,The Wick CrossFit,Gym & fitness,london,London,GB,UK,info@thewickcrossfit.com,+44 20 8054 1696,https://thewickcrossfit.com/,17 Rothbury Road E9 5HA London,51.54225,-0.02574,,,osm,email,2,new,ok,"GB: role address at a business — corporate subscriber, lawful with sender identity + working opt-out (PECR reg.22 / SI 336/2011 reg.13)"
c556daab412c6e84cf0c,The Wine Stores,Bar,london,London,GB,UK,info@thewinestores.co.uk,+44 20 3384 0438,https://www.thescottishstores.co.uk/,6-8 Caledonian Road N1 9DU London,51.53117,-0.12082,,,osm,email,2,new,ok,"GB: role address at a business — corporate subscriber, lawful with sender identity + working opt-out (PECR reg.22 / SI 336/2011 reg.13)"
35af84d469129f63b953,The Winery,Wine & spirits,london,London,GB,UK,info@thewineryuk.com,+44 20 7286 6475,https://www.thewineryuk.com/,4 Clifton Road W9 1SS London,51.5259,-0.17886,,,osm,email,2,new,ok,"GB: role address at a business — corporate subscriber, lawful with sender identity + working opt-out (PECR reg.22 / SI 336/2011 reg.13)"
2ccff8a3f9ddeea7df1f,Tila Studio,Beauty & spa,london,London,GB,UK,info@tilahairstudio.com,+44 2079 981470,https://www.tilahairstudio.com,78 Fortune Green Road NW6 1DS London,51.55445,-0.1966,,,osm,email,2,new,ok,"GB: role address at a business — corporate subscriber, lawful with sender identity + working opt-out (PECR reg.22 / SI 336/2011 reg.13)"
20586e2bf97897327fc3,Travel Department,Tours & travel,london,London,GB,UK,info@traveldepartment.com,+44 20 3966 5882,https://www.traveldepartment.co.uk,78 York Street W1H 1DP London,51.52,-0.16251,,,osm,email,2,new,ok,"GB: role address at a business — corporate subscriber, lawful with sender identity + working opt-out (PECR reg.22 / SI 336/2011 reg.13)"
b1f59a34cb64dbd9a90d,Troia,Restaurant,london,London,GB,UK,info@troia-restaurant.co.uk,+44 20 7633 9309,https://troia-restaurant.co.uk/,3F Belvedere Road SE1 7GQ London,51.50223,-0.11772,,,osm,email,2,new,ok,"GB: role address at a business — corporate subscriber, lawful with sender identity + working opt-out (PECR reg.22 / SI 336/2011 reg.13)"
ca9ac8b63ae1f57e0b2f,Tropical London,Bar,london,London,GB,UK,info@tropicallondon.com,,https://www.tropicallondon.com/,44 Lewisham Way SE14 6NP London,51.47397,-0.0342,,,osm,email,2,new,ok,"GB: role address at a business — corporate subscriber, lawful with sender identity + working opt-out (PECR reg.22 / SI 336/2011 reg.13)"
fa436a1f96b8f11e1657,Tula Rose,Beauty & spa,london,London,GB,UK,info@tularose.com,+44 20 7733 1400,https://www.tularose.com/,6A Coldharbour Lane SE5 9PR London,51.4719,-0.09365,,,osm,email,2,new,ok,"GB: role address at a business — corporate subscriber, lawful with sender identity + working opt-out (PECR reg.22 / SI 336/2011 reg.13)"
b3482289cf4f916b0f73,Turk's Head Cafe,Café,london,London,GB,UK,info@bistrobardot.co.uk,+44 20 7709 0779,https://www.bistrobardot.co.uk/,1 Green Bank E1W 2PA London,51.50426,-0.06125,,,osm,email,2,new,ok,"GB: role address at a business — corporate subscriber, lawful with sender identity + working opt-out (PECR reg.22 / SI 336/2011 reg.13)"
7bbc88f016d814d73514,Twist Studios,Gym & fitness,london,London,GB,UK,info@twiststudios.co.uk,+44 7737 785567,https://twiststudios.co.uk/,344 Camberwell Station Road London,51.47517,-0.09629,,,osm,email,2,new,ok,"GB: role address at a business — corporate subscriber, lawful with sender identity + working opt-out (PECR reg.22 / SI 336/2011 reg.13)"
8dce0dd5ea7b6d0dfd2a,Union Viet Cafe and Restaurant,Restaurant,london,London,GB,UK,info@unionviet.com,+44 20 3302 8828,http://www.unionviet.com/,120 Union Street SE1 0FR London,51.50385,-0.09847,,,osm,email,2,new,ok,"GB: role address at a business — corporate subscriber, lawful with sender identity + working opt-out (PECR reg.22 / SI 336/2011 reg.13)"
0c68ed20882d7dcea59a,Vagina Museum,Museum,london,London,GB,UK,info@vaginamuseum.co.uk,,https://www.vaginamuseum.co.uk/,275-276 Poyser Street E2 9RF London,51.53037,-0.05705,,,osm,email,2,new,ok,"GB: role address at a business — corporate subscriber, lawful with sender identity + working opt-out (PECR reg.22 / SI 336/2011 reg.13)"
a0ef6b57d1cf3e108e75,"Vertigo 42, Champagne Bar",Bar,london,London,GB,UK,reservations@vertigo42.co.uk,+44 20 7877 7842,http://www.vertigo42.co.uk,25 Old Broad Street EC2N 1HQ London,51.51508,-0.08381,,,osm,email,2,new,ok,"GB: role address at a business — corporate subscriber, lawful with sender identity + working opt-out (PECR reg.22 / SI 336/2011 reg.13)"
c31a181ef46638c452df,Victoria Park Harriers and Tower Hamlets Athletics Club,Gym & fitness,london,London,GB,UK,info@vphthac.org.uk,,http://www.vphthac.org.uk/,Cadogan Terrace E9 5EG London,51.54434,-0.03263,,,osm,email,2,new,ok,"GB: role address at a business — corporate subscriber, lawful with sender identity + working opt-out (PECR reg.22 / SI 336/2011 reg.13)"
c4ee74b9b586aa33a80f,Victoria Park Market,Market,london,,GB,UK,hi@victoriaparkmarket.com,,http://victoriaparkmarket.com/,,51.53454,-0.04817,,,osm,email,2,new,ok,"GB: role address at a business — corporate subscriber, lawful with sender identity + working opt-out (PECR reg.22 / SI 336/2011 reg.13)"
909c117058c08bb7a630,Vieteat,Restaurant,london,London,GB,UK,info@vieteat.co.uk,+44 20 7404 4138,,48 Kingsway WC2B 6EP London,51.51617,-0.11922,,,osm,email,2,new,ok,"GB: role address at a business — corporate subscriber, lawful with sender identity + working opt-out (PECR reg.22 / SI 336/2011 reg.13)"
a2475d4c26097b02f035,W6 Garden Centre Cafe,Café,london,London,GB,UK,info@w6gc.co.uk,+44 20 8563 7112,https://w6gardencentre.co.uk/cafe/,Ravenscourt Avenue W6 0SL London,51.49419,-0.23735,,,osm,email,2,new,ok,"GB: role address at a business — corporate subscriber, lawful with sender identity + working opt-out (PECR reg.22 / SI 336/2011 reg.13)"
dd12900ae21d481e41f4,Waterloo East Theatre,Theatre,london,London,GB,UK,info@waterlooeast.co.uk,+44 20 7928 0060,https://www.waterlooeast.co.uk/,Brad Street SE1 8TN London,51.50407,-0.11014,,,osm,email,2,new,ok,"GB: role address at a business — corporate subscriber, lawful with sender identity + working opt-out (PECR reg.22 / SI 336/2011 reg.13)"
bba9185f779ada26127d,Wellcome Collection,Museum,london,London,GB,UK,info@wellcomecollection.org,+44 20 7611 2222,http://www.wellcomecollection.org,183 Euston Road NW1 2BE London,51.52597,-0.13402,,,osm,email,2,new,ok,"GB: role address at a business — corporate subscriber, lawful with sender identity + working opt-out (PECR reg.22 / SI 336/2011 reg.13)"
6af14b58a3ea594bc971,Welsh & Jefferies,Tailor,london,London,GB,UK,info@welshandjefferies.com,+44 20 7734 3062,http://welshandjefferies.wix.com/welsh-and-jefferies,20a Savile Row London,51.51145,-0.14075,,,osm,email,2,new,ok,"GB: role address at a business — corporate subscriber, lawful with sender identity + working opt-out (PECR reg.22 / SI 336/2011 reg.13)"
bb5e728238394a0d9532,Westland Coffee & Wine,Café,london,London,GB,UK,info@westlandcoffee.co.uk,,http://www.westlandcoffee.co.uk,1 Westland Place N1 7LP London,51.52828,-0.0906,,,osm,email,2,new,ok,"GB: role address at a business — corporate subscriber, lawful with sender identity + working opt-out (PECR reg.22 / SI 336/2011 reg.13)"
c9a3d8a1341397c64c4e,Worlds End Bookshop,Shopping,london,London,GB,UK,info@worldsendbookshop.com,+44 20 7352 9376,https://www.worldsendbookshop.com/,357 King's Road London,51.48372,-0.17671,,,osm,email,2,new,ok,"GB: role address at a business — corporate subscriber, lawful with sender identity + working opt-out (PECR reg.22 / SI 336/2011 reg.13)"
435d9da41e2b96ffd342,Yellow Ladder,Café,london,London,GB,UK,info@citybrew.co.uk,,https://yellowladdercoffee.com/,Unit 3 Surrey Quays Road SE16 2BY London,51.4977,-0.04962,,,osm,email,2,new,ok,"GB: role address at a business — corporate subscriber, lawful with sender identity + working opt-out (PECR reg.22 / SI 336/2011 reg.13)"
566ba37c68621a106fd3,Zayna,Restaurant,london,London,GB,UK,info@zaynarestaurant.co.uk,+44 20 7723 2229,http://www.zaynarestaurant.co.uk/,25 New Quebec Street W1H 7SF London,51.51495,-0.15825,,,osm,email,2,new,ok,"GB: role address at a business — corporate subscriber, lawful with sender identity + working opt-out (PECR reg.22 / SI 336/2011 reg.13)"
eb99ad0720ad47b57f4d,ABC Buildings,Vehicle rental,manchester,,GB,UK,support@beryl.cc,+44 20 3003 5044,https://beryl.cc/scheme/greater-manchester,,53.47878,-2.2528,,,osm,email,2,new,ok,"GB: role address at a business — corporate subscriber, lawful with sender identity + working opt-out (PECR reg.22 / SI 336/2011 reg.13)"
217f5b1dcbe59705e50f,Addison Crescent/Skerton Road,Vehicle rental,manchester,,GB,UK,support@beryl.cc,+44 20 3003 5044,https://beryl.cc/scheme/greater-manchester,,53.45484,-2.27587,,,osm,email,2,new,ok,"GB: role address at a business — corporate subscriber, lawful with sender identity + working opt-out (PECR reg.22 / SI 336/2011 reg.13)"
d111178181b3439aac35,Albert Park,Vehicle rental,manchester,,GB,UK,support@beryl.cc,+44 20 3003 5044,https://beryl.cc/scheme/greater-manchester,,53.50102,-2.26215,,,osm,email,2,new,ok,"GB: role address at a business — corporate subscriber, lawful with sender identity + working opt-out (PECR reg.22 / SI 336/2011 reg.13)"
ae4d69e71657e0389eb2,Albion Street/City Road East,Vehicle rental,manchester,,GB,UK,support@beryl.cc,+44 20 3003 5044,https://beryl.cc/scheme/greater-manchester,,53.47316,-2.2485,,,osm,email,2,new,ok,"GB: role address at a business — corporate subscriber, lawful with sender identity + working opt-out (PECR reg.22 / SI 336/2011 reg.13)"
6a07eebb220b7a2cc185,All Saints Park I,Vehicle rental,manchester,,GB,UK,support@beryl.cc,+44 20 3003 5044,https://beryl.cc/scheme/greater-manchester,,53.47061,-2.23766,,,osm,email,2,new,ok,"GB: role address at a business — corporate subscriber, lawful with sender identity + working opt-out (PECR reg.22 / SI 336/2011 reg.13)"
4ae6a7559511e5c73571,Altrincham Street,Vehicle rental,manchester,,GB,UK,support@beryl.cc,+44 20 3003 5044,https://beryl.cc/scheme/greater-manchester,,53.47579,-2.2312,,,osm,email,2,new,ok,"GB: role address at a business — corporate subscriber, lawful with sender identity + working opt-out (PECR reg.22 / SI 336/2011 reg.13)"
7cdd86d50e1799d6e142,Armitage Centre,Vehicle rental,manchester,,GB,UK,support@beryl.cc,+44 20 3003 5044,https://beryl.cc/scheme/greater-manchester,,53.44428,-2.21122,,,osm,email,2,new,ok,"GB: role address at a business — corporate subscriber, lawful with sender identity + working opt-out (PECR reg.22 / SI 336/2011 reg.13)"
64ac14a05f40a5ade5aa,Ascension Church Hulme,Vehicle rental,manchester,,GB,UK,support@beryl.cc,+44 20 3003 5044,https://beryl.cc/scheme/greater-manchester,,53.4671,-2.25018,,,osm,email,2,new,ok,"GB: role address at a business — corporate subscriber, lawful with sender identity + working opt-out (PECR reg.22 / SI 336/2011 reg.13)"
bef73b947cb3c1675880,Aspin Lane,Vehicle rental,manchester,,GB,UK,support@beryl.cc,+44 20 3003 5044,https://beryl.cc/scheme/greater-manchester,,53.48869,-2.23904,,,osm,email,2,new,ok,"GB: role address at a business — corporate subscriber, lawful with sender identity + working opt-out (PECR reg.22 / SI 336/2011 reg.13)"
fe87cede38b0f5ebfc7a,Ayres Road,Vehicle rental,manchester,,GB,UK,support@beryl.cc,+44 20 3003 5044,https://beryl.cc/scheme/greater-manchester,,53.45735,-2.27451,,,osm,email,2,new,ok,"GB: role address at a business — corporate subscriber, lawful with sender identity + working opt-out (PECR reg.22 / SI 336/2011 reg.13)"
bde3d1d3fa09c5c787b6,Aytoun Street,Vehicle rental,manchester,,GB,UK,support@beryl.cc,+44 20 3003 5044,https://beryl.cc/scheme/greater-manchester,,53.47695,-2.23381,,,osm,email,2,new,ok,"GB: role address at a business — corporate subscriber, lawful with sender identity + working opt-out (PECR reg.22 / SI 336/2011 reg.13)"
5b736dbd2e824ef88a48,Base Bar,Bar,manchester,Manchester,GB,UK,hello@basebar.co.uk,+44 161 376 6907,https://www.basebar.co.uk/,5 Millow Street M4 4DR Manchester,53.48894,-2.23953,,,osm,email,2,new,ok,"GB: role address at a business — corporate subscriber, lawful with sender identity + working opt-out (PECR reg.22 / SI 336/2011 reg.13)"
da7a9732ab773523b527,Beetham Tower,Vehicle rental,manchester,,GB,UK,support@beryl.cc,+44 20 3003 5044,https://beryl.cc/scheme/greater-manchester,,53.47557,-2.25128,,,osm,email,2,new,ok,"GB: role address at a business — corporate subscriber, lawful with sender identity + working opt-out (PECR reg.22 / SI 336/2011 reg.13)"
638490930d9dd73ca968,Blackfriars St/Mount St,Vehicle rental,manchester,,GB,UK,support@beryl.cc,+44 20 3003 5044,https://beryl.cc/scheme/greater-manchester,,53.48881,-2.25738,,,osm,email,2,new,ok,"GB: role address at a business — corporate subscriber, lawful with sender identity + working opt-out (PECR reg.22 / SI 336/2011 reg.13)"
a1514c31d58c7e8147dc,Blossom Street,Vehicle rental,manchester,,GB,UK,support@beryl.cc,+44 20 3003 5044,https://beryl.cc/scheme/greater-manchester,,53.48476,-2.22841,,,osm,email,2,new,ok,"GB: role address at a business — corporate subscriber, lawful with sender identity + working opt-out (PECR reg.22 / SI 336/2011 reg.13)"
01907c35db01cf9af14b,Bonsall Street,Vehicle rental,manchester,,GB,UK,support@beryl.cc,+44 20 3003 5044,https://beryl.cc/scheme/greater-manchester,,53.46797,-2.24185,,,osm,email,2,new,ok,"GB: role address at a business — corporate subscriber, lawful with sender identity + working opt-out (PECR reg.22 / SI 336/2011 reg.13)"
8fd10fc1f7647759bcc5,Bonsall Street Bridge,Vehicle rental,manchester,,GB,UK,support@beryl.cc,+44 20 3003 5044,https://beryl.cc/scheme/greater-manchester,,53.46738,-2.24516,,,osm,email,2,new,ok,"GB: role address at a business — corporate subscriber, lawful with sender identity + working opt-out (PECR reg.22 / SI 336/2011 reg.13)"
1278cfc2276290c7bbf2,Booth Street/W Mosley Street,Vehicle rental,manchester,,GB,UK,support@beryl.cc,+44 20 3003 5044,https://beryl.cc/scheme/greater-manchester,,53.4793,-2.24188,,,osm,email,2,new,ok,"GB: role address at a business — corporate subscriber, lawful with sender identity + working opt-out (PECR reg.22 / SI 336/2011 reg.13)"
e3cff4dbd4f430589046,Brantingham Road/Egerton Road N,Vehicle rental,manchester,,GB,UK,support@beryl.cc,+44 20 3003 5044,https://beryl.cc/scheme/greater-manchester,,53.44574,-2.27083,,,osm,email,2,new,ok,"GB: role address at a business — corporate subscriber, lawful with sender identity + working opt-out (PECR reg.22 / SI 336/2011 reg.13)"
2623630157948d5f63a0,Bridgewater House,Vehicle rental,manchester,,GB,UK,support@beryl.cc,+44 20 3003 5044,https://beryl.cc/scheme/greater-manchester,,53.47554,-2.24226,,,osm,email,2,new,ok,"GB: role address at a business — corporate subscriber, lawful with sender identity + working opt-out (PECR reg.22 / SI 336/2011 reg.13)"
1ad209ac305c481b55f4,Broad Street / Eccles Old Lane,Vehicle rental,manchester,,GB,UK,support@beryl.cc,+44 20 3003 5044,https://beryl.cc/scheme/greater-manchester,,53.49203,-2.28878,,,osm,email,2,new,ok,"GB: role address at a business — corporate subscriber, lawful with sender identity + working opt-out (PECR reg.22 / SI 336/2011 reg.13)"
8ff3bdfa1eafe218857b,Brook’s Road,Vehicle rental,manchester,,GB,UK,support@beryl.cc,+44 20 3003 5044,https://beryl.cc/scheme/greater-manchester,,53.45326,-2.27349,,,osm,email,2,new,ok,"GB: role address at a business — corporate subscriber, lawful with sender identity + working opt-out (PECR reg.22 / SI 336/2011 reg.13)"
2860bddac26687e0c6bd,Broughton Lane,Vehicle rental,manchester,,GB,UK,support@beryl.cc,+44 20 3003 5044,https://beryl.cc/scheme/greater-manchester,,53.49586,-2.25703,,,osm,email,2,new,ok,"GB: role address at a business — corporate subscriber, lawful with sender identity + working opt-out (PECR reg.22 / SI 336/2011 reg.13)"
ecb54d46e36334896553,Brunswick Street,Vehicle rental,manchester,,GB,UK,support@beryl.cc,+44 20 3003 5044,https://beryl.cc/scheme/greater-manchester,,53.46908,-2.22546,,,osm,email,2,new,ok,"GB: role address at a business — corporate subscriber, lawful with sender identity + working opt-out (PECR reg.22 / SI 336/2011 reg.13)"
f22b9672bfba263c0856,Burford Road,Vehicle rental,manchester,,GB,UK,support@beryl.cc,+44 20 3003 5044,https://beryl.cc/scheme/greater-manchester,,53.44929,-2.25774,,,osm,email,2,new,ok,"GB: role address at a business — corporate subscriber, lawful with sender identity + working opt-out (PECR reg.22 / SI 336/2011 reg.13)"
d703b01dff19f9dafc0e,Camp Street/Broughton Lane,Vehicle rental,manchester,,GB,UK,support@beryl.cc,+44 20 3003 5044,https://beryl.cc/scheme/greater-manchester,,53.49712,-2.2644,,,osm,email,2,new,ok,"GB: role address at a business — corporate subscriber, lawful with sender identity + working opt-out (PECR reg.22 / SI 336/2011 reg.13)"
4804601b9848cd079a2a,Canto,Restaurant,manchester,Manchester,GB,UK,enquiries@cantorestaurant.com,,https://www.cantorestaurant.com,55 Henry Street M4 5DH Manchester,53.48418,-2.22962,,,osm,email,2,new,ok,"GB: role address at a business — corporate subscriber, lawful with sender identity + working opt-out (PECR reg.22 / SI 336/2011 reg.13)"
648f66d7e81ddfcd0fc9,Charlotte St/Portland St,Vehicle rental,manchester,,GB,UK,support@beryl.cc,+44 20 3003 5044,https://beryl.cc/scheme/greater-manchester,,53.47874,-2.23868,,,osm,email,2,new,ok,"GB: role address at a business — corporate subscriber, lawful with sender identity + working opt-out (PECR reg.22 / SI 336/2011 reg.13)"
ef5929a73df1c8b6872c,Chester Road/Boyer Street,Vehicle rental,manchester,,GB,UK,support@beryl.cc,+44 20 3003 5044,https://beryl.cc/scheme/greater-manchester,,53.46316,-2.27969,,,osm,email,2,new,ok,"GB: role address at a business — corporate subscriber, lawful with sender identity + working opt-out (PECR reg.22 / SI 336/2011 reg.13)"
6f3e4a9bd0b8885aea7b,Chester Street,Vehicle rental,manchester,,GB,UK,support@beryl.cc,+44 20 3003 5044,https://beryl.cc/scheme/greater-manchester,,53.47174,-2.24208,,,osm,email,2,new,ok,"GB: role address at a business — corporate subscriber, lawful with sender identity + working opt-out (PECR reg.22 / SI 336/2011 reg.13)"
555e08c890506d54f129,Chinatown/George Street,Vehicle rental,manchester,,GB,UK,support@beryl.cc,+44 20 3003 5044,https://beryl.cc/scheme/greater-manchester,,53.47958,-2.23949,,,osm,email,2,new,ok,"GB: role address at a business — corporate subscriber, lawful with sender identity + working opt-out (PECR reg.22 / SI 336/2011 reg.13)"
236d7f213ce1e691e28e,Chorlton Health Hub,Gym & fitness,manchester,Manchester,GB,UK,info@chorltonhealthhub.co.uk,,https://www.chorltonhealthhub.co.uk/,559 Barlow Moor Road M21 8AN Manchester,53.44118,-2.27618,,,osm,email,2,new,ok,"GB: role address at a business — corporate subscriber, lawful with sender identity + working opt-out (PECR reg.22 / SI 336/2011 reg.13)"
ba22c56511ce48d72238,Chorlton Library,Vehicle rental,manchester,,GB,UK,support@beryl.cc,+44 20 3003 5044,https://beryl.cc/scheme/greater-manchester,,53.4451,-2.27865,,,osm,email,2,new,ok,"GB: role address at a business — corporate subscriber, lawful with sender identity + working opt-out (PECR reg.22 / SI 336/2011 reg.13)"
c121944133ea99fec388,Chorlton Road/Stretford Road,Vehicle rental,manchester,,GB,UK,support@beryl.cc,+44 20 3003 5044,https://beryl.cc/scheme/greater-manchester,,53.46552,-2.25795,,,osm,email,2,new,ok,"GB: role address at a business — corporate subscriber, lawful with sender identity + working opt-out (PECR reg.22 / SI 336/2011 reg.13)"
587a4d05db8ee3c386ef,Circle Square/Oxford Road,Vehicle rental,manchester,,GB,UK,support@beryl.cc,+44 20 3003 5044,https://beryl.cc/scheme/greater-manchester,,53.47257,-2.23911,,,osm,email,2,new,ok,"GB: role address at a business — corporate subscriber, lawful with sender identity + working opt-out (PECR reg.22 / SI 336/2011 reg.13)"
40476b3acaea1e6f71ee,City Road / Chester Road,Vehicle rental,manchester,,GB,UK,support@beryl.cc,+44 20 3003 5044,https://beryl.cc/scheme/greater-manchester,,53.46584,-2.26574,,,osm,email,2,new,ok,"GB: role address at a business — corporate subscriber, lawful with sender identity + working opt-out (PECR reg.22 / SI 336/2011 reg.13)"
4d12640e7b458f16d74b,CitySkills - Salford City College,Vehicle rental,manchester,,GB,UK,support@beryl.cc,+44 20 3003 5044,https://beryl.cc/scheme/greater-manchester,,53.49157,-2.27705,,,osm,email,2,new,ok,"GB: role address at a business — corporate subscriber, lawful with sender identity + working opt-out (PECR reg.22 / SI 336/2011 reg.13)"
ad93470cbd73d1c80f07,Citylabs 1.0,Vehicle rental,manchester,,GB,UK,support@beryl.cc,+44 20 3003 5044,https://beryl.cc/scheme/greater-manchester,,53.46216,-2.22923,,,osm,email,2,new,ok,"GB: role address at a business — corporate subscriber, lawful with sender identity + working opt-out (PECR reg.22 / SI 336/2011 reg.13)"
5f0ae690a8bf534d69bd,Club Tropicana,Nightlife,manchester,Manchester,GB,UK,info@clubtropicanamanchester.com,+44 330 111 2024,https://www.therembrandtmanchester.com/club-tropicana,33 Sackville Street M1 3LZ Manchester,53.47704,-2.23706,,,osm,email,2,new,ok,"GB: role address at a business — corporate subscriber, lawful with sender identity + working opt-out (PECR reg.22 / SI 336/2011 reg.13)"
3447b4a651342288ea58,Companio Bakery,Bakery,manchester,,GB,UK,info@companiobakery.co.uk,+44 7765 914603,https://companiobakery.co.uk,35 Radium Street,53.48452,-2.22528,,,osm,email,2,new,ok,"GB: role address at a business — corporate subscriber, lawful with sender identity + working opt-out (PECR reg.22 / SI 336/2011 reg.13)"
35d60a4f5e0086edce20,Cross Lane,Vehicle rental,manchester,,GB,UK,support@beryl.cc,+44 20 3003 5044,https://beryl.cc/scheme/greater-manchester,,53.48167,-2.28049,,,osm,email,2,new,ok,"GB: role address at a business — corporate subscriber, lawful with sender identity + working opt-out (PECR reg.22 / SI 336/2011 reg.13)"
a0b017b8128b43b758ef,Cultplex,Cinema,manchester,Manchester,GB,UK,info@cultplex.co.uk,+44 161 302 3084,https://cultplex.co.uk/,50 Red Bank M4 4HF Manchester,53.49162,-2.23792,,,osm,email,2,new,ok,"GB: role address at a business — corporate subscriber, lawful with sender identity + working opt-out (PECR reg.22 / SI 336/2011 reg.13)"
b800746e0c75576afdb8,Dale Street,Vehicle rental,manchester,,GB,UK,support@beryl.cc,+44 20 3003 5044,https://beryl.cc/scheme/greater-manchester,,53.47979,-2.23204,,,osm,email,2,new,ok,"GB: role address at a business — corporate subscriber, lawful with sender identity + working opt-out (PECR reg.22 / SI 336/2011 reg.13)"
b7b7d4b6a0d33f776a3e,Darley Street,Vehicle rental,manchester,,GB,UK,support@beryl.cc,+44 20 3003 5044,https://beryl.cc/scheme/greater-manchester,,53.48161,-2.20462,,,osm,email,2,new,ok,"GB: role address at a business — corporate subscriber, lawful with sender identity + working opt-out (PECR reg.22 / SI 336/2011 reg.13)"
8c5d69b428866454f7fa,Deansgate/Commercial Street,Vehicle rental,manchester,,GB,UK,support@beryl.cc,+44 20 3003 5044,https://beryl.cc/scheme/greater-manchester,,53.47355,-2.25177,,,osm,email,2,new,ok,"GB: role address at a business — corporate subscriber, lawful with sender identity + working opt-out (PECR reg.22 / SI 336/2011 reg.13)"
903674f19b41b8376c8b,Deansgate/St Mary's Gate,Vehicle rental,manchester,,GB,UK,support@beryl.cc,+44 20 3003 5044,https://beryl.cc/scheme/greater-manchester,,53.48373,-2.24589,,,osm,email,2,new,ok,"GB: role address at a business — corporate subscriber, lawful with sender identity + working opt-out (PECR reg.22 / SI 336/2011 reg.13)"
c79b7a88808e5bc9ce62,Denmark Road Sport Centre,Vehicle rental,manchester,,GB,UK,support@beryl.cc,+44 20 3003 5044,https://beryl.cc/scheme/greater-manchester,,53.46046,-2.23529,,,osm,email,2,new,ok,"GB: role address at a business — corporate subscriber, lawful with sender identity + working opt-out (PECR reg.22 / SI 336/2011 reg.13)"
6f0762cbf688c11d0db6,Devonshire Street North,Vehicle rental,manchester,,GB,UK,support@beryl.cc,+44 20 3003 5044,https://beryl.cc/scheme/greater-manchester,,53.4714,-2.21565,,,osm,email,2,new,ok,"GB: role address at a business — corporate subscriber, lawful with sender identity + working opt-out (PECR reg.22 / SI 336/2011 reg.13)"
958c38f3fdffa3d62c44,Dolefield,Vehicle rental,manchester,,GB,UK,support@beryl.cc,+44 20 3003 5044,https://beryl.cc/scheme/greater-manchester,,53.48103,-2.25108,,,osm,email,2,new,ok,"GB: role address at a business — corporate subscriber, lawful with sender identity + working opt-out (PECR reg.22 / SI 336/2011 reg.13)"
e82855028d88f0c87632,Dover Street,Vehicle rental,manchester,,GB,UK,support@beryl.cc,+44 20 3003 5044,https://beryl.cc/scheme/greater-manchester,,53.4652,-2.23196,,,osm,email,2,new,ok,"GB: role address at a business — corporate subscriber, lawful with sender identity + working opt-out (PECR reg.22 / SI 336/2011 reg.13)"
815719aa1703912e8ef3,Ducie Street,Vehicle rental,manchester,,GB,UK,support@beryl.cc,+44 20 3003 5044,https://beryl.cc/scheme/greater-manchester,,53.47917,-2.232,,,osm,email,2,new,ok,"GB: role address at a business — corporate subscriber, lawful with sender identity + working opt-out (PECR reg.22 / SI 336/2011 reg.13)"
af75ef2f22033190ad9c,Ducie Street Warehouse,Bar,manchester,Manchester,GB,UK,info@duciestreet.com,+44 161 503 9460,https://duciestreet.com/,Ducie Street M1 2TP Manchester,53.47913,-2.23125,,,osm,email,2,new,ok,"GB: role address at a business — corporate subscriber, lawful with sender identity + working opt-out (PECR reg.22 / SI 336/2011 reg.13)"
9e37d8079888fa8fee58,East Union Street,Vehicle rental,manchester,,GB,UK,support@beryl.cc,+44 20 3003 5044,https://beryl.cc/scheme/greater-manchester,,53.46429,-2.26555,,,osm,email,2,new,ok,"GB: role address at a business — corporate subscriber, lawful with sender identity + working opt-out (PECR reg.22 / SI 336/2011 reg.13)"
abfe1118424561724701,Eccles New Road East,Vehicle rental,manchester,,GB,UK,support@beryl.cc,+44 20 3003 5044,https://beryl.cc/scheme/greater-manchester,,53.47967,-2.28754,,,osm,email,2,new,ok,"GB: role address at a business — corporate subscriber, lawful with sender identity + working opt-out (PECR reg.22 / SI 336/2011 reg.13)"
a4fb7d3924326ca10a63,Eccles New Road West,Vehicle rental,manchester,,GB,UK,support@beryl.cc,+44 20 3003 5044,https://beryl.cc/scheme/greater-manchester,,53.48037,-2.29266,,,osm,email,2,new,ok,"GB: role address at a business — corporate subscriber, lawful with sender identity + working opt-out (PECR reg.22 / SI 336/2011 reg.13)"
df6bd17acf953c5bdf97,Egerton Road,Vehicle rental,manchester,,GB,UK,support@beryl.cc,+44 20 3003 5044,https://beryl.cc/scheme/greater-manchester,,53.44031,-2.21909,,,osm,email,2,new,ok,"GB: role address at a business — corporate subscriber, lawful with sender identity + working opt-out (PECR reg.22 / SI 336/2011 reg.13)"
091a8170b4b5260e65bb,Egerton Road South,Vehicle rental,manchester,,GB,UK,support@beryl.cc,+44 20 3003 5044,https://beryl.cc/scheme/greater-manchester,,53.44246,-2.27096,,,osm,email,2,new,ok,"GB: role address at a business — corporate subscriber, lawful with sender identity + working opt-out (PECR reg.22 / SI 336/2011 reg.13)"
5641e7b985b446109097,Etihad Stadium/Rowsley Street,Vehicle rental,manchester,,GB,UK,support@beryl.cc,+44 20 3003 5044,https://beryl.cc/scheme/greater-manchester,,53.48212,-2.20354,,,osm,email,2,new,ok,"GB: role address at a business — corporate subscriber, lawful with sender identity + working opt-out (PECR reg.22 / SI 336/2011 reg.13)"
d7d41930fcbf062a3360,Exchange Quay/Colgate Lane,Vehicle rental,manchester,,GB,UK,support@beryl.cc,+44 20 3003 5044,https://beryl.cc/scheme/greater-manchester,,53.4666,-2.28336,,,osm,email,2,new,ok,"GB: role address at a business — corporate subscriber, lawful with sender identity + working opt-out (PECR reg.22 / SI 336/2011 reg.13)"
3f9c548a56092ef9cf65,Fairfield Social Club,Bar,manchester,Manchester,GB,UK,info@fscmcr.co.uk,+44 161 302 3084,https://fscmcr.co.uk/,6 Irk Street M4 4JT Manchester,53.48977,-2.23497,,,osm,email,2,new,ok,"GB: role address at a business — corporate subscriber, lawful with sender identity + working opt-out (PECR reg.22 / SI 336/2011 reg.13)"
e8b955a016e666670a7b,Fallowfield Campus,Vehicle rental,manchester,,GB,UK,support@beryl.cc,+44 20 3003 5044,https://beryl.cc/scheme/greater-manchester,,53.44469,-2.21828,,,osm,email,2,new,ok,"GB: role address at a business — corporate subscriber, lawful with sender identity + working opt-out (PECR reg.22 / SI 336/2011 reg.13)"
2b357e8e4f7928a0a126,Flixton Road,Vehicle rental,manchester,,GB,UK,support@beryl.cc,+44 20 3003 5044,https://beryl.cc/scheme/greater-manchester,,53.46254,-2.21634,,,osm,email,2,new,ok,"GB: role address at a business — corporate subscriber, lawful with sender identity + working opt-out (PECR reg.22 / SI 336/2011 reg.13)"
03bed46374a1a35764f9,Fountain Street,Vehicle rental,manchester,,GB,UK,support@beryl.cc,+44 20 3003 5044,https://beryl.cc/scheme/greater-manchester,,53.48067,-2.24078,,,osm,email,2,new,ok,"GB: role address at a business — corporate subscriber, lawful with sender identity + working opt-out (PECR reg.22 / SI 336/2011 reg.13)"
cabe148eb551f1873ee2,Frederick Street,Vehicle rental,manchester,,GB,UK,support@beryl.cc,+44 20 3003 5044,https://beryl.cc/scheme/greater-manchester,,53.4848,-2.25663,,,osm,email,2,new,ok,"GB: role address at a business — corporate subscriber, lawful with sender identity + working opt-out (PECR reg.22 / SI 336/2011 reg.13)"
db3add2dc480a9ff6363,Freeman Square,Vehicle rental,manchester,,GB,UK,support@beryl.cc,+44 20 3003 5044,https://beryl.cc/scheme/greater-manchester,,53.46678,-2.24082,,,osm,email,2,new,ok,"GB: role address at a business — corporate subscriber, lawful with sender identity + working opt-out (PECR reg.22 / SI 336/2011 reg.13)"
ca9b9fe4d1d86b62a6f4,Frost Burgers,Street food,manchester,Manchester,GB,UK,info@frostburgers.com,+44 161 228 3860,https://www.frostburgers.com/,48 Portland Street M1 4QU Manchester,53.4784,-2.23894,,,osm,email,2,new,ok,"GB: role address at a business — corporate subscriber, lawful with sender identity + working opt-out (PECR reg.22 / SI 336/2011 reg.13)"
e735c54991a37871026d,Garwood Street,Vehicle rental,manchester,,GB,UK,support@beryl.cc,+44 20 3003 5044,https://beryl.cc/scheme/greater-manchester,,53.47149,-2.24994,,,osm,email,2,new,ok,"GB: role address at a business — corporate subscriber, lawful with sender identity + working opt-out (PECR reg.22 / SI 336/2011 reg.13)"
b8f8b8d0d3ef55797d34,Grangethorpe Road,Vehicle rental,manchester,,GB,UK,support@beryl.cc,+44 20 3003 5044,https://beryl.cc/scheme/greater-manchester,,53.44824,-2.22007,,,osm,email,2,new,ok,"GB: role address at a business — corporate subscriber, lawful with sender identity + working opt-out (PECR reg.22 / SI 336/2011 reg.13)"
1eafeb37bd6c578facdd,Great Ancoats Street,Vehicle rental,manchester,,GB,UK,support@beryl.cc,+44 20 3003 5044,https://beryl.cc/scheme/greater-manchester,,53.48334,-2.22987,,,osm,email,2,new,ok,"GB: role address at a business — corporate subscriber, lawful with sender identity + working opt-out (PECR reg.22 / SI 336/2011 reg.13)"
7f1756a4dea624c53bef,Great Ancoats Street,Vehicle rental,manchester,,GB,UK,support@beryl.cc,+44 20 3003 5044,https://beryl.cc/scheme/greater-manchester,,53.48494,-2.23235,,,osm,email,2,new,ok,"GB: role address at a business — corporate subscriber, lawful with sender identity + working opt-out (PECR reg.22 / SI 336/2011 reg.13)"
ff5b867726c2bd7ed96c,Great Cheetham Street West,Vehicle rental,manchester,,GB,UK,support@beryl.cc,+44 20 3003 5044,https://beryl.cc/scheme/greater-manchester,,53.50189,-2.25832,,,osm,email,2,new,ok,"GB: role address at a business — corporate subscriber, lawful with sender identity + working opt-out (PECR reg.22 / SI 336/2011 reg.13)"
b57e2f50065ac155299c,Great Clowes St/Sussex St,Vehicle rental,manchester,,GB,UK,support@beryl.cc,+44 20 3003 5044,https://beryl.cc/scheme/greater-manchester,,53.49197,-2.25958,,,osm,email,2,new,ok,"GB: role address at a business — corporate subscriber, lawful with sender identity + working opt-out (PECR reg.22 / SI 336/2011 reg.13)"
66936214e1334ce42d6b,Great John Street Hotel,Hotel,manchester,Manchester,GB,UK,info@greatjohnstreet.co.uk,+44 161 831 3211,https://www.eclectichotels.co.uk/great-john-street/,Great John Street M3 4FD Manchester,53.47838,-2.25432,,,osm,email,2,new,ok,"GB: role address at a business — corporate subscriber, lawful with sender identity + working opt-out (PECR reg.22 / SI 336/2011 reg.13)"
734f5f1a912bdf8f71ac,Greengate Embankment,Vehicle rental,manchester,,GB,UK,support@beryl.cc,+44 20 3003 5044,https://beryl.cc/scheme/greater-manchester,,53.48581,-2.24664,,,osm,email,2,new,ok,"GB: role address at a business — corporate subscriber, lawful with sender identity + working opt-out (PECR reg.22 / SI 336/2011 reg.13)"
72c1ec04fdb636bd0343,Greenheys Lane / Charles Halle Road,Vehicle rental,manchester,,GB,UK,support@beryl.cc,+44 20 3003 5044,https://beryl.cc/scheme/greater-manchester,,53.46221,-2.24001,,,osm,email,2,new,ok,"GB: role address at a business — corporate subscriber, lawful with sender identity + working opt-out (PECR reg.22 / SI 336/2011 reg.13)"
6a4b68d1f457c013950d,Grosvenor Street,Vehicle rental,manchester,,GB,UK,support@beryl.cc,+44 20 3003 5044,https://beryl.cc/scheme/greater-manchester,,53.47082,-2.23536,,,osm,email,2,new,ok,"GB: role address at a business — corporate subscriber, lawful with sender identity + working opt-out (PECR reg.22 / SI 336/2011 reg.13)"
1910ebc283d893bd3c83,HATCH,Vehicle rental,manchester,,GB,UK,support@beryl.cc,+44 20 3003 5044,https://beryl.cc/scheme/greater-manchester,,53.47136,-2.23804,,,osm,email,2,new,ok,"GB: role address at a business — corporate subscriber, lawful with sender identity + working opt-out (PECR reg.22 / SI 336/2011 reg.13)"
e17b5d7c26c55d90fec9,Hardman Street,Vehicle rental,manchester,,GB,UK,support@beryl.cc,+44 20 3003 5044,https://beryl.cc/scheme/greater-manchester,,53.47957,-2.2498,,,osm,email,2,new,ok,"GB: role address at a business — corporate subscriber, lawful with sender identity + working opt-out (PECR reg.22 / SI 336/2011 reg.13)"
5ce257bfdaa06042d14f,Hart Road/Platt Lane,Vehicle rental,manchester,,GB,UK,support@beryl.cc,+44 20 3003 5044,https://beryl.cc/scheme/greater-manchester,,53.44721,-2.23604,,,osm,email,2,new,ok,"GB: role address at a business — corporate subscriber, lawful with sender identity + working opt-out (PECR reg.22 / SI 336/2011 reg.13)"
f29ab021380d5504a3de,Hathersage Road,Vehicle rental,manchester,,GB,UK,support@beryl.cc,+44 20 3003 5044,https://beryl.cc/scheme/greater-manchester,,53.45957,-2.21798,,,osm,email,2,new,ok,"GB: role address at a business — corporate subscriber, lawful with sender identity + working opt-out (PECR reg.22 / SI 336/2011 reg.13)"
2becefab7b460ede5859,Highbury Road,Vehicle rental,manchester,,GB,UK,support@beryl.cc,+44 20 3003 5044,https://beryl.cc/scheme/greater-manchester,,53.44336,-2.25039,,,osm,email,2,new,ok,"GB: role address at a business — corporate subscriber, lawful with sender identity + working opt-out (PECR reg.22 / SI 336/2011 reg.13)"
70dd9552f51e2d880797,Holt Town Metrolink,Vehicle rental,manchester,,GB,UK,support@beryl.cc,+44 20 3003 5044,https://beryl.cc/scheme/greater-manchester,,53.48339,-2.21197,,,osm,email,2,new,ok,"GB: role address at a business — corporate subscriber, lawful with sender identity + working opt-out (PECR reg.22 / SI 336/2011 reg.13)"
7be235073fba48146dd0,House of Fraser,Vehicle rental,manchester,,GB,UK,support@beryl.cc,+44 20 3003 5044,https://beryl.cc/scheme/greater-manchester,,53.48165,-2.24755,,,osm,email,2,new,ok,"GB: role address at a business — corporate subscriber, lawful with sender identity + working opt-out (PECR reg.22 / SI 336/2011 reg.13)"
33ddf3422b412cb97da0,Hulme Hall Road,Vehicle rental,manchester,,GB,UK,support@beryl.cc,+44 20 3003 5044,https://beryl.cc/scheme/greater-manchester,,53.47186,-2.26391,,,osm,email,2,new,ok,"GB: role address at a business — corporate subscriber, lawful with sender identity + working opt-out (PECR reg.22 / SI 336/2011 reg.13)"
1dd703f83788b3dcfaff,Imperial War Museum Metrolink I,Vehicle rental,manchester,,GB,UK,support@beryl.cc,+44 20 3003 5044,https://beryl.cc/scheme/greater-manchester,,53.46819,-2.29563,,,osm,email,2,new,ok,"GB: role address at a business — corporate subscriber, lawful with sender identity + working opt-out (PECR reg.22 / SI 336/2011 reg.13)"
a0b9330e3cdcf5ae39ef,Imperial War Museum Metrolink II,Vehicle rental,manchester,,GB,UK,support@beryl.cc,+44 20 3003 5044,https://beryl.cc/scheme/greater-manchester,,53.46847,-2.29667,,,osm,email,2,new,ok,"GB: role address at a business — corporate subscriber, lawful with sender identity + working opt-out (PECR reg.22 / SI 336/2011 reg.13)"
0ca7aac175b1931ee710,Islington Way,Vehicle rental,manchester,,GB,UK,support@beryl.cc,+44 20 3003 5044,https://beryl.cc/scheme/greater-manchester,,53.48277,-2.26211,,,osm,email,2,new,ok,"GB: role address at a business — corporate subscriber, lawful with sender identity + working opt-out (PECR reg.22 / SI 336/2011 reg.13)"
59d64a6044b7d05e895c,King Street Grooming,Beauty & spa,manchester,Manchester,GB,UK,hello@kingstreetgrooming.com,+44 161 985 0202,https://kingstreetgrooming.com/,44 King Street M2 6BA Manchester,53.48116,-2.2461,,,osm,email,2,new,ok,"GB: role address at a business — corporate subscriber, lawful with sender identity + working opt-out (PECR reg.22 / SI 336/2011 reg.13)"
fd53701a0f9d2ce5bf49,Kings Road/Warwick Road South,Vehicle rental,manchester,,GB,UK,support@beryl.cc,+44 20 3003 5044,https://beryl.cc/scheme/greater-manchester,,53.45342,-2.28263,,,osm,email,2,new,ok,"GB: role address at a business — corporate subscriber, lawful with sender identity + working opt-out (PECR reg.22 / SI 336/2011 reg.13)"
abbf4b114a513dc6c42a,Lahori Butt Karahi,Restaurant,manchester,Manchester,GB,UK,info@lahoributtkarahi.co.uk,+44 161 791 5252,https://www.lahoributtkarahi.co.uk/,142B Cheetham Hill Road M8 8PZ Manchester,53.4938,-2.23928,,,osm,email,2,new,ok,"GB: role address at a business — corporate subscriber, lawful with sender identity + working opt-out (PECR reg.22 / SI 336/2011 reg.13)"
73a5e58ba63b8f926950,Landmark St Peter's Square,Vehicle rental,manchester,,GB,UK,support@beryl.cc,+44 20 3003 5044,https://beryl.cc/scheme/greater-manchester,,53.47674,-2.24295,,,osm,email,2,new,ok,"GB: role address at a business — corporate subscriber, lawful with sender identity + working opt-out (PECR reg.22 / SI 336/2011 reg.13)"
22629c96293e5a5a7003,Langworthy Road/Jubilee Street,Vehicle rental,manchester,,GB,UK,support@beryl.cc,+44 20 3003 5044,https://beryl.cc/scheme/greater-manchester,,53.48617,-2.29487,,,osm,email,2,new,ok,"GB: role address at a business — corporate subscriber, lawful with sender identity + working opt-out (PECR reg.22 / SI 336/2011 reg.13)"
393a287d748318b5436a,Legh Street,Vehicle rental,manchester,,GB,UK,support@beryl.cc,+44 20 3003 5044,https://beryl.cc/scheme/greater-manchester,,53.46461,-2.22252,,,osm,email,2,new,ok,"GB: role address at a business — corporate subscriber, lawful with sender identity + working opt-out (PECR reg.22 / SI 336/2011 reg.13)"
cfee3c65bdabd64a636e,London Road/Auburn Street,Vehicle rental,manchester,,GB,UK,support@beryl.cc,+44 20 3003 5044,https://beryl.cc/scheme/greater-manchester,,53.47876,-2.23292,,,osm,email,2,new,ok,"GB: role address at a business — corporate subscriber, lawful with sender identity + working opt-out (PECR reg.22 / SI 336/2011 reg.13)"
cd1cd570620da858832e,Lower Vickers Street,Vehicle rental,manchester,,GB,UK,support@beryl.cc,+44 20 3003 5044,https://beryl.cc/scheme/greater-manchester,,53.48742,-2.2198,,,osm,email,2,new,ok,"GB: role address at a business — corporate subscriber, lawful with sender identity + working opt-out (PECR reg.22 / SI 336/2011 reg.13)"
f7212120d234e581ac3c,Lucy Street,Vehicle rental,manchester,,GB,UK,support@beryl.cc,+44 20 3003 5044,https://beryl.cc/scheme/greater-manchester,,53.46532,-2.2605,,,osm,email,2,new,ok,"GB: role address at a business — corporate subscriber, lawful with sender identity + working opt-out (PECR reg.22 / SI 336/2011 reg.13)"
4ff8133e5eddfcafa652,MMU - Cambridge Hall,Vehicle rental,manchester,,GB,UK,support@beryl.cc,+44 20 3003 5044,https://beryl.cc/scheme/greater-manchester,,53.46912,-2.24033,,,osm,email,2,new,ok,"GB: role address at a business — corporate subscriber, lawful with sender identity + working opt-out (PECR reg.22 / SI 336/2011 reg.13)"
8934a4736818cb8129b5,Maine Road,Vehicle rental,manchester,,GB,UK,support@beryl.cc,+44 20 3003 5044,https://beryl.cc/scheme/greater-manchester,,53.45117,-2.23684,,,osm,email,2,new,ok,"GB: role address at a business — corporate subscriber, lawful with sender identity + working opt-out (PECR reg.22 / SI 336/2011 reg.13)"
27a7c80a953799eb97dc,Manchester Cathedral,Vehicle rental,manchester,,GB,UK,support@beryl.cc,+44 20 3003 5044,https://beryl.cc/scheme/greater-manchester,,53.48497,-2.24537,,,osm,email,2,new,ok,"GB: role address at a business — corporate subscriber, lawful with sender identity + working opt-out (PECR reg.22 / SI 336/2011 reg.13)"
f1ee5881a8791705faa4,Manchester Central Library,Vehicle rental,manchester,,GB,UK,support@beryl.cc,+44 20 3003 5044,https://beryl.cc/scheme/greater-manchester,,53.47773,-2.24456,,,osm,email,2,new,ok,"GB: role address at a business — corporate subscriber, lawful with sender identity + working opt-out (PECR reg.22 / SI 336/2011 reg.13)"
0e22396c1156ebe8c30f,Manchester Chinese Christian Church,Vehicle rental,manchester,,GB,UK,support@beryl.cc,+44 20 3003 5044,https://beryl.cc/scheme/greater-manchester,,53.45495,-2.2526,,,osm,email,2,new,ok,"GB: role address at a business — corporate subscriber, lawful with sender identity + working opt-out (PECR reg.22 / SI 336/2011 reg.13)"
bfd979cd82001f073ea0,Manchester Crown Court,Vehicle rental,manchester,,GB,UK,support@beryl.cc,+44 20 3003 5044,https://beryl.cc/scheme/greater-manchester,,53.47902,-2.23491,,,osm,email,2,new,ok,"GB: role address at a business — corporate subscriber, lawful with sender identity + working opt-out (PECR reg.22 / SI 336/2011 reg.13)"
68054631e3a6c9c25fc2,Manchester Museum,Vehicle rental,manchester,,GB,UK,support@beryl.cc,+44 20 3003 5044,https://beryl.cc/scheme/greater-manchester,,53.46604,-2.23373,,,osm,email,2,new,ok,"GB: role address at a business — corporate subscriber, lawful with sender identity + working opt-out (PECR reg.22 / SI 336/2011 reg.13)"
bd82aeb28a7d42bbc642,Manchester New Square,Vehicle rental,manchester,,GB,UK,support@beryl.cc,+44 20 3003 5044,https://beryl.cc/scheme/greater-manchester,,53.47601,-2.23681,,,osm,email,2,new,ok,"GB: role address at a business — corporate subscriber, lawful with sender identity + working opt-out (PECR reg.22 / SI 336/2011 reg.13)"
19394693a58a770a1d03,Markfield Avenue,Vehicle rental,manchester,,GB,UK,support@beryl.cc,+44 20 3003 5044,https://beryl.cc/scheme/greater-manchester,,53.46238,-2.21123,,,osm,email,2,new,ok,"GB: role address at a business — corporate subscriber, lawful with sender identity + working opt-out (PECR reg.22 / SI 336/2011 reg.13)"
116c8aad5a1cbd6f8ce4,Marriotts Court,Vehicle rental,manchester,,GB,UK,support@beryl.cc,+44 20 3003 5044,https://beryl.cc/scheme/greater-manchester,,53.48161,-2.24203,,,osm,email,2,new,ok,"GB: role address at a business — corporate subscriber, lawful with sender identity + working opt-out (PECR reg.22 / SI 336/2011 reg.13)"
dc7996a9c8e4614bbc28,MediaCityUK Metrolink,Vehicle rental,manchester,,GB,UK,support@beryl.cc,+44 20 3003 5044,https://beryl.cc/scheme/greater-manchester,,53.47223,-2.29649,,,osm,email,2,new,ok,"GB: role address at a business — corporate subscriber, lawful with sender identity + working opt-out (PECR reg.22 / SI 336/2011 reg.13)"
0a6f43a64f155f70fc8a,Middlewood Street,Vehicle rental,manchester,,GB,UK,support@beryl.cc,+44 20 3003 5044,https://beryl.cc/scheme/greater-manchester,,53.47866,-2.26247,,,osm,email,2,new,ok,"GB: role address at a business — corporate subscriber, lawful with sender identity + working opt-out (PECR reg.22 / SI 336/2011 reg.13)"
7c195b20e46da0959518,Moss Lane E,Vehicle rental,manchester,,GB,UK,support@beryl.cc,+44 20 3003 5044,https://beryl.cc/scheme/greater-manchester,,53.46032,-2.25074,,,osm,email,2,new,ok,"GB: role address at a business — corporate subscriber, lawful with sender identity + working opt-out (PECR reg.22 / SI 336/2011 reg.13)"
091a917a7532f895b9d7,Moss Lane E/Raby Street,Vehicle rental,manchester,,GB,UK,support@beryl.cc,+44 20 3003 5044,https://beryl.cc/scheme/greater-manchester,,53.4578,-2.241,,,osm,email,2,new,ok,"GB: role address at a business — corporate subscriber, lawful with sender identity + working opt-out (PECR reg.22 / SI 336/2011 reg.13)"
2c75b2ef609f2f649ce1,Mother Mary's,Bar,manchester,Manchester,GB,UK,info@mother-marys.com,+44 161 669 8090,https://www.mother-marys.com,7-9 New Wakefield Street M1 5NP Manchester,53.47356,-2.24115,,,osm,email,2,new,ok,"GB: role address at a business — corporate subscriber, lawful with sender identity + working opt-out (PECR reg.22 / SI 336/2011 reg.13)"
fcf0a96dd7f765e131ed,National Football Museum,Vehicle rental,manchester,,GB,UK,support@beryl.cc,+44 20 3003 5044,https://beryl.cc/scheme/greater-manchester,,53.48601,-2.24191,,,osm,email,2,new,ok,"GB: role address at a business — corporate subscriber, lawful with sender identity + working opt-out (PECR reg.22 / SI 336/2011 reg.13)"
2c4b382e262e548c4cbc,National Football Museum,Museum,manchester,Manchester,GB,UK,info@nationalfootballmuseum.com,+44 161 605 8200,https://www.nationalfootballmuseum.com/,Todd Street M4 3BG Manchester,53.48576,-2.24227,,,osm,email,2,new,ok,"GB: role address at a business — corporate subscriber, lawful with sender identity + working opt-out (PECR reg.22 / SI 336/2011 reg.13)"
7402c34dce4175206262,Native Manchester by Numa,Hotel,manchester,Manchester,GB,UK,enquiries@nativeplaces.com,+44 207 221 2028,https://numastays.com/locations/united-kingdom/manchester,Ducie Street M1 2TP Manchester,53.4791,-2.23106,,,osm,email,2,new,ok,"GB: role address at a business — corporate subscriber, lawful with sender identity + working opt-out (PECR reg.22 / SI 336/2011 reg.13)"
f4a85727635db4372332,New Islington Marina Promenade,Vehicle rental,manchester,,GB,UK,support@beryl.cc,+44 20 3003 5044,https://beryl.cc/scheme/greater-manchester,,53.48223,-2.22161,,,osm,email,2,new,ok,"GB: role address at a business — corporate subscriber, lawful with sender identity + working opt-out (PECR reg.22 / SI 336/2011 reg.13)"
c5c34ac8e2d0dd1ca0c9,New Quay Street,Vehicle rental,manchester,,GB,UK,support@beryl.cc,+44 20 3003 5044,https://beryl.cc/scheme/greater-manchester,,53.47953,-2.25464,,,osm,email,2,new,ok,"GB: role address at a business — corporate subscriber, lawful with sender identity + working opt-out (PECR reg.22 / SI 336/2011 reg.13)"
1a2ed4e136942e2bc506,New Union Street,Vehicle rental,manchester,,GB,UK,support@beryl.cc,+44 20 3003 5044,https://beryl.cc/scheme/greater-manchester,,53.48441,-2.22434,,,osm,email,2,new,ok,"GB: role address at a business — corporate subscriber, lawful with sender identity + working opt-out (PECR reg.22 / SI 336/2011 reg.13)"
da4679ff22db88723c33,New York Street,Vehicle rental,manchester,,GB,UK,support@beryl.cc,+44 20 3003 5044,https://beryl.cc/scheme/greater-manchester,,53.4801,-2.23926,,,osm,email,2,new,ok,"GB: role address at a business — corporate subscriber, lawful with sender identity + working opt-out (PECR reg.22 / SI 336/2011 reg.13)"
c4c8a27a95a9a0189217,Northumberland Road,Vehicle rental,manchester,,GB,UK,support@beryl.cc,+44 20 3003 5044,https://beryl.cc/scheme/greater-manchester,,53.45788,-2.27204,,,osm,email,2,new,ok,"GB: role address at a business — corporate subscriber, lawful with sender identity + working opt-out (PECR reg.22 / SI 336/2011 reg.13)"
282f96c7d5668979c865,Old Birley Street,Vehicle rental,manchester,,GB,UK,support@beryl.cc,+44 20 3003 5044,https://beryl.cc/scheme/greater-manchester,,53.46414,-2.24869,,,osm,email,2,new,ok,"GB: role address at a business — corporate subscriber, lawful with sender identity + working opt-out (PECR reg.22 / SI 336/2011 reg.13)"
f190a63246cbcf4b4485,Old Hall Lane,Vehicle rental,manchester,,GB,UK,support@beryl.cc,+44 20 3003 5044,https://beryl.cc/scheme/greater-manchester,,53.44684,-2.21807,,,osm,email,2,new,ok,"GB: role address at a business — corporate subscriber, lawful with sender identity + working opt-out (PECR reg.22 / SI 336/2011 reg.13)"
d3b14bfe2a0146397aa5,Old Mill Street,Vehicle rental,manchester,,GB,UK,support@beryl.cc,+44 20 3003 5044,https://beryl.cc/scheme/greater-manchester,,53.481,-2.22422,,,osm,email,2,new,ok,"GB: role address at a business — corporate subscriber, lawful with sender identity + working opt-out (PECR reg.22 / SI 336/2011 reg.13)"
95d6efdfcabca393eaa3,Oldfield Road/Chapel Street,Vehicle rental,manchester,,GB,UK,support@beryl.cc,+44 20 3003 5044,https://beryl.cc/scheme/greater-manchester,,53.48287,-2.26428,,,osm,email,2,new,ok,"GB: role address at a business — corporate subscriber, lawful with sender identity + working opt-out (PECR reg.22 / SI 336/2011 reg.13)"
0e1560f21edfb566e74f,Oldham Road/Cornell Street,Vehicle rental,manchester,,GB,UK,support@beryl.cc,+44 20 3003 5044,https://beryl.cc/scheme/greater-manchester,,53.48561,-2.23077,,,osm,email,2,new,ok,"GB: role address at a business — corporate subscriber, lawful with sender identity + working opt-out (PECR reg.22 / SI 336/2011 reg.13)"
535762606f1172bd573b,Oldham Road/Great Ancoats Street,Vehicle rental,manchester,,GB,UK,support@beryl.cc,+44 20 3003 5044,https://beryl.cc/scheme/greater-manchester,,53.48502,-2.23224,,,osm,email,2,new,ok,"GB: role address at a business — corporate subscriber, lawful with sender identity + working opt-out (PECR reg.22 / SI 336/2011 reg.13)"
14ed758c1e05b169137f,On Sweets,Street food,manchester,Manchester,GB,UK,info@onsweets.co.uk,+44 747 1210 917,https://onsweets.co.uk/,2 Merville Avenue M40 9NZ Manchester,53.51587,-2.19872,,,osm,email,2,new,ok,"GB: role address at a business — corporate subscriber, lawful with sender identity + working opt-out (PECR reg.22 / SI 336/2011 reg.13)"
6ae515df7d1ce21844eb,Orchard Street Industrial Estate,Vehicle rental,manchester,,GB,UK,support@beryl.cc,+44 20 3003 5044,https://beryl.cc/scheme/greater-manchester,,53.49604,-2.28261,,,osm,email,2,new,ok,"GB: role address at a business — corporate subscriber, lawful with sender identity + working opt-out (PECR reg.22 / SI 336/2011 reg.13)"
e5125fc1f3d46232d780,Ordsall Park South,Vehicle rental,manchester,,GB,UK,support@beryl.cc,+44 20 3003 5044,https://beryl.cc/scheme/greater-manchester,,53.4717,-2.28212,,,osm,email,2,new,ok,"GB: role address at a business — corporate subscriber, lawful with sender identity + working opt-out (PECR reg.22 / SI 336/2011 reg.13)"
f54fd83e1fcc10753975,Oxford Place,Vehicle rental,manchester,,GB,UK,support@beryl.cc,+44 20 3003 5044,https://beryl.cc/scheme/greater-manchester,,53.45769,-2.22227,,,osm,email,2,new,ok,"GB: role address at a business — corporate subscriber, lawful with sender identity + working opt-out (PECR reg.22 / SI 336/2011 reg.13)"
693a0d68f708f5b71236,Oxford Road/Dilworth Street,Vehicle rental,manchester,,GB,UK,support@beryl.cc,+44 20 3003 5044,https://beryl.cc/scheme/greater-manchester,,53.46274,-2.23002,,,osm,email,2,new,ok,"GB: role address at a business — corporate subscriber, lawful with sender identity + working opt-out (PECR reg.22 / SI 336/2011 reg.13)"
d96ea983f217dd38838e,Pall Mall,Vehicle rental,manchester,,GB,UK,support@beryl.cc,+44 20 3003 5044,https://beryl.cc/scheme/greater-manchester,,53.48266,-2.24266,,,osm,email,2,new,ok,"GB: role address at a business — corporate subscriber, lawful with sender identity + working opt-out (PECR reg.22 / SI 336/2011 reg.13)"
234b953e894e77b99963,Park Crescent,Vehicle rental,manchester,,GB,UK,support@beryl.cc,+44 20 3003 5044,https://beryl.cc/scheme/greater-manchester,,53.45354,-2.22315,,,osm,email,2,new,ok,"GB: role address at a business — corporate subscriber, lawful with sender identity + working opt-out (PECR reg.22 / SI 336/2011 reg.13)"
b793ff27adde757deff5,Parkview Residence,Hotel,manchester,Manchester,GB,UK,hello@parkview-residence.com,+44 161 400 3569,https://www.parkview-residence.com/,220 Waterloo Road M8 0TL Manchester,53.50158,-2.24509,,,osm,email,2,new,ok,"GB: role address at a business — corporate subscriber, lawful with sender identity + working opt-out (PECR reg.22 / SI 336/2011 reg.13)"
6bf0f419b41238c42da6,Pencroft Way,Vehicle rental,manchester,,GB,UK,support@beryl.cc,+44 20 3003 5044,https://beryl.cc/scheme/greater-manchester,,53.464,-2.23757,,,osm,email,2,new,ok,"GB: role address at a business — corporate subscriber, lawful with sender identity + working opt-out (PECR reg.22 / SI 336/2011 reg.13)"
6035960b9ed4a93f5496,Phoebe Street,Vehicle rental,manchester,,GB,UK,support@beryl.cc,+44 20 3003 5044,https://beryl.cc/scheme/greater-manchester,,53.47385,-2.27951,,,osm,email,2,new,ok,"GB: role address at a business — corporate subscriber, lawful with sender identity + working opt-out (PECR reg.22 / SI 336/2011 reg.13)"
6dfe18810d6bccc7bcb8,Piccadilly Gardens I,Vehicle rental,manchester,,GB,UK,support@beryl.cc,+44 20 3003 5044,https://beryl.cc/scheme/greater-manchester,,53.48107,-2.23547,,,osm,email,2,new,ok,"GB: role address at a business — corporate subscriber, lawful with sender identity + working opt-out (PECR reg.22 / SI 336/2011 reg.13)"
2b71cf1dab05a085d715,Piccadilly Gardens II,Vehicle rental,manchester,,GB,UK,support@beryl.cc,+44 20 3003 5044,https://beryl.cc/scheme/greater-manchester,,53.48114,-2.23606,,,osm,email,2,new,ok,"GB: role address at a business — corporate subscriber, lawful with sender identity + working opt-out (PECR reg.22 / SI 336/2011 reg.13)"
2fad80f284e259276c41,Platt Fields Park II,Vehicle rental,manchester,,GB,UK,support@beryl.cc,+44 20 3003 5044,https://beryl.cc/scheme/greater-manchester,,53.44896,-2.22041,,,osm,email,2,new,ok,"GB: role address at a business — corporate subscriber, lawful with sender identity + working opt-out (PECR reg.22 / SI 336/2011 reg.13)"
b27d7eedfd0f78cba4af,Platt Fields Park South,Vehicle rental,manchester,,GB,UK,support@beryl.cc,+44 20 3003 5044,https://beryl.cc/scheme/greater-manchester,,53.44503,-2.2305,,,osm,email,2,new,ok,"GB: role address at a business — corporate subscriber, lawful with sender identity + working opt-out (PECR reg.22 / SI 336/2011 reg.13)"
03074d1da2f349019ed0,Plymouth Grove/Richmond Grove,Vehicle rental,manchester,,GB,UK,support@beryl.cc,+44 20 3003 5044,https://beryl.cc/scheme/greater-manchester,,53.46038,-2.2093,,,osm,email,2,new,ok,"GB: role address at a business — corporate subscriber, lawful with sender identity + working opt-out (PECR reg.22 / SI 336/2011 reg.13)"
29479503f384235994d7,Pollard Street,Vehicle rental,manchester,,GB,UK,support@beryl.cc,+44 20 3003 5044,https://beryl.cc/scheme/greater-manchester,,53.48231,-2.21663,,,osm,email,2,new,ok,"GB: role address at a business — corporate subscriber, lawful with sender identity + working opt-out (PECR reg.22 / SI 336/2011 reg.13)"
885de9ae605ad3144b73,Portland Street,Vehicle rental,manchester,,GB,UK,support@beryl.cc,+44 20 3003 5044,https://beryl.cc/scheme/greater-manchester,,53.47883,-2.23791,,,osm,email,2,new,ok,"GB: role address at a business — corporate subscriber, lawful with sender identity + working opt-out (PECR reg.22 / SI 336/2011 reg.13)"
dd6fa9506db7cfe6756f,Princess Street/Charles Street,Vehicle rental,manchester,,GB,UK,support@beryl.cc,+44 20 3003 5044,https://beryl.cc/scheme/greater-manchester,,53.47411,-2.23704,,,osm,email,2,new,ok,"GB: role address at a business — corporate subscriber, lawful with sender identity + working opt-out (PECR reg.22 / SI 336/2011 reg.13)"
c6fb73b5957451a96ab6,Princess Street/Rochdale Canal,Vehicle rental,manchester,,GB,UK,support@beryl.cc,+44 20 3003 5044,https://beryl.cc/scheme/greater-manchester,,53.47592,-2.23807,,,osm,email,2,new,ok,"GB: role address at a business — corporate subscriber, lawful with sender identity + working opt-out (PECR reg.22 / SI 336/2011 reg.13)"
cc639e2dcf672ce2e93c,Rosamond Street West,Vehicle rental,manchester,,GB,UK,support@beryl.cc,+44 20 3003 5044,https://beryl.cc/scheme/greater-manchester,,53.46902,-2.23634,,,osm,email,2,new,ok,"GB: role address at a business — corporate subscriber, lawful with sender identity + working opt-out (PECR reg.22 / SI 336/2011 reg.13)"
109dd91ea407b1b9e575,Rosamund Drive,Vehicle rental,manchester,,GB,UK,support@beryl.cc,+44 20 3003 5044,https://beryl.cc/scheme/greater-manchester,,53.48487,-2.259,,,osm,email,2,new,ok,"GB: role address at a business — corporate subscriber, lawful with sender identity + working opt-out (PECR reg.22 / SI 336/2011 reg.13)"
6c8c878eddc81c864c74,Royal Mail Office Oldham Road,Vehicle rental,manchester,,GB,UK,support@beryl.cc,+44 20 3003 5044,https://beryl.cc/scheme/greater-manchester,,53.48738,-2.22651,,,osm,email,2,new,ok,"GB: role address at a business — corporate subscriber, lawful with sender identity + working opt-out (PECR reg.22 / SI 336/2011 reg.13)"
f06a0d6da54f0cdf1fbd,Royce Road,Vehicle rental,manchester,,GB,UK,support@beryl.cc,+44 20 3003 5044,https://beryl.cc/scheme/greater-manchester,,53.46839,-2.25114,,,osm,email,2,new,ok,"GB: role address at a business — corporate subscriber, lawful with sender identity + working opt-out (PECR reg.22 / SI 336/2011 reg.13)"
bb55f83be60675f68925,Royce Road/Chorlton Road,Vehicle rental,manchester,,GB,UK,support@beryl.cc,+44 20 3003 5044,https://beryl.cc/scheme/greater-manchester,,53.46781,-2.25805,,,osm,email,2,new,ok,"GB: role address at a business — corporate subscriber, lawful with sender identity + working opt-out (PECR reg.22 / SI 336/2011 reg.13)"
0e169e500b373d83953a,Sackville Street,Vehicle rental,manchester,,GB,UK,support@beryl.cc,+44 20 3003 5044,https://beryl.cc/scheme/greater-manchester,,53.47607,-2.23566,,,osm,email,2,new,ok,"GB: role address at a business — corporate subscriber, lawful with sender identity + working opt-out (PECR reg.22 / SI 336/2011 reg.13)"
54a46ca230b5e6be881e,Salford Crescent Station Main Entrance,Vehicle rental,manchester,,GB,UK,support@beryl.cc,+44 20 3003 5044,https://beryl.cc/scheme/greater-manchester,,53.48582,-2.27619,,,osm,email,2,new,ok,"GB: role address at a business — corporate subscriber, lawful with sender identity + working opt-out (PECR reg.22 / SI 336/2011 reg.13)"
b671f013351ed70eb327,Salford Museum and Art Gallery,Vehicle rental,manchester,,GB,UK,support@beryl.cc,+44 20 3003 5044,https://beryl.cc/scheme/greater-manchester,,53.48475,-2.27284,,,osm,email,2,new,ok,"GB: role address at a business — corporate subscriber, lawful with sender identity + working opt-out (PECR reg.22 / SI 336/2011 reg.13)"
f89ae27594d7eea676c1,Salford Shopping Precinct,Vehicle rental,manchester,,GB,UK,support@beryl.cc,+44 20 3003 5044,https://beryl.cc/scheme/greater-manchester,,53.48904,-2.28903,,,osm,email,2,new,ok,"GB: role address at a business — corporate subscriber, lawful with sender identity + working opt-out (PECR reg.22 / SI 336/2011 reg.13)"
34639c64568bf4fbe42f,Sharon Gospel Church,Vehicle rental,manchester,,GB,UK,support@beryl.cc,+44 20 3003 5044,https://beryl.cc/scheme/greater-manchester,,53.46151,-2.25816,,,osm,email,2,new,ok,"GB: role address at a business — corporate subscriber, lawful with sender identity + working opt-out (PECR reg.22 / SI 336/2011 reg.13)"
609da6917d8a978257bb,Sherratt Street,Vehicle rental,manchester,,GB,UK,support@beryl.cc,+44 20 3003 5044,https://beryl.cc/scheme/greater-manchester,,53.48532,-2.22896,,,osm,email,2,new,ok,"GB: role address at a business — corporate subscriber, lawful with sender identity + working opt-out (PECR reg.22 / SI 336/2011 reg.13)"
6a686d1d44aa699760d9,Shrewsbury Street East,Vehicle rental,manchester,,GB,UK,support@beryl.cc,+44 20 3003 5044,https://beryl.cc/scheme/greater-manchester,,53.45888,-2.25854,,,osm,email,2,new,ok,"GB: role address at a business — corporate subscriber, lawful with sender identity + working opt-out (PECR reg.22 / SI 336/2011 reg.13)"
4ec26256989242f999f8,Silk Street,Vehicle rental,manchester,,GB,UK,support@beryl.cc,+44 20 3003 5044,https://beryl.cc/scheme/greater-manchester,,53.48774,-2.2631,,,osm,email,2,new,ok,"GB: role address at a business — corporate subscriber, lawful with sender identity + working opt-out (PECR reg.22 / SI 336/2011 reg.13)"
85c4ebb39b9d13b32368,Silk Street/Cannon Street,Vehicle rental,manchester,,GB,UK,support@beryl.cc,+44 20 3003 5044,https://beryl.cc/scheme/greater-manchester,,53.48689,-2.26446,,,osm,email,2,new,ok,"GB: role address at a business — corporate subscriber, lawful with sender identity + working opt-out (PECR reg.22 / SI 336/2011 reg.13)"
6f0bf8f9469a54fb6aeb,South Hall Street,Vehicle rental,manchester,,GB,UK,support@beryl.cc,+44 20 3003 5044,https://beryl.cc/scheme/greater-manchester,,53.47465,-2.26705,,,osm,email,2,new,ok,"GB: role address at a business — corporate subscriber, lawful with sender identity + working opt-out (PECR reg.22 / SI 336/2011 reg.13)"
c7f30bed2ca2102b1be5,St John's RC Church,Vehicle rental,manchester,,GB,UK,support@beryl.cc,+44 20 3003 5044,https://beryl.cc/scheme/greater-manchester,,53.44085,-2.28275,,,osm,email,2,new,ok,"GB: role address at a business — corporate subscriber, lawful with sender identity + working opt-out (PECR reg.22 / SI 336/2011 reg.13)"
ad2f8b75f8416c4192a2,St Mary’s Gate/New Cathedral Street,Vehicle rental,manchester,,GB,UK,support@beryl.cc,+44 20 3003 5044,https://beryl.cc/scheme/greater-manchester,,53.48336,-2.2452,,,osm,email,2,new,ok,"GB: role address at a business — corporate subscriber, lawful with sender identity + working opt-out (PECR reg.22 / SI 336/2011 reg.13)"
b6df118ede47d9968547,St Peter's Square,Vehicle rental,manchester,,GB,UK,support@beryl.cc,+44 20 3003 5044,https://beryl.cc/scheme/greater-manchester,,53.47739,-2.24371,,,osm,email,2,new,ok,"GB: role address at a business — corporate subscriber, lawful with sender identity + working opt-out (PECR reg.22 / SI 336/2011 reg.13)"
4bc564c70263d9bba129,St Werburgh's Church,Vehicle rental,manchester,,GB,UK,support@beryl.cc,+44 20 3003 5044,https://beryl.cc/scheme/greater-manchester,,53.44284,-2.26803,,,osm,email,2,new,ok,"GB: role address at a business — corporate subscriber, lawful with sender identity + working opt-out (PECR reg.22 / SI 336/2011 reg.13)"
e16a4a5e7473ffbec0e1,Stamford Street,Vehicle rental,manchester,,GB,UK,support@beryl.cc,+44 20 3003 5044,https://beryl.cc/scheme/greater-manchester,,53.46064,-2.26337,,,osm,email,2,new,ok,"GB: role address at a business — corporate subscriber, lawful with sender identity + working opt-out (PECR reg.22 / SI 336/2011 reg.13)"
0870be70f4b46b878765,Stamford Street/Blackburn Street,Vehicle rental,manchester,,GB,UK,support@beryl.cc,+44 20 3003 5044,https://beryl.cc/scheme/greater-manchester,,53.4615,-2.26513,,,osm,email,2,new,ok,"GB: role address at a business — corporate subscriber, lawful with sender identity + working opt-out (PECR reg.22 / SI 336/2011 reg.13)"
0dee370960b12310934d,Stanley Road/Henrietta Street,Vehicle rental,manchester,,GB,UK,support@beryl.cc,+44 20 3003 5044,https://beryl.cc/scheme/greater-manchester,,53.46331,-2.26637,,,osm,email,2,new,ok,"GB: role address at a business — corporate subscriber, lawful with sender identity + working opt-out (PECR reg.22 / SI 336/2011 reg.13)"
780a108fa4123755696f,Stanley Road/Northumberland Road,Vehicle rental,manchester,,GB,UK,support@beryl.cc,+44 20 3003 5044,https://beryl.cc/scheme/greater-manchester,,53.46293,-2.26842,,,osm,email,2,new,ok,"GB: role address at a business — corporate subscriber, lawful with sender identity + working opt-out (PECR reg.22 / SI 336/2011 reg.13)"
710a1db801c5ec8e563c,Store Street,Vehicle rental,manchester,,GB,UK,support@beryl.cc,+44 20 3003 5044,https://beryl.cc/scheme/greater-manchester,,53.47876,-2.22961,,,osm,email,2,new,ok,"GB: role address at a business — corporate subscriber, lawful with sender identity + working opt-out (PECR reg.22 / SI 336/2011 reg.13)"
ee48c2fffc3aefa2a7fc,Store Street Exchange,Restaurant,manchester,Manchester,GB,UK,reservations@storestreetmanchester.co.uk,+44 161 242 1000,https://www.storestreetmanchester.co.uk/,1 Auburn Street M1 3DG Manchester,53.47853,-2.23361,,,osm,email,2,new,ok,"GB: role address at a business — corporate subscriber, lawful with sender identity + working opt-out (PECR reg.22 / SI 336/2011 reg.13)"
31d6e143f9263151f95a,Stretford Road,Vehicle rental,manchester,,GB,UK,support@beryl.cc,+44 20 3003 5044,https://beryl.cc/scheme/greater-manchester,,53.4629,-2.27281,,,osm,email,2,new,ok,"GB: role address at a business — corporate subscriber, lawful with sender identity + working opt-out (PECR reg.22 / SI 336/2011 reg.13)"
5eb9c065a40445c01957,TRAIN Manchester,Gym & fitness,manchester,Manchester,GB,UK,hello@trainmanchester.co.uk,+44161 850 3044,https://www.trainmanchester.co.uk/city-centre/,6 Arundel Street M15 4JZ Manchester,53.47283,-2.26053,,,osm,email,2,new,ok,"GB: role address at a business — corporate subscriber, lawful with sender identity + working opt-out (PECR reg.22 / SI 336/2011 reg.13)"
fcf458f472d8ed7f729e,The Ainscow,Vehicle rental,manchester,,GB,UK,support@beryl.cc,+44 20 3003 5044,https://beryl.cc/scheme/greater-manchester,,53.48274,-2.25815,,,osm,email,2,new,ok,"GB: role address at a business — corporate subscriber, lawful with sender identity + working opt-out (PECR reg.22 / SI 336/2011 reg.13)"
ed1c48c73e3a49334a82,The Allotment Vegan Restaurant,Restaurant,manchester,Manchester,GB,UK,hello@allotmentvegan.co.uk,+44 161 768 5142,https://allotmentvegan.co.uk/,18-22 Lloyd Street M2 5WA Manchester,53.47909,-2.24701,,,osm,email,2,new,ok,"GB: role address at a business — corporate subscriber, lawful with sender identity + working opt-out (PECR reg.22 / SI 336/2011 reg.13)"
1a1d1b52178cfcca3e30,The Crescent/Humphrey Booth House,Vehicle rental,manchester,,GB,UK,support@beryl.cc,+44 20 3003 5044,https://beryl.cc/scheme/greater-manchester,,53.48312,-2.26892,,,osm,email,2,new,ok,"GB: role address at a business — corporate subscriber, lawful with sender identity + working opt-out (PECR reg.22 / SI 336/2011 reg.13)"
5ec92e9b871b1027bf6b,The Hacienda,Vehicle rental,manchester,,GB,UK,support@beryl.cc,+44 20 3003 5044,https://beryl.cc/scheme/greater-manchester,,53.47414,-2.24718,,,osm,email,2,new,ok,"GB: role address at a business — corporate subscriber, lawful with sender identity + working opt-out (PECR reg.22 / SI 336/2011 reg.13)"
817f4dbacd647c3ec5f3,The Lowry,Theatre,manchester,Salford,GB,UK,info@thelowry.com,+44 843 208 6000,https://www.thelowry.com/,Pier 8 The Quays M50 3AZ Salford,53.47082,-2.29609,,,osm,email,2,new,ok,"GB: role address at a business — corporate subscriber, lawful with sender identity + working opt-out (PECR reg.22 / SI 336/2011 reg.13)"
d20171b0504e42a6088a,The Masdar Building,Vehicle rental,manchester,,GB,UK,support@beryl.cc,+44 20 3003 5044,https://beryl.cc/scheme/greater-manchester,,53.47372,-2.23366,,,osm,email,2,new,ok,"GB: role address at a business — corporate subscriber, lawful with sender identity + working opt-out (PECR reg.22 / SI 336/2011 reg.13)"
9fd6d59591d0bc66a99d,The Mitre,Hotel,manchester,Manchester,GB,UK,info@mitrehotel.co.uk,+44 161 834 4128,https://mitrehotel.co.uk/,1-3 Cathedral Gates M3 1SW Manchester,53.48475,-2.24439,,,osm,email,2,new,ok,"GB: role address at a business — corporate subscriber, lawful with sender identity + working opt-out (PECR reg.22 / SI 336/2011 reg.13)"
351e227d7a3ee67a4874,The Old Abbey Taphouse,Bar,manchester,Hulme,GB,UK,info@theoldabbeytaphouse.co.uk,+44 161 226 2052,https://www.theoldabbeytaphouse.org/,Guildhall Close M15 6SY Manchester,53.46219,-2.2374,,,osm,email,2,new,ok,"GB: role address at a business — corporate subscriber, lawful with sender identity + working opt-out (PECR reg.22 / SI 336/2011 reg.13)"
6470c8a2a70853926c65,The Old Pint Pot,Vehicle rental,manchester,,GB,UK,support@beryl.cc,+44 20 3003 5044,https://beryl.cc/scheme/greater-manchester,,53.48339,-2.26538,,,osm,email,2,new,ok,"GB: role address at a business — corporate subscriber, lawful with sender identity + working opt-out (PECR reg.22 / SI 336/2011 reg.13)"
dd1728c3adeebfeb7cf4,The Phoenix Deli,Bar,manchester,Manchester,GB,UK,info@thephoenixdeli.co.uk,+44 161 222 4990,http://www.thephoenixdeli.co.uk/,127 Oswald Road M21 9GE Manchester,53.44758,-2.27981,,,osm,email,2,new,ok,"GB: role address at a business — corporate subscriber, lawful with sender identity + working opt-out (PECR reg.22 / SI 336/2011 reg.13)"
0579679b2390e22e6785,The Vibe/Baronet Walk,Vehicle rental,manchester,,GB,UK,support@beryl.cc,+44 20 3003 5044,https://beryl.cc/scheme/greater-manchester,,53.4963,-2.26223,,,osm,email,2,new,ok,"GB: role address at a business — corporate subscriber, lawful with sender identity + working opt-out (PECR reg.22 / SI 336/2011 reg.13)"
2f6b1ebb48457afac902,The Whitworth Museum,Vehicle rental,manchester,,GB,UK,support@beryl.cc,+44 20 3003 5044,https://beryl.cc/scheme/greater-manchester,,53.46022,-2.22784,,,osm,email,2,new,ok,"GB: role address at a business — corporate subscriber, lawful with sender identity + working opt-out (PECR reg.22 / SI 336/2011 reg.13)"
f16f98dd226ba3f287a3,Tib Street Car Park,Vehicle rental,manchester,,GB,UK,support@beryl.cc,+44 20 3003 5044,https://beryl.cc/scheme/greater-manchester,,53.48295,-2.23663,,,osm,email,2,new,ok,"GB: role address at a business — corporate subscriber, lawful with sender identity + working opt-out (PECR reg.22 / SI 336/2011 reg.13)"
31b5c00895af4d006150,Trafford Bar Metrolink,Vehicle rental,manchester,,GB,UK,support@beryl.cc,+44 20 3003 5044,https://beryl.cc/scheme/greater-manchester,,53.46157,-2.2766,,,osm,email,2,new,ok,"GB: role address at a business — corporate subscriber, lawful with sender identity + working opt-out (PECR reg.22 / SI 336/2011 reg.13)"
1caf1850a876718cdeb9,Trafford Road/Jennings Avenue,Vehicle rental,manchester,,GB,UK,support@beryl.cc,+44 20 3003 5044,https://beryl.cc/scheme/greater-manchester,,53.4757,-2.28262,,,osm,email,2,new,ok,"GB: role address at a business — corporate subscriber, lawful with sender identity + working opt-out (PECR reg.22 / SI 336/2011 reg.13)"
34105b95fe824393a024,University Shopping Centre,Vehicle rental,manchester,,GB,UK,support@beryl.cc,+44 20 3003 5044,https://beryl.cc/scheme/greater-manchester,,53.46724,-2.23546,,,osm,email,2,new,ok,"GB: role address at a business — corporate subscriber, lawful with sender identity + working opt-out (PECR reg.22 / SI 336/2011 reg.13)"
75335b67f79ab24793ca,University of Salford - Library Café,Vehicle rental,manchester,,GB,UK,support@beryl.cc,+44 20 3003 5044,https://beryl.cc/scheme/greater-manchester,,53.48796,-2.27336,,,osm,email,2,new,ok,"GB: role address at a business — corporate subscriber, lawful with sender identity + working opt-out (PECR reg.22 / SI 336/2011 reg.13)"
cc8c34a91dea2c7e438a,University of Salford - Maxwell Hall Building,Vehicle rental,manchester,,GB,UK,support@beryl.cc,+44 20 3003 5044,https://beryl.cc/scheme/greater-manchester,,53.48452,-2.2712,,,osm,email,2,new,ok,"GB: role address at a business — corporate subscriber, lawful with sender identity + working opt-out (PECR reg.22 / SI 336/2011 reg.13)"
8afcd52b41ef66e3d5b4,Village Hair & Barbers,Beauty & spa,manchester,Manchester,GB,UK,hello@village-hair.co.uk,+44 161 237 1032,https://village-hair-manchester.mytreatwell.co.uk/,37 Bloom Street M1 3LY Manchester,53.47705,-2.23779,,,osm,email,2,new,ok,"GB: role address at a business — corporate subscriber, lawful with sender identity + working opt-out (PECR reg.22 / SI 336/2011 reg.13)"
68fe524f54d1d6e4ea61,Warwick Road South/Rye Bank Road,Vehicle rental,manchester,,GB,UK,support@beryl.cc,+44 20 3003 5044,https://beryl.cc/scheme/greater-manchester,,53.45153,-2.28025,,,osm,email,2,new,ok,"GB: role address at a business — corporate subscriber, lawful with sender identity + working opt-out (PECR reg.22 / SI 336/2011 reg.13)"
28ec0a44b3384ab8f87b,Watson Street,Vehicle rental,manchester,,GB,UK,support@beryl.cc,+44 20 3003 5044,https://beryl.cc/scheme/greater-manchester,,53.47718,-2.24845,,,osm,email,2,new,ok,"GB: role address at a business — corporate subscriber, lawful with sender identity + working opt-out (PECR reg.22 / SI 336/2011 reg.13)"
20adeeb731628cf97505,Whalley Road/Withington Road,Vehicle rental,manchester,,GB,UK,support@beryl.cc,+44 20 3003 5044,https://beryl.cc/scheme/greater-manchester,,53.45681,-2.25865,,,osm,email,2,new,ok,"GB: role address at a business — corporate subscriber, lawful with sender identity + working opt-out (PECR reg.22 / SI 336/2011 reg.13)"
d10ef08860f739122b8f,Wharfside Way/Victoria Place,Vehicle rental,manchester,,GB,UK,support@beryl.cc,+44 20 3003 5044,https://beryl.cc/scheme/greater-manchester,,53.46503,-2.28989,,,osm,email,2,new,ok,"GB: role address at a business — corporate subscriber, lawful with sender identity + working opt-out (PECR reg.22 / SI 336/2011 reg.13)"
0b6a07a80aaa84c9c0d1,Whitmore Road/Hart Road,Vehicle rental,manchester,,GB,UK,support@beryl.cc,+44 20 3003 5044,https://beryl.cc/scheme/greater-manchester,,53.44628,-2.23365,,,osm,email,2,new,ok,"GB: role address at a business — corporate subscriber, lawful with sender identity + working opt-out (PECR reg.22 / SI 336/2011 reg.13)"
4e205386c70dc542a453,Whitworth Park Southwest,Vehicle rental,manchester,,GB,UK,support@beryl.cc,+44 20 3003 5044,https://beryl.cc/scheme/greater-manchester,,53.45773,-2.23154,,,osm,email,2,new,ok,"GB: role address at a business — corporate subscriber, lawful with sender identity + working opt-out (PECR reg.22 / SI 336/2011 reg.13)"
d66e5edd65fef796f3fb,Wilbraham Road,Vehicle rental,manchester,,GB,UK,support@beryl.cc,+44 20 3003 5044,https://beryl.cc/scheme/greater-manchester,,53.4428,-2.22035,,,osm,email,2,new,ok,"GB: role address at a business — corporate subscriber, lawful with sender identity + working opt-out (PECR reg.22 / SI 336/2011 reg.13)"
fcba42d8859b8d2d54c1,Wilbraham Road/Wellington Road,Vehicle rental,manchester,,GB,UK,support@beryl.cc,+44 20 3003 5044,https://beryl.cc/scheme/greater-manchester,,53.4429,-2.22275,,,osm,email,2,new,ok,"GB: role address at a business — corporate subscriber, lawful with sender identity + working opt-out (PECR reg.22 / SI 336/2011 reg.13)"
dbc77f7ac46b61e467a2,Wilmslow Park,Vehicle rental,manchester,,GB,UK,support@beryl.cc,+44 20 3003 5044,https://beryl.cc/scheme/greater-manchester,,53.45897,-2.22739,,,osm,email,2,new,ok,"GB: role address at a business — corporate subscriber, lawful with sender identity + working opt-out (PECR reg.22 / SI 336/2011 reg.13)"
eebc6108168539918213,Wilmslow Road/Landcross Road,Vehicle rental,manchester,,GB,UK,support@beryl.cc,+44 20 3003 5044,https://beryl.cc/scheme/greater-manchester,,53.44332,-2.21857,,,osm,email,2,new,ok,"GB: role address at a business — corporate subscriber, lawful with sender identity + working opt-out (PECR reg.22 / SI 336/2011 reg.13)"
d521464fec891f705e16,Winsome,Restaurant,manchester,,GB,UK,enquiries@winsomemcr.co.uk,+44 7776 880839,https://www.winsomemcr.co.uk/,74 Princess Street M1 6JD,53.47586,-2.2384,,,osm,email,2,new,ok,"GB: role address at a business — corporate subscriber, lawful with sender identity + working opt-out (PECR reg.22 / SI 336/2011 reg.13)"
9f74aa4c2a11e01a632e,Withington Road/William Coates Court,Vehicle rental,manchester,,GB,UK,support@beryl.cc,+44 20 3003 5044,https://beryl.cc/scheme/greater-manchester,,53.45428,-2.25806,,,osm,email,2,new,ok,"GB: role address at a business — corporate subscriber, lawful with sender identity + working opt-out (PECR reg.22 / SI 336/2011 reg.13)"
51ebcc9802d5477a0670,Withington/Wilbraham Road,Vehicle rental,manchester,,GB,UK,support@beryl.cc,+44 20 3003 5044,https://beryl.cc/scheme/greater-manchester,,53.44374,-2.25712,,,osm,email,2,new,ok,"GB: role address at a business — corporate subscriber, lawful with sender identity + working opt-out (PECR reg.22 / SI 336/2011 reg.13)"
a1df380e863206ed0f1c,WomenZone,Attraction,manchester,,GB,UK,info@womenzone.org.uk,,http://www.WomenZone.org.uk,Crescent Road,53.51158,-2.23637,,,osm,email,2,new,ok,"GB: role address at a business — corporate subscriber, lawful with sender identity + working opt-out (PECR reg.22 / SI 336/2011 reg.13)"
c386d12af8bdbb4ec4fb,Woodward Street,Vehicle rental,manchester,,GB,UK,support@beryl.cc,+44 20 3003 5044,https://beryl.cc/scheme/greater-manchester,,53.48423,-2.2219,,,osm,email,2,new,ok,"GB: role address at a business — corporate subscriber, lawful with sender identity + working opt-out (PECR reg.22 / SI 336/2011 reg.13)"
b5b864191af43853db5e,Working Class Movement Library,Vehicle rental,manchester,,GB,UK,support@beryl.cc,+44 20 3003 5044,https://beryl.cc/scheme/greater-manchester,,53.48447,-2.27332,,,osm,email,2,new,ok,"GB: role address at a business — corporate subscriber, lawful with sender identity + working opt-out (PECR reg.22 / SI 336/2011 reg.13)"
005bbbd33ef41e4c717e,Yew Tree Crescent,Vehicle rental,manchester,,GB,UK,support@beryl.cc,+44 20 3003 5044,https://beryl.cc/scheme/greater-manchester,,53.44365,-2.23024,,,osm,email,2,new,ok,"GB: role address at a business — corporate subscriber, lawful with sender identity + working opt-out (PECR reg.22 / SI 336/2011 reg.13)"
